code,file_offset_hex,block_no,block_offset_hex,block_offset_bytes
516200,0x00006000,8433,0x041e2000,69083136
603995,0x00006080,1850,0x00e74000,15155200
240354,0x00006090,4977,0x026e2000,40771584
243105,0x000060a0,6541,0x0331a000,53583872
603996,0x00006100,1851,0x00e76000,15163392
232468,0x00006110,4644,0x02448000,38043648
243106,0x00006120,6542,0x0331c000,53592064
603997,0x00006180,1852,0x00e78000,15171584
243107,0x00006190,6543,0x0331e000,53600256
603998,0x00006200,1853,0x00e7a000,15179776
188289,0x00006210,4484,0x02308000,36732928
243108,0x00006220,6544,0x03320000,53608448
603999,0x00006280,1854,0x00e7c000,15187968
240358,0x00006290,4978,0x026e4000,40779776
243060,0x000062a0,6517,0x032ea000,53387264
243109,0x000062b0,6545,0x03322000,53616640
240359,0x00006300,4979,0x026e6000,40787968
243061,0x00006310,6518,0x032ec000,53395456
516160,0x00006480,8430,0x041dc000,69058560
600250,0x00006500,393,0x00312000,3219456
243065,0x00006510,6519,0x032ee000,53403648
600251,0x00006580,394,0x00314000,3227648
243066,0x00006590,6520,0x032f0000,53411840
600252,0x00006600,395,0x00316000,3235840
171511,0x00006610,3836,0x01df8000,31424512
233550,0x00006680,4691,0x024a6000,38428672
688500,0x00006700,2359,0x0126e000,19324928
152981,0x00006710,3640,0x01c70000,29818880
600255,0x00006780,396,0x00318000,3244032
688501,0x00006790,2360,0x01270000,19333120
152982,0x000067a0,3641,0x01c72000,29827072
600256,0x00006800,397,0x0031a000,3252224
603000,0x00006810,1232,0x009a0000,10092544
688502,0x00006820,2361,0x01272000,19341312
173090,0x00006830,3843,0x01e06000,31481856
241440,0x00006840,5646,0x02c1c000,46252032
000300,0x00006850,9032,0x04690000,73990144
600257,0x00006880,398,0x0031c000,3260416
603001,0x00006890,1233,0x009a2000,10100736
688503,0x000068a0,2362,0x01274000,19349504
241441,0x000068b0,5647,0x02c1e000,46260224
600258,0x00006900,399,0x0031e000,3268608
603002,0x00006910,1234,0x009a4000,10108928
562340,0x00006920,8775,0x0448e000,71884800
600259,0x00006980,400,0x00320000,3276800
603003,0x00006990,1235,0x009a6000,10117120
688505,0x000069a0,2363,0x01276000,19357696
152986,0x000069b0,3642,0x01c74000,29835264
603004,0x00006a00,1236,0x009a8000,10125312
688506,0x00006a10,2364,0x01278000,19365888
163625,0x00006a20,3809,0x01dc2000,31203328
241444,0x00006a30,5648,0x02c20000,46268416
603005,0x00006a80,1237,0x009aa000,10133504
688507,0x00006a90,2365,0x0127a000,19374080
152988,0x00006aa0,3643,0x01c76000,29843456
155739,0x00006ab0,3703,0x01cee000,30334976
241445,0x00006ac0,5649,0x02c22000,46276608
603006,0x00006b00,1238,0x009ac000,10141696
688508,0x00006b10,2366,0x0127c000,19382272
241446,0x00006b20,5650,0x02c24000,46284800
560720,0x00006b30,8673,0x043c2000,71049216
603007,0x00006b80,1239,0x009ae000,10149888
688509,0x00006b90,2367,0x0127e000,19390464
241447,0x00006ba0,5651,0x02c26000,46292992
603008,0x00006c00,1240,0x009b0000,10158080
173098,0x00006c10,3844,0x01e08000,31490048
241448,0x00006c20,5652,0x02c28000,46301184
244150,0x00006c30,7055,0x0371e000,57794560
603009,0x00006c80,1241,0x009b2000,10166272
241449,0x00006c90,5653,0x02c2a000,46309376
244152,0x00006d00,7056,0x03720000,57802752
512880,0x00006d10,8260,0x04088000,67665920
231891,0x00006d80,4609,0x02402000,37756928
244153,0x00006d90,7057,0x03722000,57810944
688466,0x00006e80,2343,0x0124e000,19193856
242531,0x00006e90,6244,0x030c8000,51150848
244155,0x00006ea0,7058,0x03724000,57819136
588410,0x00006eb0,8905,0x04592000,72949760
244156,0x00006f00,7059,0x03726000,57827328
688468,0x00006f80,2344,0x01250000,19202048
231895,0x00006f90,4610,0x02404000,37765120
242533,0x00006fa0,6245,0x030ca000,51159040
560680,0x00006fb0,8669,0x043ba000,71016448
000001,0x00007000,8,0x00010000,65536
600004,0x00007010,9,0x00012000,73728
600008,0x00007020,10,0x00014000,81920
600163,0x00007030,11,0x00016000,90112
000002,0x00007040,12,0x00018000,98304
000003,0x00007050,13,0x0001a000,106496
000004,0x00007060,14,0x0001c000,114688
000005,0x00007070,15,0x0001e000,122880
000006,0x00007080,16,0x00020000,131072
000007,0x00007090,17,0x00022000,139264
000008,0x000070a0,18,0x00024000,147456
000009,0x000070b0,19,0x00026000,155648
000010,0x000070c0,20,0x00028000,163840
000011,0x000070d0,21,0x0002a000,172032
000012,0x000070e0,22,0x0002c000,180224
000015,0x000070f0,23,0x0002e000,188416
000016,0x00007100,24,0x00030000,196608
000017,0x00007110,25,0x00032000,204800
000018,0x00007120,26,0x00034000,212992
000019,0x00007130,27,0x00036000,221184
000020,0x00007140,28,0x00038000,229376
000021,0x00007150,29,0x0003a000,237568
000022,0x00007160,30,0x0003c000,245760
000025,0x00007170,31,0x0003e000,253952
000026,0x00007180,32,0x00040000,262144
000027,0x00007190,33,0x00042000,270336
000028,0x000071a0,34,0x00044000,278528
000029,0x000071b0,35,0x00046000,286720
000030,0x000071c0,36,0x00048000,294912
000031,0x000071d0,37,0x0004a000,303104
000032,0x000071e0,38,0x0004c000,311296
000033,0x000071f0,39,0x0004e000,319488
000034,0x00007200,40,0x00050000,327680
000035,0x00007210,41,0x00052000,335872
000036,0x00007220,42,0x00054000,344064
000037,0x00007230,43,0x00056000,352256
000038,0x00007240,44,0x00058000,360448
000039,0x00007250,45,0x0005a000,368640
000040,0x00007260,46,0x0005c000,376832
000041,0x00007270,47,0x0005e000,385024
000042,0x00007280,48,0x00060000,393216
000043,0x00007290,49,0x00062000,401408
000044,0x000072a0,50,0x00064000,409600
000045,0x000072b0,51,0x00066000,417792
000046,0x000072c0,52,0x00068000,425984
000047,0x000072d0,53,0x0006a000,434176
000048,0x000072e0,54,0x0006c000,442368
000049,0x000072f0,55,0x0006e000,450560
000050,0x00007300,56,0x00070000,458752
000051,0x00007310,57,0x00072000,466944
000052,0x00007320,58,0x00074000,475136
000053,0x00007330,59,0x00076000,483328
000054,0x00007340,60,0x00078000,491520
000055,0x00007350,61,0x0007a000,499712
000056,0x00007360,62,0x0007c000,507904
000057,0x00007370,63,0x0007e000,516096
000058,0x00007380,64,0x00080000,524288
000059,0x00007390,65,0x00082000,532480
000060,0x000073a0,66,0x00084000,540672
000061,0x000073b0,67,0x00086000,548864
000062,0x000073c0,68,0x00088000,557056
000063,0x000073d0,69,0x0008a000,565248
000064,0x000073e0,70,0x0008c000,573440
000065,0x000073f0,71,0x0008e000,581632
000066,0x00007400,72,0x00090000,589824
000067,0x00007410,73,0x00092000,598016
000068,0x00007420,74,0x00094000,606208
000069,0x00007430,75,0x00096000,614400
000070,0x00007440,76,0x00098000,622592
000071,0x00007450,77,0x0009a000,630784
000072,0x00007460,78,0x0009c000,638976
000073,0x00007470,79,0x0009e000,647168
000074,0x00007480,80,0x000a0000,655360
000075,0x00007490,81,0x000a2000,663552
000076,0x000074a0,82,0x000a4000,671744
000077,0x000074b0,83,0x000a6000,679936
000078,0x000074c0,84,0x000a8000,688128
000079,0x000074d0,85,0x000aa000,696320
000090,0x000074e0,86,0x000ac000,704512
000091,0x000074f0,87,0x000ae000,712704
000092,0x00007500,88,0x000b0000,720896
000093,0x00007510,89,0x000b2000,729088
000094,0x00007520,90,0x000b4000,737280
000095,0x00007530,91,0x000b6000,745472
000096,0x00007540,92,0x000b8000,753664
000097,0x00007550,93,0x000ba000,761856
000098,0x00007560,94,0x000bc000,770048
000099,0x00007570,95,0x000be000,778240
000100,0x00007580,96,0x000c0000,786432
000101,0x00007590,97,0x000c2000,794624
000102,0x000075a0,98,0x000c4000,802816
000103,0x000075b0,99,0x000c6000,811008
000104,0x000075c0,100,0x000c8000,819200
000105,0x000075d0,101,0x000ca000,827392
000106,0x000075e0,102,0x000cc000,835584
000107,0x000075f0,103,0x000ce000,843776
000108,0x00007600,104,0x000d0000,851968
000109,0x00007610,105,0x000d2000,860160
000110,0x00007620,106,0x000d4000,868352
000111,0x00007630,107,0x000d6000,876544
000112,0x00007640,108,0x000d8000,884736
000113,0x00007650,109,0x000da000,892928
000114,0x00007660,110,0x000dc000,901120
000115,0x00007670,111,0x000de000,909312
000116,0x00007680,112,0x000e0000,917504
000117,0x00007690,113,0x000e2000,925696
000118,0x000076a0,114,0x000e4000,933888
000119,0x000076b0,115,0x000e6000,942080
000120,0x000076c0,116,0x000e8000,950272
000121,0x000076d0,117,0x000ea000,958464
000122,0x000076e0,118,0x000ec000,966656
000123,0x000076f0,119,0x000ee000,974848
000125,0x00007700,120,0x000f0000,983040
000126,0x00007710,121,0x000f2000,991232
000128,0x00007720,122,0x000f4000,999424
000129,0x00007730,123,0x000f6000,1007616
000130,0x00007740,128,0x00100000,1048576
000131,0x00007750,129,0x00102000,1056768
000132,0x00007760,130,0x00104000,1064960
000133,0x00007770,131,0x00106000,1073152
000134,0x00007780,132,0x00108000,1081344
000135,0x00007790,133,0x0010a000,1089536
000136,0x000077a0,134,0x0010c000,1097728
000137,0x000077b0,135,0x0010e000,1105920
000138,0x000077c0,136,0x00110000,1114112
000139,0x000077d0,137,0x00112000,1122304
000141,0x000077e0,138,0x00114000,1130496
000142,0x000077f0,139,0x00116000,1138688
000145,0x00007800,140,0x00118000,1146880
000146,0x00007810,141,0x0011a000,1155072
000147,0x00007820,142,0x0011c000,1163264
000148,0x00007830,143,0x0011e000,1171456
000149,0x00007840,144,0x00120000,1179648
000150,0x00007850,145,0x00122000,1187840
000151,0x00007860,146,0x00124000,1196032
000152,0x00007870,147,0x00126000,1204224
000153,0x00007880,148,0x00128000,1212416
000155,0x00007890,149,0x0012a000,1220608
000158,0x000078a0,150,0x0012c000,1228800
000159,0x000078b0,151,0x0012e000,1236992
000160,0x000078c0,152,0x00130000,1245184
000161,0x000078d0,153,0x00132000,1253376
000162,0x000078e0,154,0x00134000,1261568
000170,0x000078f0,155,0x00136000,1269760
000510,0x00007900,156,0x00138000,1277952
000680,0x00007910,157,0x0013a000,1286144
000681,0x00007920,158,0x0013c000,1294336
000682,0x00007930,159,0x0013e000,1302528
000683,0x00007940,160,0x00140000,1310720
000685,0x00007950,161,0x00142000,1318912
000687,0x00007960,162,0x00144000,1327104
000688,0x00007970,163,0x00146000,1335296
000689,0x00007980,164,0x00148000,1343488
000690,0x00007990,165,0x0014a000,1351680
000691,0x000079a0,166,0x0014c000,1359872
000692,0x000079b0,167,0x0014e000,1368064
000693,0x000079c0,168,0x00150000,1376256
000695,0x000079d0,169,0x00152000,1384448
000697,0x000079e0,170,0x00154000,1392640
000698,0x000079f0,171,0x00156000,1400832
000699,0x00007a00,172,0x00158000,1409024
000802,0x00007a10,173,0x0015a000,1417216
000814,0x00007a20,174,0x0015c000,1425408
000819,0x00007a30,175,0x0015e000,1433600
000823,0x00007a40,176,0x00160000,1441792
000827,0x00007a50,177,0x00162000,1449984
000847,0x00007a60,178,0x00164000,1458176
000849,0x00007a70,179,0x00166000,1466368
000851,0x00007a80,180,0x00168000,1474560
000852,0x00007a90,181,0x0016a000,1482752
000853,0x00007aa0,182,0x0016c000,1490944
000854,0x00007ab0,183,0x0016e000,1499136
000855,0x00007ac0,184,0x00170000,1507328
000856,0x00007ad0,185,0x00172000,1515520
000857,0x00007ae0,186,0x00174000,1523712
000858,0x00007af0,187,0x00176000,1531904
000860,0x00007b00,188,0x00178000,1540096
000863,0x00007b10,189,0x0017a000,1548288
000865,0x00007b20,190,0x0017c000,1556480
000867,0x00007b30,191,0x0017e000,1564672
000869,0x00007b40,192,0x00180000,1572864
000888,0x00007b50,193,0x00182000,1581056
000891,0x00007b60,194,0x00184000,1589248
600000,0x00007b70,195,0x00186000,1597440
600002,0x00007b80,196,0x00188000,1605632
600006,0x00007b90,197,0x0018a000,1613824
600007,0x00007ba0,198,0x0018c000,1622016
600009,0x00007bb0,199,0x0018e000,1630208
600010,0x00007bc0,200,0x00190000,1638400
600011,0x00007bd0,201,0x00192000,1646592
600012,0x00007be0,202,0x00194000,1654784
600015,0x00007bf0,203,0x00196000,1662976
600016,0x00007c00,204,0x00198000,1671168
600017,0x00007c10,205,0x0019a000,1679360
600018,0x00007c20,206,0x0019c000,1687552
600019,0x00007c30,207,0x0019e000,1695744
600020,0x00007c40,208,0x001a0000,1703936
600021,0x00007c50,209,0x001a2000,1712128
600022,0x00007c60,210,0x001a4000,1720320
600023,0x00007c70,211,0x001a6000,1728512
600025,0x00007c80,212,0x001a8000,1736704
600026,0x00007c90,213,0x001aa000,1744896
600027,0x00007ca0,214,0x001ac000,1753088
600028,0x00007cb0,215,0x001ae000,1761280
600029,0x00007cc0,216,0x001b0000,1769472
600030,0x00007cd0,217,0x001b2000,1777664
600031,0x00007ce0,218,0x001b4000,1785856
600032,0x00007cf0,219,0x001b6000,1794048
600033,0x00007d00,220,0x001b8000,1802240
600035,0x00007d10,221,0x001ba000,1810432
600036,0x00007d20,222,0x001bc000,1818624
600037,0x00007d30,223,0x001be000,1826816
600038,0x00007d40,224,0x001c0000,1835008
600039,0x00007d50,225,0x001c2000,1843200
600048,0x00007d60,226,0x001c4000,1851392
600050,0x00007d70,227,0x001c6000,1859584
600051,0x00007d80,228,0x001c8000,1867776
600052,0x00007d90,229,0x001ca000,1875968
600053,0x00007da0,230,0x001cc000,1884160
600054,0x00007db0,231,0x001ce000,1892352
600055,0x00007dc0,232,0x001d0000,1900544
600056,0x00007dd0,233,0x001d2000,1908736
600057,0x00007de0,234,0x001d4000,1916928
600058,0x00007df0,235,0x001d6000,1925120
600059,0x00007e00,236,0x001d8000,1933312
600060,0x00007e10,237,0x001da000,1941504
600061,0x00007e20,238,0x001dc000,1949696
600062,0x00007e30,239,0x001de000,1957888
600063,0x00007e40,240,0x001e0000,1966080
600064,0x00007e50,241,0x001e2000,1974272
600066,0x00007e60,242,0x001e4000,1982464
600067,0x00007e70,243,0x001e6000,1990656
600068,0x00007e80,244,0x001e8000,1998848
600069,0x00007e90,245,0x001ea000,2007040
600070,0x00007ea0,246,0x001ec000,2015232
600071,0x00007eb0,247,0x001ee000,2023424
600072,0x00007ec0,248,0x001f0000,2031616
600073,0x00007ed0,249,0x001f2000,2039808
600074,0x00007ee0,250,0x001f4000,2048000
600075,0x00007ef0,251,0x001f6000,2056192
600076,0x00007f00,252,0x001f8000,2064384
600077,0x00007f10,253,0x001fa000,2072576
600078,0x00007f20,254,0x001fc000,2080768
600079,0x00007f30,255,0x001fe000,2088960
600080,0x00007f40,256,0x00200000,2097152
600081,0x00007f50,257,0x00202000,2105344
600082,0x00007f60,258,0x00204000,2113536
600083,0x00007f70,259,0x00206000,2121728
600084,0x00007f80,260,0x00208000,2129920
600085,0x00007f90,261,0x0020a000,2138112
600086,0x00007fa0,262,0x0020c000,2146304
600087,0x00007fb0,263,0x0020e000,2154496
600088,0x00007fc0,264,0x00210000,2162688
600089,0x00007fd0,265,0x00212000,2170880
600090,0x00007fe0,266,0x00214000,2179072
600091,0x00007ff0,267,0x00216000,2187264
688469,0x0007c000,2345,0x01252000,19210240
244158,0x0007c010,7060,0x03728000,57835520
515630,0x0007c020,8389,0x0418a000,68722688
231899,0x0007c180,4611,0x02406000,37773312
242538,0x0007c200,6246,0x030cc000,51167232
188840,0x0007c280,4541,0x0237a000,37199872
242539,0x0007c290,6247,0x030ce000,51175424
588370,0x0007c300,8901,0x0458a000,72916992
184010,0x0007c380,3934,0x01ebc000,32227328
240910,0x0007c390,5300,0x02968000,43417600
242492,0x0007c3a0,6220,0x03098000,50954240
184011,0x0007c400,3935,0x01ebe000,32235520
240912,0x0007c480,5301,0x0296a000,43425792
242494,0x0007c490,6221,0x0309a000,50962432
515590,0x0007c4a0,8387,0x04186000,68706304
561810,0x0007c4b0,8752,0x04460000,71696384
188845,0x0007c500,4542,0x0237c000,37208064
240913,0x0007c510,5302,0x0296c000,43433984
184014,0x0007c580,3936,0x01ec0000,32243712
188846,0x0007c590,4543,0x0237e000,37216256
240914,0x0007c5a0,5303,0x0296e000,43442176
242496,0x0007c5b0,6222,0x0309c000,50970624
184015,0x0007c600,3937,0x01ec2000,32251904
188847,0x0007c610,4544,0x02380000,37224448
240915,0x0007c620,5304,0x02970000,43450368
242497,0x0007c630,6223,0x0309e000,50978816
232980,0x0007c680,4669,0x0247a000,38248448
240916,0x0007c690,5305,0x02972000,43458560
242498,0x0007c6a0,6224,0x030a0000,50987008
513970,0x0007c6b0,8341,0x0412a000,68329472
240917,0x0007c700,5306,0x02974000,43466752
242499,0x0007c710,6225,0x030a2000,50995200
245243,0x0007c720,7613,0x03b7a000,62365696
563390,0x0007c730,8829,0x044fa000,72327168
184018,0x0007c780,3938,0x01ec4000,32260096
240918,0x0007c790,5307,0x02976000,43474944
243620,0x0007c7a0,6805,0x0352a000,55746560
240870,0x0007c800,5277,0x0293a000,43229184
243621,0x0007c810,6806,0x0352c000,55754752
245245,0x0007c820,7614,0x03b7c000,62373888
589500,0x0007c830,8988,0x04638000,73629696
240871,0x0007c880,5278,0x0293c000,43237376
245246,0x0007c890,7615,0x03b7e000,62382080
243623,0x0007c900,6807,0x0352e000,55762944
561770,0x0007c910,8748,0x04458000,71663616
245248,0x0007c980,7616,0x03b80000,62390272
516720,0x0007c990,8471,0x0422e000,69394432
600810,0x0007ca00,861,0x006ba000,7053312
175317,0x0007ca10,3902,0x01e7c000,31965184
240874,0x0007ca20,5279,0x0293e000,43245568
245249,0x0007ca30,7617,0x03b82000,62398464
600811,0x0007ca80,862,0x006bc000,7061504
240875,0x0007ca90,5280,0x02940000,43253760
600812,0x0007cb00,863,0x006be000,7069696
240876,0x0007cb10,5281,0x02942000,43261952
600814,0x0007cc00,864,0x006c0000,7077888
240878,0x0007cc10,5282,0x02944000,43270144
243580,0x0007cc20,6785,0x03502000,55582720
600815,0x0007cc80,865,0x006c2000,7086080
240879,0x0007cc90,5283,0x02946000,43278336
243581,0x0007cca0,6786,0x03504000,55590912
270000,0x0007ccb0,7858,0x03d64000,64372736
589460,0x0007ccc0,8987,0x04636000,73621504
600816,0x0007cd00,866,0x006c4000,7094272
600817,0x0007cd80,867,0x006c6000,7102464
600818,0x0007ce00,868,0x006c8000,7110656
185102,0x0007ce10,4269,0x0215a000,34971648
562900,0x0007ce20,8800,0x044c0000,72089600
600770,0x0007ce80,826,0x00674000,6766592
600819,0x0007ce90,869,0x006ca000,7118848
185103,0x0007cea0,4270,0x0215c000,34979840
243585,0x0007ceb0,6787,0x03506000,55599104
600771,0x0007cf00,827,0x00676000,6774784
243587,0x0007cf80,6788,0x03508000,55607296
600773,0x0007d000,828,0x00678000,6782976
270007,0x0007d010,7859,0x03d66000,64380928
600774,0x0007d080,829,0x0067a000,6791168
600775,0x0007d100,830,0x0067c000,6799360
244710,0x0007d110,7338,0x03954000,60112896
510230,0x0007d120,8136,0x03f90000,66650112
600776,0x0007d180,831,0x0067e000,6807552
603520,0x0007d190,1595,0x00c76000,13066240
241960,0x0007d1a0,5937,0x02e62000,48635904
600777,0x0007d200,832,0x00680000,6815744
244712,0x0007d210,7339,0x03956000,60121088
600778,0x0007d280,833,0x00682000,6823936
562860,0x0007d290,8796,0x044b8000,72056832
000823,0x0007d300,164,0x00148000,1343488
600779,0x0007d310,834,0x00684000,6832128
244714,0x0007d320,7340,0x03958000,60129280
601900,0x0007d380,1200,0x00960000,9830400
185064,0x0007d390,4262,0x0214c000,34914304
601901,0x0007d400,1201,0x00962000,9838592
244716,0x0007d410,7341,0x0395a000,60137472
517770,0x0007d420,8520,0x04290000,69795840
241966,0x0007d480,5938,0x02e64000,48644096
000827,0x0007d500,165,0x0014a000,1351680
603527,0x0007d510,1596,0x00c78000,13074432
241967,0x0007d520,5939,0x02e66000,48652288
603528,0x0007d580,1597,0x00c7a000,13082624
688981,0x0007d590,2585,0x01432000,21176320
241968,0x0007d5a0,5940,0x02e68000,48660480
244670,0x0007d5b0,7315,0x03926000,59924480
244719,0x0007d5c0,7342,0x0395c000,60145664
510190,0x0007d5d0,8133,0x03f8a000,66625536
603529,0x0007d600,1598,0x00c7c000,13090816
241969,0x0007d610,5941,0x02e6a000,48668672
601908,0x0007d780,1202,0x00964000,9846784
236780,0x0007d790,4792,0x02570000,39256064
244674,0x0007d7a0,7316,0x03928000,59932672
601860,0x0007d800,1184,0x00940000,9699328
160400,0x0007d810,3742,0x01d3c000,30654464
236781,0x0007d820,4793,0x02572000,39264256
244675,0x0007d830,7317,0x0392a000,59940864
588930,0x0007d840,8943,0x045de000,73261056
603486,0x0007d900,1578,0x00c54000,12926976
244677,0x0007d910,7318,0x0392c000,59949056
603488,0x0007da00,1579,0x00c56000,12935168
152510,0x0007da10,3481,0x01b32000,28516352
236785,0x0007da20,4794,0x02574000,39272448
244679,0x0007da30,7319,0x0392e000,59957248
601865,0x0007da80,1185,0x00942000,9707520
603489,0x0007da90,1580,0x00c58000,12943360
236786,0x0007daa0,4795,0x02576000,39280640
601866,0x0007db00,1186,0x00944000,9715712
152512,0x0007db10,3482,0x01b34000,28524544
245801,0x0007db20,7838,0x03d3c000,64208896
601868,0x0007dc00,1187,0x00946000,9723904
152514,0x0007dc10,3483,0x01b36000,28532736
601869,0x0007dc80,1188,0x00948000,9732096
019770,0x0007dc90,2756,0x01588000,22577152
152515,0x0007dca0,3484,0x01b38000,28540928
588890,0x0007dcb0,8939,0x045d6000,73228288
019771,0x0007dd00,2757,0x0158a000,22585344
136735,0x0007dd10,3126,0x0186c000,25608192
019772,0x0007dd80,2758,0x0158c000,22593536
271056,0x0007dd90,7905,0x03dc2000,64757760
518860,0x0007dda0,8532,0x042a8000,69894144
152518,0x0007de00,3485,0x01b3a000,28549120
019774,0x0007de80,2759,0x0158e000,22601728
152470,0x0007de90,3468,0x01b18000,28409856
245808,0x0007dea0,7839,0x03d3e000,64217088
019775,0x0007df00,2760,0x01590000,22609920
152471,0x0007df10,3469,0x01b1a000,28418048
245809,0x0007df20,7840,0x03d40000,64225280
019776,0x0007df80,2761,0x01592000,22618112
184535,0x0007df90,4154,0x02074000,34029568
245761,0x0007dfa0,7826,0x03d24000,64110592
019778,0x0007e080,2762,0x01594000,22626304
152474,0x0007e090,3470,0x01b1c000,28426240
163112,0x0007e0a0,3762,0x01d64000,30818304
512410,0x0007e0b0,8226,0x04044000,67387392
019779,0x0007e100,2763,0x01596000,22634496
152476,0x0007e180,3471,0x01b1e000,28434432
184539,0x0007e190,4155,0x02076000,34037760
163115,0x0007e200,3763,0x01d66000,30826496
184491,0x0007e210,4135,0x0204e000,33873920
751930,0x0007e280,9019,0x04676000,73883648
155181,0x0007e300,3662,0x01c9c000,29999104
560210,0x0007e310,8630,0x0436c000,70696960
136699,0x0007e380,3121,0x01862000,25567232
175837,0x0007e390,3921,0x01ea2000,32120832
184497,0x0007e500,4136,0x02050000,33882112
512370,0x0007e510,8220,0x04038000,67338240
751936,0x0007e580,9020,0x04678000,73891840
184499,0x0007e600,4137,0x02052000,33890304
589980,0x0007e610,9010,0x04664000,73809920
137827,0x0007e780,3209,0x01912000,26288128
560170,0x0007e790,8627,0x04366000,70672384
515120,0x0007e800,8356,0x04148000,68452352
185625,0x0007e900,4377,0x02232000,35856384
242020,0x0007e980,5971,0x02ea6000,48914432
137783,0x0007ea00,3204,0x01908000,26247168
242021,0x0007ea10,5972,0x02ea8000,48922624
513500,0x0007ea20,8308,0x040e8000,68059136
232511,0x0007ea80,4647,0x0244e000,38068224
242022,0x0007ea90,5973,0x02eaa000,48930816
232512,0x0007eb00,4648,0x02450000,38076416
242023,0x0007eb10,5974,0x02eac000,48939008
242024,0x0007eb80,5975,0x02eae000,48947200
115550,0x0007ec00,2890,0x01694000,23674880
185582,0x0007ec10,4367,0x0221e000,35774464
240401,0x0007ec20,4999,0x0270e000,40951808
137788,0x0007ec80,3205,0x0190a000,26255360
185583,0x0007ec90,4368,0x02220000,35782656
240402,0x0007eca0,5000,0x02710000,40960000
515080,0x0007ecb0,8352,0x04140000,68419584
561300,0x0007ecc0,8716,0x04418000,71401472
115552,0x0007ed00,2891,0x01696000,23683072
185584,0x0007ed10,4369,0x02222000,35790848
530050,0x0007ed20,8588,0x04318000,70352896
240404,0x0007ed80,5001,0x02712000,40968192
242028,0x0007ed90,5976,0x02eb0000,48955392
185586,0x0007ee00,4370,0x02224000,35799040
242029,0x0007ee10,5977,0x02eb2000,48963584
115557,0x0007ef80,2892,0x01698000,23691264
240408,0x0007ef90,5002,0x02714000,40976384
243110,0x0007efa0,6546,0x03324000,53624832
240360,0x0007f000,4980,0x026e8000,40796160
240409,0x0007f010,5003,0x02716000,40984576
115559,0x0007f080,2893,0x0169a000,23699456
138916,0x0007f090,3281,0x019a2000,26877952
240361,0x0007f0a0,4981,0x026ea000,40804352
240362,0x0007f100,4982,0x026ec000,40812544
561260,0x0007f110,8714,0x04414000,71385088
243114,0x0007f180,6547,0x03326000,53633024
516210,0x0007f190,8434,0x041e4000,69091328
600300,0x0007f200,434,0x00364000,3555328
186714,0x0007f210,4471,0x022ee000,36626432
240364,0x0007f220,4983,0x026ee000,40820736
243115,0x0007f230,6548,0x03328000,53641216
600301,0x0007f280,435,0x00366000,3563520
600302,0x0007f300,436,0x00368000,3571712
240366,0x0007f310,4984,0x026f0000,40828928
243117,0x0007f320,6549,0x0332a000,53649408
600303,0x0007f380,437,0x0036a000,3579904
240367,0x0007f390,4985,0x026f2000,40837120
243118,0x0007f3a0,6550,0x0332c000,53657600
240368,0x0007f400,4986,0x026f4000,40845312
243119,0x0007f410,6551,0x0332e000,53665792
600305,0x0007f480,438,0x0036c000,3588096
243071,0x0007f490,6521,0x032f2000,53420032
243072,0x0007f500,6522,0x032f4000,53428224
600307,0x0007f580,439,0x0036e000,3596288
600308,0x0007f600,440,0x00370000,3604480
243074,0x0007f610,6523,0x032f6000,53436416
600260,0x0007f680,401,0x00322000,3284992
600309,0x0007f690,441,0x00372000,3612672
600261,0x0007f700,402,0x00324000,3293184
230856,0x0007f710,4584,0x023d0000,37552128
243076,0x0007f720,6524,0x032f8000,53444608
600262,0x0007f780,403,0x00326000,3301376
243077,0x0007f790,6525,0x032fa000,53452800
600263,0x0007f800,404,0x00328000,3309568
243078,0x0007f810,6526,0x032fc000,53460992
526000,0x0007f820,8582,0x0430c000,70303744
688510,0x0007f880,2368,0x01280000,19398656
152991,0x0007f890,3644,0x01c78000,29851648
243079,0x0007f8a0,6527,0x032fe000,53469184
600265,0x0007f900,405,0x0032a000,3317760
688511,0x0007f910,2369,0x01282000,19406848
152992,0x0007f920,3645,0x01c7a000,29859840
600266,0x0007f980,406,0x0032c000,3325952
603010,0x0007f990,1242,0x009b4000,10174464
688512,0x0007f9a0,2370,0x01284000,19415040
152993,0x0007f9b0,3646,0x01c7c000,29868032
173149,0x0007f9c0,3848,0x01e10000,31522816
241450,0x0007f9d0,5654,0x02c2c000,46317568
600267,0x0007fa00,407,0x0032e000,3334144
603011,0x0007fa10,1243,0x009b6000,10182656
688513,0x0007fa20,2371,0x01286000,19423232
152994,0x0007fa30,3647,0x01c7e000,29876224
157369,0x0007fa40,3725,0x01d1a000,30515200
241451,0x0007fa50,5655,0x02c2e000,46325760
512930,0x0007fa60,8264,0x04090000,67698688
600268,0x0007fa80,408,0x00330000,3342336
603012,0x0007fa90,1244,0x009b8000,10190848
152995,0x0007faa0,3648,0x01c80000,29884416
241452,0x0007fab0,5656,0x02c30000,46333952
562350,0x0007fac0,8776,0x04490000,71892992
600269,0x0007fb00,409,0x00332000,3350528
603013,0x0007fb10,1245,0x009ba000,10199040
688515,0x0007fb20,2372,0x01288000,19431424
127240,0x0007fb30,3055,0x017de000,25026560
244204,0x0007fb40,7084,0x03758000,58032128
517300,0x0007fb50,8510,0x0427c000,69713920
603014,0x0007fb80,1246,0x009bc000,10207232
688516,0x0007fb90,2373,0x0128a000,19439616
603015,0x0007fc00,1247,0x009be000,10215424
688517,0x0007fc10,2374,0x0128c000,19447808
603016,0x0007fc80,1248,0x009c0000,10223616
688518,0x0007fc90,2375,0x0128e000,19456000
233569,0x0007fca0,4692,0x024a8000,38436864
560730,0x0007fcb0,8674,0x043c4000,71057408
603017,0x0007fd00,1249,0x009c2000,10231808
688519,0x0007fd10,2376,0x01290000,19464192
147857,0x0007fd20,3352,0x01a30000,27459584
603018,0x0007fd80,1250,0x009c4000,10240000
241458,0x0007fd90,5657,0x02c32000,46342144
603019,0x0007fe00,1251,0x009c6000,10248192
688472,0x0007fe10,2346,0x01254000,19218432
163592,0x0007fe80,3808,0x01dc0000,31195136
244162,0x0007fe90,7061,0x0372a000,57843712
512890,0x0007fea0,8261,0x0408a000,67674112
688475,0x0007ff80,2347,0x01256000,19226624
242540,0x0007ff90,6248,0x030d0000,51183616
244164,0x0007ffa0,7062,0x0372c000,57851904
600093,0x0010c000,269,0x0021a000,2203648
600094,0x0010c010,270,0x0021c000,2211840
600095,0x0010c020,271,0x0021e000,2220032
600096,0x0010c030,272,0x00220000,2228224
600097,0x0010c040,273,0x00222000,2236416
600098,0x0010c050,274,0x00224000,2244608
600099,0x0010c060,275,0x00226000,2252800
600100,0x0010c070,276,0x00228000,2260992
600101,0x0010c080,277,0x0022a000,2269184
600103,0x0010c090,278,0x0022c000,2277376
600104,0x0010c0a0,279,0x0022e000,2285568
600105,0x0010c0b0,280,0x00230000,2293760
600106,0x0010c0c0,281,0x00232000,2301952
600107,0x0010c0d0,282,0x00234000,2310144
600108,0x0010c0e0,283,0x00236000,2318336
600109,0x0010c0f0,284,0x00238000,2326528
600110,0x0010c100,285,0x0023a000,2334720
600111,0x0010c110,286,0x0023c000,2342912
600112,0x0010c120,287,0x0023e000,2351104
600113,0x0010c130,288,0x00240000,2359296
600114,0x0010c140,289,0x00242000,2367488
600115,0x0010c150,290,0x00244000,2375680
600116,0x0010c160,291,0x00246000,2383872
600117,0x0010c170,292,0x00248000,2392064
600118,0x0010c180,293,0x0024a000,2400256
600119,0x0010c190,294,0x0024c000,2408448
600120,0x0010c1a0,295,0x0024e000,2416640
600121,0x0010c1b0,296,0x00250000,2424832
600122,0x0010c1c0,297,0x00252000,2433024
600123,0x0010c1d0,298,0x00254000,2441216
600125,0x0010c1e0,299,0x00256000,2449408
600126,0x0010c1f0,303,0x0025e000,2482176
600127,0x0010c200,304,0x00260000,2490368
600128,0x0010c210,305,0x00262000,2498560
600129,0x0010c220,306,0x00264000,2506752
600130,0x0010c230,307,0x00266000,2514944
600131,0x0010c240,308,0x00268000,2523136
600132,0x0010c250,309,0x0026a000,2531328
600133,0x0010c260,310,0x0026c000,2539520
600135,0x0010c270,311,0x0026e000,2547712
600136,0x0010c280,312,0x00270000,2555904
600137,0x0010c290,313,0x00272000,2564096
600138,0x0010c2a0,314,0x00274000,2572288
600139,0x0010c2b0,315,0x00276000,2580480
600141,0x0010c2c0,316,0x00278000,2588672
600143,0x0010c2d0,317,0x0027a000,2596864
600145,0x0010c2e0,318,0x0027c000,2605056
600146,0x0010c2f0,319,0x0027e000,2613248
600148,0x0010c300,320,0x00280000,2621440
600149,0x0010c310,321,0x00282000,2629632
600150,0x0010c320,322,0x00284000,2637824
600151,0x0010c330,323,0x00286000,2646016
600152,0x0010c340,324,0x00288000,2654208
600153,0x0010c350,325,0x0028a000,2662400
600155,0x0010c360,326,0x0028c000,2670592
600156,0x0010c370,327,0x0028e000,2678784
600157,0x0010c380,328,0x00290000,2686976
600158,0x0010c390,329,0x00292000,2695168
600159,0x0010c3a0,330,0x00294000,2703360
600160,0x0010c3b0,331,0x00296000,2711552
600161,0x0010c3c0,332,0x00298000,2719744
600162,0x0010c3d0,333,0x0029a000,2727936
600165,0x0010c3e0,334,0x0029c000,2736128
600166,0x0010c3f0,335,0x0029e000,2744320
600167,0x0010c400,336,0x002a0000,2752512
600168,0x0010c410,337,0x002a2000,2760704
600169,0x0010c420,338,0x002a4000,2768896
600170,0x0010c430,339,0x002a6000,2777088
600171,0x0010c440,340,0x002a8000,2785280
600172,0x0010c450,341,0x002aa000,2793472
600173,0x0010c460,342,0x002ac000,2801664
600175,0x0010c470,343,0x002ae000,2809856
600176,0x0010c480,344,0x002b0000,2818048
600177,0x0010c490,345,0x002b2000,2826240
600178,0x0010c4a0,346,0x002b4000,2834432
600179,0x0010c4b0,347,0x002b6000,2842624
600180,0x0010c4c0,348,0x002b8000,2850816
600182,0x0010c4d0,349,0x002ba000,2859008
600183,0x0010c4e0,350,0x002bc000,2867200
600184,0x0010c4f0,351,0x002be000,2875392
600185,0x0010c500,352,0x002c0000,2883584
600186,0x0010c510,353,0x002c2000,2891776
600187,0x0010c520,354,0x002c4000,2899968
600188,0x0010c530,355,0x002c6000,2908160
600189,0x0010c540,356,0x002c8000,2916352
600190,0x0010c550,357,0x002ca000,2924544
600191,0x0010c560,358,0x002cc000,2932736
600192,0x0010c570,359,0x002ce000,2940928
600193,0x0010c580,360,0x002d0000,2949120
600195,0x0010c590,361,0x002d2000,2957312
600196,0x0010c5a0,362,0x002d4000,2965504
600197,0x0010c5b0,363,0x002d6000,2973696
600198,0x0010c5c0,364,0x002d8000,2981888
600199,0x0010c5d0,365,0x002da000,2990080
600200,0x0010c5e0,366,0x002dc000,2998272
600201,0x0010c5f0,367,0x002de000,3006464
600202,0x0010c600,368,0x002e0000,3014656
600203,0x0010c610,369,0x002e2000,3022848
600205,0x0010c620,370,0x002e4000,3031040
600206,0x0010c630,371,0x002e6000,3039232
600207,0x0010c640,372,0x002e8000,3047424
600208,0x0010c650,373,0x002ea000,3055616
600209,0x0010c660,374,0x002ec000,3063808
600210,0x0010c670,375,0x002ee000,3072000
600211,0x0010c680,376,0x002f0000,3080192
600212,0x0010c690,377,0x002f2000,3088384
600213,0x0010c6a0,378,0x002f4000,3096576
600215,0x0010c6b0,379,0x002f6000,3104768
600216,0x0010c6c0,381,0x002fa000,3121152
600217,0x0010c6d0,382,0x002fc000,3129344
600218,0x0010c6e0,383,0x002fe000,3137536
600219,0x0010c6f0,384,0x00300000,3145728
600220,0x0010c700,389,0x0030a000,3186688
600221,0x0010c710,390,0x0030c000,3194880
600222,0x0010c720,391,0x0030e000,3203072
600223,0x0010c730,392,0x00310000,3211264
600226,0x0010c740,393,0x00312000,3219456
600227,0x0010c750,394,0x00314000,3227648
600228,0x0010c760,395,0x00316000,3235840
600229,0x0010c770,396,0x00318000,3244032
600230,0x0010c780,397,0x0031a000,3252224
600231,0x0010c790,398,0x0031c000,3260416
600232,0x0010c7a0,399,0x0031e000,3268608
600233,0x0010c7b0,400,0x00320000,3276800
600234,0x0010c7c0,401,0x00322000,3284992
600235,0x0010c7d0,402,0x00324000,3293184
600236,0x0010c7e0,403,0x00326000,3301376
600237,0x0010c7f0,404,0x00328000,3309568
600238,0x0010c800,405,0x0032a000,3317760
600239,0x0010c810,406,0x0032c000,3325952
600241,0x0010c820,407,0x0032e000,3334144
600242,0x0010c830,408,0x00330000,3342336
600243,0x0010c840,409,0x00332000,3350528
600246,0x0010c850,410,0x00334000,3358720
600247,0x0010c860,411,0x00336000,3366912
600248,0x0010c870,412,0x00338000,3375104
600249,0x0010c880,413,0x0033a000,3383296
600250,0x0010c890,414,0x0033c000,3391488
600251,0x0010c8a0,415,0x0033e000,3399680
600252,0x0010c8b0,416,0x00340000,3407872
600255,0x0010c8c0,417,0x00342000,3416064
600256,0x0010c8d0,418,0x00344000,3424256
600257,0x0010c8e0,419,0x00346000,3432448
600258,0x0010c8f0,420,0x00348000,3440640
600259,0x0010c900,421,0x0034a000,3448832
600260,0x0010c910,422,0x0034c000,3457024
600261,0x0010c920,423,0x0034e000,3465216
600262,0x0010c930,424,0x00350000,3473408
600263,0x0010c940,425,0x00352000,3481600
600265,0x0010c950,426,0x00354000,3489792
600266,0x0010c960,427,0x00356000,3497984
600267,0x0010c970,428,0x00358000,3506176
600268,0x0010c980,429,0x0035a000,3514368
600269,0x0010c990,430,0x0035c000,3522560
600271,0x0010c9a0,431,0x0035e000,3530752
600272,0x0010c9b0,432,0x00360000,3538944
600273,0x0010c9c0,433,0x00362000,3547136
600276,0x0010c9d0,434,0x00364000,3555328
600277,0x0010c9e0,435,0x00366000,3563520
600278,0x0010c9f0,436,0x00368000,3571712
600279,0x0010ca00,437,0x0036a000,3579904
600280,0x0010ca10,438,0x0036c000,3588096
600281,0x0010ca20,439,0x0036e000,3596288
600282,0x0010ca30,440,0x00370000,3604480
600283,0x0010ca40,441,0x00372000,3612672
600284,0x0010ca50,442,0x00374000,3620864
600285,0x0010ca60,443,0x00376000,3629056
600287,0x0010ca70,444,0x00378000,3637248
600288,0x0010ca80,445,0x0037a000,3645440
600289,0x0010ca90,446,0x0037c000,3653632
600290,0x0010caa0,447,0x0037e000,3661824
600291,0x0010cab0,448,0x00380000,3670016
600292,0x0010cac0,449,0x00382000,3678208
600293,0x0010cad0,450,0x00384000,3686400
600295,0x0010cae0,451,0x00386000,3694592
600297,0x0010caf0,452,0x00388000,3702784
600298,0x0010cb00,453,0x0038a000,3710976
600299,0x0010cb10,454,0x0038c000,3719168
600300,0x0010cb20,455,0x0038e000,3727360
600301,0x0010cb30,456,0x00390000,3735552
600302,0x0010cb40,457,0x00392000,3743744
600303,0x0010cb50,458,0x00394000,3751936
600305,0x0010cb60,459,0x00396000,3760128
600307,0x0010cb70,460,0x00398000,3768320
600308,0x0010cb80,461,0x0039a000,3776512
600309,0x0010cb90,462,0x0039c000,3784704
600310,0x0010cba0,463,0x0039e000,3792896
600311,0x0010cbb0,464,0x003a0000,3801088
600312,0x0010cbc0,465,0x003a2000,3809280
600313,0x0010cbd0,466,0x003a4000,3817472
600315,0x0010cbe0,467,0x003a6000,3825664
600316,0x0010cbf0,468,0x003a8000,3833856
600317,0x0010cc00,469,0x003aa000,3842048
600318,0x0010cc10,470,0x003ac000,3850240
600319,0x0010cc20,471,0x003ae000,3858432
600320,0x0010cc30,472,0x003b0000,3866624
600321,0x0010cc40,473,0x003b2000,3874816
600322,0x0010cc50,474,0x003b4000,3883008
600323,0x0010cc60,475,0x003b6000,3891200
600325,0x0010cc70,476,0x003b8000,3899392
600326,0x0010cc80,477,0x003ba000,3907584
600327,0x0010cc90,478,0x003bc000,3915776
600328,0x0010cca0,479,0x003be000,3923968
600329,0x0010ccb0,480,0x003c0000,3932160
600330,0x0010ccc0,481,0x003c2000,3940352
600331,0x0010ccd0,482,0x003c4000,3948544
600332,0x0010cce0,483,0x003c6000,3956736
600333,0x0010ccf0,484,0x003c8000,3964928
600335,0x0010cd00,485,0x003ca000,3973120
600336,0x0010cd10,486,0x003cc000,3981312
600337,0x0010cd20,487,0x003ce000,3989504
600338,0x0010cd30,488,0x003d0000,3997696
600339,0x0010cd40,489,0x003d2000,4005888
600340,0x0010cd50,490,0x003d4000,4014080
600343,0x0010cd60,491,0x003d6000,4022272
600345,0x0010cd70,492,0x003d8000,4030464
600346,0x0010cd80,493,0x003da000,4038656
600348,0x0010cd90,494,0x003dc000,4046848
600350,0x0010cda0,495,0x003de000,4055040
600351,0x0010cdb0,496,0x003e0000,4063232
600352,0x0010cdc0,497,0x003e2000,4071424
600353,0x0010cdd0,498,0x003e4000,4079616
600354,0x0010cde0,499,0x003e6000,4087808
600355,0x0010cdf0,500,0x003e8000,4096000
600356,0x0010ce00,501,0x003ea000,4104192
600358,0x0010ce10,502,0x003ec000,4112384
600359,0x0010ce20,503,0x003ee000,4120576
600360,0x0010ce30,504,0x003f0000,4128768
600361,0x0010ce40,505,0x003f2000,4136960
600362,0x0010ce50,506,0x003f4000,4145152
600363,0x0010ce60,507,0x003f6000,4153344
600365,0x0010ce70,508,0x003f8000,4161536
600366,0x0010ce80,509,0x003fa000,4169728
600367,0x0010ce90,510,0x003fc000,4177920
600368,0x0010cea0,511,0x003fe000,4186112
600369,0x0010ceb0,512,0x00400000,4194304
600370,0x0010cec0,513,0x00402000,4202496
600371,0x0010ced0,514,0x00404000,4210688
600372,0x0010cee0,515,0x00406000,4218880
600373,0x0010cef0,516,0x00408000,4227072
600375,0x0010cf00,517,0x0040a000,4235264
600376,0x0010cf10,518,0x0040c000,4243456
600377,0x0010cf20,519,0x0040e000,4251648
600378,0x0010cf30,520,0x00410000,4259840
600379,0x0010cf40,521,0x00412000,4268032
600380,0x0010cf50,522,0x00414000,4276224
600381,0x0010cf60,523,0x00416000,4284416
600382,0x0010cf70,524,0x00418000,4292608
600383,0x0010cf80,525,0x0041a000,4300800
600385,0x0010cf90,526,0x0041c000,4308992
600386,0x0010cfa0,527,0x0041e000,4317184
600387,0x0010cfb0,528,0x00420000,4325376
600388,0x0010cfc0,529,0x00422000,4333568
600389,0x0010cfd0,530,0x00424000,4341760
600390,0x0010cfe0,531,0x00426000,4349952
600391,0x0010cff0,532,0x00428000,4358144
242541,0x0012c000,6249,0x030d2000,51191808
244165,0x0012c010,7063,0x0372e000,57860096
588420,0x0012c020,8906,0x04594000,72957952
242542,0x0012c080,6250,0x030d4000,51200000
244166,0x0012c090,7064,0x03730000,57868288
688478,0x0012c100,2348,0x01258000,19234816
560690,0x0012c110,8670,0x043bc000,71024640
688479,0x0012c180,2349,0x0125a000,19243008
244168,0x0012c190,7065,0x03732000,57876480
515640,0x0012c1a0,8390,0x0418c000,68730880
242546,0x0012c280,6251,0x030d6000,51208192
242547,0x0012c300,6252,0x030d8000,51216384
501300,0x0012c310,9144,0x04770000,74907648
242548,0x0012c380,6253,0x030da000,51224576
501301,0x0012c390,9145,0x04772000,74915840
242549,0x0012c400,6254,0x030dc000,51232768
501302,0x0012c410,9146,0x04774000,74924032
019309,0x0012c480,2650,0x014b4000,21708800
588380,0x0012c490,8902,0x0458c000,72925184
501303,0x0012c4a0,9147,0x04776000,74932224
184021,0x0012c580,3939,0x01ec6000,32268288
501305,0x0012c590,9148,0x04778000,74940416
184022,0x0012c600,3940,0x01ec8000,32276480
240922,0x0012c610,5308,0x02978000,43483136
501306,0x0012c620,9149,0x0477a000,74948608
240923,0x0012c680,5309,0x0297a000,43491328
501307,0x0012c690,9150,0x0477c000,74956800
240924,0x0012c700,5310,0x0297c000,43499520
245250,0x0012c710,7618,0x03b84000,62406656
240926,0x0012c800,5311,0x0297e000,43507712
513980,0x0012c810,8342,0x0412c000,68337664
184027,0x0012c880,3941,0x01eca000,32284672
240927,0x0012c890,5312,0x02980000,43515904
184028,0x0012c900,3942,0x01ecc000,32292864
240928,0x0012c910,5313,0x02982000,43524096
243630,0x0012c920,6808,0x03530000,55771136
245254,0x0012c930,7619,0x03b86000,62414848
243631,0x0012c980,6809,0x03532000,55779328
243632,0x0012ca00,6810,0x03534000,55787520
232995,0x0012ca80,4670,0x0247c000,38256640
245257,0x0012ca90,7620,0x03b88000,62423040
561780,0x0012caa0,8749,0x0445a000,71671808
240883,0x0012cb00,5284,0x02948000,43286528
245258,0x0012cb10,7621,0x03b8a000,62431232
516730,0x0012cb20,8472,0x04230000,69402624
600820,0x0012cb80,870,0x006cc000,7127040
243635,0x0012cb90,6811,0x03536000,55795712
245259,0x0012cba0,7622,0x03b8c000,62439424
600821,0x0012cc00,871,0x006ce000,7135232
600822,0x0012cc80,872,0x006d0000,7143424
600823,0x0012cd00,873,0x006d2000,7151616
240887,0x0012cd10,5285,0x0294a000,43294720
600824,0x0012cd80,874,0x006d4000,7159808
240888,0x0012cd90,5286,0x0294c000,43302912
243590,0x0012cda0,6789,0x0350a000,55615488
243639,0x0012cdb0,6812,0x03538000,55803904
600825,0x0012ce00,875,0x006d6000,7168000
605151,0x0012ce10,1897,0x00ed2000,15540224
240889,0x0012ce20,5287,0x0294e000,43311104
243591,0x0012ce30,6790,0x0350c000,55623680
600826,0x0012ce80,876,0x006d8000,7176192
270011,0x0012ce90,7860,0x03d68000,64389120
600827,0x0012cf00,877,0x006da000,7184384
243593,0x0012cf10,6791,0x0350e000,55631872
600828,0x0012cf80,878,0x006dc000,7192576
243594,0x0012cf90,6792,0x03510000,55640064
562910,0x0012cfa0,8801,0x044c2000,72097792
600780,0x0012d000,835,0x00686000,6840320
600829,0x0012d010,879,0x006de000,7200768
605155,0x0012d020,1898,0x00ed4000,15548416
243595,0x0012d030,6793,0x03512000,55648256
600781,0x0012d080,836,0x00688000,6848512
270015,0x0012d090,7861,0x03d6a000,64397312
600782,0x0012d100,837,0x0068a000,6856704
127802,0x0012d110,3072,0x01800000,25165824
243597,0x0012d120,6794,0x03514000,55656448
600783,0x0012d180,838,0x0068c000,6864896
605158,0x0012d190,1899,0x00ed6000,15556608
185116,0x0012d1a0,4271,0x0215e000,34988032
243598,0x0012d1b0,6795,0x03516000,55664640
270017,0x0012d1c0,7862,0x03d6c000,64405504
600784,0x0012d200,839,0x0068e000,6873088
185117,0x0012d210,4272,0x02160000,34996224
243599,0x0012d220,6796,0x03518000,55672832
270018,0x0012d230,7863,0x03d6e000,64413696
600785,0x0012d280,840,0x00690000,6881280
232001,0x0012d290,4618,0x02414000,37830656
244720,0x0012d2a0,7343,0x0395e000,60153856
603530,0x0012d300,1599,0x00c7e000,13099008
185119,0x0012d310,4273,0x02162000,35004416
600787,0x0012d380,841,0x00692000,6889472
115040,0x0012d400,2824,0x01610000,23134208
241972,0x0012d410,5942,0x02e6c000,48676864
244723,0x0012d420,7344,0x03960000,60162048
562870,0x0012d430,8797,0x044ba000,72065024
600789,0x0012d480,842,0x00694000,6897664
603533,0x0012d490,1600,0x00c80000,13107200
115041,0x0012d4a0,2825,0x01612000,23142400
185073,0x0012d4b0,4263,0x0214e000,34922496
241973,0x0012d4c0,5943,0x02e6e000,48685056
244724,0x0012d4d0,7345,0x03962000,60170240
185074,0x0012d500,4264,0x02150000,34930688
603535,0x0012d580,1601,0x00c82000,13115392
241975,0x0012d590,5944,0x02e70000,48693248
603536,0x0012d600,1602,0x00c84000,13123584
241976,0x0012d610,5945,0x02e72000,48701440
244727,0x0012d620,7346,0x03964000,60178432
185077,0x0012d680,4265,0x02152000,34938880
241977,0x0012d690,5946,0x02e74000,48709632
244728,0x0012d6a0,7347,0x03966000,60186624
603538,0x0012d700,1603,0x00c86000,13131776
244680,0x0012d710,7320,0x03930000,59965440
244729,0x0012d720,7348,0x03968000,60194816
244681,0x0012d780,7321,0x03932000,59973632
601916,0x0012d800,1203,0x00966000,9854976
115048,0x0012d810,2826,0x01614000,23150592
244682,0x0012d820,7322,0x03934000,59981824
244683,0x0012d880,7323,0x03936000,59990016
601918,0x0012d900,1204,0x00968000,9863168
127769,0x0012d910,3069,0x017fa000,25141248
601919,0x0012d980,1205,0x0096a000,9871360
019827,0x0012d990,2781,0x015ba000,22781952
244685,0x0012d9a0,7324,0x03938000,59998208
588940,0x0012d9b0,8944,0x045e0000,73269248
019828,0x0012da00,2782,0x015bc000,22790144
601872,0x0012da80,1189,0x0094a000,9740288
603496,0x0012da90,1581,0x00c5a000,12951552
019829,0x0012daa0,2783,0x015be000,22798336
244687,0x0012dab0,7325,0x0393a000,60006400
244688,0x0012db00,7326,0x0393c000,60014592
271107,0x0012db10,7910,0x03dcc000,64798720
186207,0x0012db80,4466,0x022e4000,36585472
603499,0x0012dc00,1582,0x00c5c000,12959744
152522,0x0012dc80,3486,0x01b3c000,28557312
245811,0x0012dc90,7841,0x03d42000,64233472
601877,0x0012dd00,1190,0x0094c000,9748480
601878,0x0012dd80,1191,0x0094e000,9756672
563960,0x0012dd90,8862,0x0453c000,72597504
019780,0x0012de00,2764,0x01598000,22642688
122401,0x0012de10,3032,0x017b0000,24838144
152525,0x0012de20,3487,0x01b3e000,28565504
160370,0x0012de30,3741,0x01d3a000,30646272
245814,0x0012de40,7842,0x03d44000,64241664
271064,0x0012de50,7906,0x03dc4000,64765952
019781,0x0012de80,2765,0x0159a000,22650880
152526,0x0012de90,3488,0x01b40000,28573696
245815,0x0012dea0,7843,0x03d46000,64249856
019782,0x0012df00,2766,0x0159c000,22659072
184541,0x0012df10,4156,0x02078000,34045952
019783,0x0012df80,2767,0x0159e000,22667264
152528,0x0012df90,3489,0x01b42000,28581888
184542,0x0012dfa0,4157,0x0207a000,34054144
019784,0x0012e000,2768,0x015a0000,22675456
122405,0x0012e010,3033,0x017b2000,24846336
688001,0x0012e100,1968,0x00f60000,16121856
019786,0x0012e110,2769,0x015a2000,22683648
688002,0x0012e180,1969,0x00f62000,16130048
019787,0x0012e190,2770,0x015a4000,22691840
688003,0x0012e200,1970,0x00f64000,16138240
019788,0x0012e210,2771,0x015a6000,22700032
512420,0x0012e220,8227,0x04046000,67395584
688004,0x0012e280,1971,0x00f66000,16146432
019789,0x0012e290,2772,0x015a8000,22708224
163123,0x0012e2a0,3764,0x01d68000,30834688
184548,0x0012e2b0,4158,0x0207c000,34062336
245774,0x0012e2c0,7827,0x03d26000,64118784
688005,0x0012e300,1972,0x00f68000,16154624
184549,0x0012e310,4159,0x0207e000,34070528
688006,0x0012e380,1973,0x00f6a000,16162816
688007,0x0012e400,1974,0x00f6c000,16171008
152488,0x0012e410,3472,0x01b20000,28442624
510800,0x0012e420,8167,0x03fce000,66904064
688008,0x0012e480,1975,0x00f6e000,16179200
245778,0x0012e490,7828,0x03d28000,64126976
560220,0x0012e4a0,8631,0x0436e000,70705152
751941,0x0012e4b0,9021,0x0467a000,73900032
688009,0x0012e500,1976,0x00f70000,16187392
231436,0x0012e510,4594,0x023e4000,37634048
245779,0x0012e520,7829,0x03d2a000,64135168
137830,0x0012e580,3210,0x01914000,26296320
137832,0x0012e680,3211,0x01916000,26304512
155195,0x0012e690,3663,0x01c9e000,30007296
512380,0x0012e6a0,8224,0x04040000,67371008
155197,0x0012e780,3664,0x01ca0000,30015488
589990,0x0012e790,9011,0x04666000,73818112
137835,0x0012e800,3212,0x01918000,26312704
510760,0x0012e880,8165,0x03fca000,66887680
560180,0x0012e900,8628,0x04368000,70680576
185633,0x0012e980,4378,0x02234000,35864576
515130,0x0012e990,8357,0x0414a000,68460544
185634,0x0012ea00,4379,0x02236000,35872768
530100,0x0012ea10,8591,0x0431e000,70377472
242032,0x0012ec00,5978,0x02eb4000,48971776
185639,0x0012ec80,4380,0x02238000,35880960
242033,0x0012ec90,5979,0x02eb6000,48979968
115608,0x0012ed00,2901,0x016aa000,23764992
185591,0x0012ed10,4371,0x02226000,35807232
242034,0x0012ed20,5980,0x02eb8000,48988160
240411,0x0012ed80,5004,0x02718000,40992768
137798,0x0012ee00,3206,0x0190c000,26263552
515090,0x0012ee10,8353,0x04142000,68427776
561310,0x0012ee20,8717,0x0441a000,71409664
530060,0x0012ee80,8589,0x0431a000,70361088
115563,0x0012ef00,2894,0x0169c000,23707648
242038,0x0012ef10,5981,0x02eba000,48996352
240415,0x0012ef80,5005,0x0271a000,41000960
242039,0x0012ef90,5982,0x02ebc000,49004544
240416,0x0017c000,5006,0x0271c000,41009152
240417,0x0017c080,5007,0x0271e000,41017344
240418,0x0017c100,5008,0x02720000,41025536
243120,0x0017c110,6552,0x03330000,53673984
240370,0x0017c180,4987,0x026f6000,40853504
243121,0x0017c190,6553,0x03332000,53682176
589000,0x0017c1a0,8949,0x045ea000,73310208
240371,0x0017c200,4988,0x026f8000,40861696
243122,0x0017c210,6554,0x03334000,53690368
511850,0x0017c220,8210,0x04024000,67256320
551800,0x0017c230,8611,0x04346000,70541312
243123,0x0017c280,6555,0x03336000,53698560
520550,0x0017c290,8539,0x042b6000,69951488
240373,0x0017c300,4989,0x026fa000,40869888
243124,0x0017c310,6556,0x03338000,53706752
516220,0x0017c320,8435,0x041e6000,69099520
600310,0x0017c380,442,0x00374000,3620864
230905,0x0017c390,4587,0x023d6000,37576704
243125,0x0017c3a0,6557,0x0333a000,53714944
600311,0x0017c400,443,0x00376000,3629056
186725,0x0017c410,4472,0x022f0000,36634624
600312,0x0017c480,444,0x00378000,3637248
240376,0x0017c490,4990,0x026fc000,40878080
243127,0x0017c4a0,6558,0x0333c000,53723136
600313,0x0017c500,445,0x0037a000,3645440
243128,0x0017c510,6559,0x0333e000,53731328
240378,0x0017c580,4991,0x026fe000,40886272
600315,0x0017c600,446,0x0037c000,3653632
240379,0x0017c610,4992,0x02700000,40894464
243081,0x0017c620,6528,0x03300000,53477376
600316,0x0017c680,447,0x0037e000,3661824
138886,0x0017c690,3278,0x0199c000,26853376
241500,0x0017c6a0,5686,0x02c6c000,46579712
243082,0x0017c6b0,6529,0x03302000,53485568
600317,0x0017c700,448,0x00380000,3670016
157370,0x0017c710,3726,0x01d1c000,30523392
243083,0x0017c720,6530,0x03304000,53493760
600318,0x0017c780,449,0x00382000,3678208
241502,0x0017c790,5687,0x02c6e000,46587904
516180,0x0017c7a0,8431,0x041de000,69066752
600319,0x0017c800,450,0x00384000,3686400
241503,0x0017c810,5688,0x02c70000,46596096
600271,0x0017c880,410,0x00334000,3358720
241504,0x0017c890,5689,0x02c72000,46604288
243086,0x0017c8a0,6531,0x03306000,53501952
600272,0x0017c900,411,0x00336000,3366912
241505,0x0017c910,5690,0x02c74000,46612480
243087,0x0017c920,6532,0x03308000,53510144
600273,0x0017c980,412,0x00338000,3375104
243088,0x0017c990,6533,0x0330a000,53518336
526010,0x0017c9a0,8583,0x0430e000,70311936
688520,0x0017ca00,2377,0x01292000,19472384
243089,0x0017ca10,6534,0x0330c000,53526528
688521,0x0017ca80,2378,0x01294000,19480576
241508,0x0017ca90,5691,0x02c76000,46620672
600276,0x0017cb00,413,0x0033a000,3383296
603020,0x0017cb10,1252,0x009c8000,10256384
688522,0x0017cb20,2379,0x01296000,19488768
233573,0x0017cb30,4693,0x024aa000,38445056
600277,0x0017cb80,414,0x0033c000,3391488
603021,0x0017cb90,1253,0x009ca000,10264576
688523,0x0017cba0,2380,0x01298000,19496960
241461,0x0017cbb0,5658,0x02c34000,46350336
512940,0x0017cbc0,8265,0x04092000,67706880
600278,0x0017cc00,415,0x0033e000,3399680
603022,0x0017cc10,1254,0x009cc000,10272768
241462,0x0017cc20,5659,0x02c36000,46358528
244213,0x0017cc30,7085,0x0375a000,58040320
562360,0x0017cc40,8777,0x04492000,71901184
600279,0x0017cc80,416,0x00340000,3407872
603023,0x0017cc90,1255,0x009ce000,10280960
688525,0x0017cca0,2381,0x0129a000,19505152
163644,0x0017ccb0,3810,0x01dc4000,31211520
241463,0x0017ccc0,5660,0x02c38000,46366720
688526,0x0017cd00,2382,0x0129c000,19513344
241464,0x0017cd10,5661,0x02c3a000,46374912
603025,0x0017cd80,1256,0x009d0000,10289152
603026,0x0017ce00,1257,0x009d2000,10297344
688528,0x0017ce10,2383,0x0129e000,19521536
231955,0x0017ce20,4615,0x0240e000,37806080
244217,0x0017ce30,7086,0x0375c000,58048512
603027,0x0017ce80,1258,0x009d4000,10305536
688480,0x0017ce90,2350,0x0125c000,19251200
688529,0x0017cea0,2384,0x012a0000,19529728
244218,0x0017ceb0,7087,0x0375e000,58056704
603028,0x0017cf00,1259,0x009d6000,10313728
231957,0x0017cf10,4616,0x02410000,37814272
241468,0x0017cf20,5662,0x02c3c000,46383104
244219,0x0017cf30,7088,0x03760000,58064896
603029,0x0017cf80,1260,0x009d8000,10321920
241469,0x0017cf90,5663,0x02c3e000,46391296
244171,0x0017cfa0,7066,0x03734000,57884672
688484,0x00181080,2351,0x0125e000,19259392
127258,0x00181090,3056,0x017e0000,25034752
688485,0x00181100,2352,0x01260000,19267584
242550,0x00181110,6255,0x030de000,51240960
601360,0x00181180,1105,0x008a2000,9052160
688486,0x00181190,2353,0x01262000,19275776
588430,0x001811a0,8907,0x04596000,72966144
688488,0x00181280,2354,0x01264000,19283968
688489,0x00181300,2355,0x01266000,19292160
242554,0x00181310,6256,0x030e0000,51249152
244178,0x00181320,7067,0x03736000,57892864
515650,0x00181330,8391,0x0418e000,68739072
152010,0x00181380,3354,0x01a34000,27475968
242555,0x00181390,6257,0x030e2000,51257344
152011,0x00181400,3355,0x01a36000,27484160
245300,0x00181410,7636,0x03ba8000,62554112
601366,0x00181480,1106,0x008a4000,9060352
019316,0x00181490,2651,0x014b6000,21716992
242557,0x001814a0,6258,0x030e4000,51265536
501310,0x001814b0,9151,0x0477e000,74964992
501311,0x00181500,9152,0x04780000,74973184
601368,0x00181580,1107,0x008a6000,9068544
188860,0x00181590,4545,0x02382000,37232640
188909,0x001815a0,4553,0x02392000,37298176
242559,0x001815b0,6259,0x030e6000,51273728
501312,0x001815c0,9153,0x04782000,74981376
601369,0x00181600,1108,0x008a8000,9076736
019319,0x00181610,2652,0x014b8000,21725184
588390,0x00181620,8903,0x0458e000,72933376
184030,0x00181680,3943,0x01ece000,32301056
240930,0x00181690,5314,0x02984000,43532288
240932,0x00181780,5315,0x02986000,43540480
184033,0x00181800,3944,0x01ed0000,32309248
530580,0x00181810,8597,0x0432a000,70426624
184034,0x00181880,3945,0x01ed2000,32317440
188866,0x00181890,4546,0x02384000,37240832
245260,0x001818a0,7623,0x03b8e000,62447616
245309,0x001818b0,7637,0x03baa000,62562304
240935,0x00181900,5316,0x02988000,43548672
136192,0x00181980,3097,0x01832000,25370624
240936,0x00181990,5317,0x0298a000,43556864
513990,0x001819a0,8343,0x0412e000,68345856
188869,0x00181a00,4547,0x02386000,37249024
240937,0x00181a10,5318,0x0298c000,43565056
240938,0x00181a80,5319,0x0298e000,43573248
184039,0x00181b00,3946,0x01ed4000,32325632
245265,0x00181b10,7624,0x03b90000,62455808
589520,0x00181b20,8989,0x0463a000,73637888
245266,0x00181b80,7625,0x03b92000,62464000
561790,0x00181c00,8750,0x0445c000,71680000
240893,0x00181c80,5288,0x02950000,43319296
243644,0x00181c90,6813,0x0353a000,55812096
245268,0x00181ca0,7626,0x03b94000,62472192
600830,0x00181d00,880,0x006e0000,7208960
600831,0x00181d80,881,0x006e2000,7217152
240895,0x00181d90,5289,0x02952000,43327488
240896,0x00181e00,5290,0x02954000,43335680
243647,0x00181e10,6814,0x0353c000,55820288
600833,0x00181e80,882,0x006e4000,7225344
605208,0x00181e90,1916,0x00ef8000,15695872
243648,0x00181ea0,6815,0x0353e000,55828480
600834,0x00181f00,883,0x006e6000,7233536
240898,0x00181f10,5291,0x02956000,43343872
600835,0x00181f80,884,0x006e8000,7241728
240899,0x00181f90,5292,0x02958000,43352064
270020,0x00181fa0,7864,0x03d70000,64421888
600836,0x00182000,885,0x006ea000,7249920
605162,0x00182010,1900,0x00ed8000,15564800
270021,0x00182020,7865,0x03d72000,64430080
600838,0x00182100,886,0x006ec000,7258112
562920,0x00182110,8802,0x044c4000,72105984
600790,0x00182180,843,0x00696000,6905856
600839,0x00182190,887,0x006ee000,7266304
600791,0x00182200,844,0x00698000,6914048
605166,0x00182210,1901,0x00eda000,15572992
270025,0x00182220,7866,0x03d74000,64438272
600792,0x00182280,845,0x0069a000,6922240
605167,0x00182290,1902,0x00edc000,15581184
600793,0x00182300,846,0x0069c000,6930432
605168,0x00182310,1903,0x00ede000,15589376
600794,0x00182380,847,0x0069e000,6938624
605169,0x00182390,1904,0x00ee0000,15597568
270028,0x001823a0,7867,0x03d76000,64446464
513000,0x001823b0,8271,0x0409e000,67756032
600795,0x00182400,848,0x006a0000,6946816
244730,0x00182410,7349,0x0396a000,60203008
600796,0x00182480,849,0x006a2000,6955008
173679,0x00182490,3877,0x01e4a000,31760384
241980,0x001824a0,5947,0x02e76000,48717824
244731,0x001824b0,7350,0x0396c000,60211200
600797,0x00182500,850,0x006a4000,6963200
241981,0x00182510,5948,0x02e78000,48726016
244732,0x00182520,7351,0x0396e000,60219392
600798,0x00182580,851,0x006a6000,6971392
143550,0x00182590,3319,0x019ee000,27189248
562880,0x001825a0,8798,0x044bc000,72073216
115051,0x00182600,2827,0x01616000,23158784
143551,0x00182610,3320,0x019f0000,27197440
244734,0x00182620,7352,0x03970000,60227584
601921,0x00182700,1206,0x0096c000,9879552
241985,0x00182710,5949,0x02e7a000,48734208
019830,0x00182780,2784,0x015c0000,22806528
127773,0x00182790,3070,0x017fc000,25149440
244737,0x001827a0,7353,0x03972000,60235776
000847,0x00182800,166,0x0014c000,1359872
019831,0x00182810,2785,0x015c2000,22814720
241987,0x00182820,5950,0x02e7c000,48742400
019832,0x00182880,2786,0x015c4000,22822912
244690,0x00182890,7327,0x0393e000,60022784
244739,0x001828a0,7354,0x03974000,60243968
000849,0x00182900,167,0x0014e000,1368064
019833,0x00182910,2787,0x015c6000,22831104
244691,0x00182920,7328,0x03940000,60030976
019834,0x00182980,2788,0x015c8000,22839296
244692,0x00182990,7329,0x03942000,60039168
019835,0x00182a00,2789,0x015ca000,22847488
115059,0x00182a10,2828,0x01618000,23166976
601928,0x00182a80,1207,0x0096e000,9887744
019836,0x00182a90,2790,0x015cc000,22855680
244694,0x00182aa0,7330,0x03944000,60047360
271113,0x00182ab0,7911,0x03dce000,64806912
601880,0x00182b00,1192,0x00950000,9764864
601929,0x00182b10,1208,0x00970000,9895936
019837,0x00182b20,2791,0x015ce000,22863872
244695,0x00182b30,7331,0x03946000,60055552
271114,0x00182b40,7912,0x03dd0000,64815104
588950,0x00182b50,8945,0x045e2000,73277440
601881,0x00182b80,1193,0x00952000,9773056
019838,0x00182b90,2792,0x015d0000,22872064
601882,0x00182c00,1194,0x00954000,9781248
019839,0x00182c10,2793,0x015d2000,22880256
244698,0x00182c80,7332,0x03948000,60063744
271117,0x00182c90,7913,0x03dd2000,64823296
271118,0x00182d00,7914,0x03dd4000,64831488
271119,0x00182d80,7915,0x03dd6000,64839680
601886,0x00182e00,1195,0x00956000,9789440
601888,0x00182f00,1196,0x00958000,9797632
271073,0x00182f10,7907,0x03dc6000,64774144
019790,0x00182f80,2773,0x015aa000,22716416
019791,0x00183000,2774,0x015ac000,22724608
184550,0x00183010,4160,0x02080000,34078720
019792,0x00183080,2775,0x015ae000,22732800
136756,0x00183090,3127,0x0186e000,25616384
184551,0x001830a0,4161,0x02082000,34086912
245826,0x001830b0,7844,0x03d48000,64258048
518880,0x001830c0,8533,0x042aa000,69902336
019793,0x00183100,2776,0x015b0000,22740992
184552,0x00183110,4162,0x02084000,34095104
152490,0x00183180,3473,0x01b22000,28450816
184553,0x00183190,4163,0x02086000,34103296
198896,0x001831a0,4574,0x023bc000,37470208
688010,0x00183200,1977,0x00f72000,16195584
019795,0x00183210,2777,0x015b2000,22749184
136759,0x00183220,3128,0x01870000,25624576
184554,0x00183230,4164,0x02088000,34111488
245780,0x00183240,7830,0x03d2c000,64143360
688011,0x00183280,1978,0x00f74000,16203776
019796,0x00183290,2778,0x015b4000,22757376
122417,0x001832a0,3034,0x017b4000,24854528
245781,0x001832b0,7831,0x03d2e000,64151552
688012,0x00183300,1979,0x00f76000,16211968
019797,0x00183310,2779,0x015b6000,22765568
245782,0x00183320,7832,0x03d30000,64159744
688013,0x00183380,1980,0x00f78000,16220160
019798,0x00183390,2780,0x015b8000,22773760
152494,0x001833a0,3474,0x01b24000,28459008
512430,0x001833b0,8228,0x04048000,67403776
184558,0x00183400,4165,0x0208a000,34119680
245784,0x00183410,7833,0x03d32000,64167936
688015,0x00183480,1981,0x00f7a000,16228352
688016,0x00183500,1982,0x00f7c000,16236544
152497,0x00183510,3475,0x01b26000,28467200
245786,0x00183520,7834,0x03d34000,64176128
688017,0x00183580,1983,0x00f7e000,16244736
510810,0x00183590,8168,0x03fd0000,66912256
688018,0x00183600,1984,0x00f80000,16252928
560230,0x00183610,8632,0x04370000,70713344
688019,0x00183680,1985,0x00f82000,16261120
512390,0x00183800,8223,0x0403e000,67362816
185640,0x00183980,4381,0x0223a000,35889152
185641,0x00183a00,4382,0x0223c000,35897344
510770,0x00183a10,8166,0x03fcc000,66895872
560190,0x00183a80,8629,0x0436a000,70688768
137848,0x00183b00,3213,0x0191a000,26320896
242040,0x00183c80,5983,0x02ebe000,49012736
242041,0x00183d00,5984,0x02ec0000,49020928
513520,0x00183d10,8309,0x040ea000,68067328
115619,0x00183f00,2902,0x016ac000,23773184
242045,0x00183f10,5985,0x02ec2000,49029120
511900,0x00183f20,8213,0x0402a000,67280896
115571,0x00183f80,2895,0x0169e000,23715840
232535,0x00183f90,4649,0x02452000,38084608
242046,0x00183fa0,5986,0x02ec4000,49037312
520600,0x00183fb0,8544,0x042c0000,69992448
561320,0x00183fc0,8718,0x0441c000,71417856
242048,0x00184080,5987,0x02ec6000,49045504
240425,0x00184100,5009,0x02722000,41033728
242049,0x00184110,5988,0x02ec8000,49053696
240426,0x00184180,5010,0x02724000,41041920
115576,0x00184200,2896,0x016a0000,23724032
240427,0x00184210,5011,0x02726000,41050112
138934,0x00184280,3282,0x019a4000,26886144
240428,0x00184290,5012,0x02728000,41058304
240380,0x00184300,4993,0x02702000,40902656
243131,0x00184310,6560,0x03340000,53739520
589010,0x00184320,8950,0x045ec000,73318400
115579,0x00184380,2897,0x016a2000,23732224
138936,0x00184390,3283,0x019a6000,26894336
243132,0x001843a0,6561,0x03342000,53747712
511860,0x001843b0,8211,0x04026000,67264512
243133,0x00184400,6562,0x03344000,53755904
520560,0x00184410,8540,0x042b8000,69959680
561280,0x00184420,8715,0x04416000,71393280
173202,0x00184480,3857,0x01e22000,31596544
516230,0x00184490,8436,0x041e8000,69107712
600320,0x00184500,451,0x00386000,3694592
243135,0x00184510,6563,0x03346000,53764096
600321,0x00184580,452,0x00388000,3702784
243136,0x00184590,6564,0x03348000,53772288
600322,0x00184600,453,0x0038a000,3710976
240386,0x00184610,4994,0x02704000,40910848
600323,0x00184680,454,0x0038c000,3719168
138893,0x00184690,3279,0x0199e000,26861568
243138,0x001846a0,6565,0x0334a000,53780480
243139,0x00184700,6566,0x0334c000,53788672
600325,0x00184780,455,0x0038e000,3727360
240389,0x00184790,4995,0x02706000,40919040
600326,0x00184800,456,0x00390000,3735552
243092,0x00184810,6535,0x0330e000,53534720
600327,0x00184880,457,0x00392000,3743744
600328,0x00184900,458,0x00394000,3751936
516190,0x00184910,8432,0x041e0000,69074944
600280,0x00184980,417,0x00342000,3416064
600329,0x00184990,459,0x00396000,3760128
138899,0x001849a0,3280,0x019a0000,26869760
241513,0x001849b0,5692,0x02c78000,46628864
243095,0x001849c0,6536,0x03310000,53542912
600281,0x00184a00,418,0x00344000,3424256
243096,0x00184a10,6537,0x03312000,53551104
600282,0x00184a80,419,0x00346000,3432448
230877,0x00184a90,4585,0x023d2000,37560320
600283,0x00184b00,420,0x00348000,3440640
155761,0x00184b10,3704,0x01cf0000,30343168
241516,0x00184b20,5693,0x02c7a000,46637056
243098,0x00184b30,6538,0x03314000,53559296
600284,0x00184b80,421,0x0034a000,3448832
688530,0x00184b90,2385,0x012a2000,19537920
173167,0x00184ba0,3849,0x01e12000,31531008
241517,0x00184bb0,5694,0x02c7c000,46645248
600285,0x00184c00,422,0x0034c000,3457024
688531,0x00184c10,2386,0x012a4000,19546112
233582,0x00184c20,4694,0x024ac000,38453248
603030,0x00184c80,1261,0x009da000,10330112
241519,0x00184c90,5695,0x02c7e000,46653440
600287,0x00184d00,423,0x0034e000,3465216
603031,0x00184d10,1262,0x009dc000,10338304
688533,0x00184d20,2387,0x012a6000,19554304
233584,0x00184d30,4695,0x024ae000,38461440
241471,0x00184d40,5664,0x02c40000,46399488
512950,0x00184d50,8266,0x04094000,67715072
600288,0x00184d80,424,0x00350000,3473408
603032,0x00184d90,1263,0x009de000,10346496
143040,0x00184da0,3302,0x019cc000,27049984
241472,0x00184db0,5665,0x02c42000,46407680
244223,0x00184dc0,7089,0x03762000,58073088
600289,0x00184e00,425,0x00352000,3481600
603033,0x00184e10,1264,0x009e0000,10354688
688535,0x00184e20,2388,0x012a8000,19562496
147873,0x00184e30,3353,0x01a32000,27467776
244224,0x00184e40,7090,0x03764000,58081280
688536,0x00184e80,2389,0x012aa000,19570688
241474,0x00184e90,5666,0x02c44000,46415872
603035,0x00184f00,1265,0x009e2000,10362880
241475,0x00184f10,5667,0x02c46000,46424064
603036,0x00184f80,1266,0x009e4000,10371072
688538,0x00184f90,2390,0x012ac000,19578880
242603,0x00184fa0,6277,0x0310a000,51421184
560750,0x00184fb0,8675,0x043c6000,71065600
600392,0x00215000,534,0x0042c000,4374528
600393,0x00215010,535,0x0042e000,4382720
600395,0x00215020,536,0x00430000,4390912
600396,0x00215030,537,0x00432000,4399104
600397,0x00215040,538,0x00434000,4407296
600398,0x00215050,539,0x00436000,4415488
600399,0x00215060,540,0x00438000,4423680
600400,0x00215070,541,0x0043a000,4431872
600401,0x00215080,542,0x0043c000,4440064
600403,0x00215090,543,0x0043e000,4448256
600405,0x002150a0,544,0x00440000,4456448
600406,0x002150b0,545,0x00442000,4464640
600408,0x002150c0,546,0x00444000,4472832
600409,0x002150d0,547,0x00446000,4481024
600410,0x002150e0,548,0x00448000,4489216
600415,0x002150f0,549,0x0044a000,4497408
600416,0x00215100,550,0x0044c000,4505600
600418,0x00215110,551,0x0044e000,4513792
600419,0x00215120,552,0x00450000,4521984
600420,0x00215130,553,0x00452000,4530176
600421,0x00215140,554,0x00454000,4538368
600422,0x00215150,555,0x00456000,4546560
600423,0x00215160,556,0x00458000,4554752
600425,0x00215170,557,0x0045a000,4562944
600426,0x00215180,558,0x0045c000,4571136
600428,0x00215190,559,0x0045e000,4579328
600429,0x002151a0,560,0x00460000,4587520
600432,0x002151b0,561,0x00462000,4595712
600433,0x002151c0,562,0x00464000,4603904
600435,0x002151d0,563,0x00466000,4612096
600436,0x002151e0,564,0x00468000,4620288
600438,0x002151f0,565,0x0046a000,4628480
600439,0x00215200,566,0x0046c000,4636672
600444,0x00215210,567,0x0046e000,4644864
600446,0x00215220,568,0x00470000,4653056
600448,0x00215230,569,0x00472000,4661248
600449,0x00215240,570,0x00474000,4669440
600452,0x00215250,571,0x00476000,4677632
600455,0x00215260,572,0x00478000,4685824
600456,0x00215270,573,0x0047a000,4694016
600458,0x00215280,574,0x0047c000,4702208
600459,0x00215290,575,0x0047e000,4710400
600460,0x002152a0,576,0x00480000,4718592
600461,0x002152b0,577,0x00482000,4726784
600462,0x002152c0,578,0x00484000,4734976
600463,0x002152d0,579,0x00486000,4743168
600466,0x002152e0,580,0x00488000,4751360
600467,0x002152f0,581,0x0048a000,4759552
600468,0x00215300,582,0x0048c000,4767744
600469,0x00215310,583,0x0048e000,4775936
600470,0x00215320,584,0x00490000,4784128
600472,0x00215330,585,0x00492000,4792320
600475,0x00215340,586,0x00494000,4800512
600476,0x00215350,587,0x00496000,4808704
600477,0x00215360,588,0x00498000,4816896
600478,0x00215370,589,0x0049a000,4825088
600479,0x00215380,590,0x0049c000,4833280
600480,0x00215390,591,0x0049e000,4841472
600481,0x002153a0,592,0x004a0000,4849664
600482,0x002153b0,593,0x004a2000,4857856
600483,0x002153c0,594,0x004a4000,4866048
600486,0x002153d0,595,0x004a6000,4874240
600487,0x002153e0,596,0x004a8000,4882432
600488,0x002153f0,597,0x004aa000,4890624
600489,0x00215400,598,0x004ac000,4898816
600490,0x00215410,599,0x004ae000,4907008
600491,0x00215420,600,0x004b0000,4915200
600493,0x00215430,601,0x004b2000,4923392
600495,0x00215440,602,0x004b4000,4931584
600496,0x00215450,603,0x004b6000,4939776
600497,0x00215460,604,0x004b8000,4947968
600498,0x00215470,605,0x004ba000,4956160
600499,0x00215480,606,0x004bc000,4964352
600500,0x00215490,607,0x004be000,4972544
600501,0x002154a0,608,0x004c0000,4980736
600502,0x002154b0,609,0x004c2000,4988928
600503,0x002154c0,610,0x004c4000,4997120
600505,0x002154d0,611,0x004c6000,5005312
600506,0x002154e0,612,0x004c8000,5013504
600507,0x002154f0,613,0x004ca000,5021696
600508,0x00215500,614,0x004cc000,5029888
600509,0x00215510,615,0x004ce000,5038080
600510,0x00215520,616,0x004d0000,5046272
600511,0x00215530,617,0x004d2000,5054464
600512,0x00215540,618,0x004d4000,5062656
600513,0x00215550,619,0x004d6000,5070848
600515,0x00215560,620,0x004d8000,5079040
600516,0x00215570,621,0x004da000,5087232
600517,0x00215580,622,0x004dc000,5095424
600518,0x00215590,623,0x004de000,5103616
600519,0x002155a0,624,0x004e0000,5111808
600520,0x002155b0,625,0x004e2000,5120000
600521,0x002155c0,626,0x004e4000,5128192
600522,0x002155d0,627,0x004e6000,5136384
600523,0x002155e0,628,0x004e8000,5144576
600525,0x002155f0,629,0x004ea000,5152768
600526,0x00215600,630,0x004ec000,5160960
600527,0x00215610,631,0x004ee000,5169152
600528,0x00215620,632,0x004f0000,5177344
600529,0x00215630,633,0x004f2000,5185536
600530,0x00215640,634,0x004f4000,5193728
600531,0x00215650,635,0x004f6000,5201920
600532,0x00215660,636,0x004f8000,5210112
600533,0x00215670,637,0x004fa000,5218304
600535,0x00215680,638,0x004fc000,5226496
600536,0x00215690,639,0x004fe000,5234688
600537,0x002156a0,640,0x00500000,5242880
600538,0x002156b0,641,0x00502000,5251072
600539,0x002156c0,642,0x00504000,5259264
600540,0x002156d0,643,0x00506000,5267456
600543,0x002156e0,644,0x00508000,5275648
600545,0x002156f0,645,0x0050a000,5283840
600546,0x00215700,646,0x0050c000,5292032
600547,0x00215710,647,0x0050e000,5300224
600548,0x00215720,648,0x00510000,5308416
600549,0x00215730,649,0x00512000,5316608
600550,0x00215740,650,0x00514000,5324800
600551,0x00215750,651,0x00516000,5332992
600552,0x00215760,652,0x00518000,5341184
600555,0x00215770,653,0x0051a000,5349376
600556,0x00215780,654,0x0051c000,5357568
600557,0x00215790,655,0x0051e000,5365760
600558,0x002157a0,656,0x00520000,5373952
600559,0x002157b0,657,0x00522000,5382144
600560,0x002157c0,658,0x00524000,5390336
600561,0x002157d0,659,0x00526000,5398528
600562,0x002157e0,660,0x00528000,5406720
600563,0x002157f0,661,0x0052a000,5414912
600565,0x00215800,662,0x0052c000,5423104
600566,0x00215810,663,0x0052e000,5431296
600567,0x00215820,664,0x00530000,5439488
600568,0x00215830,665,0x00532000,5447680
600569,0x00215840,666,0x00534000,5455872
600571,0x00215850,667,0x00536000,5464064
600572,0x00215860,668,0x00538000,5472256
600576,0x00215870,669,0x0053a000,5480448
600575,0x00215880,670,0x0053c000,5488640
600573,0x00215890,671,0x0053e000,5496832
600570,0x002158a0,672,0x00540000,5505024
600578,0x002158b0,673,0x00542000,5513216
600579,0x002158c0,674,0x00544000,5521408
600577,0x002158d0,675,0x00546000,5529600
600580,0x002158e0,676,0x00548000,5537792
600581,0x002158f0,677,0x0054a000,5545984
600582,0x00215900,678,0x0054c000,5554176
600583,0x00215910,679,0x0054e000,5562368
600584,0x00215920,680,0x00550000,5570560
600585,0x00215930,681,0x00552000,5578752
600586,0x00215940,682,0x00554000,5586944
600587,0x00215950,683,0x00556000,5595136
600588,0x00215960,684,0x00558000,5603328
600589,0x00215970,685,0x0055a000,5611520
600590,0x00215980,686,0x0055c000,5619712
600592,0x00215990,687,0x0055e000,5627904
600594,0x002159a0,688,0x00560000,5636096
600593,0x002159b0,689,0x00562000,5644288
600595,0x002159c0,690,0x00564000,5652480
600598,0x002159d0,691,0x00566000,5660672
600597,0x002159e0,692,0x00568000,5668864
600599,0x002159f0,693,0x0056a000,5677056
600600,0x00215a00,694,0x0056c000,5685248
600602,0x00215a10,695,0x0056e000,5693440
600601,0x00215a20,696,0x00570000,5701632
600603,0x00215a30,697,0x00572000,5709824
600604,0x00215a40,698,0x00574000,5718016
600606,0x00215a50,699,0x00576000,5726208
600596,0x00215a60,700,0x00578000,5734400
600605,0x00215a70,701,0x0057a000,5742592
600608,0x00215a80,702,0x0057c000,5750784
600609,0x00215a90,703,0x0057e000,5758976
600610,0x00215aa0,704,0x00580000,5767168
600612,0x00215ab0,705,0x00582000,5775360
600611,0x00215ac0,706,0x00584000,5783552
600613,0x00215ad0,707,0x00586000,5791744
600615,0x00215ae0,708,0x00588000,5799936
600617,0x00215af0,709,0x0058a000,5808128
600618,0x00215b00,710,0x0058c000,5816320
600620,0x00215b10,711,0x0058e000,5824512
600616,0x00215b20,712,0x00590000,5832704
600619,0x00215b30,713,0x00592000,5840896
600621,0x00215b40,714,0x00594000,5849088
600622,0x00215b50,715,0x00596000,5857280
600623,0x00215b60,716,0x00598000,5865472
600624,0x00215b70,717,0x0059a000,5873664
600627,0x00215b80,718,0x0059c000,5881856
600626,0x00215b90,719,0x0059e000,5890048
600628,0x00215ba0,720,0x005a0000,5898240
600629,0x00215bb0,721,0x005a2000,5906432
600631,0x00215bc0,722,0x005a4000,5914624
600634,0x00215bd0,723,0x005a6000,5922816
600635,0x00215be0,724,0x005a8000,5931008
600636,0x00215bf0,725,0x005aa000,5939200
600630,0x00215c00,726,0x005ac000,5947392
600637,0x00215c10,727,0x005ae000,5955584
600633,0x00215c20,728,0x005b0000,5963776
600638,0x00215c30,729,0x005b2000,5971968
600639,0x00215c40,730,0x005b4000,5980160
600641,0x00215c50,731,0x005b6000,5988352
600642,0x00215c60,732,0x005b8000,5996544
600640,0x00215c70,733,0x005ba000,6004736
600643,0x00215c80,734,0x005bc000,6012928
600644,0x00215c90,735,0x005be000,6021120
600647,0x00215ca0,736,0x005c0000,6029312
600648,0x00215cb0,737,0x005c2000,6037504
600645,0x00215cc0,738,0x005c4000,6045696
600650,0x00215cd0,739,0x005c6000,6053888
600649,0x00215ce0,740,0x005c8000,6062080
600651,0x00215cf0,741,0x005ca000,6070272
600652,0x00215d00,742,0x005cc000,6078464
600653,0x00215d10,743,0x005ce000,6086656
600654,0x00215d20,744,0x005d0000,6094848
600655,0x00215d30,745,0x005d2000,6103040
600657,0x00215d40,746,0x005d4000,6111232
600658,0x00215d50,747,0x005d6000,6119424
600660,0x00215d60,748,0x005d8000,6127616
600661,0x00215d70,749,0x005da000,6135808
600662,0x00215d80,750,0x005dc000,6144000
600663,0x00215d90,751,0x005de000,6152192
600664,0x00215da0,752,0x005e0000,6160384
600665,0x00215db0,753,0x005e2000,6168576
600666,0x00215dc0,754,0x005e4000,6176768
600667,0x00215dd0,755,0x005e6000,6184960
600668,0x00215de0,756,0x005e8000,6193152
600671,0x00215df0,757,0x005ea000,6201344
600673,0x00215e00,758,0x005ec000,6209536
600674,0x00215e10,759,0x005ee000,6217728
600675,0x00215e20,760,0x005f0000,6225920
600676,0x00215e30,761,0x005f2000,6234112
600678,0x00215e40,762,0x005f4000,6242304
600679,0x00215e50,763,0x005f6000,6250496
600680,0x00215e60,764,0x005f8000,6258688
600681,0x00215e70,765,0x005fa000,6266880
600682,0x00215e80,766,0x005fc000,6275072
600683,0x00215e90,767,0x005fe000,6283264
600684,0x00215ea0,768,0x00600000,6291456
600685,0x00215eb0,769,0x00602000,6299648
600686,0x00215ec0,770,0x00604000,6307840
600687,0x00215ed0,771,0x00606000,6316032
600688,0x00215ee0,772,0x00608000,6324224
600689,0x00215ef0,773,0x0060a000,6332416
600690,0x00215f00,774,0x0060c000,6340608
600691,0x00215f10,775,0x0060e000,6348800
600692,0x00215f20,776,0x00610000,6356992
600693,0x00215f30,777,0x00612000,6365184
600694,0x00215f40,778,0x00614000,6373376
600696,0x00215f50,779,0x00616000,6381568
600697,0x00215f60,780,0x00618000,6389760
600698,0x00215f70,781,0x0061a000,6397952
600699,0x00215f80,782,0x0061c000,6406144
600701,0x00215f90,783,0x0061e000,6414336
600702,0x00215fa0,784,0x00620000,6422528
600703,0x00215fb0,785,0x00622000,6430720
600704,0x00215fc0,786,0x00624000,6438912
600705,0x00215fd0,787,0x00626000,6447104
600706,0x00215fe0,788,0x00628000,6455296
600707,0x00215ff0,789,0x0062a000,6463488
600708,0x00316000,791,0x0062e000,6479872
600710,0x00316010,792,0x00630000,6488064
600711,0x00316020,793,0x00632000,6496256
600712,0x00316030,794,0x00634000,6504448
600713,0x00316040,795,0x00636000,6512640
600714,0x00316050,796,0x00638000,6520832
600715,0x00316060,797,0x0063a000,6529024
600716,0x00316070,798,0x0063c000,6537216
600717,0x00316080,799,0x0063e000,6545408
600718,0x00316090,800,0x00640000,6553600
600719,0x003160a0,801,0x00642000,6561792
600720,0x003160b0,802,0x00644000,6569984
600721,0x003160c0,803,0x00646000,6578176
600722,0x003160d0,804,0x00648000,6586368
600723,0x003160e0,805,0x0064a000,6594560
600724,0x003160f0,806,0x0064c000,6602752
600725,0x00316100,807,0x0064e000,6610944
600726,0x00316110,808,0x00650000,6619136
600727,0x00316120,809,0x00652000,6627328
600728,0x00316130,810,0x00654000,6635520
600729,0x00316140,811,0x00656000,6643712
600730,0x00316150,812,0x00658000,6651904
600731,0x00316160,813,0x0065a000,6660096
600732,0x00316170,814,0x0065c000,6668288
600733,0x00316180,815,0x0065e000,6676480
600734,0x00316190,816,0x00660000,6684672
600735,0x003161a0,817,0x00662000,6692864
600736,0x003161b0,818,0x00664000,6701056
600737,0x003161c0,819,0x00666000,6709248
600738,0x003161d0,820,0x00668000,6717440
600739,0x003161e0,821,0x0066a000,6725632
600740,0x003161f0,822,0x0066c000,6733824
600741,0x00316200,823,0x0066e000,6742016
600742,0x00316210,824,0x00670000,6750208
600743,0x00316220,825,0x00672000,6758400
600744,0x00316230,826,0x00674000,6766592
600745,0x00316240,827,0x00676000,6774784
600746,0x00316250,828,0x00678000,6782976
600748,0x00316260,829,0x0067a000,6791168
600749,0x00316270,830,0x0067c000,6799360
600750,0x00316280,831,0x0067e000,6807552
600751,0x00316290,832,0x00680000,6815744
600753,0x003162a0,833,0x00682000,6823936
600754,0x003162b0,834,0x00684000,6832128
600755,0x003162c0,835,0x00686000,6840320
600756,0x003162d0,836,0x00688000,6848512
600757,0x003162e0,837,0x0068a000,6856704
600758,0x003162f0,838,0x0068c000,6864896
600759,0x00316300,839,0x0068e000,6873088
600760,0x00316310,840,0x00690000,6881280
600761,0x00316320,841,0x00692000,6889472
600763,0x00316330,842,0x00694000,6897664
600764,0x00316340,843,0x00696000,6905856
600765,0x00316350,844,0x00698000,6914048
600766,0x00316360,845,0x0069a000,6922240
600767,0x00316370,846,0x0069c000,6930432
600768,0x00316380,847,0x0069e000,6938624
600769,0x00316390,848,0x006a0000,6946816
600770,0x003163a0,849,0x006a2000,6955008
600771,0x003163b0,850,0x006a4000,6963200
600773,0x003163c0,851,0x006a6000,6971392
600774,0x003163d0,852,0x006a8000,6979584
600775,0x003163e0,853,0x006aa000,6987776
600776,0x003163f0,854,0x006ac000,6995968
600777,0x00316400,855,0x006ae000,7004160
600778,0x00316410,856,0x006b0000,7012352
600779,0x00316420,857,0x006b2000,7020544
600780,0x00316430,858,0x006b4000,7028736
600781,0x00316440,859,0x006b6000,7036928
600782,0x00316450,860,0x006b8000,7045120
600783,0x00316460,861,0x006ba000,7053312
600784,0x00316470,862,0x006bc000,7061504
600785,0x00316480,863,0x006be000,7069696
600787,0x00316490,864,0x006c0000,7077888
600789,0x003164a0,865,0x006c2000,7086080
600790,0x003164b0,866,0x006c4000,7094272
600791,0x003164c0,867,0x006c6000,7102464
600792,0x003164d0,868,0x006c8000,7110656
600793,0x003164e0,869,0x006ca000,7118848
600794,0x003164f0,870,0x006cc000,7127040
600795,0x00316500,871,0x006ce000,7135232
600796,0x00316510,872,0x006d0000,7143424
600797,0x00316520,873,0x006d2000,7151616
600798,0x00316530,874,0x006d4000,7159808
600800,0x00316540,875,0x006d6000,7168000
600801,0x00316550,876,0x006d8000,7176192
600802,0x00316560,877,0x006da000,7184384
600803,0x00316570,878,0x006dc000,7192576
600804,0x00316580,879,0x006de000,7200768
600805,0x00316590,880,0x006e0000,7208960
600807,0x003165a0,881,0x006e2000,7217152
600808,0x003165b0,882,0x006e4000,7225344
600809,0x003165c0,883,0x006e6000,7233536
600810,0x003165d0,884,0x006e8000,7241728
600811,0x003165e0,885,0x006ea000,7249920
600812,0x003165f0,886,0x006ec000,7258112
600814,0x00316600,887,0x006ee000,7266304
600815,0x00316610,888,0x006f0000,7274496
600816,0x00316620,889,0x006f2000,7282688
600817,0x00316630,890,0x006f4000,7290880
600818,0x00316640,891,0x006f6000,7299072
600819,0x00316650,892,0x006f8000,7307264
600820,0x00316660,893,0x006fa000,7315456
600821,0x00316670,894,0x006fc000,7323648
600822,0x00316680,895,0x006fe000,7331840
600823,0x00316690,896,0x00700000,7340032
600824,0x003166a0,897,0x00702000,7348224
600825,0x003166b0,898,0x00704000,7356416
600826,0x003166c0,899,0x00706000,7364608
600827,0x003166d0,900,0x00708000,7372800
600828,0x003166e0,901,0x0070a000,7380992
600829,0x003166f0,902,0x0070c000,7389184
600830,0x00316700,903,0x0070e000,7397376
600831,0x00316710,904,0x00710000,7405568
600833,0x00316720,905,0x00712000,7413760
600834,0x00316730,906,0x00714000,7421952
600835,0x00316740,907,0x00716000,7430144
600836,0x00316750,908,0x00718000,7438336
600838,0x00316760,909,0x0071a000,7446528
600839,0x00316770,910,0x0071c000,7454720
600841,0x00316780,911,0x0071e000,7462912
600843,0x00316790,912,0x00720000,7471104
600844,0x003167a0,913,0x00722000,7479296
600845,0x003167b0,914,0x00724000,7487488
600846,0x003167c0,915,0x00726000,7495680
600847,0x003167d0,916,0x00728000,7503872
600848,0x003167e0,917,0x0072a000,7512064
600850,0x003167f0,918,0x0072c000,7520256
600851,0x00316800,919,0x0072e000,7528448
600853,0x00316810,920,0x00730000,7536640
600854,0x00316820,921,0x00732000,7544832
600855,0x00316830,922,0x00734000,7553024
600856,0x00316840,923,0x00736000,7561216
600857,0x00316850,924,0x00738000,7569408
600858,0x00316860,925,0x0073a000,7577600
600859,0x00316870,926,0x0073c000,7585792
600860,0x00316880,927,0x0073e000,7593984
600861,0x00316890,928,0x00740000,7602176
600862,0x003168a0,929,0x00742000,7610368
600863,0x003168b0,930,0x00744000,7618560
600864,0x003168c0,931,0x00746000,7626752
600865,0x003168d0,932,0x00748000,7634944
600866,0x003168e0,933,0x0074a000,7643136
600867,0x003168f0,934,0x0074c000,7651328
600868,0x00316900,935,0x0074e000,7659520
600869,0x00316910,936,0x00750000,7667712
600871,0x00316920,937,0x00752000,7675904
600872,0x00316930,938,0x00754000,7684096
600873,0x00316940,939,0x00756000,7692288
600874,0x00316950,940,0x00758000,7700480
600875,0x00316960,941,0x0075a000,7708672
600876,0x00316970,942,0x0075c000,7716864
600877,0x00316980,943,0x0075e000,7725056
600879,0x00316990,944,0x00760000,7733248
600880,0x003169a0,945,0x00762000,7741440
600881,0x003169b0,946,0x00764000,7749632
600882,0x003169c0,947,0x00766000,7757824
600883,0x003169d0,948,0x00768000,7766016
600884,0x003169e0,949,0x0076a000,7774208
600885,0x003169f0,950,0x0076c000,7782400
600886,0x00316a00,951,0x0076e000,7790592
600887,0x00316a10,952,0x00770000,7798784
600888,0x00316a20,953,0x00772000,7806976
600889,0x00316a30,954,0x00774000,7815168
600890,0x00316a40,955,0x00776000,7823360
600891,0x00316a50,956,0x00778000,7831552
600892,0x00316a60,957,0x0077a000,7839744
600893,0x00316a70,958,0x0077c000,7847936
600894,0x00316a80,959,0x0077e000,7856128
600895,0x00316a90,960,0x00780000,7864320
600896,0x00316aa0,961,0x00782000,7872512
600897,0x00316ab0,962,0x00784000,7880704
600898,0x00316ac0,963,0x00786000,7888896
600900,0x00316ad0,964,0x00788000,7897088
600901,0x00316ae0,965,0x0078a000,7905280
600903,0x00316af0,966,0x0078c000,7913472
600905,0x00316b00,967,0x0078e000,7921664
600906,0x00316b10,968,0x00790000,7929856
600908,0x00316b20,969,0x00792000,7938048
600909,0x00316b30,970,0x00794000,7946240
600916,0x00316b40,971,0x00796000,7954432
600917,0x00316b50,972,0x00798000,7962624
600918,0x00316b60,973,0x0079a000,7970816
600919,0x00316b70,974,0x0079c000,7979008
600925,0x00316b80,975,0x0079e000,7987200
600926,0x00316b90,976,0x007a0000,7995392
600927,0x00316ba0,977,0x007a2000,8003584
600928,0x00316bb0,978,0x007a4000,8011776
600929,0x00316bc0,979,0x007a6000,8019968
600930,0x00316bd0,980,0x007a8000,8028160
600933,0x00316be0,981,0x007aa000,8036352
600935,0x00316bf0,982,0x007ac000,8044544
600936,0x00316c00,983,0x007ae000,8052736
600938,0x00316c10,984,0x007b0000,8060928
600939,0x00316c20,985,0x007b2000,8069120
600941,0x00316c30,986,0x007b4000,8077312
600955,0x00316c40,987,0x007b6000,8085504
600956,0x00316c50,988,0x007b8000,8093696
600958,0x00316c60,989,0x007ba000,8101888
600959,0x00316c70,990,0x007bc000,8110080
600960,0x00316c80,991,0x007be000,8118272
600961,0x00316c90,992,0x007c0000,8126464
600962,0x00316ca0,993,0x007c2000,8134656
600963,0x00316cb0,994,0x007c4000,8142848
600965,0x00316cc0,995,0x007c6000,8151040
600966,0x00316cd0,996,0x007c8000,8159232
600967,0x00316ce0,997,0x007ca000,8167424
600968,0x00316cf0,998,0x007cc000,8175616
600969,0x00316d00,999,0x007ce000,8183808
600970,0x00316d10,1000,0x007d0000,8192000
600971,0x00316d20,1001,0x007d2000,8200192
600973,0x00316d30,1002,0x007d4000,8208384
600975,0x00316d40,1003,0x007d6000,8216576
600976,0x00316d50,1004,0x007d8000,8224768
600977,0x00316d60,1005,0x007da000,8232960
600978,0x00316d70,1006,0x007dc000,8241152
600979,0x00316d80,1007,0x007de000,8249344
600980,0x00316d90,1008,0x007e0000,8257536
600981,0x00316da0,1009,0x007e2000,8265728
600982,0x00316db0,1010,0x007e4000,8273920
600983,0x00316dc0,1011,0x007e6000,8282112
600984,0x00316dd0,1012,0x007e8000,8290304
600985,0x00316de0,1013,0x007ea000,8298496
600986,0x00316df0,1014,0x007ec000,8306688
600987,0x00316e00,1015,0x007ee000,8314880
600988,0x00316e10,1016,0x007f0000,8323072
600989,0x00316e20,1017,0x007f2000,8331264
600990,0x00316e30,1018,0x007f4000,8339456
600991,0x00316e40,1019,0x007f6000,8347648
600992,0x00316e50,1020,0x007f8000,8355840
600993,0x00316e60,1021,0x007fa000,8364032
600995,0x00316e70,1022,0x007fc000,8372224
600996,0x00316e80,1023,0x007fe000,8380416
600997,0x00316e90,1024,0x00800000,8388608
600998,0x00316ea0,1025,0x00802000,8396800
600999,0x00316eb0,1026,0x00804000,8404992
601000,0x00316ec0,1027,0x00806000,8413184
601001,0x00316ed0,1028,0x00808000,8421376
601002,0x00316ee0,1029,0x0080a000,8429568
601003,0x00316ef0,1030,0x0080c000,8437760
601005,0x00316f00,1031,0x0080e000,8445952
601006,0x00316f10,1032,0x00810000,8454144
601007,0x00316f20,1033,0x00812000,8462336
601008,0x00316f30,1034,0x00814000,8470528
601009,0x00316f40,1035,0x00816000,8478720
601010,0x00316f50,1036,0x00818000,8486912
601011,0x00316f60,1037,0x0081a000,8495104
601012,0x00316f70,1038,0x0081c000,8503296
601015,0x00316f80,1039,0x0081e000,8511488
601016,0x00316f90,1040,0x00820000,8519680
601018,0x00316fa0,1041,0x00822000,8527872
601019,0x00316fb0,1042,0x00824000,8536064
601020,0x00316fc0,1043,0x00826000,8544256
601021,0x00316fd0,1044,0x00828000,8552448
601022,0x00316fe0,1048,0x00830000,8585216
601026,0x00316ff0,1049,0x00832000,8593408
603037,0x00415000,1267,0x009e6000,10379264
688539,0x00415010,2391,0x012ae000,19587072
242604,0x00415020,6278,0x0310c000,51429376
515700,0x00415030,8394,0x04194000,68763648
603038,0x00415080,1268,0x009e8000,10387456
163659,0x00415090,3811,0x01dc6000,31219712
241478,0x004150a0,5668,0x02c48000,46432256
242605,0x004150b0,6279,0x0310e000,51437568
244180,0x004150c0,7068,0x03738000,57901056
603039,0x00415100,1269,0x009ea000,10395648
242606,0x00415110,6280,0x03110000,51445760
244181,0x00415120,7069,0x0373a000,57909248
242608,0x00415200,6281,0x03112000,51453952
244183,0x00415210,7070,0x0373c000,57917440
242560,0x00415280,6260,0x030e8000,51281920
242609,0x00415290,6282,0x03114000,51462144
244184,0x004152a0,7071,0x0373e000,57925632
563500,0x004152b0,8830,0x044fc000,72335360
688496,0x00415300,2356,0x01268000,19300352
188911,0x00415310,4554,0x02394000,37306368
242561,0x00415320,6261,0x030ea000,51290112
244185,0x00415330,7072,0x03740000,57933824
188912,0x00415380,4555,0x02396000,37314560
244186,0x00415390,7073,0x03742000,57942016
688498,0x00415400,2357,0x0126a000,19308544
688499,0x00415480,2358,0x0126c000,19316736
242564,0x00415490,6262,0x030ec000,51298304
244188,0x004154a0,7074,0x03744000,57950208
515660,0x004154b0,8392,0x04190000,68747264
244189,0x00415500,7075,0x03746000,57958400
601375,0x00415580,1109,0x008aa000,9084928
019325,0x00415590,2653,0x014ba000,21733376
152021,0x004155a0,3356,0x01a38000,27492352
242566,0x004155b0,6263,0x030ee000,51306496
188917,0x00415600,4556,0x02398000,37322752
242567,0x00415610,6264,0x030f0000,51314688
245311,0x00415620,7638,0x03bac000,62570496
601377,0x00415680,1110,0x008ac000,9093120
245312,0x00415690,7639,0x03bae000,62578688
152024,0x00415700,3357,0x01a3a000,27500544
242569,0x00415710,6265,0x030f2000,51322880
136244,0x00415780,3098,0x01834000,25378816
240940,0x00415800,5320,0x02990000,43581440
245315,0x00415810,7640,0x03bb0000,62586880
184041,0x00415880,3947,0x01ed6000,32333824
188873,0x00415890,4548,0x02388000,37257216
245316,0x004158a0,7641,0x03bb2000,62595072
245317,0x00415900,7642,0x03bb4000,62603264
184043,0x00415980,3948,0x01ed8000,32342016
188875,0x00415990,4549,0x0238a000,37265408
245318,0x004159a0,7643,0x03bb6000,62611456
184044,0x00415a00,3949,0x01eda000,32350208
184045,0x00415a80,3950,0x01edc000,32358400
184046,0x00415b00,3951,0x01ede000,32366592
240946,0x00415b10,5321,0x02992000,43589632
245272,0x00415b20,7627,0x03b96000,62480384
240947,0x00415b80,5322,0x02994000,43597824
235805,0x00415c00,4738,0x02504000,38813696
240949,0x00415c80,5323,0x02996000,43606016
245275,0x00415c90,7628,0x03b98000,62488576
245276,0x00415d00,7629,0x03b9a000,62496768
235808,0x00415d80,4739,0x02506000,38821888
245277,0x00415d90,7630,0x03b9c000,62504960
243654,0x00415e00,6816,0x03540000,55836672
245278,0x00415e10,7631,0x03b9e000,62513152
516750,0x00415e20,8473,0x04232000,69410816
243655,0x00415e80,6817,0x03542000,55844864
600841,0x00415f00,888,0x006f0000,7274496
243656,0x00415f10,6818,0x03544000,55853056
600843,0x00416000,889,0x006f2000,7282688
605218,0x00416010,1917,0x00efa000,15704064
600844,0x00416080,890,0x006f4000,7290880
600845,0x00416100,891,0x006f6000,7299072
510300,0x00416110,8139,0x03f96000,66674688
600846,0x00416180,892,0x006f8000,7307264
270031,0x00416190,7868,0x03d78000,64454656
600847,0x00416200,893,0x006fa000,7315456
600848,0x00416280,894,0x006fc000,7323648
173682,0x00416290,3878,0x01e4c000,31768576
562930,0x004162a0,8803,0x044c6000,72114176
270034,0x00416300,7869,0x03d7a000,64462848
185134,0x00416380,4274,0x02164000,35012608
270035,0x00416390,7870,0x03d7c000,64471040
605177,0x00416400,1905,0x00ee2000,15605760
605178,0x00416480,1906,0x00ee4000,15613952
270037,0x00416490,7871,0x03d7e000,64479232
605179,0x00416500,1907,0x00ee6000,15622144
513010,0x00416510,8272,0x040a0000,67764224
143606,0x00416580,3322,0x019f4000,27213824
185138,0x00416590,4275,0x02166000,35020800
185090,0x00416600,4266,0x02154000,34947072
241990,0x00416610,5951,0x02e7e000,48750592
000851,0x00416680,168,0x00150000,1376256
603551,0x00416690,1604,0x00c88000,13139968
115108,0x004166a0,2833,0x01622000,23207936
241991,0x004166b0,5952,0x02e80000,48758784
000852,0x00416700,169,0x00152000,1384448
562890,0x00416710,8799,0x044be000,72081408
000853,0x00416780,170,0x00154000,1392640
244744,0x00416790,7355,0x03976000,60252160
000854,0x00416800,171,0x00156000,1400832
115062,0x00416810,2829,0x0161a000,23175168
185094,0x00416820,4267,0x02156000,34955264
000855,0x00416880,172,0x00158000,1409024
603555,0x00416890,1605,0x00c8a000,13148160
241995,0x004168a0,5953,0x02e82000,48766976
244746,0x004168b0,7356,0x03978000,60260352
000856,0x00416900,173,0x0015a000,1417216
603556,0x00416910,1606,0x00c8c000,13156352
019840,0x00416920,2794,0x015d4000,22888448
185096,0x00416930,4268,0x02158000,34963456
241996,0x00416940,5954,0x02e84000,48775168
000857,0x00416980,174,0x0015c000,1425408
601933,0x00416990,1209,0x00972000,9904128
603557,0x004169a0,1607,0x00c8e000,13164544
143565,0x004169b0,3321,0x019f2000,27205632
241997,0x004169c0,5955,0x02e86000,48783360
244748,0x004169d0,7357,0x0397a000,60268544
000858,0x00416a00,175,0x0015e000,1433600
603558,0x00416a10,1608,0x00c90000,13172736
241998,0x00416a20,5956,0x02e88000,48791552
603559,0x00416a80,1609,0x00c92000,13180928
019843,0x00416a90,2795,0x015d6000,22896640
241999,0x00416aa0,5957,0x02e8a000,48799744
271120,0x00416ab0,7916,0x03dd8000,64847872
019844,0x00416b00,2796,0x015d8000,22904832
019845,0x00416b80,2797,0x015da000,22913024
127788,0x00416b90,3071,0x017fe000,25157632
551300,0x00416ba0,8604,0x04338000,70483968
019846,0x00416c00,2798,0x015dc000,22921216
136803,0x00416c10,3135,0x0187e000,25681920
601890,0x00416c80,1197,0x0095a000,9805824
601939,0x00416c90,1210,0x00974000,9912320
019847,0x00416ca0,2799,0x015de000,22929408
588960,0x00416cb0,8946,0x045e4000,73285632
019848,0x00416d00,2800,0x015e0000,22937600
184600,0x00416d10,4189,0x020ba000,34316288
019849,0x00416d80,2801,0x015e2000,22945792
152540,0x00416e80,3490,0x01b44000,28590080
271128,0x00416e90,7917,0x03dda000,64856064
152541,0x00416f00,3491,0x01b46000,28598272
271129,0x00416f10,7918,0x03ddc000,64864256
136762,0x00417000,3129,0x01872000,25632768
241000,0x00417010,5359,0x029de000,43900928
601898,0x00417080,1198,0x0095c000,9814016
184607,0x00417090,4190,0x020bc000,34324480
241001,0x004170a0,5360,0x029e0000,43909120
245833,0x004170b0,7845,0x03d4a000,64266240
563980,0x004170c0,8863,0x0453e000,72605696
601899,0x00417100,1199,0x0095e000,9822208
152545,0x00417110,3492,0x01b48000,28606464
184608,0x00417120,4191,0x020be000,34332672
152546,0x00417180,3493,0x01b4a000,28614656
184560,0x00417190,4166,0x0208c000,34127872
152547,0x00417200,3494,0x01b4c000,28622848
184561,0x00417210,4167,0x0208e000,34136064
518890,0x00417220,8534,0x042ac000,69910528
122424,0x00417280,3035,0x017b6000,24862720
155250,0x00417290,3667,0x01ca6000,30040064
184562,0x004172a0,4168,0x02090000,34144256
241005,0x004172b0,5361,0x029e2000,43917312
245837,0x004172c0,7846,0x03d4c000,64274432
152549,0x00417300,3495,0x01b4e000,28631040
245838,0x00417310,7847,0x03d4e000,64282624
688020,0x00417380,1986,0x00f84000,16269312
688021,0x00417400,1987,0x00f86000,16277504
163140,0x00417410,3765,0x01d6a000,30842880
688022,0x00417480,1988,0x00f88000,16285696
163141,0x00417490,3766,0x01d6c000,30851072
688023,0x00417500,1989,0x00f8a000,16293888
155255,0x00417510,3668,0x01ca8000,30048256
163142,0x00417520,3767,0x01d6e000,30859264
245793,0x00417530,7835,0x03d36000,64184320
155256,0x00417580,3669,0x01caa000,30056448
171037,0x00417590,3821,0x01dda000,31301632
184568,0x004175a0,4169,0x02092000,34152448
688025,0x00417600,1990,0x00f8c000,16302080
233076,0x00417610,4674,0x02484000,38289408
688026,0x00417680,1991,0x00f8e000,16310272
245796,0x00417690,7836,0x03d38000,64192512
688027,0x00417700,1992,0x00f90000,16318464
245797,0x00417710,7837,0x03d3a000,64200704
688028,0x00417780,1993,0x00f92000,16326656
688029,0x00417800,1994,0x00f94000,16334848
137851,0x00417900,3214,0x0191c000,26329088
137852,0x00417980,3215,0x0191e000,26337280
234206,0x00417b00,4706,0x024c4000,38551552
137856,0x00417b80,3216,0x01920000,26345472
137858,0x00417c80,3217,0x01922000,26353664
515150,0x00417c90,8358,0x0414c000,68468736
115622,0x00417d00,2903,0x016ae000,23781376
115623,0x00417d80,2904,0x016b0000,23789568
234163,0x00417e00,4705,0x024c2000,38543360
242050,0x00417e10,5989,0x02eca000,49061888
242051,0x00417e80,5990,0x02ecc000,49070080
513530,0x00417e90,8310,0x040ec000,68075520
115626,0x00417f00,2905,0x016b2000,23797760
232542,0x00417f80,4650,0x02454000,38092800
601028,0x0041a000,1051,0x00836000,8609792
601033,0x0041a010,1052,0x00838000,8617984
601038,0x0041a020,1053,0x0083a000,8626176
601058,0x0041a030,1054,0x0083c000,8634368
601059,0x0041a040,1055,0x0083e000,8642560
601061,0x0041a050,1056,0x00840000,8650752
601065,0x0041a060,1057,0x00842000,8658944
601066,0x0041a070,1058,0x00844000,8667136
601068,0x0041a080,1059,0x00846000,8675328
601069,0x0041a090,1060,0x00848000,8683520
601077,0x0041a0a0,1061,0x0084a000,8691712
601083,0x0041a0b0,1062,0x0084c000,8699904
601086,0x0041a0c0,1063,0x0084e000,8708096
601088,0x0041a0d0,1064,0x00850000,8716288
601089,0x0041a0e0,1065,0x00852000,8724480
601096,0x0041a0f0,1066,0x00854000,8732672
601098,0x0041a100,1067,0x00856000,8740864
601099,0x0041a110,1068,0x00858000,8749056
601100,0x0041a120,1069,0x0085a000,8757248
601101,0x0041a130,1070,0x0085c000,8765440
601106,0x0041a140,1071,0x0085e000,8773632
601107,0x0041a150,1072,0x00860000,8781824
601108,0x0041a160,1073,0x00862000,8790016
601111,0x0041a170,1074,0x00864000,8798208
601112,0x0041a180,1075,0x00866000,8806400
601113,0x0041a190,1076,0x00868000,8814592
601116,0x0041a1a0,1077,0x0086a000,8822784
601117,0x0041a1b0,1078,0x0086c000,8830976
601118,0x0041a1c0,1079,0x0086e000,8839168
601121,0x0041a1d0,1080,0x00870000,8847360
601126,0x0041a1e0,1081,0x00872000,8855552
601127,0x0041a1f0,1082,0x00874000,8863744
601128,0x0041a200,1083,0x00876000,8871936
601133,0x0041a210,1084,0x00878000,8880128
601136,0x0041a220,1085,0x0087a000,8888320
601137,0x0041a230,1086,0x0087c000,8896512
601138,0x0041a240,1087,0x0087e000,8904704
601139,0x0041a250,1088,0x00880000,8912896
601155,0x0041a260,1089,0x00882000,8921088
601156,0x0041a270,1090,0x00884000,8929280
601158,0x0041a280,1091,0x00886000,8937472
601162,0x0041a290,1092,0x00888000,8945664
601163,0x0041a2a0,1093,0x0088a000,8953856
601166,0x0041a2b0,1094,0x0088c000,8962048
601168,0x0041a2c0,1095,0x0088e000,8970240
601169,0x0041a2d0,1096,0x00890000,8978432
601177,0x0041a2e0,1097,0x00892000,8986624
601179,0x0041a2f0,1098,0x00894000,8994816
601186,0x0041a300,1099,0x00896000,9003008
601187,0x0041a310,1100,0x00898000,9011200
601188,0x0041a320,1101,0x0089a000,9019392
601198,0x0041a330,1102,0x0089c000,9027584
601199,0x0041a340,1103,0x0089e000,9035776
601200,0x0041a350,1104,0x008a0000,9043968
601208,0x0041a360,1105,0x008a2000,9052160
601211,0x0041a370,1106,0x008a4000,9060352
601212,0x0041a380,1107,0x008a6000,9068544
601216,0x0041a390,1108,0x008a8000,9076736
601218,0x0041a3a0,1109,0x008aa000,9084928
601222,0x0041a3b0,1110,0x008ac000,9093120
601225,0x0041a3c0,1111,0x008ae000,9101312
601226,0x0041a3d0,1112,0x008b0000,9109504
601228,0x0041a3e0,1113,0x008b2000,9117696
601229,0x0041a3f0,1114,0x008b4000,9125888
601231,0x0041a400,1115,0x008b6000,9134080
601233,0x0041a410,1116,0x008b8000,9142272
601236,0x0041a420,1117,0x008ba000,9150464
601238,0x0041a430,1118,0x008bc000,9158656
601258,0x0041a440,1119,0x008be000,9166848
601279,0x0041a450,1120,0x008c0000,9175040
601288,0x0041a460,1121,0x008c2000,9183232
601298,0x0041a470,1122,0x008c4000,9191424
601311,0x0041a480,1123,0x008c6000,9199616
601318,0x0041a490,1124,0x008c8000,9207808
601319,0x0041a4a0,1125,0x008ca000,9216000
601326,0x0041a4b0,1126,0x008cc000,9224192
601328,0x0041a4c0,1127,0x008ce000,9232384
601330,0x0041a4d0,1128,0x008d0000,9240576
601333,0x0041a4e0,1129,0x008d2000,9248768
601336,0x0041a4f0,1130,0x008d4000,9256960
601339,0x0041a500,1131,0x008d6000,9265152
601360,0x0041a510,1132,0x008d8000,9273344
601366,0x0041a520,1133,0x008da000,9281536
601368,0x0041a530,1134,0x008dc000,9289728
601369,0x0041a540,1135,0x008de000,9297920
601375,0x0041a550,1136,0x008e0000,9306112
601377,0x0041a560,1137,0x008e2000,9314304
601388,0x0041a570,1138,0x008e4000,9322496
601390,0x0041a580,1139,0x008e6000,9330688
601398,0x0041a590,1140,0x008e8000,9338880
601399,0x0041a5a0,1141,0x008ea000,9347072
601456,0x0041a5b0,1142,0x008ec000,9355264
601500,0x0041a5c0,1143,0x008ee000,9363456
601512,0x0041a5d0,1144,0x008f0000,9371648
601515,0x0041a5e0,1145,0x008f2000,9379840
601518,0x0041a5f0,1146,0x008f4000,9388032
601519,0x0041a600,1147,0x008f6000,9396224
601528,0x0041a610,1148,0x008f8000,9404416
601555,0x0041a620,1149,0x008fa000,9412608
601566,0x0041a630,1150,0x008fc000,9420800
601567,0x0041a640,1151,0x008fe000,9428992
601568,0x0041a650,1152,0x00900000,9437184
601577,0x0041a660,1153,0x00902000,9445376
601579,0x0041a670,1154,0x00904000,9453568
601588,0x0041a680,1155,0x00906000,9461760
601595,0x0041a690,1156,0x00908000,9469952
601598,0x0041a6a0,1157,0x0090a000,9478144
601599,0x0041a6b0,1158,0x0090c000,9486336
601600,0x0041a6c0,1159,0x0090e000,9494528
601601,0x0041a6d0,1160,0x00910000,9502720
601606,0x0041a6e0,1161,0x00912000,9510912
601607,0x0041a6f0,1162,0x00914000,9519104
601608,0x0041a700,1163,0x00916000,9527296
601609,0x0041a710,1164,0x00918000,9535488
601611,0x0041a720,1165,0x0091a000,9543680
601615,0x0041a730,1166,0x0091c000,9551872
601616,0x0041a740,1167,0x0091e000,9560064
601618,0x0041a750,1168,0x00920000,9568256
601619,0x0041a760,1169,0x00922000,9576448
601628,0x0041a770,1170,0x00924000,9584640
601633,0x0041a780,1171,0x00926000,9592832
601636,0x0041a790,1172,0x00928000,9601024
601658,0x0041a7a0,1173,0x0092a000,9609216
601665,0x0041a7b0,1174,0x0092c000,9617408
601666,0x0041a7c0,1175,0x0092e000,9625600
601668,0x0041a7d0,1176,0x00930000,9633792
601669,0x0041a7e0,1177,0x00932000,9641984
601677,0x0041a7f0,1178,0x00934000,9650176
601678,0x0041a800,1179,0x00936000,9658368
601686,0x0041a810,1180,0x00938000,9666560
601688,0x0041a820,1181,0x0093a000,9674752
601689,0x0041a830,1182,0x0093c000,9682944
601696,0x0041a840,1183,0x0093e000,9691136
601698,0x0041a850,1184,0x00940000,9699328
601699,0x0041a860,1185,0x00942000,9707520
601700,0x0041a870,1186,0x00944000,9715712
601702,0x0041a880,1187,0x00946000,9723904
601717,0x0041a890,1188,0x00948000,9732096
601718,0x0041a8a0,1189,0x0094a000,9740288
601727,0x0041a8b0,1190,0x0094c000,9748480
601728,0x0041a8c0,1191,0x0094e000,9756672
601766,0x0041a8d0,1192,0x00950000,9764864
601777,0x0041a8e0,1193,0x00952000,9773056
601778,0x0041a8f0,1194,0x00954000,9781248
601788,0x0041a900,1195,0x00956000,9789440
601789,0x0041a910,1196,0x00958000,9797632
601798,0x0041a920,1197,0x0095a000,9805824
601799,0x0041a930,1198,0x0095c000,9814016
601800,0x0041a940,1199,0x0095e000,9822208
601801,0x0041a950,1200,0x00960000,9830400
601808,0x0041a960,1201,0x00962000,9838592
601811,0x0041a970,1202,0x00964000,9846784
601816,0x0041a980,1203,0x00966000,9854976
601818,0x0041a990,1204,0x00968000,9863168
601825,0x0041a9a0,1205,0x0096a000,9871360
601827,0x0041a9b0,1206,0x0096c000,9879552
601828,0x0041a9c0,1207,0x0096e000,9887744
601838,0x0041a9d0,1208,0x00970000,9895936
601857,0x0041a9e0,1209,0x00972000,9904128
601858,0x0041a9f0,1210,0x00974000,9912320
601860,0x0041aa00,1211,0x00976000,9920512
601865,0x0041aa10,1212,0x00978000,9928704
601866,0x0041aa20,1213,0x0097a000,9936896
601868,0x0041aa30,1214,0x0097c000,9945088
601869,0x0041aa40,1215,0x0097e000,9953280
601872,0x0041aa50,1216,0x00980000,9961472
601877,0x0041aa60,1217,0x00982000,9969664
601878,0x0041aa70,1218,0x00984000,9977856
601880,0x0041aa80,1219,0x00986000,9986048
601881,0x0041aa90,1220,0x00988000,9994240
601882,0x0041aaa0,1221,0x0098a000,10002432
601886,0x0041aab0,1222,0x0098c000,10010624
601888,0x0041aac0,1223,0x0098e000,10018816
601890,0x0041aad0,1224,0x00990000,10027008
601898,0x0041aae0,1225,0x00992000,10035200
601899,0x0041aaf0,1226,0x00994000,10043392
601900,0x0041ab00,1227,0x00996000,10051584
601901,0x0041ab10,1228,0x00998000,10059776
601908,0x0041ab20,1229,0x0099a000,10067968
601916,0x0041ab30,1230,0x0099c000,10076160
601918,0x0041ab40,1231,0x0099e000,10084352
601919,0x0041ab50,1232,0x009a0000,10092544
601921,0x0041ab60,1233,0x009a2000,10100736
601928,0x0041ab70,1234,0x009a4000,10108928
601929,0x0041ab80,1235,0x009a6000,10117120
601933,0x0041ab90,1236,0x009a8000,10125312
601939,0x0041aba0,1237,0x009aa000,10133504
601949,0x0041abb0,1238,0x009ac000,10141696
601952,0x0041abc0,1239,0x009ae000,10149888
601956,0x0041abd0,1240,0x009b0000,10158080
601958,0x0041abe0,1241,0x009b2000,10166272
601963,0x0041abf0,1242,0x009b4000,10174464
601965,0x0041ac00,1243,0x009b6000,10182656
601966,0x0041ac10,1244,0x009b8000,10190848
601968,0x0041ac20,1245,0x009ba000,10199040
601969,0x0041ac30,1246,0x009bc000,10207232
601975,0x0041ac40,1247,0x009be000,10215424
601985,0x0041ac50,1248,0x009c0000,10223616
601988,0x0041ac60,1249,0x009c2000,10231808
601989,0x0041ac70,1250,0x009c4000,10240000
601990,0x0041ac80,1251,0x009c6000,10248192
601991,0x0041ac90,1252,0x009c8000,10256384
601992,0x0041aca0,1253,0x009ca000,10264576
601995,0x0041acb0,1254,0x009cc000,10272768
601996,0x0041acc0,1255,0x009ce000,10280960
601997,0x0041acd0,1256,0x009d0000,10289152
601998,0x0041ace0,1257,0x009d2000,10297344
601999,0x0041acf0,1258,0x009d4000,10305536
603000,0x0041ad00,1260,0x009d8000,10321920
603001,0x0041ad10,1261,0x009da000,10330112
603002,0x0041ad20,1262,0x009dc000,10338304
603003,0x0041ad30,1263,0x009de000,10346496
603004,0x0041ad40,1264,0x009e0000,10354688
603005,0x0041ad50,1265,0x009e2000,10362880
603006,0x0041ad60,1266,0x009e4000,10371072
603007,0x0041ad70,1267,0x009e6000,10379264
603008,0x0041ad80,1268,0x009e8000,10387456
603009,0x0041ad90,1269,0x009ea000,10395648
603010,0x0041ada0,1270,0x009ec000,10403840
603011,0x0041adb0,1271,0x009ee000,10412032
603012,0x0041adc0,1272,0x009f0000,10420224
603013,0x0041add0,1273,0x009f2000,10428416
603014,0x0041ade0,1274,0x009f4000,10436608
603015,0x0041adf0,1275,0x009f6000,10444800
603016,0x0041ae00,1276,0x009f8000,10452992
603017,0x0041ae10,1277,0x009fa000,10461184
603018,0x0041ae20,1278,0x009fc000,10469376
603019,0x0041ae30,1279,0x009fe000,10477568
603020,0x0041ae40,1280,0x00a00000,10485760
603021,0x0041ae50,1281,0x00a02000,10493952
603022,0x0041ae60,1282,0x00a04000,10502144
603023,0x0041ae70,1283,0x00a06000,10510336
603025,0x0041ae80,1284,0x00a08000,10518528
603026,0x0041ae90,1285,0x00a0a000,10526720
603027,0x0041aea0,1286,0x00a0c000,10534912
603028,0x0041aeb0,1287,0x00a0e000,10543104
603029,0x0041aec0,1288,0x00a10000,10551296
603030,0x0041aed0,1289,0x00a12000,10559488
603031,0x0041aee0,1290,0x00a14000,10567680
603032,0x0041aef0,1291,0x00a16000,10575872
603033,0x0041af00,1292,0x00a18000,10584064
603035,0x0041af10,1293,0x00a1a000,10592256
603036,0x0041af20,1294,0x00a1c000,10600448
603037,0x0041af30,1295,0x00a1e000,10608640
603038,0x0041af40,1296,0x00a20000,10616832
603039,0x0041af50,1297,0x00a22000,10625024
603040,0x0041af60,1298,0x00a24000,10633216
603041,0x0041af70,1299,0x00a26000,10641408
603042,0x0041af80,1300,0x00a28000,10649600
603043,0x0041af90,1301,0x00a2a000,10657792
603045,0x0041afa0,1302,0x00a2c000,10665984
603048,0x0041afb0,1303,0x00a2e000,10674176
603049,0x0041afc0,1304,0x00a30000,10682368
603050,0x0041afd0,1305,0x00a32000,10690560
603051,0x0041afe0,1306,0x00a34000,10698752
603052,0x0041aff0,1307,0x00a36000,10706944
240430,0x004eb000,5013,0x0272a000,41066496
511910,0x004eb080,8214,0x0402c000,67289088
188364,0x004eb100,4489,0x02312000,36773888
242056,0x004eb110,5991,0x02ece000,49078272
520610,0x004eb120,8545,0x042c2000,70000640
561330,0x004eb130,8719,0x0441e000,71426048
115582,0x004eb180,2898,0x016a4000,23740416
240433,0x004eb190,5014,0x0272c000,41074688
242057,0x004eb1a0,5992,0x02ed0000,49086464
530080,0x004eb1b0,8590,0x0431c000,70369280
242059,0x004eb280,5993,0x02ed2000,49094656
115586,0x004eb380,2899,0x016a6000,23748608
115587,0x004eb400,2900,0x016a8000,23756800
240390,0x004eb480,4996,0x02708000,40927232
243141,0x004eb490,6567,0x0334e000,53796864
589020,0x004eb4a0,8951,0x045ee000,73326592
124603,0x004eb500,3049,0x017d2000,24977408
173210,0x004eb510,3858,0x01e24000,31604736
243142,0x004eb520,6568,0x03350000,53805056
138947,0x004eb580,3284,0x019a8000,26902528
240392,0x004eb590,4997,0x0270a000,40935424
520570,0x004eb5a0,8541,0x042ba000,69967872
600330,0x004eb680,460,0x00398000,3768320
243145,0x004eb690,6569,0x03352000,53813248
600331,0x004eb700,461,0x0039a000,3776512
160952,0x004eb710,3750,0x01d4c000,30720000
243146,0x004eb720,6570,0x03354000,53821440
600332,0x004eb780,462,0x0039c000,3784704
600333,0x004eb800,463,0x0039e000,3792896
240397,0x004eb810,4998,0x0270c000,40943616
243149,0x004eb880,6571,0x03356000,53829632
600335,0x004eb900,464,0x003a0000,3801088
600336,0x004eb980,465,0x003a2000,3809280
600337,0x004eba00,466,0x003a4000,3817472
600338,0x004eba80,467,0x003a6000,3825664
241522,0x004eba90,5696,0x02c80000,46661632
600290,0x004ebb00,426,0x00354000,3489792
600339,0x004ebb10,468,0x003a8000,3833856
241523,0x004ebb20,5697,0x02c82000,46669824
600291,0x004ebb80,427,0x00356000,3497984
155818,0x004ebb90,3705,0x01cf2000,30351360
600292,0x004ebc00,428,0x00358000,3506176
173175,0x004ebc10,3850,0x01e14000,31539200
241525,0x004ebc20,5698,0x02c84000,46678016
600293,0x004ebc80,429,0x0035a000,3514368
241526,0x004ebc90,5699,0x02c86000,46686208
526030,0x004ebca0,8584,0x04310000,70320128
560800,0x004ebcb0,8679,0x043ce000,71098368
173177,0x004ebd00,3851,0x01e16000,31547392
600295,0x004ebd80,430,0x0035c000,3522560
173178,0x004ebd90,3852,0x01e18000,31555584
241528,0x004ebda0,5700,0x02c88000,46694400
244230,0x004ebdb0,7091,0x03766000,58089472
603040,0x004ebe00,1270,0x009ec000,10403840
241480,0x004ebe10,5669,0x02c4a000,46440448
244231,0x004ebe20,7092,0x03768000,58097664
600297,0x004ebe80,431,0x0035e000,3530752
603041,0x004ebe90,1271,0x009ee000,10412032
688543,0x004ebea0,2392,0x012b0000,19595264
241481,0x004ebeb0,5670,0x02c4c000,46448640
244232,0x004ebec0,7093,0x0376a000,58105856
512960,0x004ebed0,8267,0x04096000,67723264
600298,0x004ebf00,432,0x00360000,3538944
603042,0x004ebf10,1272,0x009f0000,10420224
241482,0x004ebf20,5671,0x02c4e000,46456832
244233,0x004ebf30,7094,0x0376c000,58114048
562380,0x004ebf40,8778,0x04494000,71909376
600299,0x004ebf80,433,0x00362000,3547136
603043,0x004ebf90,1273,0x009f2000,10428416
688545,0x004ebfa0,2393,0x012b2000,19603456
241483,0x004ebfb0,5672,0x02c50000,46465024
242610,0x004ebfc0,6283,0x03116000,51470336
244234,0x004ebfd0,7095,0x0376e000,58122240
517330,0x004ebfe0,8511,0x0427e000,69722112
603053,0x0051c000,1309,0x00a3a000,10723328
603055,0x0051c010,1310,0x00a3c000,10731520
603056,0x0051c020,1311,0x00a3e000,10739712
603057,0x0051c030,1312,0x00a40000,10747904
603058,0x0051c040,1313,0x00a42000,10756096
603059,0x0051c050,1314,0x00a44000,10764288
603060,0x0051c060,1315,0x00a46000,10772480
603061,0x0051c070,1316,0x00a48000,10780672
603062,0x0051c080,1317,0x00a4a000,10788864
603063,0x0051c090,1318,0x00a4c000,10797056
603065,0x0051c0a0,1319,0x00a4e000,10805248
603066,0x0051c0b0,1320,0x00a50000,10813440
603067,0x0051c0c0,1321,0x00a52000,10821632
603068,0x0051c0d0,1322,0x00a54000,10829824
603069,0x0051c0e0,1323,0x00a56000,10838016
603070,0x0051c0f0,1324,0x00a58000,10846208
603071,0x0051c100,1325,0x00a5a000,10854400
603072,0x0051c110,1326,0x00a5c000,10862592
603073,0x0051c120,1327,0x00a5e000,10870784
603075,0x0051c130,1328,0x00a60000,10878976
603076,0x0051c140,1329,0x00a62000,10887168
603077,0x0051c150,1330,0x00a64000,10895360
603078,0x0051c160,1331,0x00a66000,10903552
603079,0x0051c170,1332,0x00a68000,10911744
603080,0x0051c180,1333,0x00a6a000,10919936
603081,0x0051c190,1334,0x00a6c000,10928128
603082,0x0051c1a0,1335,0x00a6e000,10936320
603083,0x0051c1b0,1336,0x00a70000,10944512
603085,0x0051c1c0,1337,0x00a72000,10952704
603086,0x0051c1d0,1338,0x00a74000,10960896
603087,0x0051c1e0,1339,0x00a76000,10969088
603088,0x0051c1f0,1340,0x00a78000,10977280
603089,0x0051c200,1341,0x00a7a000,10985472
603090,0x0051c210,1342,0x00a7c000,10993664
603091,0x0051c220,1343,0x00a7e000,11001856
603092,0x0051c230,1344,0x00a80000,11010048
603093,0x0051c240,1345,0x00a82000,11018240
603095,0x0051c250,1346,0x00a84000,11026432
603096,0x0051c260,1347,0x00a86000,11034624
603097,0x0051c270,1348,0x00a88000,11042816
603098,0x0051c280,1349,0x00a8a000,11051008
603099,0x0051c290,1350,0x00a8c000,11059200
603100,0x0051c2a0,1351,0x00a8e000,11067392
603101,0x0051c2b0,1352,0x00a90000,11075584
603102,0x0051c2c0,1353,0x00a92000,11083776
603103,0x0051c2d0,1354,0x00a94000,11091968
603105,0x0051c2e0,1355,0x00a96000,11100160
603106,0x0051c2f0,1356,0x00a98000,11108352
603107,0x0051c300,1357,0x00a9a000,11116544
603108,0x0051c310,1358,0x00a9c000,11124736
603109,0x0051c320,1359,0x00a9e000,11132928
603110,0x0051c330,1360,0x00aa0000,11141120
603111,0x0051c340,1361,0x00aa2000,11149312
603112,0x0051c350,1362,0x00aa4000,11157504
603113,0x0051c360,1363,0x00aa6000,11165696
603115,0x0051c370,1364,0x00aa8000,11173888
603116,0x0051c380,1365,0x00aaa000,11182080
603117,0x0051c390,1366,0x00aac000,11190272
603118,0x0051c3a0,1367,0x00aae000,11198464
603119,0x0051c3b0,1368,0x00ab0000,11206656
603120,0x0051c3c0,1369,0x00ab2000,11214848
603121,0x0051c3d0,1370,0x00ab4000,11223040
603122,0x0051c3e0,1371,0x00ab6000,11231232
603123,0x0051c3f0,1372,0x00ab8000,11239424
603124,0x0051c400,1373,0x00aba000,11247616
603125,0x0051c410,1374,0x00abc000,11255808
603126,0x0051c420,1375,0x00abe000,11264000
603127,0x0051c430,1376,0x00ac0000,11272192
603128,0x0051c440,1377,0x00ac2000,11280384
603129,0x0051c450,1378,0x00ac4000,11288576
603130,0x0051c460,1379,0x00ac6000,11296768
603131,0x0051c470,1380,0x00ac8000,11304960
603132,0x0051c480,1381,0x00aca000,11313152
603135,0x0051c490,1382,0x00acc000,11321344
603136,0x0051c4a0,1383,0x00ace000,11329536
603137,0x0051c4b0,1384,0x00ad0000,11337728
603138,0x0051c4c0,1385,0x00ad2000,11345920
603139,0x0051c4d0,1386,0x00ad4000,11354112
603150,0x0051c4e0,1387,0x00ad6000,11362304
603151,0x0051c4f0,1388,0x00ad8000,11370496
603153,0x0051c500,1389,0x00ada000,11378688
603155,0x0051c510,1390,0x00adc000,11386880
603156,0x0051c520,1391,0x00ade000,11395072
603157,0x0051c530,1392,0x00ae0000,11403264
603158,0x0051c540,1393,0x00ae2000,11411456
603159,0x0051c550,1394,0x00ae4000,11419648
603160,0x0051c560,1395,0x00ae6000,11427840
603161,0x0051c570,1396,0x00ae8000,11436032
603162,0x0051c580,1397,0x00aea000,11444224
603163,0x0051c590,1398,0x00aec000,11452416
603165,0x0051c5a0,1399,0x00aee000,11460608
603166,0x0051c5b0,1400,0x00af0000,11468800
603167,0x0051c5c0,1401,0x00af2000,11476992
603168,0x0051c5d0,1402,0x00af4000,11485184
603169,0x0051c5e0,1403,0x00af6000,11493376
603170,0x0051c5f0,1404,0x00af8000,11501568
603171,0x0051c600,1405,0x00afa000,11509760
603172,0x0051c610,1406,0x00afc000,11517952
603173,0x0051c620,1407,0x00afe000,11526144
603175,0x0051c630,1408,0x00b00000,11534336
603176,0x0051c640,1409,0x00b02000,11542528
603177,0x0051c650,1410,0x00b04000,11550720
603178,0x0051c660,1411,0x00b06000,11558912
603179,0x0051c670,1412,0x00b08000,11567104
603180,0x0051c680,1413,0x00b0a000,11575296
603181,0x0051c690,1414,0x00b0c000,11583488
603182,0x0051c6a0,1415,0x00b0e000,11591680
603183,0x0051c6b0,1416,0x00b10000,11599872
603185,0x0051c6c0,1417,0x00b12000,11608064
603186,0x0051c6d0,1418,0x00b14000,11616256
603187,0x0051c6e0,1419,0x00b16000,11624448
603188,0x0051c6f0,1420,0x00b18000,11632640
603189,0x0051c700,1421,0x00b1a000,11640832
603190,0x0051c710,1422,0x00b1c000,11649024
603191,0x0051c720,1423,0x00b1e000,11657216
603192,0x0051c730,1424,0x00b20000,11665408
603193,0x0051c740,1425,0x00b22000,11673600
603194,0x0051c750,1426,0x00b24000,11681792
603195,0x0051c760,1427,0x00b26000,11689984
603196,0x0051c770,1428,0x00b28000,11698176
603197,0x0051c780,1429,0x00b2a000,11706368
603198,0x0051c790,1430,0x00b2c000,11714560
603199,0x0051c7a0,1431,0x00b2e000,11722752
603200,0x0051c7b0,1432,0x00b30000,11730944
603201,0x0051c7c0,1433,0x00b32000,11739136
603202,0x0051c7d0,1434,0x00b34000,11747328
603203,0x0051c7e0,1435,0x00b36000,11755520
603205,0x0051c7f0,1436,0x00b38000,11763712
603206,0x0051c800,1437,0x00b3a000,11771904
603207,0x0051c810,1438,0x00b3c000,11780096
603208,0x0051c820,1439,0x00b3e000,11788288
603209,0x0051c830,1440,0x00b40000,11796480
603210,0x0051c840,1441,0x00b42000,11804672
603211,0x0051c850,1442,0x00b44000,11812864
603212,0x0051c860,1443,0x00b46000,11821056
603213,0x0051c870,1444,0x00b48000,11829248
603214,0x0051c880,1445,0x00b4a000,11837440
603215,0x0051c890,1446,0x00b4c000,11845632
603216,0x0051c8a0,1447,0x00b4e000,11853824
603217,0x0051c8b0,1448,0x00b50000,11862016
603218,0x0051c8c0,1449,0x00b52000,11870208
603219,0x0051c8d0,1450,0x00b54000,11878400
603220,0x0051c8e0,1451,0x00b56000,11886592
603221,0x0051c8f0,1452,0x00b58000,11894784
603222,0x0051c900,1453,0x00b5a000,11902976
603223,0x0051c910,1454,0x00b5c000,11911168
603225,0x0051c920,1455,0x00b5e000,11919360
603226,0x0051c930,1456,0x00b60000,11927552
603227,0x0051c940,1457,0x00b62000,11935744
603228,0x0051c950,1458,0x00b64000,11943936
603229,0x0051c960,1459,0x00b66000,11952128
603230,0x0051c970,1460,0x00b68000,11960320
603231,0x0051c980,1461,0x00b6a000,11968512
603232,0x0051c990,1462,0x00b6c000,11976704
603233,0x0051c9a0,1463,0x00b6e000,11984896
603235,0x0051c9b0,1464,0x00b70000,11993088
603236,0x0051c9c0,1465,0x00b72000,12001280
603237,0x0051c9d0,1466,0x00b74000,12009472
603238,0x0051c9e0,1467,0x00b76000,12017664
603239,0x0051c9f0,1468,0x00b78000,12025856
603248,0x0051ca00,1469,0x00b7a000,12034048
603255,0x0051ca10,1470,0x00b7c000,12042240
603256,0x0051ca20,1471,0x00b7e000,12050432
603257,0x0051ca30,1472,0x00b80000,12058624
603258,0x0051ca40,1473,0x00b82000,12066816
603259,0x0051ca50,1474,0x00b84000,12075008
603260,0x0051ca60,1475,0x00b86000,12083200
603261,0x0051ca70,1476,0x00b88000,12091392
603262,0x0051ca80,1477,0x00b8a000,12099584
603266,0x0051ca90,1478,0x00b8c000,12107776
603267,0x0051caa0,1479,0x00b8e000,12115968
603268,0x0051cab0,1480,0x00b90000,12124160
603269,0x0051cac0,1481,0x00b92000,12132352
603270,0x0051cad0,1482,0x00b94000,12140544
603271,0x0051cae0,1483,0x00b96000,12148736
603272,0x0051caf0,1484,0x00b98000,12156928
603273,0x0051cb00,1485,0x00b9a000,12165120
603275,0x0051cb10,1486,0x00b9c000,12173312
603276,0x0051cb20,1487,0x00b9e000,12181504
603277,0x0051cb30,1488,0x00ba0000,12189696
603278,0x0051cb40,1489,0x00ba2000,12197888
603279,0x0051cb50,1490,0x00ba4000,12206080
603280,0x0051cb60,1491,0x00ba6000,12214272
603281,0x0051cb70,1492,0x00ba8000,12222464
603282,0x0051cb80,1493,0x00baa000,12230656
603283,0x0051cb90,1494,0x00bac000,12238848
603284,0x0051cba0,1495,0x00bae000,12247040
603285,0x0051cbb0,1496,0x00bb0000,12255232
603286,0x0051cbc0,1497,0x00bb2000,12263424
603288,0x0051cbd0,1498,0x00bb4000,12271616
603289,0x0051cbe0,1499,0x00bb6000,12279808
603290,0x0051cbf0,1500,0x00bb8000,12288000
603291,0x0051cc00,1501,0x00bba000,12296192
603293,0x0051cc10,1502,0x00bbc000,12304384
603296,0x0051cc20,1503,0x00bbe000,12312576
603297,0x0051cc30,1504,0x00bc0000,12320768
603298,0x0051cc40,1505,0x00bc2000,12328960
603299,0x0051cc50,1506,0x00bc4000,12337152
603300,0x0051cc60,1507,0x00bc6000,12345344
603301,0x0051cc70,1508,0x00bc8000,12353536
603303,0x0051cc80,1509,0x00bca000,12361728
603305,0x0051cc90,1510,0x00bcc000,12369920
603306,0x0051cca0,1511,0x00bce000,12378112
603307,0x0051ccb0,1512,0x00bd0000,12386304
603308,0x0051ccc0,1513,0x00bd2000,12394496
603309,0x0051ccd0,1514,0x00bd4000,12402688
603310,0x0051cce0,1515,0x00bd6000,12410880
603311,0x0051ccf0,1516,0x00bd8000,12419072
603312,0x0051cd00,1517,0x00bda000,12427264
603313,0x0051cd10,1518,0x00bdc000,12435456
603315,0x0051cd20,1519,0x00bde000,12443648
603316,0x0051cd30,1520,0x00be0000,12451840
603317,0x0051cd40,1521,0x00be2000,12460032
603318,0x0051cd50,1522,0x00be4000,12468224
603319,0x0051cd60,1523,0x00be6000,12476416
603320,0x0051cd70,1524,0x00be8000,12484608
603321,0x0051cd80,1525,0x00bea000,12492800
603322,0x0051cd90,1526,0x00bec000,12500992
603323,0x0051cda0,1527,0x00bee000,12509184
603324,0x0051cdb0,1528,0x00bf0000,12517376
603325,0x0051cdc0,1529,0x00bf2000,12525568
603326,0x0051cdd0,1530,0x00bf4000,12533760
603327,0x0051cde0,1531,0x00bf6000,12541952
603328,0x0051cdf0,1532,0x00bf8000,12550144
603329,0x0051ce00,1533,0x00bfa000,12558336
603330,0x0051ce10,1534,0x00bfc000,12566528
603331,0x0051ce20,1535,0x00bfe000,12574720
603332,0x0051ce30,1536,0x00c00000,12582912
603333,0x0051ce40,1537,0x00c02000,12591104
603334,0x0051ce50,1538,0x00c04000,12599296
603335,0x0051ce60,1539,0x00c06000,12607488
603336,0x0051ce70,1540,0x00c08000,12615680
603337,0x0051ce80,1541,0x00c0a000,12623872
603338,0x0051ce90,1542,0x00c0c000,12632064
603339,0x0051cea0,1543,0x00c0e000,12640256
603341,0x0051ceb0,1544,0x00c10000,12648448
603344,0x0051cec0,1545,0x00c12000,12656640
603345,0x0051ced0,1546,0x00c14000,12664832
603348,0x0051cee0,1547,0x00c16000,12673024
603350,0x0051cef0,1548,0x00c18000,12681216
603351,0x0051cf00,1549,0x00c1a000,12689408
603352,0x0051cf10,1550,0x00c1c000,12697600
603353,0x0051cf20,1551,0x00c1e000,12705792
603355,0x0051cf30,1552,0x00c20000,12713984
603356,0x0051cf40,1553,0x00c22000,12722176
603357,0x0051cf50,1554,0x00c24000,12730368
603358,0x0051cf60,1555,0x00c26000,12738560
603359,0x0051cf70,1556,0x00c28000,12746752
603360,0x0051cf80,1557,0x00c2a000,12754944
603363,0x0051cf90,1558,0x00c2c000,12763136
603365,0x0051cfa0,1559,0x00c2e000,12771328
603366,0x0051cfb0,1560,0x00c30000,12779520
603367,0x0051cfc0,1561,0x00c32000,12787712
603368,0x0051cfd0,1562,0x00c34000,12795904
603369,0x0051cfe0,1563,0x00c36000,12804096
603370,0x0051cff0,1564,0x00c38000,12812288
603373,0x0061d000,1566,0x00c3c000,12828672
603375,0x0061d010,1567,0x00c3e000,12836864
603376,0x0061d020,1568,0x00c40000,12845056
603377,0x0061d030,1569,0x00c42000,12853248
603378,0x0061d040,1570,0x00c44000,12861440
603379,0x0061d050,1571,0x00c46000,12869632
603380,0x0061d060,1572,0x00c48000,12877824
603381,0x0061d070,1573,0x00c4a000,12886016
603382,0x0061d080,1574,0x00c4c000,12894208
603383,0x0061d090,1575,0x00c4e000,12902400
603385,0x0061d0a0,1576,0x00c50000,12910592
603386,0x0061d0b0,1577,0x00c52000,12918784
603387,0x0061d0c0,1578,0x00c54000,12926976
603388,0x0061d0d0,1579,0x00c56000,12935168
603389,0x0061d0e0,1580,0x00c58000,12943360
603390,0x0061d0f0,1581,0x00c5a000,12951552
603391,0x0061d100,1582,0x00c5c000,12959744
603392,0x0061d110,1583,0x00c5e000,12967936
603393,0x0061d120,1584,0x00c60000,12976128
603395,0x0061d130,1585,0x00c62000,12984320
603396,0x0061d140,1586,0x00c64000,12992512
603398,0x0061d150,1587,0x00c66000,13000704
603399,0x0061d160,1588,0x00c68000,13008896
603400,0x0061d170,1589,0x00c6a000,13017088
603402,0x0061d180,1590,0x00c6c000,13025280
603406,0x0061d190,1591,0x00c6e000,13033472
603407,0x0061d1a0,1592,0x00c70000,13041664
603408,0x0061d1b0,1593,0x00c72000,13049856
603409,0x0061d1c0,1594,0x00c74000,13058048
603416,0x0061d1d0,1595,0x00c76000,13066240
603418,0x0061d1e0,1596,0x00c78000,13074432
603421,0x0061d1f0,1597,0x00c7a000,13082624
603429,0x0061d200,1598,0x00c7c000,13090816
603435,0x0061d210,1599,0x00c7e000,13099008
603439,0x0061d220,1600,0x00c80000,13107200
603444,0x0061d230,1601,0x00c82000,13115392
603456,0x0061d240,1602,0x00c84000,13123584
603458,0x0061d250,1603,0x00c86000,13131776
603459,0x0061d260,1604,0x00c88000,13139968
603466,0x0061d270,1605,0x00c8a000,13148160
603468,0x0061d280,1606,0x00c8c000,13156352
603477,0x0061d290,1607,0x00c8e000,13164544
603486,0x0061d2a0,1608,0x00c90000,13172736
603488,0x0061d2b0,1609,0x00c92000,13180928
603489,0x0061d2c0,1610,0x00c94000,13189120
603496,0x0061d2d0,1611,0x00c96000,13197312
603499,0x0061d2e0,1612,0x00c98000,13205504
603500,0x0061d2f0,1613,0x00c9a000,13213696
603501,0x0061d300,1614,0x00c9c000,13221888
603505,0x0061d310,1615,0x00c9e000,13230080
603506,0x0061d320,1616,0x00ca0000,13238272
603507,0x0061d330,1617,0x00ca2000,13246464
603508,0x0061d340,1618,0x00ca4000,13254656
603511,0x0061d350,1619,0x00ca6000,13262848
603515,0x0061d360,1620,0x00ca8000,13271040
603516,0x0061d370,1621,0x00caa000,13279232
603517,0x0061d380,1622,0x00cac000,13287424
603518,0x0061d390,1623,0x00cae000,13295616
603519,0x0061d3a0,1624,0x00cb0000,13303808
603520,0x0061d3b0,1627,0x00cb6000,13328384
603527,0x0061d3c0,1628,0x00cb8000,13336576
603528,0x0061d3d0,1629,0x00cba000,13344768
603529,0x0061d3e0,1630,0x00cbc000,13352960
603530,0x0061d3f0,1631,0x00cbe000,13361152
603533,0x0061d400,1632,0x00cc0000,13369344
603535,0x0061d410,1633,0x00cc2000,13377536
603536,0x0061d420,1634,0x00cc4000,13385728
603538,0x0061d430,1635,0x00cc6000,13393920
603551,0x0061d440,1636,0x00cc8000,13402112
603555,0x0061d450,1637,0x00cca000,13410304
603556,0x0061d460,1638,0x00ccc000,13418496
603557,0x0061d470,1639,0x00cce000,13426688
603558,0x0061d480,1640,0x00cd0000,13434880
603559,0x0061d490,1641,0x00cd2000,13443072
603565,0x0061d4a0,1642,0x00cd4000,13451264
603566,0x0061d4b0,1643,0x00cd6000,13459456
603567,0x0061d4c0,1644,0x00cd8000,13467648
603568,0x0061d4d0,1645,0x00cda000,13475840
603569,0x0061d4e0,1646,0x00cdc000,13484032
603577,0x0061d4f0,1647,0x00cde000,13492224
603578,0x0061d500,1648,0x00ce0000,13500416
603579,0x0061d510,1649,0x00ce2000,13508608
603580,0x0061d520,1650,0x00ce4000,13516800
603583,0x0061d530,1651,0x00ce6000,13524992
603585,0x0061d540,1652,0x00ce8000,13533184
603586,0x0061d550,1653,0x00cea000,13541376
603587,0x0061d560,1654,0x00cec000,13549568
603588,0x0061d570,1655,0x00cee000,13557760
603589,0x0061d580,1656,0x00cf0000,13565952
603590,0x0061d590,1657,0x00cf2000,13574144
603595,0x0061d5a0,1658,0x00cf4000,13582336
603596,0x0061d5b0,1659,0x00cf6000,13590528
603598,0x0061d5c0,1660,0x00cf8000,13598720
603599,0x0061d5d0,1661,0x00cfa000,13606912
603600,0x0061d5e0,1662,0x00cfc000,13615104
603601,0x0061d5f0,1663,0x00cfe000,13623296
603602,0x0061d600,1664,0x00d00000,13631488
603603,0x0061d610,1665,0x00d02000,13639680
603605,0x0061d620,1666,0x00d04000,13647872
603606,0x0061d630,1667,0x00d06000,13656064
603607,0x0061d640,1668,0x00d08000,13664256
603608,0x0061d650,1669,0x00d0a000,13672448
603609,0x0061d660,1670,0x00d0c000,13680640
603610,0x0061d670,1671,0x00d0e000,13688832
603611,0x0061d680,1672,0x00d10000,13697024
603612,0x0061d690,1673,0x00d12000,13705216
603613,0x0061d6a0,1674,0x00d14000,13713408
603615,0x0061d6b0,1675,0x00d16000,13721600
603616,0x0061d6c0,1676,0x00d18000,13729792
603617,0x0061d6d0,1677,0x00d1a000,13737984
603618,0x0061d6e0,1678,0x00d1c000,13746176
603619,0x0061d6f0,1679,0x00d1e000,13754368
603626,0x0061d700,1680,0x00d20000,13762560
603628,0x0061d710,1681,0x00d22000,13770752
603629,0x0061d720,1682,0x00d24000,13778944
603630,0x0061d730,1683,0x00d26000,13787136
603633,0x0061d740,1684,0x00d28000,13795328
603636,0x0061d750,1685,0x00d2a000,13803520
603637,0x0061d760,1686,0x00d2c000,13811712
603638,0x0061d770,1687,0x00d2e000,13819904
603639,0x0061d780,1688,0x00d30000,13828096
603648,0x0061d790,1689,0x00d32000,13836288
603650,0x0061d7a0,1690,0x00d34000,13844480
603655,0x0061d7b0,1691,0x00d36000,13852672
603656,0x0061d7c0,1692,0x00d38000,13860864
603657,0x0061d7d0,1693,0x00d3a000,13869056
603658,0x0061d7e0,1694,0x00d3c000,13877248
603659,0x0061d7f0,1695,0x00d3e000,13885440
603660,0x0061d800,1696,0x00d40000,13893632
603661,0x0061d810,1697,0x00d42000,13901824
603662,0x0061d820,1698,0x00d44000,13910016
603663,0x0061d830,1699,0x00d46000,13918208
603665,0x0061d840,1700,0x00d48000,13926400
603666,0x0061d850,1701,0x00d4a000,13934592
603667,0x0061d860,1702,0x00d4c000,13942784
603668,0x0061d870,1703,0x00d4e000,13950976
603669,0x0061d880,1704,0x00d50000,13959168
603676,0x0061d890,1705,0x00d52000,13967360
603677,0x0061d8a0,1706,0x00d54000,13975552
603678,0x0061d8b0,1707,0x00d56000,13983744
603679,0x0061d8c0,1708,0x00d58000,13991936
603680,0x0061d8d0,1709,0x00d5a000,14000128
603681,0x0061d8e0,1710,0x00d5c000,14008320
603682,0x0061d8f0,1711,0x00d5e000,14016512
603683,0x0061d900,1712,0x00d60000,14024704
603685,0x0061d910,1713,0x00d62000,14032896
603686,0x0061d920,1714,0x00d64000,14041088
603687,0x0061d930,1715,0x00d66000,14049280
603688,0x0061d940,1716,0x00d68000,14057472
603689,0x0061d950,1717,0x00d6a000,14065664
603690,0x0061d960,1718,0x00d6c000,14073856
603693,0x0061d970,1719,0x00d6e000,14082048
603696,0x0061d980,1720,0x00d70000,14090240
603697,0x0061d990,1721,0x00d72000,14098432
603698,0x0061d9a0,1722,0x00d74000,14106624
603699,0x0061d9b0,1723,0x00d76000,14114816
603700,0x0061d9c0,1724,0x00d78000,14123008
603701,0x0061d9d0,1725,0x00d7a000,14131200
603703,0x0061d9e0,1726,0x00d7c000,14139392
603706,0x0061d9f0,1727,0x00d7e000,14147584
603707,0x0061da00,1728,0x00d80000,14155776
603708,0x0061da10,1729,0x00d82000,14163968
603709,0x0061da20,1730,0x00d84000,14172160
603711,0x0061da30,1731,0x00d86000,14180352
603712,0x0061da40,1732,0x00d88000,14188544
603713,0x0061da50,1733,0x00d8a000,14196736
603716,0x0061da60,1734,0x00d8c000,14204928
603717,0x0061da70,1735,0x00d8e000,14213120
603718,0x0061da80,1736,0x00d90000,14221312
603719,0x0061da90,1737,0x00d92000,14229504
603721,0x0061daa0,1738,0x00d94000,14237696
603722,0x0061dab0,1739,0x00d96000,14245888
603725,0x0061dac0,1740,0x00d98000,14254080
603726,0x0061dad0,1741,0x00d9a000,14262272
603727,0x0061dae0,1742,0x00d9c000,14270464
603728,0x0061daf0,1743,0x00d9e000,14278656
603729,0x0061db00,1744,0x00da0000,14286848
603730,0x0061db10,1745,0x00da2000,14295040
603733,0x0061db20,1746,0x00da4000,14303232
603737,0x0061db30,1747,0x00da6000,14311424
603738,0x0061db40,1748,0x00da8000,14319616
603739,0x0061db50,1749,0x00daa000,14327808
603755,0x0061db60,1750,0x00dac000,14336000
603757,0x0061db70,1751,0x00dae000,14344192
603758,0x0061db80,1752,0x00db0000,14352384
603759,0x0061db90,1753,0x00db2000,14360576
603766,0x0061dba0,1754,0x00db4000,14368768
603767,0x0061dbb0,1755,0x00db6000,14376960
603768,0x0061dbc0,1756,0x00db8000,14385152
603773,0x0061dbd0,1757,0x00dba000,14393344
603776,0x0061dbe0,1758,0x00dbc000,14401536
603777,0x0061dbf0,1759,0x00dbe000,14409728
603778,0x0061dc00,1760,0x00dc0000,14417920
603779,0x0061dc10,1761,0x00dc2000,14426112
603786,0x0061dc20,1762,0x00dc4000,14434304
603787,0x0061dc30,1763,0x00dc6000,14442496
603788,0x0061dc40,1764,0x00dc8000,14450688
603789,0x0061dc50,1765,0x00dca000,14458880
603790,0x0061dc60,1766,0x00dcc000,14467072
603797,0x0061dc70,1767,0x00dce000,14475264
603798,0x0061dc80,1768,0x00dd0000,14483456
603799,0x0061dc90,1769,0x00dd2000,14491648
603800,0x0061dca0,1770,0x00dd4000,14499840
603801,0x0061dcb0,1771,0x00dd6000,14508032
603803,0x0061dcc0,1772,0x00dd8000,14516224
603806,0x0061dcd0,1773,0x00dda000,14524416
603808,0x0061dce0,1774,0x00ddc000,14532608
603809,0x0061dcf0,1775,0x00dde000,14540800
603810,0x0061dd00,1776,0x00de0000,14548992
603811,0x0061dd10,1777,0x00de2000,14557184
603813,0x0061dd20,1778,0x00de4000,14565376
603815,0x0061dd30,1779,0x00de6000,14573568
603816,0x0061dd40,1780,0x00de8000,14581760
603817,0x0061dd50,1781,0x00dea000,14589952
603818,0x0061dd60,1782,0x00dec000,14598144
603819,0x0061dd70,1783,0x00dee000,14606336
603822,0x0061dd80,1784,0x00df0000,14614528
603823,0x0061dd90,1785,0x00df2000,14622720
603825,0x0061dda0,1786,0x00df4000,14630912
603826,0x0061ddb0,1787,0x00df6000,14639104
603828,0x0061ddc0,1788,0x00df8000,14647296
603829,0x0061ddd0,1789,0x00dfa000,14655488
603833,0x0061dde0,1790,0x00dfc000,14663680
603836,0x0061ddf0,1791,0x00dfe000,14671872
603838,0x0061de00,1792,0x00e00000,14680064
603839,0x0061de10,1793,0x00e02000,14688256
603843,0x0061de20,1794,0x00e04000,14696448
603848,0x0061de30,1795,0x00e06000,14704640
603855,0x0061de40,1796,0x00e08000,14712832
603856,0x0061de50,1797,0x00e0a000,14721024
603858,0x0061de60,1798,0x00e0c000,14729216
603859,0x0061de70,1799,0x00e0e000,14737408
603860,0x0061de80,1800,0x00e10000,14745600
603861,0x0061de90,1801,0x00e12000,14753792
603863,0x0061dea0,1802,0x00e14000,14761984
603866,0x0061deb0,1803,0x00e16000,14770176
603867,0x0061dec0,1804,0x00e18000,14778368
603868,0x0061ded0,1805,0x00e1a000,14786560
603869,0x0061dee0,1806,0x00e1c000,14794752
603871,0x0061def0,1807,0x00e1e000,14802944
603876,0x0061df00,1808,0x00e20000,14811136
603877,0x0061df10,1809,0x00e22000,14819328
603878,0x0061df20,1810,0x00e24000,14827520
603879,0x0061df30,1811,0x00e26000,14835712
603880,0x0061df40,1812,0x00e28000,14843904
603881,0x0061df50,1813,0x00e2a000,14852096
603882,0x0061df60,1814,0x00e2c000,14860288
603883,0x0061df70,1815,0x00e2e000,14868480
603885,0x0061df80,1816,0x00e30000,14876672
603886,0x0061df90,1817,0x00e32000,14884864
603887,0x0061dfa0,1818,0x00e34000,14893056
603888,0x0061dfb0,1819,0x00e36000,14901248
603889,0x0061dfc0,1820,0x00e38000,14909440
603890,0x0061dfd0,1821,0x00e3a000,14917632
603893,0x0061dfe0,1822,0x00e3c000,14925824
603895,0x0061dff0,1823,0x00e3e000,14934016
241484,0x00659000,5673,0x02c52000,46473216
603045,0x00659080,1274,0x009f4000,10436608
241485,0x00659090,5674,0x02c54000,46481408
242612,0x006590a0,6284,0x03118000,51478528
244236,0x006590b0,7096,0x03770000,58130432
688548,0x00659100,2394,0x012b4000,19611648
241486,0x00659110,5675,0x02c56000,46489600
244237,0x00659120,7097,0x03772000,58138624
688549,0x00659180,2395,0x012b6000,19619840
143055,0x00659190,3303,0x019ce000,27058176
244238,0x006591a0,7098,0x03774000,58146816
515710,0x006591b0,8395,0x04196000,68771840
603048,0x00659200,1275,0x009f6000,10444800
241488,0x00659210,5676,0x02c58000,46497792
244190,0x00659220,7076,0x03748000,57966592
244239,0x00659230,7099,0x03776000,58155008
603049,0x00659280,1276,0x009f8000,10452992
241489,0x00659290,5677,0x02c5a000,46505984
244191,0x006592a0,7077,0x0374a000,57974784
242617,0x00659300,6285,0x0311a000,51486720
244192,0x00659310,7078,0x0374c000,57982976
242618,0x00659380,6286,0x0311c000,51494912
244193,0x00659390,7079,0x0374e000,57991168
244194,0x00659400,7080,0x03750000,57999360
563510,0x00659410,8831,0x044fe000,72343552
588450,0x00659480,8908,0x04598000,72974336
242572,0x00659500,6266,0x030f4000,51331072
244196,0x00659510,7081,0x03752000,58007552
242573,0x00659580,6267,0x030f6000,51339264
244197,0x00659590,7082,0x03754000,58015744
244199,0x00659680,7083,0x03756000,58023936
152031,0x00659700,3358,0x01a3c000,27508736
245320,0x00659710,7644,0x03bb8000,62619648
188927,0x00659780,4557,0x0239a000,37330944
242578,0x00659800,6268,0x030f8000,51347456
601388,0x00659880,1111,0x008ae000,9101312
188929,0x00659890,4558,0x0239c000,37339136
243700,0x00659900,6841,0x03572000,56041472
184050,0x00659980,3952,0x01ee0000,32374784
188882,0x00659990,4550,0x0238c000,37273600
240950,0x006599a0,5324,0x02998000,43614208
240951,0x00659a00,5325,0x0299a000,43622400
243702,0x00659a10,6842,0x03574000,56049664
245327,0x00659a80,7645,0x03bba000,62627840
184053,0x00659b00,3953,0x01ee2000,32382976
240953,0x00659b10,5326,0x0299c000,43630592
243704,0x00659b20,6843,0x03576000,56057856
245328,0x00659b30,7646,0x03bbc000,62636032
516800,0x00659b40,8478,0x0423c000,69451776
184054,0x00659b80,3954,0x01ee4000,32391168
188886,0x00659b90,4551,0x0238e000,37281792
240954,0x00659ba0,5327,0x0299e000,43638784
245329,0x00659bb0,7647,0x03bbe000,62644224
184055,0x00659c00,3955,0x01ee6000,32399360
240955,0x00659c10,5328,0x029a0000,43646976
243706,0x00659c20,6844,0x03578000,56066048
184056,0x00659c80,3956,0x01ee8000,32407552
243707,0x00659c90,6845,0x0357a000,56074240
184057,0x00659d00,3957,0x01eea000,32415744
243708,0x00659d10,6846,0x0357c000,56082432
240958,0x00659d80,5329,0x029a2000,43655168
140903,0x00659e00,3297,0x019c2000,27009024
605222,0x00659e80,1918,0x00efc000,15712256
175354,0x00659e90,3903,0x01e7e000,31973376
243662,0x00659ea0,6819,0x03546000,55861248
245286,0x00659eb0,7632,0x03ba0000,62521344
243663,0x00659f00,6820,0x03548000,55869440
245287,0x00659f10,7633,0x03ba2000,62529536
235770,0x00659f80,4736,0x02500000,38797312
245288,0x00659f90,7634,0x03ba4000,62537728
516760,0x00659fa0,8474,0x04234000,69419008
600850,0x0065a000,895,0x006fe000,7331840
600851,0x0065a080,896,0x00700000,7340032
600853,0x0065a180,897,0x00702000,7348224
605228,0x0065a190,1919,0x00efe000,15720448
173736,0x0065a1a0,3880,0x01e50000,31784960
243668,0x0065a1b0,6821,0x0354a000,55877632
600854,0x0065a200,898,0x00704000,7356416
605180,0x0065a210,1908,0x00ee8000,15630336
235775,0x0065a220,4737,0x02502000,38805504
243669,0x0065a230,6822,0x0354c000,55885824
600855,0x0065a280,899,0x00706000,7364608
510310,0x0065a290,8140,0x03f98000,66682880
600856,0x0065a300,900,0x00708000,7372800
603600,0x0065a310,1630,0x00cbc000,13352960
185140,0x0065a320,4276,0x02168000,35028992
600857,0x0065a380,901,0x0070a000,7380992
603601,0x0065a390,1631,0x00cbe000,13361152
605183,0x0065a3a0,1909,0x00eea000,15638528
000901,0x0065a3b0,9033,0x04692000,73998336
600858,0x0065a400,902,0x0070c000,7389184
603602,0x0065a410,1632,0x00cc0000,13369344
600859,0x0065a480,903,0x0070e000,7397376
603603,0x0065a490,1633,0x00cc2000,13377536
127830,0x0065a4a0,3073,0x01802000,25174016
000903,0x0065a4b0,9034,0x04694000,74006528
605186,0x0065a500,1910,0x00eec000,15646720
603605,0x0065a580,1634,0x00cc4000,13385728
517850,0x0065a590,8522,0x04294000,69812224
000905,0x0065a5a0,9035,0x04696000,74014720
603606,0x0065a600,1635,0x00cc6000,13393920
605188,0x0065a610,1911,0x00eee000,15654912
270047,0x0065a620,7872,0x03d80000,64487424
000906,0x0065a630,9036,0x04698000,74022912
603607,0x0065a680,1636,0x00cc8000,13402112
605189,0x0065a690,1912,0x00ef0000,15663104
185147,0x0065a6a0,4277,0x0216a000,35037184
513020,0x0065a6b0,8273,0x040a2000,67772416
603608,0x0065a700,1637,0x00cca000,13410304
185148,0x0065a710,4278,0x0216c000,35045376
244750,0x0065a720,7358,0x0397c000,60276736
270049,0x0065a730,7873,0x03d82000,64495616
510270,0x0065a740,8137,0x03f92000,66658304
000860,0x0065a780,176,0x00160000,1441792
603609,0x0065a790,1638,0x00ccc000,13418496
173699,0x0065a7a0,3879,0x01e4e000,31776768
127837,0x0065a800,3074,0x01804000,25182208
244753,0x0065a880,7359,0x0397e000,60284928
000863,0x0065a900,177,0x00162000,1449984
244754,0x0065a910,7360,0x03980000,60293120
115072,0x0065a980,2830,0x0161c000,23183360
232036,0x0065a990,4619,0x02416000,37838848
000865,0x0065aa00,178,0x00164000,1458176
603565,0x0065aa10,1610,0x00c94000,13189120
603566,0x0065aa80,1611,0x00c96000,13197312
019850,0x0065aa90,2802,0x015e4000,22953984
198952,0x0065aaa0,4575,0x023be000,37478400
244757,0x0065aab0,7361,0x03982000,60301312
000867,0x0065ab00,179,0x00166000,1466368
603567,0x0065ab10,1612,0x00c98000,13205504
244758,0x0065ab20,7362,0x03984000,60309504
603568,0x0065ab80,1613,0x00c9a000,13213696
000869,0x0065ac00,180,0x00168000,1474560
603569,0x0065ac10,1614,0x00c9c000,13221888
511360,0x0065ad00,8194,0x04004000,67125248
601949,0x0065ae00,1211,0x00976000,9920512
271134,0x0065ae10,7919,0x03dde000,64872448
271136,0x0065af00,7920,0x03de0000,64880640
271137,0x0065af80,7921,0x03de2000,64888832
603896,0x00720000,1825,0x00e42000,14950400
603897,0x00720010,1826,0x00e44000,14958592
603898,0x00720020,1827,0x00e46000,14966784
603899,0x00720030,1828,0x00e48000,14974976
603900,0x00720040,1829,0x00e4a000,14983168
603901,0x00720050,1830,0x00e4c000,14991360
603903,0x00720060,1831,0x00e4e000,14999552
603906,0x00720070,1832,0x00e50000,15007744
603908,0x00720080,1833,0x00e52000,15015936
603909,0x00720090,1834,0x00e54000,15024128
603912,0x007200a0,1835,0x00e56000,15032320
603915,0x007200b0,1836,0x00e58000,15040512
603916,0x007200c0,1837,0x00e5a000,15048704
603917,0x007200d0,1838,0x00e5c000,15056896
603918,0x007200e0,1839,0x00e5e000,15065088
603919,0x007200f0,1840,0x00e60000,15073280
603920,0x00720100,1841,0x00e62000,15081472
603922,0x00720110,1842,0x00e64000,15089664
603926,0x00720120,1843,0x00e66000,15097856
603927,0x00720130,1844,0x00e68000,15106048
603928,0x00720140,1845,0x00e6a000,15114240
603929,0x00720150,1846,0x00e6c000,15122432
603931,0x00720160,1847,0x00e6e000,15130624
603933,0x00720170,1848,0x00e70000,15138816
603936,0x00720180,1849,0x00e72000,15147008
603937,0x00720190,1850,0x00e74000,15155200
603938,0x007201a0,1851,0x00e76000,15163392
603939,0x007201b0,1852,0x00e78000,15171584
603948,0x007201c0,1853,0x00e7a000,15179776
603949,0x007201d0,1854,0x00e7c000,15187968
603950,0x007201e0,1855,0x00e7e000,15196160
603955,0x007201f0,1856,0x00e80000,15204352
603956,0x00720200,1857,0x00e82000,15212544
603958,0x00720210,1858,0x00e84000,15220736
603959,0x00720220,1859,0x00e86000,15228928
603960,0x00720230,1860,0x00e88000,15237120
603963,0x00720240,1861,0x00e8a000,15245312
603966,0x00720250,1862,0x00e8c000,15253504
603967,0x00720260,1863,0x00e8e000,15261696
603968,0x00720270,1864,0x00e90000,15269888
603969,0x00720280,1865,0x00e92000,15278080
603970,0x00720290,1866,0x00e94000,15286272
603976,0x007202a0,1867,0x00e96000,15294464
603977,0x007202b0,1868,0x00e98000,15302656
603978,0x007202c0,1869,0x00e9a000,15310848
603979,0x007202d0,1870,0x00e9c000,15319040
603980,0x007202e0,1871,0x00e9e000,15327232
603982,0x007202f0,1872,0x00ea0000,15335424
603983,0x00720300,1873,0x00ea2000,15343616
603985,0x00720310,1874,0x00ea4000,15351808
603986,0x00720320,1875,0x00ea6000,15360000
603987,0x00720330,1876,0x00ea8000,15368192
603988,0x00720340,1877,0x00eaa000,15376384
603989,0x00720350,1878,0x00eac000,15384576
603990,0x00720360,1879,0x00eae000,15392768
603991,0x00720370,1880,0x00eb0000,15400960
603992,0x00720380,1881,0x00eb2000,15409152
603993,0x00720390,1882,0x00eb4000,15417344
603995,0x007203a0,1883,0x00eb6000,15425536
603996,0x007203b0,1884,0x00eb8000,15433728
603997,0x007203c0,1885,0x00eba000,15441920
603998,0x007203d0,1886,0x00ebc000,15450112
603999,0x007203e0,1887,0x00ebe000,15458304
605001,0x007203f0,1888,0x00ec0000,15466496
605003,0x00720400,1889,0x00ec2000,15474688
605005,0x00720410,1890,0x00ec4000,15482880
605006,0x00720420,1891,0x00ec6000,15491072
605007,0x00720430,1892,0x00ec8000,15499264
605008,0x00720440,1900,0x00ed8000,15564800
605009,0x00720450,1901,0x00eda000,15572992
605011,0x00720460,1902,0x00edc000,15581184
605016,0x00720470,1903,0x00ede000,15589376
605018,0x00720480,1908,0x00ee8000,15630336
605020,0x00720490,1909,0x00eea000,15638528
605028,0x007204a0,1910,0x00eec000,15646720
605033,0x007204b0,1911,0x00eee000,15654912
605050,0x007204c0,1912,0x00ef0000,15663104
605055,0x007204d0,1913,0x00ef2000,15671296
605056,0x007204e0,1914,0x00ef4000,15679488
605058,0x007204f0,1915,0x00ef6000,15687680
605060,0x00720500,1916,0x00ef8000,15695872
605066,0x00720510,1917,0x00efa000,15704064
605068,0x00720520,1918,0x00efc000,15712256
605069,0x00720530,1919,0x00efe000,15720448
605077,0x00720540,1920,0x00f00000,15728640
605080,0x00720550,1921,0x00f02000,15736832
605081,0x00720560,1922,0x00f04000,15745024
605086,0x00720570,1923,0x00f06000,15753216
605088,0x00720580,1924,0x00f08000,15761408
605089,0x00720590,1925,0x00f0a000,15769600
605090,0x007205a0,1926,0x00f0c000,15777792
605098,0x007205b0,1927,0x00f0e000,15785984
605099,0x007205c0,1928,0x00f10000,15794176
605100,0x007205d0,1929,0x00f12000,15802368
605108,0x007205e0,1930,0x00f14000,15810560
605111,0x007205f0,1931,0x00f16000,15818752
605116,0x00720600,1932,0x00f18000,15826944
605117,0x00720610,1933,0x00f1a000,15835136
605118,0x00720620,1934,0x00f1c000,15843328
605122,0x00720630,1935,0x00f1e000,15851520
605123,0x00720640,1936,0x00f20000,15859712
605128,0x00720650,1937,0x00f22000,15867904
605133,0x00720660,1938,0x00f24000,15876096
605136,0x00720670,1939,0x00f26000,15884288
605138,0x00720680,1940,0x00f28000,15892480
605151,0x00720690,1941,0x00f2a000,15900672
605155,0x007206a0,1942,0x00f2c000,15908864
605158,0x007206b0,1943,0x00f2e000,15917056
605162,0x007206c0,1944,0x00f30000,15925248
605166,0x007206d0,1945,0x00f32000,15933440
605167,0x007206e0,1946,0x00f34000,15941632
605168,0x007206f0,1947,0x00f36000,15949824
605169,0x00720700,1948,0x00f38000,15958016
605177,0x00720710,1949,0x00f3a000,15966208
605178,0x00720720,1950,0x00f3c000,15974400
605179,0x00720730,1951,0x00f3e000,15982592
605180,0x00720740,1952,0x00f40000,15990784
605183,0x00720750,1953,0x00f42000,15998976
605186,0x00720760,1954,0x00f44000,16007168
605188,0x00720770,1955,0x00f46000,16015360
605189,0x00720780,1956,0x00f48000,16023552
605196,0x00720790,1957,0x00f4a000,16031744
605198,0x007207a0,1958,0x00f4c000,16039936
605199,0x007207b0,1959,0x00f4e000,16048128
605208,0x007207c0,1960,0x00f50000,16056320
605218,0x007207d0,1961,0x00f52000,16064512
605222,0x007207e0,1962,0x00f54000,16072704
605228,0x007207f0,1963,0x00f56000,16080896
605255,0x00720800,1965,0x00f5a000,16097280
605258,0x00720810,1966,0x00f5c000,16105472
605259,0x00720820,1967,0x00f5e000,16113664
605266,0x00720830,1968,0x00f60000,16121856
605268,0x00720840,1969,0x00f62000,16130048
605277,0x00720850,1970,0x00f64000,16138240
605286,0x00720860,1971,0x00f66000,16146432
605287,0x00720870,1972,0x00f68000,16154624
605288,0x00720880,1973,0x00f6a000,16162816
605289,0x00720890,1974,0x00f6c000,16171008
605296,0x007208a0,1975,0x00f6e000,16179200
605298,0x007208b0,1976,0x00f70000,16187392
605299,0x007208c0,1977,0x00f72000,16195584
605300,0x007208d0,1978,0x00f74000,16203776
605303,0x007208e0,1979,0x00f76000,16211968
605305,0x007208f0,1980,0x00f78000,16220160
605318,0x00720900,1981,0x00f7a000,16228352
605319,0x00720910,1982,0x00f7c000,16236544
605333,0x00720920,1983,0x00f7e000,16244736
605336,0x00720930,1984,0x00f80000,16252928
605337,0x00720940,1985,0x00f82000,16261120
605338,0x00720950,1986,0x00f84000,16269312
605339,0x00720960,1987,0x00f86000,16277504
605358,0x00720970,1988,0x00f88000,16285696
605365,0x00720980,1989,0x00f8a000,16293888
605366,0x00720990,1990,0x00f8c000,16302080
605368,0x007209a0,1991,0x00f8e000,16310272
605369,0x007209b0,1992,0x00f90000,16318464
605376,0x007209c0,1993,0x00f92000,16326656
605377,0x007209d0,1994,0x00f94000,16334848
605378,0x007209e0,1995,0x00f96000,16343040
605388,0x007209f0,1996,0x00f98000,16351232
605389,0x00720a00,1997,0x00f9a000,16359424
605398,0x00720a10,1998,0x00f9c000,16367616
605399,0x00720a20,1999,0x00f9e000,16375808
605488,0x00720a30,2000,0x00fa0000,16384000
605499,0x00720a40,2001,0x00fa2000,16392192
605500,0x00720a50,2002,0x00fa4000,16400384
605507,0x00720a60,2003,0x00fa6000,16408576
605555,0x00720a70,2004,0x00fa8000,16416768
605566,0x00720a80,2005,0x00faa000,16424960
605567,0x00720a90,2006,0x00fac000,16433152
605577,0x00720aa0,2007,0x00fae000,16441344
605580,0x00720ab0,2008,0x00fb0000,16449536
605588,0x00720ac0,2009,0x00fb2000,16457728
605589,0x00720ad0,2010,0x00fb4000,16465920
605598,0x00720ae0,2011,0x00fb6000,16474112
605599,0x00720af0,2012,0x00fb8000,16482304
688001,0x00720b00,2013,0x00fba000,16490496
688002,0x00720b10,2014,0x00fbc000,16498688
688003,0x00720b20,2015,0x00fbe000,16506880
688004,0x00720b30,2016,0x00fc0000,16515072
688005,0x00720b40,2017,0x00fc2000,16523264
688006,0x00720b50,2018,0x00fc4000,16531456
688007,0x00720b60,2019,0x00fc6000,16539648
688008,0x00720b70,2020,0x00fc8000,16547840
688009,0x00720b80,2021,0x00fca000,16556032
688010,0x00720b90,2022,0x00fcc000,16564224
688011,0x00720ba0,2023,0x00fce000,16572416
688012,0x00720bb0,2024,0x00fd0000,16580608
688013,0x00720bc0,2025,0x00fd2000,16588800
688015,0x00720bd0,2026,0x00fd4000,16596992
688016,0x00720be0,2027,0x00fd6000,16605184
688017,0x00720bf0,2028,0x00fd8000,16613376
688018,0x00720c00,2029,0x00fda000,16621568
688019,0x00720c10,2030,0x00fdc000,16629760
688020,0x00720c20,2031,0x00fde000,16637952
688021,0x00720c30,2032,0x00fe0000,16646144
688022,0x00720c40,2033,0x00fe2000,16654336
688023,0x00720c50,2034,0x00fe4000,16662528
688025,0x00720c60,2035,0x00fe6000,16670720
688026,0x00720c70,2036,0x00fe8000,16678912
688027,0x00720c80,2037,0x00fea000,16687104
688028,0x00720c90,2038,0x00fec000,16695296
688029,0x00720ca0,2039,0x00fee000,16703488
688030,0x00720cb0,2040,0x00ff0000,16711680
688031,0x00720cc0,2041,0x00ff2000,16719872
688032,0x00720cd0,2042,0x00ff4000,16728064
688033,0x00720ce0,2043,0x00ff6000,16736256
688035,0x00720cf0,2044,0x00ff8000,16744448
688036,0x00720d00,2045,0x00ffa000,16752640
688037,0x00720d10,2046,0x00ffc000,16760832
688038,0x00720d20,2047,0x00ffe000,16769024
688039,0x00720d30,2048,0x01000000,16777216
688041,0x00720d40,2049,0x01002000,16785408
688045,0x00720d50,2050,0x01004000,16793600
688046,0x00720d60,2051,0x01006000,16801792
688047,0x00720d70,2052,0x01008000,16809984
688048,0x00720d80,2053,0x0100a000,16818176
688049,0x00720d90,2054,0x0100c000,16826368
688050,0x00720da0,2055,0x0100e000,16834560
688051,0x00720db0,2056,0x01010000,16842752
688052,0x00720dc0,2057,0x01012000,16850944
688053,0x00720dd0,2058,0x01014000,16859136
688055,0x00720de0,2059,0x01016000,16867328
688056,0x00720df0,2060,0x01018000,16875520
688057,0x00720e00,2061,0x0101a000,16883712
688058,0x00720e10,2062,0x0101c000,16891904
688059,0x00720e20,2063,0x0101e000,16900096
688060,0x00720e30,2064,0x01020000,16908288
688061,0x00720e40,2065,0x01022000,16916480
688062,0x00720e50,2066,0x01024000,16924672
688063,0x00720e60,2067,0x01026000,16932864
688065,0x00720e70,2068,0x01028000,16941056
688066,0x00720e80,2069,0x0102a000,16949248
688067,0x00720e90,2070,0x0102c000,16957440
688068,0x00720ea0,2071,0x0102e000,16965632
688069,0x00720eb0,2072,0x01030000,16973824
688070,0x00720ec0,2073,0x01032000,16982016
688071,0x00720ed0,2074,0x01034000,16990208
688072,0x00720ee0,2075,0x01036000,16998400
688073,0x00720ef0,2076,0x01038000,17006592
688075,0x00720f00,2077,0x0103a000,17014784
688076,0x00720f10,2078,0x0103c000,17022976
688077,0x00720f20,2079,0x0103e000,17031168
688078,0x00720f30,2080,0x01040000,17039360
688079,0x00720f40,2081,0x01042000,17047552
688080,0x00720f50,2082,0x01044000,17055744
688081,0x00720f60,2083,0x01046000,17063936
688082,0x00720f70,2084,0x01048000,17072128
688083,0x00720f80,2085,0x0104a000,17080320
688084,0x00720f90,2086,0x0104c000,17088512
688085,0x00720fa0,2087,0x0104e000,17096704
688086,0x00720fb0,2088,0x01050000,17104896
688087,0x00720fc0,2089,0x01052000,17113088
688088,0x00720fd0,2090,0x01054000,17121280
688089,0x00720fe0,2091,0x01056000,17129472
688090,0x00720ff0,2092,0x01058000,17137664
271138,0x00765000,7922,0x03de4000,64897024
136819,0x00765080,3136,0x01880000,25690112
152551,0x00765090,3496,0x01b50000,28639232
152552,0x00765100,3497,0x01b52000,28647424
186190,0x00765110,4465,0x022e2000,36577280
155304,0x00765180,3672,0x01cb0000,30081024
241010,0x00765190,5362,0x029e4000,43925504
241011,0x00765200,5363,0x029e6000,43933696
271093,0x00765210,7908,0x03dc8000,64782336
563990,0x00765220,8864,0x04540000,72613888
241012,0x00765280,5364,0x029e8000,43941888
152556,0x00765300,3498,0x01b54000,28655616
184570,0x00765310,4170,0x02094000,34160640
184619,0x00765320,4192,0x020c0000,34340864
241013,0x00765330,5365,0x029ea000,43950080
241015,0x00765400,5366,0x029ec000,43958272
147416,0x00765480,3338,0x01a14000,27344896
184573,0x00765490,4171,0x02096000,34168832
688030,0x00765500,1995,0x00f96000,16343040
184574,0x00765510,4172,0x02098000,34177024
241017,0x00765520,5367,0x029ee000,43966464
271099,0x00765530,7909,0x03dca000,64790528
688031,0x00765580,1996,0x00f98000,16351232
184575,0x00765590,4173,0x0209a000,34185216
241018,0x007655a0,5368,0x029f0000,43974656
688032,0x00765600,1997,0x00f9a000,16359424
184576,0x00765610,4174,0x0209c000,34193408
241019,0x00765620,5369,0x029f2000,43982848
688033,0x00765680,1998,0x00f9c000,16367616
512450,0x00765690,8229,0x0404a000,67411968
184578,0x00765700,4175,0x0209e000,34201600
688035,0x00765780,1999,0x00f9e000,16375808
688036,0x00765800,2000,0x00fa0000,16384000
122393,0x00765810,3030,0x017ac000,24821760
688037,0x00765880,2001,0x00fa2000,16392192
137906,0x00765890,3225,0x01932000,26419200
688038,0x00765900,2002,0x00fa4000,16400384
137907,0x00765910,3226,0x01934000,26427392
560250,0x00765920,8633,0x04372000,70721536
688039,0x00765980,2003,0x00fa6000,16408576
515200,0x00765990,8363,0x04156000,68509696
122397,0x00765a00,3031,0x017ae000,24829952
137860,0x00765a10,3218,0x01924000,26361856
185704,0x00765a20,4389,0x0224a000,35954688
231469,0x00765b00,4595,0x023e6000,37642240
751975,0x00765b10,9022,0x0467c000,73908224
751976,0x00765b80,9023,0x0467e000,73916416
563000,0x00765c00,8808,0x044d0000,72155136
751977,0x00765c10,9024,0x04680000,73924608
185661,0x00765d00,4383,0x0223e000,35905536
242104,0x00765d10,6015,0x02efe000,49274880
751979,0x00765d20,9025,0x04682000,73932800
242106,0x00765e00,6016,0x02f00000,49283072
515160,0x00765e10,8359,0x0414e000,68476928
242107,0x00765e80,6017,0x02f02000,49291264
242108,0x00765f00,6018,0x02f04000,49299456
242060,0x00765f80,5994,0x02ed4000,49102848
115635,0x00766000,2906,0x016b4000,23805952
242063,0x00766100,5995,0x02ed6000,49111040
242064,0x00766180,5996,0x02ed8000,49119232
511920,0x00766200,9231,0x0481e000,75620352
242066,0x00766280,5997,0x02eda000,49127424
520620,0x00766290,8546,0x042c4000,70008832
242067,0x00766300,5998,0x02edc000,49135616
240444,0x00766380,5015,0x0272e000,41082880
242068,0x00766390,5999,0x02ede000,49143808
232558,0x00766400,4651,0x02456000,38100992
240445,0x00766410,5016,0x02730000,41091072
242069,0x00766420,6000,0x02ee0000,49152000
138954,0x00766580,3285,0x019aa000,26910720
240449,0x00766600,5017,0x02732000,41099264
243151,0x00766610,6572,0x03358000,53837824
589030,0x00766620,8952,0x045f0000,73334784
511880,0x00766680,8212,0x04028000,67272704
173221,0x00766700,3859,0x01e26000,31612928
520580,0x00766710,8542,0x042bc000,69976064
516250,0x00766780,8437,0x041ea000,69115904
600340,0x00766800,469,0x003aa000,3842048
600343,0x00766980,470,0x003ac000,3850240
140351,0x00766990,3291,0x019b6000,26959872
173227,0x00766a00,3860,0x01e28000,31621120
243159,0x00766a10,6573,0x0335a000,53846016
600345,0x00766a80,471,0x003ae000,3858432
600346,0x00766b00,472,0x003b0000,3866624
235267,0x00766b10,4726,0x024ec000,38715392
241530,0x00766b20,5701,0x02c8a000,46702592
241531,0x00766b80,5702,0x02c8c000,46710784
600348,0x00766c00,473,0x003b2000,3874816
241532,0x00766c10,5703,0x02c8e000,46718976
241535,0x00766d80,5704,0x02c90000,46727168
173186,0x00766e00,3853,0x01e1a000,31563776
230898,0x00766e10,4586,0x023d4000,37568512
241536,0x00766e20,5705,0x02c92000,46735360
560810,0x00766e30,8680,0x043d0000,71106560
688550,0x00766e80,2396,0x012b8000,19628032
173187,0x00766e90,3854,0x01e1c000,31571968
241537,0x00766ea0,5706,0x02c94000,46743552
688551,0x00766f00,2397,0x012ba000,19636224
143106,0x00766f10,3305,0x019d2000,27074560
244240,0x00766f20,7100,0x03778000,58163200
603050,0x00766f80,1277,0x009fa000,10461184
688552,0x00766f90,2398,0x012bc000,19644416
173189,0x00766fa0,3855,0x01e1e000,31580160
241490,0x00766fb0,5678,0x02c5c000,46514176
244241,0x00766fc0,7101,0x0377a000,58171392
603051,0x00767000,1278,0x009fc000,10469376
688553,0x00767010,2399,0x012be000,19652608
241491,0x00767020,5679,0x02c5e000,46522368
512970,0x00767030,8268,0x04098000,67731456
603052,0x00767080,1279,0x009fe000,10477568
241492,0x00767090,5680,0x02c60000,46530560
244243,0x007670a0,7102,0x0377c000,58179584
562390,0x007670b0,8779,0x04496000,71917568
603053,0x00767100,1280,0x00a00000,10485760
688555,0x00767110,2400,0x012c0000,19660800
241493,0x00767120,5681,0x02c62000,46538752
688556,0x00767180,2401,0x012c2000,19668992
241494,0x00767190,5682,0x02c64000,46546944
242621,0x007671a0,6287,0x0311e000,51503104
588500,0x007671b0,8912,0x045a0000,73007104
603055,0x00767200,1281,0x00a02000,10493952
688557,0x00767210,2402,0x012c4000,19677184
241495,0x00767220,5683,0x02c66000,46555136
242622,0x00767230,6288,0x03120000,51511296
244246,0x00767240,7103,0x0377e000,58187776
603056,0x00767280,1282,0x00a04000,10502144
688558,0x00767290,2403,0x012c6000,19685376
241496,0x007672a0,5684,0x02c68000,46563328
242623,0x007672b0,6289,0x03122000,51519488
244247,0x007672c0,7104,0x03780000,58195968
560770,0x007672d0,8676,0x043c8000,71073792
603057,0x00767300,1283,0x00a06000,10510336
688559,0x00767310,2404,0x012c8000,19693568
244248,0x00767320,7105,0x03782000,58204160
515720,0x00767330,8396,0x04198000,68780032
603058,0x00767380,1284,0x00a08000,10518528
242625,0x00767390,6290,0x03124000,51527680
244249,0x007673a0,7106,0x03784000,58212352
603059,0x00767400,1285,0x00a0a000,10526720
241499,0x00767410,5685,0x02c6a000,46571520
242580,0x00767580,6269,0x030fa000,51355648
563520,0x00767590,8832,0x04500000,72351744
601390,0x00767600,1112,0x008b0000,9109504
588460,0x00767610,8909,0x0459a000,72982528
184100,0x00767680,3979,0x01f16000,32595968
184101,0x00767700,3980,0x01f18000,32604160
515680,0x00767780,8393,0x04192000,68755456
561900,0x00767790,8756,0x04468000,71729152
136308,0x00767800,3100,0x01838000,25395200
188935,0x00767810,4559,0x0239e000,37347328
184105,0x00767900,3981,0x01f1a000,32612352
242587,0x00767910,6270,0x030fc000,51363840
245331,0x00767920,7648,0x03bc0000,62652416
152043,0x00767980,3359,0x01a3e000,27516928
245332,0x00767990,7649,0x03bc2000,62660608
601398,0x00767a00,1113,0x008b2000,9117696
184107,0x00767a10,3982,0x01f1c000,32620544
242589,0x00767a20,6271,0x030fe000,51372032
601399,0x00767a80,1114,0x008b4000,9125888
184108,0x00767a90,3983,0x01f1e000,32628736
243710,0x00767aa0,6847,0x0357e000,56090624
184060,0x00767b00,3958,0x01eec000,32423936
184109,0x00767b10,3984,0x01f20000,32636928
240960,0x00767b20,5330,0x029a4000,43663360
243711,0x00767b30,6848,0x03580000,56098816
184061,0x00767b80,3959,0x01eee000,32432128
240961,0x00767b90,5331,0x029a6000,43671552
243712,0x00767ba0,6849,0x03582000,56107008
240962,0x00767c00,5332,0x029a8000,43679744
245337,0x00767c10,7650,0x03bc4000,62668800
188895,0x00767c80,4552,0x02390000,37289984
240963,0x00767c90,5333,0x029aa000,43687936
516810,0x00767ca0,8479,0x0423e000,69459968
600900,0x00767d00,941,0x0075a000,7708672
600901,0x00767d80,942,0x0075c000,7716864
184065,0x00767d90,3960,0x01ef0000,32440320
240965,0x00767da0,5334,0x029ac000,43696128
243716,0x00767db0,6850,0x03584000,56115200
184066,0x00767e00,3961,0x01ef2000,32448512
600903,0x00767e80,943,0x0075e000,7725056
175362,0x00767f00,3904,0x01e80000,31981568
184068,0x00767f10,3962,0x01ef4000,32456704
240968,0x00767f20,5335,0x029ae000,43704320
243670,0x00767f30,6823,0x0354e000,55894016
600905,0x00767f80,944,0x00760000,7733248
184069,0x00767f90,3963,0x01ef6000,32464896
240969,0x00767fa0,5336,0x029b0000,43712512
243671,0x00767fb0,6824,0x03550000,55902208
245295,0x00767fc0,7635,0x03ba6000,62545920
589550,0x00767fd0,8990,0x0463c000,73646080
600906,0x00768000,945,0x00762000,7741440
600908,0x00768100,946,0x00764000,7749632
120303,0x00768110,3027,0x017a6000,24797184
175366,0x00768120,3905,0x01e82000,31989760
243674,0x00768130,6825,0x03552000,55910400
516770,0x00768140,8475,0x04236000,69427200
600860,0x00768180,904,0x00710000,7405568
600909,0x00768190,947,0x00766000,7757824
600861,0x00768200,905,0x00712000,7413760
600862,0x00768280,906,0x00714000,7421952
243677,0x00768290,6826,0x03554000,55918592
517900,0x007682a0,8524,0x04298000,69828608
600863,0x00768300,907,0x00716000,7430144
600864,0x00768380,908,0x00718000,7438336
600865,0x00768400,909,0x0071a000,7446528
510320,0x00768410,8141,0x03f9a000,66691072
600866,0x00768480,910,0x0071c000,7454720
603610,0x00768490,1639,0x00cce000,13426688
244801,0x007684a0,7383,0x039ae000,60481536
600867,0x00768500,911,0x0071e000,7462912
603611,0x00768510,1640,0x00cd0000,13434880
244802,0x00768520,7384,0x039b0000,60489728
270052,0x00768530,7874,0x03d84000,64503808
600868,0x00768580,912,0x00720000,7471104
603612,0x00768590,1641,0x00cd2000,13443072
185152,0x007685a0,4279,0x0216e000,35053568
244803,0x007685b0,7385,0x039b2000,60497920
562950,0x007685c0,8804,0x044c8000,72122368
600869,0x00768600,913,0x00722000,7479296
603613,0x00768610,1642,0x00cd4000,13451264
244804,0x00768620,7386,0x039b4000,60506112
000913,0x00768630,9037,0x0469a000,74031104
605196,0x00768680,1913,0x00ef2000,15671296
000914,0x00768690,9038,0x0469c000,74039296
603615,0x00768700,1643,0x00cd6000,13459456
244806,0x00768710,7387,0x039b6000,60514304
270056,0x00768720,7875,0x03d86000,64512000
603616,0x00768780,1644,0x00cd8000,13467648
605198,0x00768790,1914,0x00ef4000,15679488
185156,0x007687a0,4280,0x02170000,35061760
244807,0x007687b0,7388,0x039b8000,60522496
603617,0x00768800,1645,0x00cda000,13475840
605199,0x00768810,1915,0x00ef6000,15687680
244808,0x00768820,7389,0x039ba000,60530688
513030,0x00768830,8274,0x040a4000,67780608
603618,0x00768880,1646,0x00cdc000,13484032
603619,0x00768900,1647,0x00cde000,13492224
185159,0x00768910,4281,0x02172000,35069952
244763,0x00768a00,7363,0x03986000,60317696
244764,0x00768a80,7364,0x03988000,60325888
115082,0x00768b00,2831,0x0161e000,23191552
244766,0x00768b80,7365,0x0398a000,60334080
601952,0x00768c00,1212,0x00978000,9928704
603577,0x00768c80,1615,0x00c9e000,13230080
244768,0x00768c90,7366,0x0398c000,60342272
603578,0x00768d00,1616,0x00ca0000,13238272
152600,0x00768d10,3519,0x01b7e000,28827648
603579,0x00768d80,1617,0x00ca2000,13246464
198965,0x00768d90,4576,0x023c0000,37486592
271140,0x00768da0,7923,0x03de6000,64905216
601956,0x00768e00,1213,0x0097a000,9936896
271142,0x00768e80,7924,0x03de8000,64913408
601958,0x00768f00,1214,0x0097c000,9945088
588980,0x00768f80,8947,0x045e6000,73293824
152606,0x00769000,3520,0x01b80000,28835840
184620,0x00769010,4193,0x020c2000,34349056
152560,0x00769180,3499,0x01b56000,28663808
271148,0x00769190,7925,0x03dea000,64921600
136780,0x00769200,3130,0x01874000,25640960
152561,0x00769210,3500,0x01b58000,28672000
160455,0x00769220,3743,0x01d3e000,30662656
271149,0x00769230,7926,0x03dec000,64929792
184626,0x00769300,4194,0x020c4000,34357248
241020,0x00769310,5370,0x029f4000,43991040
245852,0x00769320,7848,0x03d50000,64290816
152564,0x00769380,3501,0x01b5a000,28680192
241021,0x00769390,5371,0x029f6000,43999232
512500,0x007693a0,8233,0x04052000,67444736
152566,0x00769480,3502,0x01b5c000,28688384
241023,0x00769490,5372,0x029f8000,44007424
136786,0x00769500,3131,0x01876000,25649152
152567,0x00769510,3503,0x01b5e000,28696576
184581,0x00769520,4176,0x020a0000,34209792
241024,0x00769530,5373,0x029fa000,44015616
245856,0x00769540,7849,0x03d52000,64299008
152568,0x00769580,3504,0x01b60000,28704768
184582,0x00769590,4177,0x020a2000,34217984
241025,0x007695a0,5374,0x029fc000,44023808
155271,0x00769600,3670,0x01cac000,30064640
184583,0x00769610,4178,0x020a4000,34226176
241026,0x00769620,5375,0x029fe000,44032000
560300,0x00769630,8638,0x0437c000,70762496
136789,0x00769680,3132,0x01878000,25657344
163208,0x00769690,3774,0x01d7c000,30916608
175927,0x007696a0,3924,0x01ea8000,32145408
184584,0x007696b0,4179,0x020a6000,34234368
245859,0x007696c0,7850,0x03d54000,64307200
688041,0x00769700,2004,0x00fa8000,16416768
155273,0x00769710,3671,0x01cae000,30072832
241028,0x00769720,5376,0x02a00000,44040192
163161,0x00769780,3768,0x01d70000,30867456
241029,0x00769790,5377,0x02a02000,44048384
101024,0x00769800,2803,0x015e6000,22962176
512460,0x00769810,8230,0x0404c000,67420160
137913,0x00769880,3227,0x01936000,26435584
688045,0x00769900,2005,0x00faa000,16424960
688046,0x00769980,2006,0x00fac000,16433152
137915,0x00769990,3228,0x01938000,26443776
175884,0x007699a0,3922,0x01ea4000,32129024
688047,0x00769a00,2007,0x00fae000,16441344
751980,0x00769a10,9026,0x04684000,73940992
688048,0x00769a80,2008,0x00fb0000,16449536
175886,0x00769a90,3923,0x01ea6000,32137216
185712,0x00769aa0,4390,0x0224c000,35962880
560260,0x00769ab0,8634,0x04374000,70729728
751981,0x00769ac0,9027,0x04686000,73949184
688049,0x00769b00,2009,0x00fb2000,16457728
185713,0x00769b10,4391,0x0224e000,35971072
515210,0x00769b20,8364,0x04158000,68517888
137870,0x00769b80,3219,0x01926000,26370048
137871,0x00769c00,3220,0x01928000,26378240
185715,0x00769c10,4392,0x02250000,35979264
751984,0x00769c20,9028,0x04688000,73957376
242110,0x00769c80,6019,0x02f06000,49307648
751985,0x00769c90,9029,0x0468a000,73965568
242112,0x00769d80,6020,0x02f08000,49315840
563010,0x00769d90,8809,0x044d2000,72163328
751987,0x00769da0,9030,0x0468c000,73973760
137875,0x00769e00,3221,0x0192a000,26386432
242113,0x00769e10,6021,0x02f0a000,49324032
242114,0x00769e80,6022,0x02f0c000,49332224
751989,0x00769e90,9031,0x0468e000,73981952
242115,0x00769f00,6023,0x02f0e000,49340416
242116,0x00769f80,6024,0x02f10000,49348608
515170,0x00769f90,8360,0x04150000,68485120
115643,0x0076a080,2907,0x016b6000,23814144
115644,0x0076a100,2908,0x016b8000,23822336
242119,0x0076a110,6025,0x02f12000,49356800
115645,0x0076a180,2909,0x016ba000,23830528
242071,0x0076a190,6001,0x02ee2000,49160192
513550,0x0076a1a0,8311,0x040ee000,68083712
185679,0x0076a280,4384,0x02240000,35913728
243200,0x0076a290,6592,0x03380000,54001664
240450,0x0076a300,5018,0x02734000,41107456
242074,0x0076a310,6002,0x02ee4000,49168384
243201,0x0076a320,6593,0x03382000,54009856
240451,0x0076a380,5019,0x02736000,41115648
511930,0x0076a390,9232,0x04820000,75628544
243203,0x0076a400,6594,0x03384000,54018048
520630,0x0076a410,8547,0x042c6000,70017024
561350,0x0076a420,8720,0x04420000,71434240
242077,0x0076a480,6003,0x02ee6000,49176576
516300,0x0076a490,8441,0x041f2000,69148672
240454,0x0076a500,5020,0x02738000,41123840
242079,0x0076a580,6004,0x02ee8000,49184768
243208,0x0076a680,6595,0x03386000,54026240
240458,0x0076a700,5021,0x0273a000,41132032
243160,0x0076a710,6574,0x0335c000,53854208
240459,0x0076a780,5022,0x0273c000,41140224
243163,0x0076a880,6575,0x0335e000,53862400
520590,0x0076a890,8543,0x042be000,69984256
243164,0x0076a900,6576,0x03360000,53870592
516260,0x0076a910,8438,0x041ec000,69124096
600350,0x0076a980,474,0x003b4000,3883008
173233,0x0076a990,3861,0x01e2a000,31629312
230945,0x0076a9a0,4588,0x023d8000,37584896
600351,0x0076aa00,475,0x003b6000,3891200
230946,0x0076aa10,4589,0x023da000,37593088
600352,0x0076aa80,476,0x003b8000,3899392
160973,0x0076aa90,3751,0x01d4e000,30728192
600353,0x0076ab00,477,0x003ba000,3907584
155831,0x0076ab10,3706,0x01cf4000,30359552
600354,0x0076ab80,478,0x003bc000,3915776
688600,0x0076ab90,2440,0x01310000,19988480
155832,0x0076aba0,3707,0x01cf6000,30367744
600355,0x0076ac00,479,0x003be000,3923968
688601,0x0076ac10,2441,0x01312000,19996672
600356,0x0076ac80,480,0x003c0000,3932160
603100,0x0076ac90,1322,0x00a54000,10829824
688602,0x0076aca0,2442,0x01314000,20004864
160977,0x0076acb0,3752,0x01d50000,30736384
173239,0x0076acc0,3862,0x01e2c000,31637504
241540,0x0076acd0,5707,0x02c96000,46751744
603101,0x0076ad00,1323,0x00a56000,10838016
688603,0x0076ad10,2443,0x01316000,20013056
163722,0x0076ad20,3813,0x01dca000,31236096
241541,0x0076ad30,5708,0x02c98000,46759936
600358,0x0076ad80,481,0x003c2000,3940352
603102,0x0076ad90,1324,0x00a58000,10846208
600359,0x0076ae00,482,0x003c4000,3948544
603103,0x0076ae10,1325,0x00a5a000,10854400
688605,0x0076ae20,2444,0x01318000,20021248
688606,0x0076ae80,2445,0x0131a000,20029440
143112,0x0076ae90,3306,0x019d4000,27082752
603105,0x0076af00,1326,0x00a5c000,10862592
688607,0x0076af10,2446,0x0131c000,20037632
171571,0x0076af20,3837,0x01dfa000,31432704
241545,0x0076af30,5709,0x02c9a000,46768128
603106,0x0076af80,1327,0x00a5e000,10870784
688608,0x0076af90,2447,0x0131e000,20045824
233659,0x0076afa0,4696,0x024b0000,38469632
241546,0x0076afb0,5710,0x02c9c000,46776320
526050,0x0076afc0,8585,0x04312000,70328320
560820,0x0076afd0,8681,0x043d2000,71114752
603107,0x0076b000,1328,0x00a60000,10878976
688560,0x0076b010,2405,0x012ca000,19701760
688609,0x0076b020,2448,0x01320000,20054016
241547,0x0076b030,5711,0x02c9e000,46784512
603108,0x0076b080,1329,0x00a62000,10887168
688561,0x0076b090,2406,0x012cc000,19709952
241548,0x0076b0a0,5712,0x02ca0000,46792704
244250,0x0076b0b0,7107,0x03786000,58220544
603060,0x0076b100,1286,0x00a0c000,10534912
603109,0x0076b110,1330,0x00a64000,10895360
688562,0x0076b120,2407,0x012ce000,19718144
163681,0x0076b130,3812,0x01dc8000,31227904
173199,0x0076b140,3856,0x01e20000,31588352
241549,0x0076b150,5713,0x02ca2000,46800896
244251,0x0076b160,7108,0x03788000,58228736
603061,0x0076b180,1287,0x00a0e000,10543104
688563,0x0076b190,2408,0x012d0000,19726336
244252,0x0076b1a0,7109,0x0378a000,58236928
512980,0x0076b1b0,8269,0x0409a000,67739648
603062,0x0076b200,1288,0x00a10000,10551296
231991,0x0076b210,4617,0x02412000,37822464
603063,0x0076b280,1289,0x00a12000,10559488
688565,0x0076b290,2409,0x012d2000,19734528
236360,0x0076b2a0,4770,0x02544000,39075840
517350,0x0076b2b0,8512,0x04280000,69730304
688566,0x0076b300,2410,0x012d4000,19742720
588510,0x0076b310,8913,0x045a2000,73015296
603065,0x0076b380,1290,0x00a14000,10567680
688567,0x0076b390,2411,0x012d6000,19750912
242632,0x0076b3a0,6291,0x03126000,51535872
244256,0x0076b3b0,7110,0x0378c000,58245120
603066,0x0076b400,1291,0x00a16000,10575872
688568,0x0076b410,2412,0x012d8000,19759104
560780,0x0076b420,8677,0x043ca000,71081984
603067,0x0076b480,1292,0x00a18000,10584064
688569,0x0076b490,2413,0x012da000,19767296
242634,0x0076b4a0,6292,0x03128000,51544064
515730,0x0076b4b0,8397,0x0419a000,68788224
603068,0x0076b500,1293,0x00a1a000,10592256
242635,0x0076b510,6293,0x0312a000,51552256
244259,0x0076b520,7111,0x0378e000,58253312
603069,0x0076b580,1294,0x00a1c000,10600448
242638,0x0076b680,6294,0x0312c000,51560448
242639,0x0076b700,6295,0x0312e000,51568640
563530,0x0076b710,8833,0x04502000,72359936
242591,0x0076b780,6272,0x03100000,51380224
588470,0x0076b790,8910,0x0459c000,72990720
184110,0x0076b800,3985,0x01f22000,32645120
188942,0x0076b810,4560,0x023a0000,37355520
242592,0x0076b820,6273,0x03102000,51388416
188943,0x0076b880,4561,0x023a2000,37363712
184112,0x0076b900,3986,0x01f24000,32653312
188944,0x0076b910,4562,0x023a4000,37371904
561910,0x0076b920,8757,0x0446a000,71737344
184113,0x0076b980,3987,0x01f26000,32661504
242595,0x0076b990,6274,0x03104000,51396608
152051,0x0076ba00,3360,0x01a40000,27525120
188946,0x0076ba10,4563,0x023a6000,37380096
242596,0x0076ba20,6275,0x03106000,51404800
245340,0x0076ba30,7651,0x03bc6000,62676992
136273,0x0076bb80,3099,0x01836000,25387008
242599,0x0076bb90,6276,0x03108000,51412992
184118,0x0076bc00,3988,0x01f28000,32669696
243720,0x0076bc10,6851,0x03586000,56123392
184070,0x0076bc80,3964,0x01ef8000,32473088
240970,0x0076bc90,5337,0x029b2000,43720704
245345,0x0076bca0,7652,0x03bc8000,62685184
589600,0x0076bcb0,8993,0x04642000,73670656
245346,0x0076bd00,7653,0x03bca000,62693376
184072,0x0076bd80,3965,0x01efa000,32481280
240972,0x0076bd90,5338,0x029b4000,43728896
245347,0x0076bda0,7654,0x03bcc000,62701568
561870,0x0076bdb0,8753,0x04462000,71704576
243724,0x0076be00,6852,0x03588000,56131584
245348,0x0076be10,7655,0x03bce000,62709760
516820,0x0076be20,8480,0x04240000,69468160
240974,0x0076be80,5339,0x029b6000,43737088
243725,0x0076be90,6853,0x0358a000,56139776
184075,0x0076bf00,3966,0x01efc000,32489472
240975,0x0076bf10,5340,0x029b8000,43745280
235833,0x0076bf80,4740,0x02508000,38830080
240976,0x0076bf90,5341,0x029ba000,43753472
240977,0x00770000,5342,0x029bc000,43761664
243680,0x00770080,6827,0x03556000,55926784
184079,0x00770100,3967,0x01efe000,32497664
240979,0x00770110,5343,0x029be000,43769856
243681,0x00770120,6828,0x03558000,55934976
270100,0x00770130,7889,0x03da2000,64626688
589560,0x00770140,8991,0x0463e000,73654272
600916,0x00770180,948,0x00768000,7766016
600917,0x00770200,949,0x0076a000,7774208
235838,0x00770210,4741,0x0250a000,38838272
243683,0x00770220,6829,0x0355a000,55943168
270102,0x00770230,7890,0x03da4000,64634880
600918,0x00770280,950,0x0076c000,7782400
243684,0x00770290,6830,0x0355c000,55951360
516780,0x007702a0,8476,0x04238000,69435392
600919,0x00770300,951,0x0076e000,7790592
600871,0x00770380,914,0x00724000,7487488
243686,0x00770390,6831,0x0355e000,55959552
600872,0x00770400,915,0x00726000,7495680
600873,0x00770480,916,0x00728000,7503872
243688,0x00770490,6832,0x03560000,55967744
600874,0x00770500,917,0x0072a000,7512064
243689,0x00770510,6833,0x03562000,55975936
270108,0x00770520,7891,0x03da6000,64643072
600875,0x00770580,918,0x0072c000,7520256
185208,0x00770590,4285,0x0217a000,35102720
244810,0x007705a0,7390,0x039bc000,60538880
510330,0x007705b0,8142,0x03f9c000,66699264
600876,0x00770600,919,0x0072e000,7528448
185209,0x00770610,4286,0x0217c000,35110912
244811,0x00770620,7391,0x039be000,60547072
270061,0x00770630,7876,0x03d88000,64520192
600877,0x00770680,920,0x00730000,7536640
244812,0x00770690,7392,0x039c0000,60555264
562960,0x00770700,8805,0x044ca000,72130560
600879,0x00770780,921,0x00732000,7544832
115131,0x00770790,2834,0x01624000,23216128
244814,0x007707a0,7393,0x039c2000,60563456
270064,0x007707b0,7877,0x03d8a000,64528384
244815,0x00770800,7394,0x039c4000,60571648
244816,0x00770880,7395,0x039c6000,60579840
603626,0x00770900,1648,0x00ce0000,13500416
244817,0x00770910,7396,0x039c8000,60588032
513040,0x00770980,8275,0x040a6000,67788800
603628,0x00770a00,1649,0x00ce2000,13508608
115136,0x00770a10,2835,0x01626000,23224320
244770,0x00770a20,7367,0x0398e000,60350464
244819,0x00770a30,7397,0x039ca000,60596224
270069,0x00770a40,7878,0x03d8c000,64536576
510290,0x00770a50,8138,0x03f94000,66666496
000928,0x00770a60,9039,0x0469e000,74047488
603580,0x00770a80,1618,0x00ca4000,13254656
603629,0x00770a90,1650,0x00ce4000,13516800
244772,0x00770b00,7368,0x03990000,60358656
603583,0x00770c00,1619,0x00ca6000,13262848
115092,0x00770c80,2832,0x01620000,23199744
244775,0x00770c90,7369,0x03992000,60366848
603585,0x00770d00,1620,0x00ca8000,13271040
244776,0x00770d10,7370,0x03994000,60375040
603586,0x00770d80,1621,0x00caa000,13279232
601963,0x00770e00,1215,0x0097e000,9953280
603587,0x00770e10,1622,0x00cac000,13287424
244778,0x00770e20,7371,0x03996000,60383232
000888,0x00770e80,181,0x0016a000,1482752
603588,0x00770e90,1623,0x00cae000,13295616
152610,0x00770ea0,3521,0x01b82000,28844032
244779,0x00770eb0,7372,0x03998000,60391424
601965,0x00770f00,1216,0x00980000,9961472
603589,0x00770f10,1624,0x00cb0000,13303808
152611,0x00770f20,3522,0x01b84000,28852224
601966,0x00770f80,1217,0x00982000,9969664
152612,0x00770f90,3523,0x01b86000,28860416
511380,0x00771000,8195,0x04006000,67133440
601968,0x00771080,1218,0x00984000,9977856
601969,0x00771100,1219,0x00986000,9986048
588990,0x00771110,8948,0x045e8000,73302016
271155,0x00771180,7927,0x03dee000,64937984
136836,0x00771200,3137,0x01882000,25698304
160462,0x00771210,3744,0x01d40000,30670848
184631,0x00771220,4195,0x020c6000,34365440
271156,0x00771230,7928,0x03df0000,64946176
271157,0x00771280,7929,0x03df2000,64954368
152570,0x00771300,3505,0x01b62000,28712960
136790,0x00771380,3133,0x0187a000,25665536
152571,0x00771390,3506,0x01b64000,28721152
184634,0x007713a0,4196,0x020c8000,34373632
245860,0x007713b0,7851,0x03d56000,64315392
152573,0x00771480,3507,0x01b66000,28729344
241030,0x00771490,5378,0x02a04000,44056576
245862,0x007714a0,7852,0x03d58000,64323584
152574,0x00771500,3508,0x01b68000,28737536
241031,0x00771510,5379,0x02a06000,44064768
512510,0x00771520,8232,0x04050000,67436544
136794,0x00771580,3134,0x0187c000,25673728
152575,0x00771590,3509,0x01b6a000,28745728
184638,0x007715a0,4197,0x020ca000,34381824
241032,0x007715b0,5380,0x02a08000,44072960
152576,0x00771600,3510,0x01b6c000,28753920
184590,0x00771610,4180,0x020a8000,34242560
241033,0x00771620,5381,0x02a0a000,44081152
163215,0x00771680,3775,0x01d7e000,30924800
184591,0x00771690,4181,0x020aa000,34250752
241034,0x007716a0,5382,0x02a0c000,44089344
245866,0x007716b0,7853,0x03d5a000,64331776
163216,0x00771700,3776,0x01d80000,30932992
184592,0x00771710,4182,0x020ac000,34258944
241035,0x00771720,5383,0x02a0e000,44097536
184593,0x00771780,4183,0x020ae000,34267136
241036,0x00771790,5384,0x02a10000,44105728
560310,0x007717a0,8639,0x0437e000,70770688
688050,0x00771800,2010,0x00fb4000,16465920
241037,0x00771810,5385,0x02a12000,44113920
688051,0x00771880,2011,0x00fb6000,16474112
184595,0x00771890,4184,0x020b0000,34275328
241038,0x007718a0,5386,0x02a14000,44122112
688052,0x00771900,2012,0x00fb8000,16482304
184596,0x00771910,4185,0x020b2000,34283520
241039,0x00771920,5387,0x02a16000,44130304
688053,0x00771980,2013,0x00fba000,16490496
184597,0x00771990,4186,0x020b4000,34291712
184598,0x00771a00,4187,0x020b6000,34299904
688055,0x00771a80,2014,0x00fbc000,16498688
184599,0x00771a90,4188,0x020b8000,34308096
688056,0x00771b00,2015,0x00fbe000,16506880
163175,0x00771b10,3769,0x01d72000,30875648
185720,0x00771b20,4393,0x02252000,35987456
588000,0x00771b30,8865,0x04542000,72622080
688057,0x00771b80,2016,0x00fc0000,16515072
510850,0x00771b90,8169,0x03fd2000,66920448
688058,0x00771c00,2017,0x00fc2000,16523264
560270,0x00771c10,8635,0x04376000,70737920
688059,0x00771c80,2018,0x00fc4000,16531456
515220,0x00771c90,8365,0x0415a000,68526080
242121,0x00771e80,6026,0x02f14000,49364992
513600,0x00771e90,8315,0x040f6000,68116480
563020,0x00771f00,8810,0x044d4000,72171520
185729,0x00771f80,4394,0x02254000,35995648
242123,0x00771f90,6027,0x02f16000,49373184
242124,0x00772000,6028,0x02f18000,49381376
115650,0x00772080,2910,0x016bc000,23838720
242125,0x00772090,6029,0x02f1a000,49389568
240502,0x00772100,5049,0x02772000,41361408
515180,0x00772110,8361,0x04152000,68493312
561400,0x00772120,8725,0x0442a000,71475200
115652,0x00772180,2911,0x016be000,23846912
232616,0x00772190,4652,0x02458000,38109184
242127,0x007721a0,6030,0x02f1c000,49397760
242128,0x00772200,6031,0x02f1e000,49405952
115654,0x00772280,2912,0x016c0000,23855104
240505,0x00772290,5050,0x02774000,41369600
242129,0x007722a0,6032,0x02f20000,49414144
185687,0x00772300,4385,0x02242000,35921920
240506,0x00772310,5051,0x02776000,41377792
513560,0x00772320,8312,0x040f0000,68091904
240507,0x00772380,5052,0x02778000,41385984
242082,0x00772390,6005,0x02eea000,49192960
240508,0x00772400,5053,0x0277a000,41394176
242083,0x00772410,6006,0x02eec000,49201152
243210,0x00772420,6596,0x03388000,54034432
243211,0x00772480,6597,0x0338a000,54042624
240461,0x00772500,5023,0x0273e000,41148416
242085,0x00772510,6007,0x02eee000,49209344
561360,0x00772580,8721,0x04422000,71442432
240463,0x00772600,5024,0x02740000,41156608
516310,0x00772610,8442,0x041f4000,69156864
600400,0x00772680,519,0x0040e000,4251648
138970,0x00772690,3286,0x019ac000,26918912
242088,0x007726a0,6008,0x02ef0000,49217536
600401,0x00772700,520,0x00410000,4259840
138971,0x00772710,3287,0x019ae000,26927104
600403,0x00772800,521,0x00412000,4268032
138973,0x00772810,3288,0x019b0000,26935296
157505,0x00772820,3727,0x01d1e000,30531584
240467,0x00772830,5025,0x02742000,41164800
243218,0x00772840,6598,0x0338c000,54050816
600405,0x00772900,522,0x00414000,4276224
240469,0x00772910,5026,0x02744000,41172992
589050,0x00772920,8953,0x045f2000,73342976
600406,0x00772980,523,0x00416000,4284416
600408,0x00772a80,524,0x00418000,4292608
160980,0x00772a90,3753,0x01d52000,30744576
243174,0x00772aa0,6577,0x03362000,53878784
516270,0x00772ab0,8439,0x041ee000,69132288
600360,0x00772b00,483,0x003c6000,3956736
600409,0x00772b10,525,0x0041a000,4300800
243175,0x00772b20,6578,0x03364000,53886976
600361,0x00772b80,484,0x003c8000,3964928
109668,0x00772b90,2814,0x015fc000,23052288
600362,0x00772c00,485,0x003ca000,3973120
600363,0x00772c80,486,0x003cc000,3981312
233660,0x00772c90,4697,0x024b2000,38477824
243178,0x00772ca0,6579,0x03366000,53895168
688610,0x00772d00,2449,0x01322000,20062208
600365,0x00772d80,487,0x003ce000,3989504
688611,0x00772d90,2450,0x01324000,20070400
155843,0x00772da0,3708,0x01cf8000,30375936
600366,0x00772e00,488,0x003d0000,3997696
603110,0x00772e10,1331,0x00a66000,10903552
688612,0x00772e20,2451,0x01326000,20078592
241550,0x00772e30,5714,0x02ca4000,46809088
600367,0x00772e80,489,0x003d2000,4005888
603111,0x00772e90,1332,0x00a68000,10911744
688613,0x00772ea0,2452,0x01328000,20086784
140375,0x00772eb0,3292,0x019b8000,26968064
241551,0x00772ec0,5715,0x02ca6000,46817280
600368,0x00772f00,490,0x003d4000,4014080
603112,0x00772f10,1333,0x00a6a000,10919936
241552,0x00772f20,5716,0x02ca8000,46825472
600369,0x00772f80,491,0x003d6000,4022272
603113,0x00772f90,1334,0x00a6c000,10928128
688615,0x00772fa0,2453,0x0132a000,20094976
241553,0x00772fb0,5717,0x02caa000,46833664
517400,0x00772fc0,8516,0x04288000,69763072
688616,0x00773000,2454,0x0132c000,20103168
241554,0x00773010,5718,0x02cac000,46841856
244305,0x00773020,7128,0x037b0000,58392576
603115,0x00773080,1335,0x00a6e000,10936320
688617,0x00773090,2455,0x0132e000,20111360
241555,0x007730a0,5719,0x02cae000,46850048
603116,0x00773100,1336,0x00a70000,10944512
688618,0x00773110,2456,0x01330000,20119552
236413,0x00773120,4772,0x02548000,39092224
560830,0x00773130,8682,0x043d4000,71122944
603117,0x00773180,1337,0x00a72000,10952704
688570,0x00773190,2414,0x012dc000,19775488
688619,0x007731a0,2457,0x01332000,20127744
241557,0x007731b0,5720,0x02cb0000,46858240
603118,0x00773200,1338,0x00a74000,10960896
688571,0x00773210,2415,0x012de000,19783680
241558,0x00773220,5721,0x02cb2000,46866432
244260,0x00773230,7112,0x03790000,58261504
603070,0x00773280,1295,0x00a1e000,10608640
603119,0x00773290,1339,0x00a76000,10969088
241559,0x007732a0,5722,0x02cb4000,46874624
603071,0x00773300,1296,0x00a20000,10616832
688573,0x00773310,2416,0x012e0000,19791872
244262,0x00773320,7113,0x03792000,58269696
512990,0x00773330,8270,0x0409c000,67747840
603072,0x00773380,1297,0x00a22000,10625024
143129,0x00773390,3307,0x019d6000,27090944
603073,0x00773400,1298,0x00a24000,10633216
688575,0x00773410,2417,0x012e2000,19800064
242640,0x00773420,6296,0x03130000,51576832
244264,0x00773430,7114,0x03794000,58277888
517360,0x00773440,8513,0x04282000,69738496
688576,0x00773480,2418,0x012e4000,19808256
242641,0x00773490,6297,0x03132000,51585024
588520,0x007734a0,8914,0x045a4000,73023488
603075,0x00773500,1299,0x00a26000,10641408
688577,0x00773510,2419,0x012e6000,19816448
244266,0x00773520,7115,0x03796000,58286080
603076,0x00773580,1300,0x00a28000,10649600
688578,0x00773590,2420,0x012e8000,19824640
242643,0x007735a0,6298,0x03134000,51593216
560790,0x007735b0,8678,0x043cc000,71090176
603077,0x00773600,1301,0x00a2a000,10657792
688579,0x00773610,2421,0x012ea000,19832832
244268,0x00773620,7116,0x03798000,58294272
603078,0x00773680,1302,0x00a2c000,10665984
244269,0x00773690,7117,0x0379a000,58302464
603079,0x00773700,1303,0x00a2e000,10674176
242646,0x00773710,6299,0x03136000,51601408
601456,0x00773780,1115,0x008b6000,9134080
242647,0x00773790,6300,0x03138000,51609600
588480,0x00773900,8911,0x0459e000,72998912
188954,0x00773a80,4564,0x023a8000,37388288
561920,0x00773a90,8758,0x0446c000,71745536
184124,0x00773b80,3989,0x01f2a000,32677888
184125,0x00773c00,3990,0x01f2c000,32686080
245351,0x00773c10,7656,0x03bd0000,62717952
152063,0x00773c80,3361,0x01a42000,27533312
245352,0x00773c90,7657,0x03bd2000,62726144
184127,0x00773d00,3991,0x01f2e000,32694272
512000,0x00773d10,9238,0x0482c000,75677696
245354,0x00773d80,7658,0x03bd4000,62734336
184080,0x00773e00,3968,0x01f00000,32505856
240980,0x00773e10,5344,0x029c0000,43778048
243731,0x00773e20,6854,0x0358c000,56147968
245355,0x00773e30,7659,0x03bd6000,62742528
240981,0x00773e80,5345,0x029c2000,43786240
243732,0x00773e90,6855,0x0358e000,56156160
245356,0x00773ea0,7660,0x03bd8000,62750720
184082,0x00773f00,3969,0x01f02000,32514048
240982,0x00773f10,5346,0x029c4000,43794432
245357,0x00773f20,7661,0x03bda000,62758912
561880,0x00773f30,8754,0x04464000,71712768
184083,0x00773f80,3970,0x01f04000,32522240
240983,0x00773f90,5347,0x029c6000,43802624
245358,0x00773fa0,7662,0x03bdc000,62767104
516830,0x00773fb0,8481,0x04242000,69476352
184084,0x007ac000,3971,0x01f06000,32530432
245359,0x007ac010,7663,0x03bde000,62775296
240985,0x007ac080,5348,0x029c8000,43810816
243736,0x007ac090,6856,0x03590000,56164352
184086,0x007ac100,3972,0x01f08000,32538624
240986,0x007ac110,5349,0x029ca000,43819008
243737,0x007ac120,6857,0x03592000,56172544
243738,0x007ac180,6858,0x03594000,56180736
175382,0x007ac200,3906,0x01e84000,31997952
184088,0x007ac210,3973,0x01f0a000,32546816
240988,0x007ac220,5350,0x029cc000,43827200
600925,0x007ac280,952,0x00770000,7798784
184089,0x007ac290,3974,0x01f0c000,32555008
243691,0x007ac2a0,6834,0x03564000,55984128
270110,0x007ac2b0,7892,0x03da8000,64651264
600926,0x007ac300,953,0x00772000,7806976
243692,0x007ac310,6835,0x03566000,55992320
600927,0x007ac380,954,0x00774000,7815168
243693,0x007ac390,6836,0x03568000,56000512
600928,0x007ac400,955,0x00776000,7823360
270113,0x007ac410,7893,0x03daa000,64659456
516790,0x007ac420,8477,0x0423a000,69443584
600880,0x007ac480,922,0x00734000,7553024
600929,0x007ac490,956,0x00778000,7831552
605255,0x007ac4a0,1920,0x00f00000,15728640
243695,0x007ac4b0,6837,0x0356a000,56008704
270114,0x007ac4c0,7894,0x03dac000,64667648
600881,0x007ac500,923,0x00736000,7561216
243696,0x007ac510,6838,0x0356c000,56016896
600882,0x007ac580,924,0x00738000,7569408
270116,0x007ac590,7895,0x03dae000,64675840
600883,0x007ac600,925,0x0073a000,7577600
605258,0x007ac610,1921,0x00f02000,15736832
243698,0x007ac620,6839,0x0356e000,56025088
600884,0x007ac680,926,0x0073c000,7585792
605259,0x007ac690,1922,0x00f04000,15745024
173767,0x007ac6a0,3881,0x01e52000,31793152
243699,0x007ac6b0,6840,0x03570000,56033280
600885,0x007ac700,927,0x0073e000,7593984
127905,0x007ac710,3075,0x01806000,25190400
173768,0x007ac720,3882,0x01e54000,31801344
244820,0x007ac730,7398,0x039cc000,60604416
270119,0x007ac740,7896,0x03db0000,64684032
600886,0x007ac780,928,0x00740000,7602176
603630,0x007ac790,1651,0x00ce6000,13524992
244821,0x007ac7a0,7399,0x039ce000,60612608
600887,0x007ac800,929,0x00742000,7610368
127907,0x007ac810,3076,0x01808000,25198592
600888,0x007ac880,930,0x00744000,7618560
244823,0x007ac890,7400,0x039d0000,60620800
562970,0x007ac8a0,8806,0x044cc000,72138752
000932,0x007ac8b0,9040,0x046a0000,74055680
600889,0x007ac900,931,0x00746000,7626752
603633,0x007ac910,1652,0x00ce8000,13533184
127909,0x007ac920,3077,0x0180a000,25206784
244824,0x007ac930,7401,0x039d2000,60628992
000933,0x007ac940,9041,0x046a2000,74063872
244825,0x007ac980,7402,0x039d4000,60637184
270075,0x007ac990,7879,0x03d8e000,64544768
000934,0x007ac9a0,9042,0x046a4000,74072064
244826,0x007aca00,7403,0x039d6000,60645376
270076,0x007aca10,7880,0x03d90000,64552960
517880,0x007aca20,8523,0x04296000,69820416
000935,0x007aca30,9043,0x046a6000,74080256
603636,0x007aca80,1653,0x00cea000,13541376
244827,0x007aca90,7404,0x039d8000,60653568
603637,0x007acb00,1654,0x00cec000,13549568
244828,0x007acb10,7405,0x039da000,60661760
513050,0x007acb20,8276,0x040a8000,67796992
603638,0x007acb80,1655,0x00cee000,13557760
143646,0x007acb90,3323,0x019f6000,27222016
244780,0x007acba0,7373,0x0399a000,60399616
244829,0x007acbb0,7406,0x039dc000,60669952
603590,0x007acc00,1625,0x00cb2000,13312000
603639,0x007acc10,1656,0x00cf0000,13565952
138504,0x007acc20,3244,0x01958000,26574848
000891,0x007acc80,182,0x0016c000,1490944
138505,0x007acc90,3245,0x0195a000,26583040
244784,0x007acd80,7374,0x0399c000,60407808
271203,0x007acd90,7944,0x03e10000,65077248
603595,0x007ace80,1626,0x00cb4000,13320192
244786,0x007ace90,7375,0x0399e000,60416000
271205,0x007acea0,7945,0x03e12000,65085440
603596,0x007acf00,1627,0x00cb6000,13328384
244787,0x007acf10,7376,0x039a0000,60424192
688091,0x0082d000,2094,0x0105c000,17154048
688092,0x0082d010,2095,0x0105e000,17162240
688093,0x0082d020,2096,0x01060000,17170432
688095,0x0082d030,2097,0x01062000,17178624
688096,0x0082d040,2098,0x01064000,17186816
688097,0x0082d050,2099,0x01066000,17195008
688098,0x0082d060,2100,0x01068000,17203200
688099,0x0082d070,2101,0x0106a000,17211392
688100,0x0082d080,2102,0x0106c000,17219584
688101,0x0082d090,2103,0x0106e000,17227776
688102,0x0082d0a0,2104,0x01070000,17235968
688103,0x0082d0b0,2105,0x01072000,17244160
688105,0x0082d0c0,2106,0x01074000,17252352
688106,0x0082d0d0,2107,0x01076000,17260544
688107,0x0082d0e0,2108,0x01078000,17268736
688108,0x0082d0f0,2109,0x0107a000,17276928
688109,0x0082d100,2110,0x0107c000,17285120
688110,0x0082d110,2111,0x0107e000,17293312
688111,0x0082d120,2112,0x01080000,17301504
688112,0x0082d130,2113,0x01082000,17309696
688113,0x0082d140,2114,0x01084000,17317888
688114,0x0082d150,2115,0x01086000,17326080
688115,0x0082d160,2116,0x01088000,17334272
688116,0x0082d170,2117,0x0108a000,17342464
688117,0x0082d180,2118,0x0108c000,17350656
688118,0x0082d190,2119,0x0108e000,17358848
688119,0x0082d1a0,2120,0x01090000,17367040
688120,0x0082d1b0,2121,0x01092000,17375232
688121,0x0082d1c0,2122,0x01094000,17383424
688122,0x0082d1d0,2123,0x01096000,17391616
688123,0x0082d1e0,2124,0x01098000,17399808
688125,0x0082d1f0,2125,0x0109a000,17408000
688126,0x0082d200,2126,0x0109c000,17416192
688127,0x0082d210,2127,0x0109e000,17424384
688128,0x0082d220,2128,0x010a0000,17432576
688129,0x0082d230,2129,0x010a2000,17440768
688130,0x0082d240,2130,0x010a4000,17448960
688131,0x0082d250,2131,0x010a6000,17457152
688132,0x0082d260,2132,0x010a8000,17465344
688133,0x0082d270,2133,0x010aa000,17473536
688135,0x0082d280,2134,0x010ac000,17481728
688136,0x0082d290,2135,0x010ae000,17489920
688137,0x0082d2a0,2136,0x010b0000,17498112
688138,0x0082d2b0,2137,0x010b2000,17506304
688139,0x0082d2c0,2138,0x010b4000,17514496
688141,0x0082d2d0,2139,0x010b6000,17522688
688143,0x0082d2e0,2140,0x010b8000,17530880
688146,0x0082d2f0,2141,0x010ba000,17539072
688147,0x0082d300,2142,0x010bc000,17547264
688148,0x0082d310,2143,0x010be000,17555456
688150,0x0082d320,2144,0x010c0000,17563648
688151,0x0082d330,2145,0x010c2000,17571840
688152,0x0082d340,2146,0x010c4000,17580032
688153,0x0082d350,2147,0x010c6000,17588224
688155,0x0082d360,2148,0x010c8000,17596416
688156,0x0082d370,2149,0x010ca000,17604608
688157,0x0082d380,2150,0x010cc000,17612800
688158,0x0082d390,2151,0x010ce000,17620992
688159,0x0082d3a0,2152,0x010d0000,17629184
688160,0x0082d3b0,2153,0x010d2000,17637376
688161,0x0082d3c0,2154,0x010d4000,17645568
688162,0x0082d3d0,2155,0x010d6000,17653760
688163,0x0082d3e0,2156,0x010d8000,17661952
688165,0x0082d3f0,2157,0x010da000,17670144
688166,0x0082d400,2158,0x010dc000,17678336
688167,0x0082d410,2159,0x010de000,17686528
688168,0x0082d420,2160,0x010e0000,17694720
688169,0x0082d430,2161,0x010e2000,17702912
688170,0x0082d440,2162,0x010e4000,17711104
688171,0x0082d450,2163,0x010e6000,17719296
688172,0x0082d460,2164,0x010e8000,17727488
688173,0x0082d470,2165,0x010ea000,17735680
688175,0x0082d480,2166,0x010ec000,17743872
688176,0x0082d490,2167,0x010ee000,17752064
688177,0x0082d4a0,2168,0x010f0000,17760256
688178,0x0082d4b0,2169,0x010f2000,17768448
688179,0x0082d4c0,2170,0x010f4000,17776640
688180,0x0082d4d0,2171,0x010f6000,17784832
688181,0x0082d4e0,2172,0x010f8000,17793024
688182,0x0082d4f0,2173,0x010fa000,17801216
688183,0x0082d500,2174,0x010fc000,17809408
688184,0x0082d510,2175,0x010fe000,17817600
688185,0x0082d520,2176,0x01100000,17825792
688186,0x0082d530,2177,0x01102000,17833984
688187,0x0082d540,2178,0x01104000,17842176
688188,0x0082d550,2179,0x01106000,17850368
688189,0x0082d560,2180,0x01108000,17858560
688190,0x0082d570,2181,0x0110a000,17866752
688191,0x0082d580,2182,0x0110c000,17874944
688192,0x0082d590,2183,0x0110e000,17883136
688193,0x0082d5a0,2184,0x01110000,17891328
688195,0x0082d5b0,2185,0x01112000,17899520
688196,0x0082d5c0,2186,0x01114000,17907712
688197,0x0082d5d0,2187,0x01116000,17915904
688198,0x0082d5e0,2188,0x01118000,17924096
688199,0x0082d5f0,2189,0x0111a000,17932288
688200,0x0082d600,2190,0x0111c000,17940480
688201,0x0082d610,2191,0x0111e000,17948672
688202,0x0082d620,2192,0x01120000,17956864
688203,0x0082d630,2193,0x01122000,17965056
688205,0x0082d640,2194,0x01124000,17973248
688206,0x0082d650,2195,0x01126000,17981440
688207,0x0082d660,2196,0x01128000,17989632
688208,0x0082d670,2197,0x0112a000,17997824
688209,0x0082d680,2198,0x0112c000,18006016
688210,0x0082d690,2199,0x0112e000,18014208
688211,0x0082d6a0,2200,0x01130000,18022400
688212,0x0082d6b0,2201,0x01132000,18030592
688213,0x0082d6c0,2202,0x01134000,18038784
688215,0x0082d6d0,2203,0x01136000,18046976
688216,0x0082d6e0,2204,0x01138000,18055168
688217,0x0082d6f0,2205,0x0113a000,18063360
688218,0x0082d700,2206,0x0113c000,18071552
688219,0x0082d710,2207,0x0113e000,18079744
688220,0x0082d720,2208,0x01140000,18087936
688221,0x0082d730,2209,0x01142000,18096128
688222,0x0082d740,2210,0x01144000,18104320
688223,0x0082d750,2211,0x01146000,18112512
688225,0x0082d760,2212,0x01148000,18120704
688226,0x0082d770,2213,0x0114a000,18128896
688227,0x0082d780,2214,0x0114c000,18137088
688228,0x0082d790,2215,0x0114e000,18145280
688229,0x0082d7a0,2216,0x01150000,18153472
688230,0x0082d7b0,2217,0x01152000,18161664
688231,0x0082d7c0,2218,0x01154000,18169856
688232,0x0082d7d0,2219,0x01156000,18178048
688233,0x0082d7e0,2220,0x01158000,18186240
688234,0x0082d7f0,2221,0x0115a000,18194432
688235,0x0082d800,2222,0x0115c000,18202624
688236,0x0082d810,2223,0x0115e000,18210816
688237,0x0082d820,2224,0x01160000,18219008
688238,0x0082d830,2225,0x01162000,18227200
688239,0x0082d840,2226,0x01164000,18235392
688244,0x0082d850,2227,0x01166000,18243584
688246,0x0082d860,2228,0x01168000,18251776
688247,0x0082d870,2229,0x0116a000,18259968
688248,0x0082d880,2230,0x0116c000,18268160
688249,0x0082d890,2231,0x0116e000,18276352
688251,0x0082d8a0,2232,0x01170000,18284544
688252,0x0082d8b0,2233,0x01172000,18292736
688253,0x0082d8c0,2234,0x01174000,18300928
688255,0x0082d8d0,2235,0x01176000,18309120
688256,0x0082d8e0,2236,0x01178000,18317312
688257,0x0082d8f0,2237,0x0117a000,18325504
688258,0x0082d900,2238,0x0117c000,18333696
688259,0x0082d910,2239,0x0117e000,18341888
688260,0x0082d920,2240,0x01180000,18350080
688261,0x0082d930,2241,0x01182000,18358272
688262,0x0082d940,2242,0x01184000,18366464
688265,0x0082d950,2243,0x01186000,18374656
688266,0x0082d960,2244,0x01188000,18382848
688267,0x0082d970,2245,0x0118a000,18391040
688268,0x0082d980,2246,0x0118c000,18399232
688269,0x0082d990,2247,0x0118e000,18407424
688270,0x0082d9a0,2248,0x01190000,18415616
688271,0x0082d9b0,2249,0x01192000,18423808
688272,0x0082d9c0,2250,0x01194000,18432000
688273,0x0082d9d0,2251,0x01196000,18440192
688275,0x0082d9e0,2252,0x01198000,18448384
688276,0x0082d9f0,2253,0x0119a000,18456576
688277,0x0082da00,2254,0x0119c000,18464768
688278,0x0082da10,2255,0x0119e000,18472960
688279,0x0082da20,2256,0x011a0000,18481152
688280,0x0082da30,2257,0x011a2000,18489344
688281,0x0082da40,2258,0x011a4000,18497536
688282,0x0082da50,2259,0x011a6000,18505728
688283,0x0082da60,2260,0x011a8000,18513920
688285,0x0082da70,2261,0x011aa000,18522112
688286,0x0082da80,2262,0x011ac000,18530304
688287,0x0082da90,2263,0x011ae000,18538496
688288,0x0082daa0,2264,0x011b0000,18546688
688289,0x0082dab0,2265,0x011b2000,18554880
688290,0x0082dac0,2266,0x011b4000,18563072
688291,0x0082dad0,2267,0x011b6000,18571264
688292,0x0082dae0,2268,0x011b8000,18579456
688293,0x0082daf0,2269,0x011ba000,18587648
688295,0x0082db00,2270,0x011bc000,18595840
688296,0x0082db10,2271,0x011be000,18604032
688297,0x0082db20,2272,0x011c0000,18612224
688298,0x0082db30,2273,0x011c2000,18620416
688299,0x0082db40,2274,0x011c4000,18628608
688300,0x0082db50,2276,0x011c8000,18644992
688301,0x0082db60,2277,0x011ca000,18653184
688302,0x0082db70,2278,0x011cc000,18661376
688303,0x0082db80,2279,0x011ce000,18669568
688305,0x0082db90,2280,0x011d0000,18677760
688306,0x0082dba0,2281,0x011d2000,18685952
688307,0x0082dbb0,2282,0x011d4000,18694144
688308,0x0082dbc0,2283,0x011d6000,18702336
688309,0x0082dbd0,2284,0x011d8000,18710528
688310,0x0082dbe0,2285,0x011da000,18718720
688311,0x0082dbf0,2286,0x011dc000,18726912
688312,0x0082dc00,2287,0x011de000,18735104
688313,0x0082dc10,2288,0x011e0000,18743296
688314,0x0082dc20,2289,0x011e2000,18751488
688315,0x0082dc30,2290,0x011e4000,18759680
688316,0x0082dc40,2291,0x011e6000,18767872
688317,0x0082dc50,2292,0x011e8000,18776064
688318,0x0082dc60,2293,0x011ea000,18784256
688319,0x0082dc70,2294,0x011ec000,18792448
688320,0x0082dc80,2295,0x011ee000,18800640
688321,0x0082dc90,2296,0x011f0000,18808832
688322,0x0082dca0,2297,0x011f2000,18817024
688323,0x0082dcb0,2298,0x011f4000,18825216
688325,0x0082dcc0,2299,0x011f6000,18833408
688326,0x0082dcd0,2300,0x011f8000,18841600
688327,0x0082dce0,2301,0x011fa000,18849792
688328,0x0082dcf0,2302,0x011fc000,18857984
688329,0x0082dd00,2303,0x011fe000,18866176
688330,0x0082dd10,2304,0x01200000,18874368
688331,0x0082dd20,2305,0x01202000,18882560
688332,0x0082dd30,2306,0x01204000,18890752
688333,0x0082dd40,2307,0x01206000,18898944
688334,0x0082dd50,2308,0x01208000,18907136
688335,0x0082dd60,2309,0x0120a000,18915328
688336,0x0082dd70,2310,0x0120c000,18923520
688337,0x0082dd80,2311,0x0120e000,18931712
688338,0x0082dd90,2312,0x01210000,18939904
688339,0x0082dda0,2313,0x01212000,18948096
688343,0x0082ddb0,2314,0x01214000,18956288
688345,0x0082ddc0,2315,0x01216000,18964480
688347,0x0082ddd0,2316,0x01218000,18972672
688348,0x0082dde0,2317,0x0121a000,18980864
688349,0x0082ddf0,2318,0x0121c000,18989056
688350,0x0082de00,2319,0x0121e000,18997248
688351,0x0082de10,2320,0x01220000,19005440
688352,0x0082de20,2321,0x01222000,19013632
688353,0x0082de30,2322,0x01224000,19021824
688355,0x0082de40,2323,0x01226000,19030016
688356,0x0082de50,2324,0x01228000,19038208
688357,0x0082de60,2325,0x0122a000,19046400
688358,0x0082de70,2326,0x0122c000,19054592
688359,0x0082de80,2327,0x0122e000,19062784
688360,0x0082de90,2328,0x01230000,19070976
688361,0x0082dea0,2329,0x01232000,19079168
688362,0x0082deb0,2330,0x01234000,19087360
688363,0x0082dec0,2331,0x01236000,19095552
688365,0x0082ded0,2332,0x01238000,19103744
688366,0x0082dee0,2333,0x0123a000,19111936
688367,0x0082def0,2334,0x0123c000,19120128
688368,0x0082df00,2335,0x0123e000,19128320
688369,0x0082df10,2336,0x01240000,19136512
688370,0x0082df20,2337,0x01242000,19144704
688371,0x0082df30,2338,0x01244000,19152896
688372,0x0082df40,2339,0x01246000,19161088
688373,0x0082df50,2340,0x01248000,19169280
688375,0x0082df60,2341,0x0124a000,19177472
688376,0x0082df70,2342,0x0124c000,19185664
688377,0x0082df80,2343,0x0124e000,19193856
688378,0x0082df90,2344,0x01250000,19202048
688379,0x0082dfa0,2345,0x01252000,19210240
688380,0x0082dfb0,2346,0x01254000,19218432
688381,0x0082dfc0,2347,0x01256000,19226624
688382,0x0082dfd0,2348,0x01258000,19234816
688383,0x0082dfe0,2349,0x0125a000,19243008
688385,0x0082dff0,2350,0x0125c000,19251200
603598,0x008e3000,1628,0x00cb8000,13336576
601975,0x008e3080,1220,0x00988000,9994240
603599,0x008e3090,1629,0x00cba000,13344768
271160,0x008e30a0,7930,0x03df4000,64962560
152624,0x008e3200,3524,0x01b88000,28868608
271163,0x008e3210,7931,0x03df6000,64970752
152626,0x008e3300,3525,0x01b8a000,28876800
152627,0x008e3380,3526,0x01b8c000,28884992
152628,0x008e3400,3527,0x01b8e000,28893184
152580,0x008e3480,3511,0x01b6e000,28762112
152629,0x008e3490,3528,0x01b90000,28901376
688100,0x008e3500,2056,0x01010000,16842752
136849,0x008e3510,3138,0x01884000,25706496
152581,0x008e3520,3512,0x01b70000,28770304
184644,0x008e3530,4198,0x020cc000,34390016
271169,0x008e3540,7932,0x03df8000,64978944
688101,0x008e3580,2057,0x01012000,16850944
152582,0x008e3590,3513,0x01b72000,28778496
184645,0x008e35a0,4199,0x020ce000,34398208
688102,0x008e3600,2058,0x01014000,16859136
152583,0x008e3610,3514,0x01b74000,28786688
688103,0x008e3680,2059,0x01016000,16867328
122460,0x008e3690,3036,0x017b8000,24870912
184647,0x008e36a0,4200,0x020d0000,34406400
241041,0x008e36b0,5388,0x02a18000,44138496
512520,0x008e36c0,8234,0x04054000,67452928
245874,0x008e3700,7854,0x03d5c000,64339968
688105,0x008e3780,2060,0x01018000,16875520
184649,0x008e3790,4201,0x020d2000,34414592
241043,0x008e37a0,5389,0x02a1a000,44146688
688106,0x008e3800,2061,0x0101a000,16883712
152587,0x008e3810,3515,0x01b76000,28794880
688107,0x008e3880,2062,0x0101c000,16891904
241045,0x008e3890,5390,0x02a1c000,44154880
510900,0x008e38a0,8171,0x03fd6000,66936832
688108,0x008e3900,2063,0x0101e000,16900096
560320,0x008e3910,8640,0x04380000,70778880
688060,0x008e3980,2019,0x00fc6000,16539648
688109,0x008e3990,2064,0x01020000,16908288
241047,0x008e39a0,5391,0x02a1e000,44163072
688061,0x008e3a00,2020,0x00fc8000,16547840
241048,0x008e3a10,5392,0x02a20000,44171264
688062,0x008e3a80,2021,0x00fca000,16556032
688063,0x008e3b00,2022,0x00fcc000,16564224
163182,0x008e3b10,3770,0x01d74000,30883840
512480,0x008e3b20,8231,0x0404e000,67428352
137933,0x008e3b80,3229,0x0193a000,26451968
688065,0x008e3c00,2023,0x00fce000,16572416
688066,0x008e3c80,2024,0x00fd0000,16580608
588010,0x008e3c90,8866,0x04544000,72630272
688067,0x008e3d00,2025,0x00fd2000,16588800
688068,0x008e3d80,2026,0x00fd4000,16596992
185732,0x008e3d90,4395,0x02256000,36003840
560280,0x008e3da0,8636,0x04378000,70746112
688069,0x008e3e00,2027,0x00fd6000,16605184
163188,0x008e3e10,3771,0x01d76000,30892032
515230,0x008e3e20,8366,0x0415c000,68534272
137891,0x008e3f00,3222,0x0192c000,26394624
242130,0x008e3f80,6033,0x02f22000,49422336
688386,0x0092f000,2352,0x01260000,19267584
688387,0x0092f010,2353,0x01262000,19275776
688388,0x0092f020,2354,0x01264000,19283968
688389,0x0092f030,2355,0x01266000,19292160
688390,0x0092f040,2356,0x01268000,19300352
688391,0x0092f050,2357,0x0126a000,19308544
688392,0x0092f060,2358,0x0126c000,19316736
688393,0x0092f070,2359,0x0126e000,19324928
688395,0x0092f080,2360,0x01270000,19333120
688396,0x0092f090,2361,0x01272000,19341312
688398,0x0092f0a0,2362,0x01274000,19349504
688399,0x0092f0b0,2363,0x01276000,19357696
688400,0x0092f0c0,2364,0x01278000,19365888
688401,0x0092f0d0,2365,0x0127a000,19374080
688403,0x0092f0e0,2366,0x0127c000,19382272
688408,0x0092f0f0,2367,0x0127e000,19390464
688409,0x0092f100,2368,0x01280000,19398656
688410,0x0092f110,2369,0x01282000,19406848
688411,0x0092f120,2370,0x01284000,19415040
688416,0x0092f130,2371,0x01286000,19423232
688418,0x0092f140,2372,0x01288000,19431424
688419,0x0092f150,2373,0x0128a000,19439616
688420,0x0092f160,2374,0x0128c000,19447808
688425,0x0092f170,2375,0x0128e000,19456000
688426,0x0092f180,2376,0x01290000,19464192
688428,0x0092f190,2377,0x01292000,19472384
688429,0x0092f1a0,2378,0x01294000,19480576
688432,0x0092f1b0,2379,0x01296000,19488768
688433,0x0092f1c0,2380,0x01298000,19496960
688435,0x0092f1d0,2381,0x0129a000,19505152
688439,0x0092f1e0,2382,0x0129c000,19513344
688443,0x0092f1f0,2383,0x0129e000,19521536
688448,0x0092f200,2384,0x012a0000,19529728
688449,0x0092f210,2385,0x012a2000,19537920
688450,0x0092f220,2386,0x012a4000,19546112
688455,0x0092f230,2387,0x012a6000,19554304
688456,0x0092f240,2388,0x012a8000,19562496
688458,0x0092f250,2389,0x012aa000,19570688
688459,0x0092f260,2390,0x012ac000,19578880
688466,0x0092f270,2391,0x012ae000,19587072
688468,0x0092f280,2392,0x012b0000,19595264
688469,0x0092f290,2393,0x012b2000,19603456
688472,0x0092f2a0,2394,0x012b4000,19611648
688475,0x0092f2b0,2395,0x012b6000,19619840
688478,0x0092f2c0,2396,0x012b8000,19628032
688479,0x0092f2d0,2397,0x012ba000,19636224
688480,0x0092f2e0,2398,0x012bc000,19644416
688484,0x0092f2f0,2399,0x012be000,19652608
688485,0x0092f300,2400,0x012c0000,19660800
688486,0x0092f310,2401,0x012c2000,19668992
688488,0x0092f320,2402,0x012c4000,19677184
688489,0x0092f330,2403,0x012c6000,19685376
688496,0x0092f340,2404,0x012c8000,19693568
688498,0x0092f350,2405,0x012ca000,19701760
688499,0x0092f360,2406,0x012cc000,19709952
688500,0x0092f370,2407,0x012ce000,19718144
688501,0x0092f380,2408,0x012d0000,19726336
688502,0x0092f390,2409,0x012d2000,19734528
688503,0x0092f3a0,2410,0x012d4000,19742720
688505,0x0092f3b0,2411,0x012d6000,19750912
688506,0x0092f3c0,2412,0x012d8000,19759104
688507,0x0092f3d0,2413,0x012da000,19767296
688508,0x0092f3e0,2414,0x012dc000,19775488
688509,0x0092f3f0,2415,0x012de000,19783680
688510,0x0092f400,2416,0x012e0000,19791872
688511,0x0092f410,2417,0x012e2000,19800064
688512,0x0092f420,2418,0x012e4000,19808256
688513,0x0092f430,2419,0x012e6000,19816448
688515,0x0092f440,2420,0x012e8000,19824640
688516,0x0092f450,2421,0x012ea000,19832832
688517,0x0092f460,2422,0x012ec000,19841024
688518,0x0092f470,2423,0x012ee000,19849216
688519,0x0092f480,2424,0x012f0000,19857408
688520,0x0092f490,2425,0x012f2000,19865600
688521,0x0092f4a0,2426,0x012f4000,19873792
688522,0x0092f4b0,2427,0x012f6000,19881984
688523,0x0092f4c0,2428,0x012f8000,19890176
688525,0x0092f4d0,2429,0x012fa000,19898368
688526,0x0092f4e0,2430,0x012fc000,19906560
688528,0x0092f4f0,2431,0x012fe000,19914752
688529,0x0092f500,2432,0x01300000,19922944
688530,0x0092f510,2433,0x01302000,19931136
688531,0x0092f520,2434,0x01304000,19939328
688533,0x0092f530,2435,0x01306000,19947520
688535,0x0092f540,2436,0x01308000,19955712
688536,0x0092f550,2437,0x0130a000,19963904
688538,0x0092f560,2438,0x0130c000,19972096
688539,0x0092f570,2439,0x0130e000,19980288
688543,0x0092f580,2440,0x01310000,19988480
688545,0x0092f590,2441,0x01312000,19996672
688548,0x0092f5a0,2442,0x01314000,20004864
688549,0x0092f5b0,2443,0x01316000,20013056
688550,0x0092f5c0,2444,0x01318000,20021248
688551,0x0092f5d0,2445,0x0131a000,20029440
688552,0x0092f5e0,2446,0x0131c000,20037632
688553,0x0092f5f0,2447,0x0131e000,20045824
688555,0x0092f600,2448,0x01320000,20054016
688556,0x0092f610,2449,0x01322000,20062208
688557,0x0092f620,2450,0x01324000,20070400
688558,0x0092f630,2451,0x01326000,20078592
688559,0x0092f640,2452,0x01328000,20086784
688560,0x0092f650,2453,0x0132a000,20094976
688561,0x0092f660,2454,0x0132c000,20103168
688562,0x0092f670,2455,0x0132e000,20111360
688563,0x0092f680,2456,0x01330000,20119552
688565,0x0092f690,2457,0x01332000,20127744
688566,0x0092f6a0,2458,0x01334000,20135936
688567,0x0092f6b0,2459,0x01336000,20144128
688568,0x0092f6c0,2460,0x01338000,20152320
688569,0x0092f6d0,2461,0x0133a000,20160512
688570,0x0092f6e0,2462,0x0133c000,20168704
688571,0x0092f6f0,2463,0x0133e000,20176896
688573,0x0092f700,2464,0x01340000,20185088
688575,0x0092f710,2465,0x01342000,20193280
688576,0x0092f720,2466,0x01344000,20201472
688577,0x0092f730,2467,0x01346000,20209664
688578,0x0092f740,2468,0x01348000,20217856
688579,0x0092f750,2469,0x0134a000,20226048
688580,0x0092f760,2470,0x0134c000,20234240
688581,0x0092f770,2471,0x0134e000,20242432
688582,0x0092f780,2472,0x01350000,20250624
688583,0x0092f790,2473,0x01352000,20258816
688584,0x0092f7a0,2474,0x01354000,20267008
688585,0x0092f7b0,2475,0x01356000,20275200
688586,0x0092f7c0,2476,0x01358000,20283392
688588,0x0092f7d0,2477,0x0135a000,20291584
688589,0x0092f7e0,2478,0x0135c000,20299776
688590,0x0092f7f0,2479,0x0135e000,20307968
688591,0x0092f800,2480,0x01360000,20316160
688592,0x0092f810,2481,0x01362000,20324352
688593,0x0092f820,2482,0x01364000,20332544
688595,0x0092f830,2483,0x01366000,20340736
688596,0x0092f840,2484,0x01368000,20348928
688597,0x0092f850,2485,0x0136a000,20357120
688598,0x0092f860,2486,0x0136c000,20365312
688599,0x0092f870,2487,0x0136e000,20373504
688600,0x0092f880,2488,0x01370000,20381696
688601,0x0092f890,2489,0x01372000,20389888
688602,0x0092f8a0,2490,0x01374000,20398080
688603,0x0092f8b0,2491,0x01376000,20406272
688605,0x0092f8c0,2492,0x01378000,20414464
688606,0x0092f8d0,2493,0x0137a000,20422656
688607,0x0092f8e0,2494,0x0137c000,20430848
688608,0x0092f8f0,2495,0x0137e000,20439040
688609,0x0092f900,2496,0x01380000,20447232
688610,0x0092f910,2497,0x01382000,20455424
688611,0x0092f920,2498,0x01384000,20463616
688612,0x0092f930,2499,0x01386000,20471808
688613,0x0092f940,2500,0x01388000,20480000
688615,0x0092f950,2501,0x0138a000,20488192
688616,0x0092f960,2502,0x0138c000,20496384
688617,0x0092f970,2503,0x0138e000,20504576
688618,0x0092f980,2504,0x01390000,20512768
688619,0x0092f990,2505,0x01392000,20520960
688620,0x0092f9a0,2506,0x01394000,20529152
688621,0x0092f9b0,2507,0x01396000,20537344
688622,0x0092f9c0,2508,0x01398000,20545536
688623,0x0092f9d0,2509,0x0139a000,20553728
688625,0x0092f9e0,2510,0x0139c000,20561920
688626,0x0092f9f0,2511,0x0139e000,20570112
688627,0x0092fa00,2512,0x013a0000,20578304
688628,0x0092fa10,2513,0x013a2000,20586496
688629,0x0092fa20,2514,0x013a4000,20594688
688630,0x0092fa30,2515,0x013a6000,20602880
688631,0x0092fa40,2516,0x013a8000,20611072
688633,0x0092fa50,2517,0x013aa000,20619264
688635,0x0092fa60,2518,0x013ac000,20627456
688636,0x0092fa70,2519,0x013ae000,20635648
688638,0x0092fa80,2520,0x013b0000,20643840
688639,0x0092fa90,2521,0x013b2000,20652032
688646,0x0092faa0,2522,0x013b4000,20660224
688648,0x0092fab0,2523,0x013b6000,20668416
688651,0x0092fac0,2524,0x013b8000,20676608
688652,0x0092fad0,2525,0x013ba000,20684800
688653,0x0092fae0,2526,0x013bc000,20692992
688655,0x0092faf0,2527,0x013be000,20701184
688656,0x0092fb00,2528,0x013c0000,20709376
688657,0x0092fb10,2529,0x013c2000,20717568
688658,0x0092fb20,2530,0x013c4000,20725760
688659,0x0092fb30,2531,0x013c6000,20733952
688660,0x0092fb40,2532,0x013c8000,20742144
688661,0x0092fb50,2533,0x013ca000,20750336
688662,0x0092fb60,2534,0x013cc000,20758528
688663,0x0092fb70,2535,0x013ce000,20766720
688665,0x0092fb80,2536,0x013d0000,20774912
688667,0x0092fb90,2537,0x013d2000,20783104
688668,0x0092fba0,2538,0x013d4000,20791296
688669,0x0092fbb0,2539,0x013d6000,20799488
688670,0x0092fbc0,2540,0x013d8000,20807680
688671,0x0092fbd0,2541,0x013da000,20815872
688676,0x0092fbe0,2542,0x013dc000,20824064
688677,0x0092fbf0,2543,0x013de000,20832256
688678,0x0092fc00,2544,0x013e0000,20840448
688679,0x0092fc10,2545,0x013e2000,20848640
688680,0x0092fc20,2546,0x013e4000,20856832
688681,0x0092fc30,2547,0x013e6000,20865024
688682,0x0092fc40,2548,0x013e8000,20873216
688683,0x0092fc50,2549,0x013ea000,20881408
688685,0x0092fc60,2550,0x013ec000,20889600
688686,0x0092fc70,2551,0x013ee000,20897792
688687,0x0092fc80,2552,0x013f0000,20905984
688689,0x0092fc90,2553,0x013f2000,20914176
688690,0x0092fca0,2554,0x013f4000,20922368
688691,0x0092fcb0,2555,0x013f6000,20930560
688692,0x0092fcc0,2556,0x013f8000,20938752
688693,0x0092fcd0,2557,0x013fa000,20946944
688695,0x0092fce0,2558,0x013fc000,20955136
688696,0x0092fcf0,2559,0x013fe000,20963328
688697,0x0092fd00,2560,0x01400000,20971520
688698,0x0092fd10,2561,0x01402000,20979712
688699,0x0092fd20,2562,0x01404000,20987904
688700,0x0092fd30,2563,0x01406000,20996096
688701,0x0092fd40,2564,0x01408000,21004288
688702,0x0092fd50,2565,0x0140a000,21012480
688707,0x0092fd60,2566,0x0140c000,21020672
688708,0x0092fd70,2567,0x0140e000,21028864
688709,0x0092fd80,2568,0x01410000,21037056
688710,0x0092fd90,2569,0x01412000,21045248
688711,0x0092fda0,2570,0x01414000,21053440
688712,0x0092fdb0,2571,0x01416000,21061632
688716,0x0092fdc0,2572,0x01418000,21069824
688717,0x0092fdd0,2573,0x0141a000,21078016
688718,0x0092fde0,2574,0x0141c000,21086208
688719,0x0092fdf0,2575,0x0141e000,21094400
688720,0x0092fe00,2576,0x01420000,21102592
688721,0x0092fe10,2577,0x01422000,21110784
688722,0x0092fe20,2578,0x01424000,21118976
688726,0x0092fe30,2579,0x01426000,21127168
688727,0x0092fe40,2580,0x01428000,21135360
688728,0x0092fe50,2581,0x0142a000,21143552
688729,0x0092fe60,2582,0x0142c000,21151744
688733,0x0092fe70,2583,0x0142e000,21159936
688737,0x0092fe80,2584,0x01430000,21168128
688739,0x0092fe90,2585,0x01432000,21176320
688750,0x0092fea0,2586,0x01434000,21184512
688755,0x0092feb0,2587,0x01436000,21192704
688757,0x0092fec0,2588,0x01438000,21200896
688758,0x0092fed0,2589,0x0143a000,21209088
688759,0x0092fee0,2590,0x0143c000,21217280
688765,0x0092fef0,2591,0x0143e000,21225472
688766,0x0092ff00,2592,0x01440000,21233664
688767,0x0092ff10,2593,0x01442000,21241856
688768,0x0092ff20,2594,0x01444000,21250048
688772,0x0092ff30,2595,0x01446000,21258240
688775,0x0092ff40,2596,0x01448000,21266432
688776,0x0092ff50,2597,0x0144a000,21274624
688777,0x0092ff60,2598,0x0144c000,21282816
688778,0x0092ff70,2599,0x0144e000,21291008
688779,0x0092ff80,2600,0x01450000,21299200
688781,0x0092ff90,2601,0x01452000,21307392
688783,0x0092ffa0,2602,0x01454000,21315584
688785,0x0092ffb0,2603,0x01456000,21323776
688786,0x0092ffc0,2604,0x01458000,21331968
688787,0x0092ffd0,2605,0x0145a000,21340160
688788,0x0092ffe0,2606,0x0145c000,21348352
688789,0x0092fff0,2607,0x0145e000,21356544
688790,0x00a30000,2609,0x01462000,21372928
688793,0x00a30010,2610,0x01464000,21381120
688795,0x00a30020,2611,0x01466000,21389312
688796,0x00a30030,2612,0x01468000,21397504
688797,0x00a30040,2613,0x0146a000,21405696
688798,0x00a30050,2614,0x0146c000,21413888
688799,0x00a30060,2615,0x0146e000,21422080
688800,0x00a30070,2616,0x01470000,21430272
688802,0x00a30080,2617,0x01472000,21438464
688805,0x00a30090,2618,0x01474000,21446656
688806,0x00a300a0,2619,0x01476000,21454848
688807,0x00a300b0,2620,0x01478000,21463040
688808,0x00a300c0,2621,0x0147a000,21471232
688809,0x00a300d0,2622,0x0147c000,21479424
688811,0x00a300e0,2623,0x0147e000,21487616
688813,0x00a300f0,2624,0x01480000,21495808
688816,0x00a30100,2625,0x01482000,21504000
688818,0x00a30110,2626,0x01484000,21512192
688819,0x00a30120,2627,0x01486000,21520384
688820,0x00a30130,2628,0x01488000,21528576
688825,0x00a30140,2629,0x0148a000,21536768
688826,0x00a30150,2630,0x0148c000,21544960
688828,0x00a30160,2631,0x0148e000,21553152
688835,0x00a30170,2632,0x01490000,21561344
688836,0x00a30180,2633,0x01492000,21569536
688981,0x00a30190,2634,0x01494000,21577728
689009,0x00a301a0,2635,0x01496000,21585920
900901,0x00a301b0,2636,0x01498000,21594112
900902,0x00a301c0,2637,0x0149a000,21602304
900903,0x00a301d0,2638,0x0149c000,21610496
900904,0x00a301e0,2639,0x0149e000,21618688
900905,0x00a301f0,2640,0x014a0000,21626880
900906,0x00a30200,2641,0x014a2000,21635072
900907,0x00a30210,2642,0x014a4000,21643264
900908,0x00a30220,2643,0x014a6000,21651456
900909,0x00a30230,2644,0x014a8000,21659648
900910,0x00a30240,2645,0x014aa000,21667840
900911,0x00a30250,2646,0x014ac000,21676032
900912,0x00a30260,2647,0x014ae000,21684224
900913,0x00a30270,2648,0x014b0000,21692416
900914,0x00a30280,2649,0x014b2000,21700608
900915,0x00a30290,2650,0x014b4000,21708800
900916,0x00a302a0,2651,0x014b6000,21716992
900917,0x00a302b0,2652,0x014b8000,21725184
900918,0x00a302c0,2653,0x014ba000,21733376
900919,0x00a302d0,2654,0x014bc000,21741568
900920,0x00a302e0,2655,0x014be000,21749760
900921,0x00a302f0,2656,0x014c0000,21757952
900922,0x00a30300,2657,0x014c2000,21766144
900923,0x00a30310,2658,0x014c4000,21774336
900924,0x00a30320,2659,0x014c6000,21782528
900925,0x00a30330,2660,0x014c8000,21790720
900926,0x00a30340,2661,0x014ca000,21798912
900927,0x00a30350,2662,0x014cc000,21807104
900928,0x00a30360,2663,0x014ce000,21815296
900929,0x00a30370,2664,0x014d0000,21823488
900930,0x00a30380,2665,0x014d2000,21831680
900932,0x00a30390,2666,0x014d4000,21839872
900933,0x00a303a0,2667,0x014d6000,21848064
900934,0x00a303b0,2668,0x014d8000,21856256
900936,0x00a303c0,2669,0x014da000,21864448
900937,0x00a303d0,2670,0x014dc000,21872640
900938,0x00a303e0,2671,0x014de000,21880832
900939,0x00a303f0,2672,0x014e0000,21889024
900940,0x00a30400,2673,0x014e2000,21897216
900941,0x00a30410,2674,0x014e4000,21905408
900942,0x00a30420,2675,0x014e6000,21913600
900943,0x00a30430,2676,0x014e8000,21921792
900945,0x00a30440,2677,0x014ea000,21929984
900946,0x00a30450,2678,0x014ec000,21938176
900947,0x00a30460,2679,0x014ee000,21946368
900948,0x00a30470,2680,0x014f0000,21954560
900952,0x00a30480,2681,0x014f2000,21962752
900956,0x00a30490,2682,0x014f4000,21970944
900957,0x00a304a0,2683,0x014f6000,21979136
018003,0x00a304b0,2684,0x014f8000,21987328
018009,0x00a304c0,2685,0x014fa000,21995520
018012,0x00a304d0,2686,0x014fc000,22003712
018014,0x00a304e0,2687,0x014fe000,22011904
018015,0x00a304f0,2688,0x01500000,22020096
018019,0x00a30500,2689,0x01502000,22028288
018084,0x00a30510,2690,0x01504000,22036480
019023,0x00a30520,2691,0x01506000,22044672
019105,0x00a30530,2692,0x01508000,22052864
019110,0x00a30540,2693,0x0150a000,22061056
019112,0x00a30550,2694,0x0150c000,22069248
019116,0x00a30560,2695,0x0150e000,22077440
019123,0x00a30570,2696,0x01510000,22085632
019212,0x00a30580,2697,0x01512000,22093824
019218,0x00a30590,2698,0x01514000,22102016
019309,0x00a305a0,2699,0x01516000,22110208
019316,0x00a305b0,2700,0x01518000,22118400
019319,0x00a305c0,2701,0x0151a000,22126592
019325,0x00a305d0,2702,0x0151c000,22134784
019427,0x00a305e0,2703,0x0151e000,22142976
019508,0x00a305f0,2704,0x01520000,22151168
019510,0x00a30600,2705,0x01522000,22159360
019517,0x00a30610,2706,0x01524000,22167552
019521,0x00a30620,2707,0x01526000,22175744
019528,0x00a30630,2708,0x01528000,22183936
019536,0x00a30640,2709,0x0152a000,22192128
019541,0x00a30650,2710,0x0152c000,22200320
019547,0x00a30660,2711,0x0152e000,22208512
019551,0x00a30670,2712,0x01530000,22216704
019554,0x00a30680,2713,0x01532000,22224896
019558,0x00a30690,2714,0x01534000,22233088
019559,0x00a306a0,2715,0x01536000,22241280
019564,0x00a306b0,2716,0x01538000,22249472
019569,0x00a306c0,2717,0x0153a000,22257664
019572,0x00a306d0,2718,0x0153c000,22265856
019577,0x00a306e0,2719,0x0153e000,22274048
019580,0x00a306f0,2720,0x01540000,22282240
019586,0x00a30700,2721,0x01542000,22290432
019593,0x00a30710,2722,0x01544000,22298624
019599,0x00a30720,2723,0x01546000,22306816
019601,0x00a30730,2724,0x01548000,22315008
019606,0x00a30740,2725,0x0154a000,22323200
019609,0x00a30750,2726,0x0154c000,22331392
019616,0x00a30760,2727,0x0154e000,22339584
019618,0x00a30770,2728,0x01550000,22347776
019620,0x00a30780,2729,0x01552000,22355968
019625,0x00a30790,2730,0x01554000,22364160
019626,0x00a307a0,2731,0x01556000,22372352
019630,0x00a307b0,2732,0x01558000,22380544
019632,0x00a307c0,2733,0x0155a000,22388736
019633,0x00a307d0,2734,0x0155c000,22396928
019634,0x00a307e0,2735,0x0155e000,22405120
019636,0x00a307f0,2736,0x01560000,22413312
019639,0x00a30800,2737,0x01562000,22421504
019642,0x00a30810,2738,0x01564000,22429696
019646,0x00a30820,2739,0x01566000,22437888
019647,0x00a30830,2740,0x01568000,22446080
019653,0x00a30840,2741,0x0156a000,22454272
019655,0x00a30850,2742,0x0156c000,22462464
019657,0x00a30860,2743,0x0156e000,22470656
019661,0x00a30870,2744,0x01570000,22478848
019662,0x00a30880,2745,0x01572000,22487040
019665,0x00a30890,2746,0x01574000,22495232
019667,0x00a308a0,2747,0x01576000,22503424
019668,0x00a308b0,2748,0x01578000,22511616
019671,0x00a308c0,2749,0x0157a000,22519808
019672,0x00a308d0,2750,0x0157c000,22528000
019673,0x00a308e0,2751,0x0157e000,22536192
019675,0x00a308f0,2752,0x01580000,22544384
019677,0x00a30900,2753,0x01582000,22552576
019681,0x00a30910,2754,0x01584000,22560768
019682,0x00a30920,2755,0x01586000,22568960
019684,0x00a30930,2756,0x01588000,22577152
019686,0x00a30940,2757,0x0158a000,22585344
019687,0x00a30950,2758,0x0158c000,22593536
019689,0x00a30960,2759,0x0158e000,22601728
019690,0x00a30970,2760,0x01590000,22609920
019692,0x00a30980,2761,0x01592000,22618112
019695,0x00a30990,2762,0x01594000,22626304
019697,0x00a309a0,2763,0x01596000,22634496
019701,0x00a309b0,2764,0x01598000,22642688
019702,0x00a309c0,2765,0x0159a000,22650880
019705,0x00a309d0,2766,0x0159c000,22659072
019707,0x00a309e0,2767,0x0159e000,22667264
019708,0x00a309f0,2768,0x015a0000,22675456
019721,0x00a30a00,2769,0x015a2000,22683648
019722,0x00a30a10,2770,0x015a4000,22691840
019724,0x00a30a20,2771,0x015a6000,22700032
019725,0x00a30a30,2772,0x015a8000,22708224
019726,0x00a30a40,2773,0x015aa000,22716416
019728,0x00a30a50,2774,0x015ac000,22724608
019729,0x00a30a60,2775,0x015ae000,22732800
019731,0x00a30a70,2776,0x015b0000,22740992
019732,0x00a30a80,2777,0x015b2000,22749184
019734,0x00a30a90,2778,0x015b4000,22757376
019735,0x00a30aa0,2779,0x015b6000,22765568
019738,0x00a30ab0,2780,0x015b8000,22773760
019739,0x00a30ac0,2781,0x015ba000,22781952
019741,0x00a30ad0,2782,0x015bc000,22790144
019742,0x00a30ae0,2783,0x015be000,22798336
019743,0x00a30af0,2784,0x015c0000,22806528
019744,0x00a30b00,2785,0x015c2000,22814720
019746,0x00a30b10,2786,0x015c4000,22822912
019747,0x00a30b20,2787,0x015c6000,22831104
019748,0x00a30b30,2788,0x015c8000,22839296
019750,0x00a30b40,2789,0x015ca000,22847488
019751,0x00a30b50,2790,0x015cc000,22855680
019752,0x00a30b60,2791,0x015ce000,22863872
019753,0x00a30b70,2792,0x015d0000,22872064
019754,0x00a30b80,2793,0x015d2000,22880256
019755,0x00a30b90,2794,0x015d4000,22888448
019756,0x00a30ba0,2795,0x015d6000,22896640
019757,0x00a30bb0,2796,0x015d8000,22904832
019759,0x00a30bc0,2797,0x015da000,22913024
019760,0x00a30bd0,2798,0x015dc000,22921216
019761,0x00a30be0,2799,0x015de000,22929408
019762,0x00a30bf0,2800,0x015e0000,22937600
019763,0x00a30c00,2801,0x015e2000,22945792
019767,0x00a30c10,2802,0x015e4000,22953984
019768,0x00a30c20,2803,0x015e6000,22962176
019769,0x00a30c30,2804,0x015e8000,22970368
019770,0x00a30c40,2805,0x015ea000,22978560
019771,0x00a30c50,2806,0x015ec000,22986752
019772,0x00a30c60,2807,0x015ee000,22994944
019774,0x00a30c70,2808,0x015f0000,23003136
019775,0x00a30c80,2809,0x015f2000,23011328
019776,0x00a30c90,2810,0x015f4000,23019520
019778,0x00a30ca0,2811,0x015f6000,23027712
019779,0x00a30cb0,2812,0x015f8000,23035904
019780,0x00a30cc0,2813,0x015fa000,23044096
019781,0x00a30cd0,2814,0x015fc000,23052288
019782,0x00a30ce0,2815,0x015fe000,23060480
019783,0x00a30cf0,2816,0x01600000,23068672
019784,0x00a30d00,2817,0x01602000,23076864
019786,0x00a30d10,2818,0x01604000,23085056
019787,0x00a30d20,2819,0x01606000,23093248
019788,0x00a30d30,2820,0x01608000,23101440
019789,0x00a30d40,2821,0x0160a000,23109632
019790,0x00a30d50,2822,0x0160c000,23117824
019791,0x00a30d60,2823,0x0160e000,23126016
019792,0x00a30d70,2824,0x01610000,23134208
019793,0x00a30d80,2825,0x01612000,23142400
019795,0x00a30d90,2826,0x01614000,23150592
019796,0x00a30da0,2827,0x01616000,23158784
019797,0x00a30db0,2828,0x01618000,23166976
019798,0x00a30dc0,2829,0x0161a000,23175168
019827,0x00a30dd0,2830,0x0161c000,23183360
019828,0x00a30de0,2831,0x0161e000,23191552
019829,0x00a30df0,2832,0x01620000,23199744
019830,0x00a30e00,2833,0x01622000,23207936
019831,0x00a30e10,2834,0x01624000,23216128
019832,0x00a30e20,2835,0x01626000,23224320
019833,0x00a30e30,2836,0x01628000,23232512
019834,0x00a30e40,2837,0x0162a000,23240704
019835,0x00a30e50,2838,0x0162c000,23248896
019836,0x00a30e60,2839,0x0162e000,23257088
019837,0x00a30e70,2840,0x01630000,23265280
019838,0x00a30e80,2841,0x01632000,23273472
019839,0x00a30e90,2842,0x01634000,23281664
019840,0x00a30ea0,2843,0x01636000,23289856
019843,0x00a30eb0,2844,0x01638000,23298048
019844,0x00a30ec0,2845,0x0163a000,23306240
019845,0x00a30ed0,2846,0x0163c000,23314432
019846,0x00a30ee0,2847,0x0163e000,23322624
019847,0x00a30ef0,2848,0x01640000,23330816
019848,0x00a30f00,2849,0x01642000,23339008
019849,0x00a30f10,2850,0x01644000,23347200
019850,0x00a30f20,2851,0x01646000,23355392
101024,0x00a30f30,2852,0x01648000,23363584
101216,0x00a30f40,2853,0x0164a000,23371776
101253,0x00a30f50,2854,0x0164c000,23379968
101604,0x00a30f60,2855,0x0164e000,23388160
101721,0x00a30f70,2856,0x01650000,23396352
101746,0x00a30f80,2857,0x01652000,23404544
109022,0x00a30f90,2858,0x01654000,23412736
109168,0x00a30fa0,2859,0x01656000,23420928
109285,0x00a30fb0,2860,0x01658000,23429120
109319,0x00a30fc0,2861,0x0165a000,23437312
109404,0x00a30fd0,2862,0x0165c000,23445504
109668,0x00a30fe0,2863,0x0165e000,23453696
109878,0x00a30ff0,2864,0x01660000,23461888
109922,0x00b31000,2866,0x01664000,23478272
109923,0x00b31010,2867,0x01666000,23486464
109993,0x00b31020,2868,0x01668000,23494656
115010,0x00b31030,2869,0x0166a000,23502848
115011,0x00b31040,2870,0x0166c000,23511040
115021,0x00b31050,2871,0x0166e000,23519232
115026,0x00b31060,2872,0x01670000,23527424
115028,0x00b31070,2873,0x01672000,23535616
115040,0x00b31080,2874,0x01674000,23543808
115041,0x00b31090,2875,0x01676000,23552000
115048,0x00b310a0,2876,0x01678000,23560192
115051,0x00b310b0,2877,0x0167a000,23568384
115059,0x00b310c0,2878,0x0167c000,23576576
115062,0x00b310d0,2879,0x0167e000,23584768
115072,0x00b310e0,2880,0x01680000,23592960
115082,0x00b310f0,2881,0x01682000,23601152
115092,0x00b31100,2882,0x01684000,23609344
115108,0x00b31110,2883,0x01686000,23617536
115131,0x00b31120,2884,0x01688000,23625728
115136,0x00b31130,2885,0x0168a000,23633920
115172,0x00b31140,2886,0x0168c000,23642112
115174,0x00b31150,2887,0x0168e000,23650304
115177,0x00b31160,2888,0x01690000,23658496
115202,0x00b31170,2889,0x01692000,23666688
115208,0x00b31180,2890,0x01694000,23674880
115210,0x00b31190,2891,0x01696000,23683072
115216,0x00b311a0,2892,0x01698000,23691264
115235,0x00b311b0,2893,0x0169a000,23699456
115238,0x00b311c0,2894,0x0169c000,23707648
115258,0x00b311d0,2895,0x0169e000,23715840
115261,0x00b311e0,2896,0x016a0000,23724032
115263,0x00b311f0,2897,0x016a2000,23732224
115266,0x00b31200,2898,0x016a4000,23740416
115282,0x00b31210,2899,0x016a6000,23748608
115295,0x00b31220,2900,0x016a8000,23756800
115315,0x00b31230,2901,0x016aa000,23764992
115323,0x00b31240,2902,0x016ac000,23773184
115328,0x00b31250,2903,0x016ae000,23781376
115335,0x00b31260,2904,0x016b0000,23789568
115338,0x00b31270,2905,0x016b2000,23797760
115343,0x00b31280,2906,0x016b4000,23805952
115347,0x00b31290,2907,0x016b6000,23814144
115360,0x00b312a0,2908,0x016b8000,23822336
115363,0x00b312b0,2909,0x016ba000,23830528
115368,0x00b312c0,2910,0x016bc000,23838720
115374,0x00b312d0,2911,0x016be000,23846912
115377,0x00b312e0,2912,0x016c0000,23855104
115381,0x00b312f0,2913,0x016c2000,23863296
115386,0x00b31300,2914,0x016c4000,23871488
115392,0x00b31310,2915,0x016c6000,23879680
115406,0x00b31320,2916,0x016c8000,23887872
115407,0x00b31330,2917,0x016ca000,23896064
115418,0x00b31340,2918,0x016cc000,23904256
115419,0x00b31350,2919,0x016ce000,23912448
115425,0x00b31360,2920,0x016d0000,23920640
115455,0x00b31370,2921,0x016d2000,23928832
115461,0x00b31380,2922,0x016d4000,23937024
115471,0x00b31390,2923,0x016d6000,23945216
115474,0x00b313a0,2924,0x016d8000,23953408
115477,0x00b313b0,2925,0x016da000,23961600
115479,0x00b313c0,2926,0x016dc000,23969792
115483,0x00b313d0,2927,0x016de000,23977984
115484,0x00b313e0,2928,0x016e0000,23986176
115486,0x00b313f0,2929,0x016e2000,23994368
115488,0x00b31400,2930,0x016e4000,24002560
115495,0x00b31410,2931,0x016e6000,24010752
115509,0x00b31420,2932,0x016e8000,24018944
115514,0x00b31430,2933,0x016ea000,24027136
115518,0x00b31440,2934,0x016ec000,24035328
115523,0x00b31450,2935,0x016ee000,24043520
115537,0x00b31460,2936,0x016f0000,24051712
115538,0x00b31470,2937,0x016f2000,24059904
115544,0x00b31480,2938,0x016f4000,24068096
115549,0x00b31490,2939,0x016f6000,24076288
115550,0x00b314a0,2940,0x016f8000,24084480
115552,0x00b314b0,2941,0x016fa000,24092672
115557,0x00b314c0,2942,0x016fc000,24100864
115559,0x00b314d0,2943,0x016fe000,24109056
115563,0x00b314e0,2944,0x01700000,24117248
115571,0x00b314f0,2945,0x01702000,24125440
115576,0x00b31500,2946,0x01704000,24133632
115579,0x00b31510,2947,0x01706000,24141824
115582,0x00b31520,2948,0x01708000,24150016
115586,0x00b31530,2949,0x0170a000,24158208
115587,0x00b31540,2950,0x0170c000,24166400
115608,0x00b31550,2951,0x0170e000,24174592
115619,0x00b31560,2952,0x01710000,24182784
115622,0x00b31570,2953,0x01712000,24190976
115623,0x00b31580,2954,0x01714000,24199168
115626,0x00b31590,2955,0x01716000,24207360
115635,0x00b315a0,2956,0x01718000,24215552
115643,0x00b315b0,2957,0x0171a000,24223744
115644,0x00b315c0,2958,0x0171c000,24231936
115645,0x00b315d0,2959,0x0171e000,24240128
115650,0x00b315e0,2960,0x01720000,24248320
115652,0x00b315f0,2961,0x01722000,24256512
115654,0x00b31600,2962,0x01724000,24264704
115664,0x00b31610,2963,0x01726000,24272896
115665,0x00b31620,2964,0x01728000,24281088
115669,0x00b31630,2965,0x0172a000,24289280
115678,0x00b31640,2966,0x0172c000,24297472
115681,0x00b31650,2967,0x0172e000,24305664
115682,0x00b31660,2968,0x01730000,24313856
115684,0x00b31670,2969,0x01732000,24322048
115687,0x00b31680,2970,0x01734000,24330240
115689,0x00b31690,2971,0x01736000,24338432
115690,0x00b316a0,2972,0x01738000,24346624
115691,0x00b316b0,2973,0x0173a000,24354816
115696,0x00b316c0,2974,0x0173c000,24363008
115713,0x00b316d0,2975,0x0173e000,24371200
115719,0x00b316e0,2976,0x01740000,24379392
115726,0x00b316f0,2977,0x01742000,24387584
115729,0x00b31700,2978,0x01744000,24395776
115734,0x00b31710,2979,0x01746000,24403968
115745,0x00b31720,2980,0x01748000,24412160
115753,0x00b31730,2981,0x0174a000,24420352
115762,0x00b31740,2982,0x0174c000,24428544
115765,0x00b31750,2983,0x0174e000,24436736
115769,0x00b31760,2984,0x01750000,24444928
115772,0x00b31770,2985,0x01752000,24453120
115777,0x00b31780,2986,0x01754000,24461312
115785,0x00b31790,2987,0x01756000,24469504
115802,0x00b317a0,2988,0x01758000,24477696
115806,0x00b317b0,2989,0x0175a000,24485888
115815,0x00b317c0,2990,0x0175c000,24494080
115818,0x00b317d0,2991,0x0175e000,24502272
115821,0x00b317e0,2992,0x01760000,24510464
115822,0x00b317f0,2993,0x01762000,24518656
115823,0x00b31800,2994,0x01764000,24526848
115830,0x00b31810,2995,0x01766000,24535040
115831,0x00b31820,2996,0x01768000,24543232
115834,0x00b31830,2997,0x0176a000,24551424
115836,0x00b31840,2998,0x0176c000,24559616
115837,0x00b31850,2999,0x0176e000,24567808
115838,0x00b31860,3000,0x01770000,24576000
115840,0x00b31870,3001,0x01772000,24584192
115844,0x00b31880,3002,0x01774000,24592384
115848,0x00b31890,3003,0x01776000,24600576
115849,0x00b318a0,3004,0x01778000,24608768
115853,0x00b318b0,3005,0x0177a000,24616960
115857,0x00b318c0,3006,0x0177c000,24625152
115862,0x00b318d0,3007,0x0177e000,24633344
115869,0x00b318e0,3008,0x01780000,24641536
115870,0x00b318f0,3009,0x01782000,24649728
115872,0x00b31900,3010,0x01784000,24657920
115873,0x00b31910,3011,0x01786000,24666112
115875,0x00b31920,3012,0x01788000,24674304
115876,0x00b31930,3013,0x0178a000,24682496
115877,0x00b31940,3014,0x0178c000,24690688
115879,0x00b31950,3015,0x0178e000,24698880
115882,0x00b31960,3016,0x01790000,24707072
115883,0x00b31970,3017,0x01792000,24715264
115886,0x00b31980,3018,0x01794000,24723456
115887,0x00b31990,3019,0x01796000,24731648
115890,0x00b319a0,3020,0x01798000,24739840
115891,0x00b319b0,3021,0x0179a000,24748032
115892,0x00b319c0,3022,0x0179c000,24756224
115894,0x00b319d0,3023,0x0179e000,24764416
115902,0x00b319e0,3024,0x017a0000,24772608
115903,0x00b319f0,3025,0x017a2000,24780800
115904,0x00b31a00,3026,0x017a4000,24788992
115907,0x00b31a10,3027,0x017a6000,24797184
115910,0x00b31a20,3028,0x017a8000,24805376
115913,0x00b31a30,3029,0x017aa000,24813568
115914,0x00b31a40,3030,0x017ac000,24821760
115915,0x00b31a50,3031,0x017ae000,24829952
115916,0x00b31a60,3032,0x017b0000,24838144
115917,0x00b31a70,3033,0x017b2000,24846336
115918,0x00b31a80,3034,0x017b4000,24854528
115926,0x00b31a90,3035,0x017b6000,24862720
115927,0x00b31aa0,3036,0x017b8000,24870912
115928,0x00b31ab0,3037,0x017ba000,24879104
115930,0x00b31ac0,3038,0x017bc000,24887296
115931,0x00b31ad0,3039,0x017be000,24895488
115933,0x00b31ae0,3040,0x017c0000,24903680
115936,0x00b31af0,3041,0x017c2000,24911872
115938,0x00b31b00,3042,0x017c4000,24920064
115939,0x00b31b10,3043,0x017c6000,24928256
115940,0x00b31b20,3044,0x017c8000,24936448
115941,0x00b31b30,3045,0x017ca000,24944640
115943,0x00b31b40,3046,0x017cc000,24952832
115945,0x00b31b50,3047,0x017ce000,24961024
115947,0x00b31b60,3048,0x017d0000,24969216
115952,0x00b31b70,3049,0x017d2000,24977408
115955,0x00b31b80,3050,0x017d4000,24985600
115956,0x00b31b90,3051,0x017d6000,24993792
115957,0x00b31ba0,3052,0x017d8000,25001984
115960,0x00b31bb0,3053,0x017da000,25010176
115961,0x00b31bc0,3054,0x017dc000,25018368
115967,0x00b31bd0,3055,0x017de000,25026560
115968,0x00b31be0,3056,0x017e0000,25034752
115969,0x00b31bf0,3057,0x017e2000,25042944
115970,0x00b31c00,3058,0x017e4000,25051136
115971,0x00b31c10,3059,0x017e6000,25059328
115973,0x00b31c20,3060,0x017e8000,25067520
115976,0x00b31c30,3061,0x017ea000,25075712
115977,0x00b31c40,3062,0x017ec000,25083904
115978,0x00b31c50,3063,0x017ee000,25092096
115979,0x00b31c60,3064,0x017f0000,25100288
115981,0x00b31c70,3065,0x017f2000,25108480
115983,0x00b31c80,3066,0x017f4000,25116672
115984,0x00b31c90,3067,0x017f6000,25124864
115986,0x00b31ca0,3068,0x017f8000,25133056
115987,0x00b31cb0,3069,0x017fa000,25141248
115988,0x00b31cc0,3070,0x017fc000,25149440
115989,0x00b31cd0,3071,0x017fe000,25157632
115993,0x00b31ce0,3072,0x01800000,25165824
115994,0x00b31cf0,3073,0x01802000,25174016
115995,0x00b31d00,3074,0x01804000,25182208
115997,0x00b31d10,3075,0x01806000,25190400
115998,0x00b31d20,3076,0x01808000,25198592
120303,0x00b31d30,3077,0x0180a000,25206784
122175,0x00b31d40,3078,0x0180c000,25214976
122211,0x00b31d50,3079,0x0180e000,25223168
122393,0x00b31d60,3080,0x01810000,25231360
122397,0x00b31d70,3081,0x01812000,25239552
122401,0x00b31d80,3082,0x01814000,25247744
122405,0x00b31d90,3083,0x01816000,25255936
122417,0x00b31da0,3084,0x01818000,25264128
122424,0x00b31db0,3085,0x0181a000,25272320
122460,0x00b31dc0,3086,0x0181c000,25280512
122475,0x00b31dd0,3087,0x0181e000,25288704
122494,0x00b31de0,3088,0x01820000,25296896
122496,0x00b31df0,3089,0x01822000,25305088
122498,0x00b31e00,3090,0x01824000,25313280
122667,0x00b31e10,3091,0x01826000,25321472
122690,0x00b31e20,3092,0x01828000,25329664
122737,0x00b31e30,3093,0x0182a000,25337856
122771,0x00b31e40,3094,0x0182c000,25346048
124154,0x00b31e50,3095,0x0182e000,25354240
124285,0x00b31e60,3096,0x01830000,25362432
124411,0x00b31e70,3097,0x01832000,25370624
124416,0x00b31e80,3098,0x01834000,25378816
124603,0x00b31e90,3099,0x01836000,25387008
124662,0x00b31ea0,3100,0x01838000,25395200
124720,0x00b31eb0,3101,0x0183a000,25403392
124966,0x00b31ec0,3102,0x0183c000,25411584
127017,0x00b31ed0,3103,0x0183e000,25419776
127175,0x00b31ee0,3104,0x01840000,25427968
127240,0x00b31ef0,3105,0x01842000,25436160
127258,0x00b31f00,3106,0x01844000,25444352
127454,0x00b31f10,3107,0x01846000,25452544
127456,0x00b31f20,3108,0x01848000,25460736
127459,0x00b31f30,3109,0x0184a000,25468928
127501,0x00b31f40,3110,0x0184c000,25477120
127544,0x00b31f50,3111,0x0184e000,25485312
127557,0x00b31f60,3112,0x01850000,25493504
127559,0x00b31f70,3113,0x01852000,25501696
127574,0x00b31f80,3114,0x01854000,25509888
127589,0x00b31f90,3115,0x01856000,25518080
127639,0x00b31fa0,3116,0x01858000,25526272
127661,0x00b31fb0,3117,0x0185a000,25534464
127686,0x00b31fc0,3118,0x0185c000,25542656
127769,0x00b31fd0,3119,0x0185e000,25550848
127773,0x00b31fe0,3120,0x01860000,25559040
127788,0x00b31ff0,3121,0x01862000,25567232
127802,0x00c32000,3123,0x01866000,25583616
127830,0x00c32010,3124,0x01868000,25591808
127837,0x00c32020,3125,0x0186a000,25600000
127905,0x00c32030,3126,0x0186c000,25608192
127907,0x00c32040,3127,0x0186e000,25616384
127909,0x00c32050,3128,0x01870000,25624576
127911,0x00c32060,3129,0x01872000,25632768
127915,0x00c32070,3130,0x01874000,25640960
127917,0x00c32080,3131,0x01876000,25649152
127919,0x00c32090,3132,0x01878000,25657344
127921,0x00c320a0,3133,0x0187a000,25665536
127923,0x00c320b0,3134,0x0187c000,25673728
127927,0x00c320c0,3135,0x0187e000,25681920
127929,0x00c320d0,3136,0x01880000,25690112
127930,0x00c320e0,3137,0x01882000,25698304
127932,0x00c320f0,3138,0x01884000,25706496
127954,0x00c32100,3139,0x01886000,25714688
127972,0x00c32110,3140,0x01888000,25722880
132024,0x00c32120,3141,0x0188a000,25731072
132026,0x00c32130,3142,0x0188c000,25739264
136033,0x00c32140,3143,0x0188e000,25747456
136058,0x00c32150,3144,0x01890000,25755648
136156,0x00c32160,3145,0x01892000,25763840
136160,0x00c32170,3146,0x01894000,25772032
136167,0x00c32180,3147,0x01896000,25780224
136192,0x00c32190,3148,0x01898000,25788416
136244,0x00c321a0,3149,0x0189a000,25796608
136273,0x00c321b0,3150,0x0189c000,25804800
136308,0x00c321c0,3151,0x0189e000,25812992
136346,0x00c321d0,3152,0x018a0000,25821184
136356,0x00c321e0,3153,0x018a2000,25829376
136360,0x00c321f0,3154,0x018a4000,25837568
136361,0x00c32200,3155,0x018a6000,25845760
136378,0x00c32210,3156,0x018a8000,25853952
136418,0x00c32220,3157,0x018aa000,25862144
136433,0x00c32230,3158,0x018ac000,25870336
136495,0x00c32240,3159,0x018ae000,25878528
136509,0x00c32250,3160,0x018b0000,25886720
136532,0x00c32260,3161,0x018b2000,25894912
136545,0x00c32270,3162,0x018b4000,25903104
136548,0x00c32280,3163,0x018b6000,25911296
136564,0x00c32290,3164,0x018b8000,25919488
136571,0x00c322a0,3165,0x018ba000,25927680
136579,0x00c322b0,3166,0x018bc000,25935872
136610,0x00c322c0,3167,0x018be000,25944064
136619,0x00c322d0,3168,0x018c0000,25952256
136621,0x00c322e0,3169,0x018c2000,25960448
136624,0x00c322f0,3170,0x018c4000,25968640
136683,0x00c32300,3171,0x018c6000,25976832
136699,0x00c32310,3172,0x018c8000,25985024
136700,0x00c32320,3173,0x018ca000,25993216
136709,0x00c32330,3174,0x018cc000,26001408
136715,0x00c32340,3175,0x018ce000,26009600
136723,0x00c32350,3176,0x018d0000,26017792
136735,0x00c32360,3177,0x018d2000,26025984
136756,0x00c32370,3178,0x018d4000,26034176
136759,0x00c32380,3179,0x018d6000,26042368
136762,0x00c32390,3180,0x018d8000,26050560
136780,0x00c323a0,3181,0x018da000,26058752
136786,0x00c323b0,3182,0x018dc000,26066944
136789,0x00c323c0,3183,0x018de000,26075136
136790,0x00c323d0,3184,0x018e0000,26083328
136794,0x00c323e0,3185,0x018e2000,26091520
136803,0x00c323f0,3186,0x018e4000,26099712
136819,0x00c32400,3187,0x018e6000,26107904
136836,0x00c32410,3188,0x018e8000,26116096
136849,0x00c32420,3189,0x018ea000,26124288
136869,0x00c32430,3190,0x018ec000,26132480
136937,0x00c32440,3191,0x018ee000,26140672
136939,0x00c32450,3192,0x018f0000,26148864
137503,0x00c32460,3193,0x018f2000,26157056
137512,0x00c32470,3194,0x018f4000,26165248
137521,0x00c32480,3195,0x018f6000,26173440
137528,0x00c32490,3196,0x018f8000,26181632
137534,0x00c324a0,3197,0x018fa000,26189824
137538,0x00c324b0,3198,0x018fc000,26198016
137540,0x00c324c0,3199,0x018fe000,26206208
137548,0x00c324d0,3200,0x01900000,26214400
137550,0x00c324e0,3201,0x01902000,26222592
137554,0x00c324f0,3202,0x01904000,26230784
137560,0x00c32500,3203,0x01906000,26238976
137561,0x00c32510,3204,0x01908000,26247168
137565,0x00c32520,3205,0x0190a000,26255360
137570,0x00c32530,3206,0x0190c000,26263552
137573,0x00c32540,3207,0x0190e000,26271744
137577,0x00c32550,3208,0x01910000,26279936
137581,0x00c32560,3209,0x01912000,26288128
137588,0x00c32570,3210,0x01914000,26296320
137592,0x00c32580,3211,0x01916000,26304512
137599,0x00c32590,3212,0x01918000,26312704
137604,0x00c325a0,3213,0x0191a000,26320896
137606,0x00c325b0,3214,0x0191c000,26329088
137607,0x00c325c0,3215,0x0191e000,26337280
137611,0x00c325d0,3216,0x01920000,26345472
137615,0x00c325e0,3217,0x01922000,26353664
137616,0x00c325f0,3218,0x01924000,26361856
137620,0x00c32600,3219,0x01926000,26370048
137622,0x00c32610,3220,0x01928000,26378240
137633,0x00c32620,3221,0x0192a000,26386432
137635,0x00c32630,3222,0x0192c000,26394624
137647,0x00c32640,3223,0x0192e000,26402816
137650,0x00c32650,3224,0x01930000,26411008
137657,0x00c32660,3225,0x01932000,26419200
137660,0x00c32670,3226,0x01934000,26427392
137663,0x00c32680,3227,0x01936000,26435584
137675,0x00c32690,3228,0x01938000,26443776
137677,0x00c326a0,3229,0x0193a000,26451968
137679,0x00c326b0,3230,0x0193c000,26460160
137688,0x00c326c0,3231,0x0193e000,26468352
137691,0x00c326d0,3232,0x01940000,26476544
137694,0x00c326e0,3233,0x01942000,26484736
137696,0x00c326f0,3234,0x01944000,26492928
137698,0x00c32700,3235,0x01946000,26501120
137700,0x00c32710,3236,0x01948000,26509312
137709,0x00c32720,3237,0x0194a000,26517504
137711,0x00c32730,3238,0x0194c000,26525696
137712,0x00c32740,3239,0x0194e000,26533888
137720,0x00c32750,3240,0x01950000,26542080
137724,0x00c32760,3241,0x01952000,26550272
137725,0x00c32770,3242,0x01954000,26558464
137727,0x00c32780,3243,0x01956000,26566656
137728,0x00c32790,3244,0x01958000,26574848
137733,0x00c327a0,3245,0x0195a000,26583040
137736,0x00c327b0,3246,0x0195c000,26591232
137743,0x00c327c0,3247,0x0195e000,26599424
137745,0x00c327d0,3248,0x01960000,26607616
137748,0x00c327e0,3249,0x01962000,26615808
137759,0x00c327f0,3250,0x01964000,26624000
137764,0x00c32800,3251,0x01966000,26632192
137765,0x00c32810,3252,0x01968000,26640384
137769,0x00c32820,3253,0x0196a000,26648576
137778,0x00c32830,3254,0x0196c000,26656768
137783,0x00c32840,3255,0x0196e000,26664960
137788,0x00c32850,3256,0x01970000,26673152
137798,0x00c32860,3257,0x01972000,26681344
137800,0x00c32870,3258,0x01974000,26689536
137804,0x00c32880,3259,0x01976000,26697728
137827,0x00c32890,3260,0x01978000,26705920
137830,0x00c328a0,3261,0x0197a000,26714112
137832,0x00c328b0,3262,0x0197c000,26722304
137835,0x00c328c0,3263,0x0197e000,26730496
137848,0x00c328d0,3264,0x01980000,26738688
137851,0x00c328e0,3265,0x01982000,26746880
137852,0x00c328f0,3266,0x01984000,26755072
137856,0x00c32900,3267,0x01986000,26763264
137858,0x00c32910,3268,0x01988000,26771456
137860,0x00c32920,3269,0x0198a000,26779648
137870,0x00c32930,3270,0x0198c000,26787840
137871,0x00c32940,3271,0x0198e000,26796032
137875,0x00c32950,3272,0x01990000,26804224
137891,0x00c32960,3273,0x01992000,26812416
137895,0x00c32970,3274,0x01994000,26820608
137897,0x00c32980,3275,0x01996000,26828800
137906,0x00c32990,3276,0x01998000,26836992
137907,0x00c329a0,3277,0x0199a000,26845184
137913,0x00c329b0,3278,0x0199c000,26853376
137915,0x00c329c0,3279,0x0199e000,26861568
137933,0x00c329d0,3280,0x019a0000,26869760
137943,0x00c329e0,3281,0x019a2000,26877952
137944,0x00c329f0,3282,0x019a4000,26886144
137947,0x00c32a00,3283,0x019a6000,26894336
137952,0x00c32a10,3284,0x019a8000,26902528
137957,0x00c32a20,3285,0x019aa000,26910720
137964,0x00c32a30,3286,0x019ac000,26918912
137969,0x00c32a40,3287,0x019ae000,26927104
137970,0x00c32a50,3288,0x019b0000,26935296
137971,0x00c32a60,3289,0x019b2000,26943488
137981,0x00c32a70,3290,0x019b4000,26951680
137984,0x00c32a80,3291,0x019b6000,26959872
137991,0x00c32a90,3292,0x019b8000,26968064
137994,0x00c32aa0,3293,0x019ba000,26976256
137995,0x00c32ab0,3294,0x019bc000,26984448
138504,0x00c32ac0,3295,0x019be000,26992640
138505,0x00c32ad0,3296,0x019c0000,27000832
138510,0x00c32ae0,3297,0x019c2000,27009024
138520,0x00c32af0,3298,0x019c4000,27017216
138522,0x00c32b00,3299,0x019c6000,27025408
138523,0x00c32b10,3300,0x019c8000,27033600
138536,0x00c32b20,3301,0x019ca000,27041792
138538,0x00c32b30,3302,0x019cc000,27049984
138555,0x00c32b40,3303,0x019ce000,27058176
138556,0x00c32b50,3304,0x019d0000,27066368
138560,0x00c32b60,3305,0x019d2000,27074560
138569,0x00c32b70,3306,0x019d4000,27082752
138581,0x00c32b80,3307,0x019d6000,27090944
138598,0x00c32b90,3308,0x019d8000,27099136
138603,0x00c32ba0,3309,0x019da000,27107328
138610,0x00c32bb0,3310,0x019dc000,27115520
138611,0x00c32bc0,3311,0x019de000,27123712
138624,0x00c32bd0,3312,0x019e0000,27131904
138634,0x00c32be0,3313,0x019e2000,27140096
138635,0x00c32bf0,3314,0x019e4000,27148288
138659,0x00c32c00,3315,0x019e6000,27156480
138664,0x00c32c10,3316,0x019e8000,27164672
138665,0x00c32c20,3317,0x019ea000,27172864
138678,0x00c32c30,3318,0x019ec000,27181056
138696,0x00c32c40,3319,0x019ee000,27189248
138710,0x00c32c50,3320,0x019f0000,27197440
138746,0x00c32c60,3321,0x019f2000,27205632
138757,0x00c32c70,3322,0x019f4000,27213824
138774,0x00c32c80,3323,0x019f6000,27222016
138790,0x00c32c90,3324,0x019f8000,27230208
138811,0x00c32ca0,3325,0x019fa000,27238400
138834,0x00c32cb0,3326,0x019fc000,27246592
138842,0x00c32cc0,3327,0x019fe000,27254784
138845,0x00c32cd0,3328,0x01a00000,27262976
138886,0x00c32ce0,3329,0x01a02000,27271168
138893,0x00c32cf0,3330,0x01a04000,27279360
138899,0x00c32d00,3331,0x01a06000,27287552
138916,0x00c32d10,3332,0x01a08000,27295744
138934,0x00c32d20,3333,0x01a0a000,27303936
138936,0x00c32d30,3334,0x01a0c000,27312128
138947,0x00c32d40,3335,0x01a0e000,27320320
138954,0x00c32d50,3336,0x01a10000,27328512
138970,0x00c32d60,3337,0x01a12000,27336704
138971,0x00c32d70,3338,0x01a14000,27344896
138973,0x00c32d80,3339,0x01a16000,27353088
138989,0x00c32d90,3340,0x01a18000,27361280
138995,0x00c32da0,3341,0x01a1a000,27369472
140351,0x00c32db0,3342,0x01a1c000,27377664
140375,0x00c32dc0,3343,0x01a1e000,27385856
140393,0x00c32dd0,3344,0x01a20000,27394048
140490,0x00c32de0,3345,0x01a22000,27402240
140493,0x00c32df0,3346,0x01a24000,27410432
140660,0x00c32e00,3347,0x01a26000,27418624
140903,0x00c32e10,3348,0x01a28000,27426816
140942,0x00c32e20,3349,0x01a2a000,27435008
140981,0x00c32e30,3350,0x01a2c000,27443200
143007,0x00c32e40,3351,0x01a2e000,27451392
143008,0x00c32e50,3352,0x01a30000,27459584
143040,0x00c32e60,3353,0x01a32000,27467776
143055,0x00c32e70,3354,0x01a34000,27475968
143095,0x00c32e80,3355,0x01a36000,27484160
143106,0x00c32e90,3356,0x01a38000,27492352
143112,0x00c32ea0,3357,0x01a3a000,27500544
143129,0x00c32eb0,3358,0x01a3c000,27508736
143150,0x00c32ec0,3359,0x01a3e000,27516928
143170,0x00c32ed0,3360,0x01a40000,27525120
143200,0x00c32ee0,3361,0x01a42000,27533312
143233,0x00c32ef0,3362,0x01a44000,27541504
143300,0x00c32f00,3363,0x01a46000,27549696
143301,0x00c32f10,3364,0x01a48000,27557888
143321,0x00c32f20,3365,0x01a4a000,27566080
143322,0x00c32f30,3366,0x01a4c000,27574272
143391,0x00c32f40,3367,0x01a4e000,27582464
143443,0x00c32f50,3368,0x01a50000,27590656
143509,0x00c32f60,3369,0x01a52000,27598848
143550,0x00c32f70,3370,0x01a54000,27607040
143551,0x00c32f80,3371,0x01a56000,27615232
143565,0x00c32f90,3372,0x01a58000,27623424
143606,0x00c32fa0,3373,0x01a5a000,27631616
143646,0x00c32fb0,3374,0x01a5c000,27639808
143661,0x00c32fc0,3375,0x01a5e000,27648000
143666,0x00c32fd0,3376,0x01a60000,27656192
143693,0x00c32fe0,3377,0x01a62000,27664384
143697,0x00c32ff0,3378,0x01a64000,27672576
143754,0x00d33000,3380,0x01a68000,27688960
143756,0x00d33010,3381,0x01a6a000,27697152
143798,0x00d33020,3382,0x01a6c000,27705344
143818,0x00d33030,3383,0x01a6e000,27713536
143824,0x00d33040,3384,0x01a70000,27721728
143839,0x00d33050,3385,0x01a72000,27729920
143857,0x00d33060,3386,0x01a74000,27738112
143899,0x00d33070,3387,0x01a76000,27746304
147180,0x00d33080,3388,0x01a78000,27754496
147328,0x00d33090,3389,0x01a7a000,27762688
147416,0x00d330a0,3390,0x01a7c000,27770880
147469,0x00d330b0,3391,0x01a7e000,27779072
147508,0x00d330c0,3392,0x01a80000,27787264
147510,0x00d330d0,3393,0x01a82000,27795456
147551,0x00d330e0,3394,0x01a84000,27803648
147592,0x00d330f0,3395,0x01a86000,27811840
147662,0x00d33100,3396,0x01a88000,27820032
147669,0x00d33110,3397,0x01a8a000,27828224
147727,0x00d33120,3398,0x01a8c000,27836416
147731,0x00d33130,3399,0x01a8e000,27844608
147739,0x00d33140,3400,0x01a90000,27852800
147763,0x00d33150,3401,0x01a92000,27860992
147771,0x00d33160,3402,0x01a94000,27869184
147798,0x00d33170,3403,0x01a96000,27877376
147857,0x00d33180,3404,0x01a98000,27885568
147873,0x00d33190,3405,0x01a9a000,27893760
152010,0x00d331a0,3406,0x01a9c000,27901952
152011,0x00d331b0,3407,0x01a9e000,27910144
152021,0x00d331c0,3408,0x01aa0000,27918336
152024,0x00d331d0,3409,0x01aa2000,27926528
152031,0x00d331e0,3410,0x01aa4000,27934720
152043,0x00d331f0,3411,0x01aa6000,27942912
152051,0x00d33200,3412,0x01aa8000,27951104
152063,0x00d33210,3413,0x01aaa000,27959296
152114,0x00d33220,3414,0x01aac000,27967488
152122,0x00d33230,3415,0x01aae000,27975680
152123,0x00d33240,3416,0x01ab0000,27983872
152125,0x00d33250,3417,0x01ab2000,27992064
152126,0x00d33260,3418,0x01ab4000,28000256
152136,0x00d33270,3419,0x01ab6000,28008448
152141,0x00d33280,3420,0x01ab8000,28016640
152157,0x00d33290,3421,0x01aba000,28024832
152164,0x00d332a0,3422,0x01abc000,28033024
152177,0x00d332b0,3423,0x01abe000,28041216
152181,0x00d332c0,3424,0x01ac0000,28049408
152197,0x00d332d0,3425,0x01ac2000,28057600
152213,0x00d332e0,3426,0x01ac4000,28065792
152217,0x00d332f0,3427,0x01ac6000,28073984
152226,0x00d33300,3428,0x01ac8000,28082176
152247,0x00d33310,3429,0x01aca000,28090368
152258,0x00d33320,3430,0x01acc000,28098560
152261,0x00d33330,3431,0x01ace000,28106752
152267,0x00d33340,3432,0x01ad0000,28114944
152268,0x00d33350,3433,0x01ad2000,28123136
152271,0x00d33360,3434,0x01ad4000,28131328
152273,0x00d33370,3435,0x01ad6000,28139520
152274,0x00d33380,3436,0x01ad8000,28147712
152276,0x00d33390,3437,0x01ada000,28155904
152277,0x00d333a0,3438,0x01adc000,28164096
152280,0x00d333b0,3439,0x01ade000,28172288
152285,0x00d333c0,3440,0x01ae0000,28180480
152286,0x00d333d0,3441,0x01ae2000,28188672
152289,0x00d333e0,3442,0x01ae4000,28196864
152290,0x00d333f0,3443,0x01ae6000,28205056
152291,0x00d33400,3444,0x01ae8000,28213248
152295,0x00d33410,3445,0x01aea000,28221440
152297,0x00d33420,3446,0x01aec000,28229632
152299,0x00d33430,3447,0x01aee000,28237824
152302,0x00d33440,3448,0x01af0000,28246016
152304,0x00d33450,3449,0x01af2000,28254208
152306,0x00d33460,3450,0x01af4000,28262400
152307,0x00d33470,3451,0x01af6000,28270592
152313,0x00d33480,3452,0x01af8000,28278784
152316,0x00d33490,3453,0x01afa000,28286976
152320,0x00d334a0,3454,0x01afc000,28295168
152321,0x00d334b0,3455,0x01afe000,28303360
152322,0x00d334c0,3456,0x01b00000,28311552
152326,0x00d334d0,3457,0x01b02000,28319744
152334,0x00d334e0,3458,0x01b04000,28327936
152335,0x00d334f0,3459,0x01b06000,28336128
152339,0x00d33500,3460,0x01b08000,28344320
152341,0x00d33510,3461,0x01b0a000,28352512
152342,0x00d33520,3462,0x01b0c000,28360704
152345,0x00d33530,3463,0x01b0e000,28368896
152347,0x00d33540,3464,0x01b10000,28377088
152349,0x00d33550,3465,0x01b12000,28385280
152350,0x00d33560,3466,0x01b14000,28393472
152352,0x00d33570,3467,0x01b16000,28401664
152354,0x00d33580,3468,0x01b18000,28409856
152358,0x00d33590,3469,0x01b1a000,28418048
152360,0x00d335a0,3470,0x01b1c000,28426240
152361,0x00d335b0,3471,0x01b1e000,28434432
152366,0x00d335c0,3472,0x01b20000,28442624
152370,0x00d335d0,3473,0x01b22000,28450816
152371,0x00d335e0,3474,0x01b24000,28459008
152372,0x00d335f0,3475,0x01b26000,28467200
152373,0x00d33600,3476,0x01b28000,28475392
152376,0x00d33610,3477,0x01b2a000,28483584
152377,0x00d33620,3478,0x01b2c000,28491776
152379,0x00d33630,3479,0x01b2e000,28499968
152382,0x00d33640,3480,0x01b30000,28508160
152386,0x00d33650,3481,0x01b32000,28516352
152389,0x00d33660,3482,0x01b34000,28524544
152391,0x00d33670,3483,0x01b36000,28532736
152393,0x00d33680,3484,0x01b38000,28540928
152394,0x00d33690,3485,0x01b3a000,28549120
152395,0x00d336a0,3486,0x01b3c000,28557312
152397,0x00d336b0,3487,0x01b3e000,28565504
152400,0x00d336c0,3488,0x01b40000,28573696
152401,0x00d336d0,3489,0x01b42000,28581888
152406,0x00d336e0,3490,0x01b44000,28590080
152408,0x00d336f0,3491,0x01b46000,28598272
152409,0x00d33700,3492,0x01b48000,28606464
152412,0x00d33710,3493,0x01b4a000,28614656
152413,0x00d33720,3494,0x01b4c000,28622848
152418,0x00d33730,3495,0x01b4e000,28631040
152419,0x00d33740,3496,0x01b50000,28639232
152420,0x00d33750,3497,0x01b52000,28647424
152425,0x00d33760,3498,0x01b54000,28655616
152426,0x00d33770,3499,0x01b56000,28663808
152427,0x00d33780,3500,0x01b58000,28672000
152429,0x00d33790,3501,0x01b5a000,28680192
152430,0x00d337a0,3502,0x01b5c000,28688384
152433,0x00d337b0,3503,0x01b5e000,28696576
152437,0x00d337c0,3504,0x01b60000,28704768
152439,0x00d337d0,3505,0x01b62000,28712960
152440,0x00d337e0,3506,0x01b64000,28721152
152444,0x00d337f0,3507,0x01b66000,28729344
152445,0x00d33800,3508,0x01b68000,28737536
152448,0x00d33810,3509,0x01b6a000,28745728
152449,0x00d33820,3510,0x01b6c000,28753920
152451,0x00d33830,3511,0x01b6e000,28762112
152453,0x00d33840,3512,0x01b70000,28770304
152454,0x00d33850,3513,0x01b72000,28778496
152455,0x00d33860,3514,0x01b74000,28786688
152456,0x00d33870,3515,0x01b76000,28794880
152462,0x00d33880,3516,0x01b78000,28803072
152463,0x00d33890,3517,0x01b7a000,28811264
152467,0x00d338a0,3518,0x01b7c000,28819456
152469,0x00d338b0,3519,0x01b7e000,28827648
152470,0x00d338c0,3520,0x01b80000,28835840
152471,0x00d338d0,3521,0x01b82000,28844032
152474,0x00d338e0,3522,0x01b84000,28852224
152476,0x00d338f0,3523,0x01b86000,28860416
152488,0x00d33900,3524,0x01b88000,28868608
152490,0x00d33910,3525,0x01b8a000,28876800
152494,0x00d33920,3526,0x01b8c000,28884992
152497,0x00d33930,3527,0x01b8e000,28893184
152501,0x00d33940,3528,0x01b90000,28901376
152503,0x00d33950,3529,0x01b92000,28909568
152504,0x00d33960,3530,0x01b94000,28917760
152505,0x00d33970,3531,0x01b96000,28925952
152506,0x00d33980,3532,0x01b98000,28934144
152510,0x00d33990,3533,0x01b9a000,28942336
152512,0x00d339a0,3534,0x01b9c000,28950528
152514,0x00d339b0,3535,0x01b9e000,28958720
152515,0x00d339c0,3536,0x01ba0000,28966912
152518,0x00d339d0,3537,0x01ba2000,28975104
152522,0x00d339e0,3538,0x01ba4000,28983296
152525,0x00d339f0,3539,0x01ba6000,28991488
152526,0x00d33a00,3540,0x01ba8000,28999680
152528,0x00d33a10,3541,0x01baa000,29007872
152540,0x00d33a20,3542,0x01bac000,29016064
152541,0x00d33a30,3543,0x01bae000,29024256
152545,0x00d33a40,3544,0x01bb0000,29032448
152546,0x00d33a50,3545,0x01bb2000,29040640
152547,0x00d33a60,3546,0x01bb4000,29048832
152549,0x00d33a70,3547,0x01bb6000,29057024
152551,0x00d33a80,3548,0x01bb8000,29065216
152552,0x00d33a90,3549,0x01bba000,29073408
152556,0x00d33aa0,3550,0x01bbc000,29081600
152560,0x00d33ab0,3551,0x01bbe000,29089792
152561,0x00d33ac0,3552,0x01bc0000,29097984
152564,0x00d33ad0,3553,0x01bc2000,29106176
152566,0x00d33ae0,3554,0x01bc4000,29114368
152567,0x00d33af0,3555,0x01bc6000,29122560
152568,0x00d33b00,3556,0x01bc8000,29130752
152570,0x00d33b10,3557,0x01bca000,29138944
152571,0x00d33b20,3558,0x01bcc000,29147136
152573,0x00d33b30,3559,0x01bce000,29155328
152574,0x00d33b40,3560,0x01bd0000,29163520
152575,0x00d33b50,3561,0x01bd2000,29171712
152576,0x00d33b60,3562,0x01bd4000,29179904
152580,0x00d33b70,3563,0x01bd6000,29188096
152581,0x00d33b80,3564,0x01bd8000,29196288
152582,0x00d33b90,3565,0x01bda000,29204480
152583,0x00d33ba0,3566,0x01bdc000,29212672
152587,0x00d33bb0,3567,0x01bde000,29220864
152592,0x00d33bc0,3568,0x01be0000,29229056
152596,0x00d33bd0,3569,0x01be2000,29237248
152599,0x00d33be0,3570,0x01be4000,29245440
152600,0x00d33bf0,3571,0x01be6000,29253632
152606,0x00d33c00,3572,0x01be8000,29261824
152610,0x00d33c10,3573,0x01bea000,29270016
152611,0x00d33c20,3574,0x01bec000,29278208
152612,0x00d33c30,3575,0x01bee000,29286400
152624,0x00d33c40,3576,0x01bf0000,29294592
152626,0x00d33c50,3577,0x01bf2000,29302784
152627,0x00d33c60,3578,0x01bf4000,29310976
152628,0x00d33c70,3579,0x01bf6000,29319168
152629,0x00d33c80,3580,0x01bf8000,29327360
152631,0x00d33c90,3581,0x01bfa000,29335552
152633,0x00d33ca0,3582,0x01bfc000,29343744
152635,0x00d33cb0,3583,0x01bfe000,29351936
152641,0x00d33cc0,3584,0x01c00000,29360128
152645,0x00d33cd0,3585,0x01c02000,29368320
152650,0x00d33ce0,3586,0x01c04000,29376512
152655,0x00d33cf0,3587,0x01c06000,29384704
152656,0x00d33d00,3588,0x01c08000,29392896
152659,0x00d33d10,3589,0x01c0a000,29401088
152660,0x00d33d20,3590,0x01c0c000,29409280
152663,0x00d33d30,3591,0x01c0e000,29417472
152673,0x00d33d40,3592,0x01c10000,29425664
152674,0x00d33d50,3593,0x01c12000,29433856
152680,0x00d33d60,3594,0x01c14000,29442048
152681,0x00d33d70,3595,0x01c16000,29450240
152682,0x00d33d80,3596,0x01c18000,29458432
152683,0x00d33d90,3597,0x01c1a000,29466624
152684,0x00d33da0,3598,0x01c1c000,29474816
152686,0x00d33db0,3599,0x01c1e000,29483008
152687,0x00d33dc0,3600,0x01c20000,29491200
152688,0x00d33dd0,3601,0x01c22000,29499392
152690,0x00d33de0,3602,0x01c24000,29507584
152691,0x00d33df0,3603,0x01c26000,29515776
152693,0x00d33e00,3604,0x01c28000,29523968
152694,0x00d33e10,3633,0x01c62000,29761536
152699,0x00d33e20,3634,0x01c64000,29769728
152701,0x00d33e30,3635,0x01c66000,29777920
152702,0x00d33e40,3636,0x01c68000,29786112
152715,0x00d33e50,3637,0x01c6a000,29794304
152716,0x00d33e60,3638,0x01c6c000,29802496
152722,0x00d33e70,3639,0x01c6e000,29810688
152725,0x00d33e80,3640,0x01c70000,29818880
152729,0x00d33e90,3641,0x01c72000,29827072
152731,0x00d33ea0,3642,0x01c74000,29835264
152735,0x00d33eb0,3643,0x01c76000,29843456
152745,0x00d33ec0,3644,0x01c78000,29851648
152747,0x00d33ed0,3645,0x01c7a000,29859840
152753,0x00d33ee0,3646,0x01c7c000,29868032
152759,0x00d33ef0,3647,0x01c7e000,29876224
152763,0x00d33f00,3648,0x01c80000,29884416
152764,0x00d33f10,3649,0x01c82000,29892608
152768,0x00d33f20,3650,0x01c84000,29900800
152773,0x00d33f30,3651,0x01c86000,29908992
152775,0x00d33f40,3652,0x01c88000,29917184
152778,0x00d33f50,3653,0x01c8a000,29925376
152781,0x00d33f60,3654,0x01c8c000,29933568
152783,0x00d33f70,3655,0x01c8e000,29941760
152785,0x00d33f80,3656,0x01c90000,29949952
152786,0x00d33f90,3657,0x01c92000,29958144
152787,0x00d33fa0,3658,0x01c94000,29966336
152788,0x00d33fb0,3659,0x01c96000,29974528
152793,0x00d33fc0,3660,0x01c98000,29982720
152797,0x00d33fd0,3661,0x01c9a000,29990912
152803,0x00d33fe0,3662,0x01c9c000,29999104
152805,0x00d33ff0,3663,0x01c9e000,30007296
242131,0x00e15000,6034,0x02f24000,49430528
185738,0x00e15080,4396,0x02258000,36012032
563030,0x00e15090,8811,0x044d6000,72179712
137895,0x00e15100,3223,0x0192e000,26402816
185739,0x00e15110,4397,0x0225a000,36020224
242133,0x00e15120,6035,0x02f26000,49438720
185691,0x00e15180,4386,0x02244000,35930112
242134,0x00e15190,6036,0x02f28000,49446912
137897,0x00e15200,3224,0x01930000,26411008
240511,0x00e15210,5054,0x0277c000,41402368
240512,0x00e15280,5055,0x0277e000,41410560
515190,0x00e15290,8362,0x04154000,68501504
561410,0x00e152a0,8726,0x0442c000,71483392
185694,0x00e15300,4387,0x02246000,35938304
240513,0x00e15310,5056,0x02780000,41418752
242137,0x00e15320,6037,0x02f2a000,49455104
240514,0x00e15380,5057,0x02782000,41426944
242138,0x00e15390,6038,0x02f2c000,49463296
115664,0x00e15400,2913,0x016c2000,23863296
240515,0x00e15410,5058,0x02784000,41435136
242090,0x00e15420,6009,0x02ef2000,49225728
242139,0x00e15430,6039,0x02f2e000,49471488
115665,0x00e15480,2914,0x016c4000,23871488
185697,0x00e15490,4388,0x02248000,35946496
240516,0x00e154a0,5059,0x02786000,41443328
240517,0x00e15500,5060,0x02788000,41451520
242093,0x00e15580,6010,0x02ef4000,49233920
243220,0x00e15590,6599,0x0338e000,54059008
240470,0x00e15600,5027,0x02746000,41181184
240519,0x00e15610,5061,0x0278a000,41459712
589100,0x00e15620,8958,0x045fc000,73383936
115669,0x00e15680,2915,0x016c6000,23879680
242095,0x00e15690,6011,0x02ef6000,49242112
551900,0x00e156a0,8612,0x04348000,70549504
511950,0x00e156b0,9233,0x04822000,75636736
242096,0x00e15700,6012,0x02ef8000,49250304
520650,0x00e15710,8548,0x042c8000,70025216
561370,0x00e15720,8722,0x04424000,71450624
240473,0x00e15780,5028,0x02748000,41189376
242097,0x00e15790,6013,0x02efa000,49258496
516320,0x00e157a0,8443,0x041f6000,69165056
600410,0x00e15800,526,0x0041c000,4308992
240474,0x00e15810,5029,0x0274a000,41197568
243225,0x00e15820,6600,0x03390000,54067200
240475,0x00e15880,5030,0x0274c000,41205760
242099,0x00e15890,6014,0x02efc000,49266688
240476,0x00e15900,5031,0x0274e000,41213952
243227,0x00e15910,6601,0x03392000,54075392
243228,0x00e15980,6602,0x03394000,54083584
240478,0x00e15a00,5032,0x02750000,41222144
243229,0x00e15a10,6603,0x03396000,54091776
600415,0x00e15a80,527,0x0041e000,4317184
589060,0x00e15a90,8954,0x045f4000,73351168
600416,0x00e15b00,528,0x00420000,4325376
241600,0x00e15b10,5745,0x02ce2000,47063040
241601,0x00e15b80,5746,0x02ce4000,47071232
600418,0x00e15c00,529,0x00422000,4333568
241602,0x00e15c10,5747,0x02ce6000,47079424
562500,0x00e15c20,8780,0x04498000,71925760
600370,0x00e15c80,492,0x003d8000,4030464
600419,0x00e15c90,530,0x00424000,4341760
138989,0x00e15ca0,3289,0x019b2000,26943488
241603,0x00e15cb0,5748,0x02ce8000,47087616
243185,0x00e15cc0,6580,0x03368000,53903360
600371,0x00e15d00,493,0x003da000,4038656
243186,0x00e15d10,6581,0x0336a000,53911552
600372,0x00e15d80,494,0x003dc000,4046848
241605,0x00e15d90,5749,0x02cea000,47095808
243187,0x00e15da0,6582,0x0336c000,53919744
600373,0x00e15e00,495,0x003de000,4055040
243188,0x00e15e10,6583,0x0336e000,53927936
688620,0x00e15e80,2458,0x01334000,20135936
241607,0x00e15e90,5750,0x02cec000,47104000
243189,0x00e15ea0,6584,0x03370000,53936128
600375,0x00e15f00,496,0x003e0000,4063232
688621,0x00e15f10,2459,0x01336000,20144128
241608,0x00e15f20,5751,0x02cee000,47112192
600376,0x00e15f80,497,0x003e2000,4071424
603120,0x00e15f90,1340,0x00a78000,10977280
688622,0x00e15fa0,2460,0x01338000,20152320
241560,0x00e15fb0,5723,0x02cb6000,46882816
600377,0x00e16000,498,0x003e4000,4079616
603121,0x00e16010,1341,0x00a7a000,10985472
688623,0x00e16020,2461,0x0133a000,20160512
101604,0x00e16030,2806,0x015ec000,22986752
600378,0x00e16080,499,0x003e6000,4087808
603122,0x00e16090,1342,0x00a7c000,10993664
241562,0x00e160a0,5724,0x02cb8000,46891008
600379,0x00e16100,500,0x003e8000,4096000
603123,0x00e16110,1343,0x00a7e000,11001856
688625,0x00e16120,2462,0x0133c000,20168704
601500,0x00e16180,1116,0x008b8000,9142272
603124,0x00e16190,1344,0x00a80000,11010048
688626,0x00e161a0,2463,0x0133e000,20176896
241564,0x00e161b0,5725,0x02cba000,46899200
603125,0x00e16200,1345,0x00a82000,11018240
688627,0x00e16210,2464,0x01340000,20185088
241565,0x00e16220,5726,0x02cbc000,46907392
244316,0x00e16230,7129,0x037b2000,58400768
603126,0x00e16280,1346,0x00a84000,11026432
688628,0x00e16290,2465,0x01342000,20193280
241566,0x00e162a0,5727,0x02cbe000,46915584
526070,0x00e162b0,8586,0x04314000,70336512
603127,0x00e16300,1347,0x00a86000,11034624
688580,0x00e16310,2422,0x012ec000,19841024
688629,0x00e16320,2466,0x01344000,20201472
244318,0x00e16330,7130,0x037b4000,58408960
603128,0x00e16380,1348,0x00a88000,11042816
688581,0x00e16390,2423,0x012ee000,19849216
244270,0x00e163a0,7118,0x0379c000,58310656
244319,0x00e163b0,7131,0x037b6000,58417152
603080,0x00e16400,1304,0x00a30000,10682368
603129,0x00e16410,1349,0x00a8a000,11051008
688582,0x00e16420,2424,0x012f0000,19857408
603081,0x00e16480,1305,0x00a32000,10690560
688583,0x00e16490,2425,0x012f2000,19865600
603082,0x00e16500,1306,0x00a34000,10698752
688584,0x00e16510,2426,0x012f4000,19873792
603083,0x00e16580,1307,0x00a36000,10706944
688585,0x00e16590,2427,0x012f6000,19881984
234805,0x00e165a0,4708,0x024c8000,38567936
244274,0x00e165b0,7119,0x0379e000,58318848
688586,0x00e16600,2428,0x012f8000,19890176
236381,0x00e16610,4771,0x02546000,39084032
242651,0x00e16620,6301,0x0313a000,51617792
244275,0x00e16630,7120,0x037a0000,58327040
588530,0x00e16640,8915,0x045a6000,73031680
603085,0x00e16680,1308,0x00a38000,10715136
242652,0x00e16690,6302,0x0313c000,51625984
603086,0x00e16700,1309,0x00a3a000,10723328
688588,0x00e16710,2429,0x012fa000,19898368
234808,0x00e16720,4709,0x024ca000,38576128
603087,0x00e16780,1310,0x00a3c000,10731520
688589,0x00e16790,2430,0x012fc000,19906560
143095,0x00e167a0,3304,0x019d0000,27066368
242654,0x00e167b0,6303,0x0313e000,51634176
515750,0x00e167c0,8398,0x0419c000,68796416
603088,0x00e16800,1311,0x00a3e000,10739712
603089,0x00e16880,1312,0x00a40000,10747904
242656,0x00e16890,6304,0x03140000,51642368
245401,0x00e16900,7680,0x03c00000,62914560
242658,0x00e16980,6305,0x03142000,51650560
245402,0x00e16990,7681,0x03c02000,62922752
152114,0x00e16a00,3362,0x01a44000,27541504
242659,0x00e16a10,6306,0x03144000,51658752
245403,0x00e16a20,7682,0x03c04000,62930944
563550,0x00e16a30,8834,0x04504000,72368128
184132,0x00e16c00,3992,0x01f30000,32702464
245407,0x00e16c10,7683,0x03c06000,62939136
561930,0x00e16c20,8759,0x0446e000,71753728
184133,0x00e16c80,3993,0x01f32000,32710656
245408,0x00e16c90,7684,0x03c08000,62947328
530680,0x00e16ca0,8598,0x0432c000,70434816
184134,0x00e16d00,3994,0x01f34000,32718848
184135,0x00e16d80,3995,0x01f36000,32727040
188967,0x00e16d90,4565,0x023aa000,37396480
245363,0x00e16e80,7664,0x03be0000,62783488
512010,0x00e16e90,9239,0x0482e000,75685888
605300,0x00e16f00,1933,0x00f1a000,15835136
243740,0x00e16f10,6859,0x03596000,56188928
184090,0x00e16f80,3975,0x01f0e000,32563200
184139,0x00e16f90,3996,0x01f38000,32735232
240990,0x00e16fa0,5351,0x029ce000,43835392
243741,0x00e16fb0,6860,0x03598000,56197120
240991,0x00e17000,5352,0x029d0000,43843584
243742,0x00e17010,6861,0x0359a000,56205312
605303,0x00e17080,1934,0x00f1c000,15843328
184092,0x00e17090,3976,0x01f10000,32571392
240992,0x00e170a0,5353,0x029d2000,43851776
243743,0x00e170b0,6862,0x0359c000,56213504
561890,0x00e170c0,8755,0x04466000,71720960
240993,0x00e17100,5354,0x029d4000,43859968
245368,0x00e17110,7665,0x03be2000,62791680
516840,0x00e17120,8482,0x04244000,69484544
600930,0x00e17180,957,0x0077a000,7839744
605305,0x00e17190,1935,0x00f1e000,15851520
243745,0x00e171a0,6863,0x0359e000,56221696
240995,0x00e17200,5355,0x029d6000,43868160
243746,0x00e17210,6864,0x035a0000,56229888
240996,0x00e17280,5356,0x029d8000,43876352
243747,0x00e17290,6865,0x035a2000,56238080
600933,0x00e17300,958,0x0077c000,7847936
184097,0x00e17310,3977,0x01f12000,32579584
240997,0x00e17320,5357,0x029da000,43884544
140942,0x00e17380,3298,0x019c4000,27017216
184098,0x00e17390,3978,0x01f14000,32587776
240998,0x00e173a0,5358,0x029dc000,43892736
600935,0x00e17400,959,0x0077e000,7856128
175393,0x00e17410,3907,0x01e86000,32006144
270120,0x00e17420,7897,0x03db2000,64692224
589580,0x00e17430,8992,0x04640000,73662464
600936,0x00e17480,960,0x00780000,7864320
235857,0x00e17490,4742,0x0250c000,38846464
235858,0x00e17500,4743,0x0250e000,38854656
600938,0x00e17580,961,0x00782000,7872512
270123,0x00e17590,7898,0x03db4000,64700416
600890,0x00e17600,932,0x00748000,7634944
600939,0x00e17610,962,0x00784000,7880704
600891,0x00e17680,933,0x0074a000,7643136
605266,0x00e17690,1923,0x00f06000,15753216
127911,0x00e176a0,3078,0x0180c000,25214976
185224,0x00e176b0,4287,0x0217e000,35119104
600892,0x00e17700,934,0x0074c000,7651328
600893,0x00e17780,935,0x0074e000,7659520
605268,0x00e17790,1924,0x00f08000,15761408
185226,0x00e177a0,4288,0x02180000,35127296
270127,0x00e177b0,7899,0x03db6000,64708608
600894,0x00e17800,936,0x00750000,7667712
185227,0x00e17810,4289,0x02182000,35135488
513100,0x00e17820,8281,0x040b2000,67837952
600895,0x00e17880,937,0x00752000,7675904
127915,0x00e17890,3079,0x0180e000,25223168
185228,0x00e178a0,4290,0x02184000,35143680
510350,0x00e178b0,8143,0x03f9e000,66707456
600896,0x00e17900,938,0x00754000,7684096
600897,0x00e17980,939,0x00756000,7692288
127917,0x00e17990,3080,0x01810000,25231360
240000,0x00e179a0,4798,0x0257c000,39305216
600898,0x00e17a00,940,0x00758000,7700480
240001,0x00e17a10,4799,0x0257e000,39313408
127919,0x00e17a80,3081,0x01812000,25239552
232115,0x00e17a90,4623,0x0241e000,37871616
240002,0x00e17aa0,4800,0x02580000,39321600
244834,0x00e17ab0,7407,0x039de000,60678144
270084,0x00e17ac0,7881,0x03d92000,64561152
232116,0x00e17b00,4624,0x02420000,37879808
244835,0x00e17b10,7408,0x039e0000,60686336
138510,0x00e17b80,3246,0x0195c000,26591232
244837,0x00e17c00,7409,0x039e2000,60694528
185187,0x00e17c80,4282,0x02174000,35078144
232070,0x00e17c90,4620,0x02418000,37847040
232119,0x00e17ca0,4625,0x02422000,37888000
244838,0x00e17cb0,7410,0x039e4000,60702720
513060,0x00e17cc0,8277,0x040aa000,67805184
603648,0x00e17d00,1657,0x00cf2000,13574144
240007,0x00e17d10,4801,0x02582000,39329792
244791,0x00e17d80,7377,0x039a2000,60432384
244792,0x00e17e00,7378,0x039a4000,60440576
271211,0x00e17e10,7946,0x03e14000,65093632
244794,0x00e17f00,7379,0x039a6000,60448768
271213,0x00e17f10,7947,0x03e16000,65101824
244795,0x00e17f80,7380,0x039a8000,60456960
244797,0x00e18080,7381,0x039aa000,60465152
271216,0x00e18090,7948,0x03e18000,65110016
186317,0x00e18180,4469,0x022ea000,36610048
244799,0x00e18190,7382,0x039ac000,60473344
601985,0x00e18200,1221,0x0098a000,10002432
152631,0x00e18210,3529,0x01b92000,28909568
271219,0x00e18220,7949,0x03e1a000,65118208
271171,0x00e18280,7933,0x03dfa000,64987136
152633,0x00e18300,3530,0x01b94000,28917760
271172,0x00e18310,7934,0x03dfc000,64995328
601988,0x00e18380,1222,0x0098c000,10010624
601989,0x00e18400,1223,0x0098e000,10018816
152635,0x00e18410,3531,0x01b96000,28925952
271175,0x00e18480,7935,0x03dfe000,65003520
109168,0x00e18500,2810,0x015f4000,23019520
132024,0x00e18510,3090,0x01824000,25313280
132026,0x00e18600,3091,0x01826000,25321472
688110,0x00e18680,2065,0x01022000,16916480
688111,0x00e18700,2066,0x01024000,16924672
152592,0x00e18710,3516,0x01b78000,28803072
245881,0x00e18720,7855,0x03d5e000,64348160
688112,0x00e18780,2067,0x01026000,16932864
184656,0x00e18790,4202,0x020d4000,34422784
241050,0x00e187a0,5393,0x02a22000,44179456
688113,0x00e18800,2068,0x01028000,16941056
241051,0x00e18810,5394,0x02a24000,44187648
512530,0x00e18820,8235,0x04056000,67461120
688114,0x00e18880,2069,0x0102a000,16949248
184658,0x00e18890,4203,0x020d6000,34430976
241052,0x00e188a0,5395,0x02a26000,44195840
688115,0x00e18900,2070,0x0102c000,16957440
152596,0x00e18910,3517,0x01b7a000,28811264
241053,0x00e18920,5396,0x02a28000,44204032
688116,0x00e18980,2071,0x0102e000,16965632
241054,0x00e18990,5397,0x02a2a000,44212224
688117,0x00e18a00,2072,0x01030000,16973824
155349,0x00e18a10,3673,0x01cb2000,30089216
163236,0x00e18a20,3777,0x01d82000,30941184
241055,0x00e18a30,5398,0x02a2c000,44220416
245887,0x00e18a40,7856,0x03d60000,64356352
510910,0x00e18a50,8172,0x03fd8000,66945024
688118,0x00e18a80,2073,0x01032000,16982016
122475,0x00e18a90,3037,0x017ba000,24879104
152599,0x00e18aa0,3518,0x01b7c000,28819456
241056,0x00e18ab0,5399,0x02a2e000,44228608
560330,0x00e18ac0,8641,0x04382000,70787072
688070,0x00e18b00,2028,0x00fd8000,16613376
688119,0x00e18b10,2074,0x01034000,16990208
163238,0x00e18b20,3778,0x01d84000,30949376
241057,0x00e18b30,5400,0x02a30000,44236800
688071,0x00e18b80,2029,0x00fda000,16621568
241058,0x00e18b90,5401,0x02a32000,44244992
688072,0x00e18c00,2030,0x00fdc000,16629760
688073,0x00e18c80,2031,0x00fde000,16637952
137943,0x00e18d00,3230,0x0193c000,26460160
688075,0x00e18d80,2032,0x00fe0000,16646144
137944,0x00e18d90,3231,0x0193e000,26468352
688076,0x00e18e00,2033,0x00fe2000,16654336
588020,0x00e18e10,8867,0x04546000,72638464
688077,0x00e18e80,2034,0x00fe4000,16662528
185741,0x00e18e90,4398,0x0225c000,36028416
688078,0x00e18f00,2035,0x00fe6000,16670720
137947,0x00e18f10,3232,0x01940000,26476544
163197,0x00e18f20,3772,0x01d78000,30900224
560290,0x00e18f30,8637,0x0437a000,70754304
688079,0x00e18f80,2036,0x00fe8000,16678912
163199,0x00e19000,3773,0x01d7a000,30908416
185744,0x00e19010,4399,0x0225e000,36036608
115713,0x00e19080,2925,0x016da000,23961600
185746,0x00e19100,4400,0x02260000,36044800
242140,0x00e19110,6040,0x02f30000,49479680
242141,0x00e19180,6041,0x02f32000,49487872
513620,0x00e19190,8316,0x040f8000,68124672
242142,0x00e19200,6042,0x02f34000,49496064
242143,0x00e19280,6043,0x02f36000,49504256
240520,0x00e19300,5062,0x0278c000,41467904
242144,0x00e19310,6044,0x02f38000,49512448
115719,0x00e19380,2926,0x016dc000,23969792
240521,0x00e19390,5063,0x0278e000,41476096
188454,0x00e19400,4490,0x02314000,36782080
232635,0x00e19410,4653,0x0245a000,38117376
240522,0x00e19420,5064,0x02790000,41484288
520700,0x00e19430,8553,0x042d2000,70066176
561420,0x00e19440,8727,0x0442e000,71491584
242148,0x00e19500,6045,0x02f3a000,49520640
240525,0x00e19580,5065,0x02792000,41492480
240526,0x00e19600,5066,0x02794000,41500672
513580,0x00e19610,8313,0x040f2000,68100096
240528,0x00e19700,5067,0x02796000,41508864
243230,0x00e19710,6604,0x03398000,54099968
115678,0x00e19780,2916,0x016c8000,23887872
240480,0x00e19790,5033,0x02752000,41230336
240529,0x00e197a0,5068,0x02798000,41517056
243231,0x00e197b0,6605,0x0339a000,54108160
589110,0x00e197c0,8959,0x045fe000,73392128
240481,0x00e19800,5034,0x02754000,41238528
243232,0x00e19810,6606,0x0339c000,54116352
511960,0x00e19820,9234,0x04824000,75644928
240482,0x00e19880,5035,0x02756000,41246720
243233,0x00e19890,6607,0x0339e000,54124544
520660,0x00e198a0,8549,0x042ca000,70033408
561380,0x00e198b0,8723,0x04426000,71458816
243234,0x00e19900,6608,0x033a0000,54132736
516330,0x00e19910,8444,0x041f8000,69173248
600420,0x00e19980,531,0x00426000,4349952
243235,0x00e19990,6609,0x033a2000,54140928
600421,0x00e19a00,532,0x00428000,4358144
240485,0x00e19a10,5036,0x02758000,41254912
243236,0x00e19a20,6610,0x033a4000,54149120
600422,0x00e19a80,533,0x0042a000,4366336
240486,0x00e19a90,5037,0x0275a000,41263104
600423,0x00e19b00,534,0x0042c000,4374528
240487,0x00e19b10,5038,0x0275c000,41271296
243238,0x00e19b20,6611,0x033a6000,54157312
240488,0x00e19b80,5039,0x0275e000,41279488
243190,0x00e19b90,6585,0x03372000,53944320
600425,0x00e19c00,535,0x0042e000,4382720
138995,0x00e19c10,3290,0x019b4000,26951680
240489,0x00e19c20,5040,0x02760000,41287680
589070,0x00e19c30,8955,0x045f6000,73359360
600426,0x00e19c80,536,0x00430000,4390912
243192,0x00e19c90,6586,0x03374000,53952512
241611,0x00e19d00,5752,0x02cf0000,47120384
243193,0x00e19d10,6587,0x03376000,53960704
600428,0x00e19d80,537,0x00432000,4399104
243194,0x00e19d90,6588,0x03378000,53968896
516290,0x00e19da0,8440,0x041f0000,69140480
562510,0x00e19db0,8781,0x0449a000,71933952
600380,0x00e19e00,501,0x003ea000,4104192
600429,0x00e19e10,538,0x00434000,4407296
243195,0x00e19e20,6589,0x0337a000,53977088
600381,0x00e19e80,502,0x003ec000,4112384
243196,0x00e19e90,6590,0x0337c000,53985280
600382,0x00e19f00,503,0x003ee000,4120576
243197,0x00e19f10,6591,0x0337e000,53993472
600383,0x00e19f80,504,0x003f0000,4128768
241616,0x00e19f90,5753,0x02cf2000,47128576
688630,0x00e1a000,2467,0x01346000,20209664
241617,0x00e1a010,5754,0x02cf4000,47136768
600385,0x00e1a080,505,0x003f2000,4136960
688631,0x00e1a090,2468,0x01348000,20217856
140393,0x00e1a0a0,3293,0x019ba000,26976256
244320,0x00e1a0b0,7132,0x037b8000,58425344
600386,0x00e1a100,506,0x003f4000,4145152
603130,0x00e1a110,1350,0x00a8c000,11059200
600387,0x00e1a180,507,0x003f6000,4153344
603131,0x00e1a190,1351,0x00a8e000,11067392
688633,0x00e1a1a0,2469,0x0134a000,20226048
155865,0x00e1a1b0,3709,0x01cfa000,30384128
600388,0x00e1a200,508,0x003f8000,4161536
603132,0x00e1a210,1352,0x00a90000,11075584
155866,0x00e1a220,3710,0x01cfc000,30392320
241572,0x00e1a230,5728,0x02cc0000,46923776
244323,0x00e1a240,7133,0x037ba000,58433536
600389,0x00e1a280,509,0x003fa000,4169728
688635,0x00e1a290,2470,0x0134c000,20234240
688636,0x00e1a300,2471,0x0134e000,20242432
241574,0x00e1a310,5729,0x02cc2000,46931968
242701,0x00e1a320,6326,0x0316c000,51822592
244325,0x00e1a330,7134,0x037bc000,58441728
603135,0x00e1a380,1353,0x00a92000,11083776
241575,0x00e1a390,5730,0x02cc4000,46940160
242702,0x00e1a3a0,6327,0x0316e000,51830784
601512,0x00e1a400,1117,0x008ba000,9150464
603136,0x00e1a410,1354,0x00a94000,11091968
688638,0x00e1a420,2472,0x01350000,20250624
241576,0x00e1a430,5731,0x02cc6000,46948352
242703,0x00e1a440,6328,0x03170000,51838976
244327,0x00e1a450,7135,0x037be000,58449920
560850,0x00e1a460,8683,0x043d6000,71131136
603137,0x00e1a480,1355,0x00a96000,11100160
688590,0x00e1a490,2431,0x012fe000,19914752
688639,0x00e1a4a0,2473,0x01352000,20258816
242704,0x00e1a4b0,6329,0x03172000,51847168
244328,0x00e1a4c0,7136,0x037c0000,58458112
515800,0x00e1a4d0,8402,0x041a4000,68829184
603138,0x00e1a500,1356,0x00a98000,11108352
688591,0x00e1a510,2432,0x01300000,19922944
244329,0x00e1a520,7137,0x037c2000,58466304
601515,0x00e1a580,1118,0x008bc000,9158656
603090,0x00e1a590,1313,0x00a42000,10756096
603139,0x00e1a5a0,1357,0x00a9a000,11116544
688592,0x00e1a5b0,2433,0x01302000,19931136
236436,0x00e1a5c0,4773,0x0254a000,39100416
241579,0x00e1a5d0,5732,0x02cc8000,46956544
242706,0x00e1a5e0,6330,0x03174000,51855360
603091,0x00e1a600,1314,0x00a44000,10764288
688593,0x00e1a610,2434,0x01304000,19939328
234813,0x00e1a620,4710,0x024cc000,38584320
603092,0x00e1a680,1315,0x00a46000,10772480
601518,0x00e1a700,1119,0x008be000,9166848
603093,0x00e1a710,1316,0x00a48000,10780672
688595,0x00e1a720,2435,0x01306000,19947520
242660,0x00e1a730,6307,0x03146000,51666944
517380,0x00e1a740,8514,0x04284000,69746688
563600,0x00e1a750,8839,0x0450e000,72409088
601519,0x00e1a780,1120,0x008c0000,9175040
688596,0x00e1a790,2436,0x01308000,19955712
242661,0x00e1a7a0,6308,0x03148000,51675136
603095,0x00e1a800,1317,0x00a4a000,10788864
688597,0x00e1a810,2437,0x0130a000,19963904
603096,0x00e1a880,1318,0x00a4c000,10797056
688598,0x00e1a890,2438,0x0130c000,19972096
242663,0x00e1a8a0,6309,0x0314a000,51683328
603097,0x00e1a900,1319,0x00a4e000,10805248
688599,0x00e1a910,2439,0x0130e000,19980288
242664,0x00e1a920,6310,0x0314c000,51691520
515760,0x00e1a930,8399,0x0419e000,68804608
603098,0x00e1a980,1320,0x00a50000,10813440
244289,0x00e1a990,7121,0x037a2000,58335232
603099,0x00e1aa00,1321,0x00a52000,10821632
152122,0x00e1aa80,3363,0x01a46000,27549696
019427,0x00e1ab00,2654,0x014bc000,21741568
152123,0x00e1ab10,3364,0x01a48000,27557888
242668,0x00e1ab20,6311,0x0314e000,51699712
188970,0x00e1ab80,4566,0x023ac000,37404672
242669,0x00e1ab90,6312,0x03150000,51707904
563560,0x00e1aba0,8835,0x04506000,72376320
152125,0x00e1ac00,3365,0x01a4a000,27566080
245414,0x00e1ac10,7685,0x03c0a000,62955520
152126,0x00e1ac80,3366,0x01a4c000,27574272
184140,0x00e1ac90,3997,0x01f3a000,32743424
245415,0x00e1aca0,7686,0x03c0c000,62963712
136346,0x00e1ad00,3101,0x0183a000,25403392
245417,0x00e1ad80,7687,0x03c0e000,62971904
184143,0x00e1ae00,3998,0x01f3c000,32751616
188976,0x00e1ae80,4567,0x023ae000,37412864
245370,0x00e1ae90,7666,0x03be4000,62799872
245419,0x00e1aea0,7688,0x03c10000,62980096
245371,0x00e1af00,7667,0x03be6000,62808064
184146,0x00e1af80,3999,0x01f3e000,32759808
184147,0x00e1b000,4000,0x01f40000,32768000
245373,0x00e1b010,7668,0x03be8000,62816256
512020,0x00e1b020,9240,0x04830000,75694080
243750,0x00e1b080,6866,0x035a4000,56246272
245374,0x00e1b090,7669,0x03bea000,62824448
589630,0x00e1b100,8994,0x04644000,73678848
243752,0x00e1b180,6867,0x035a6000,56254464
245376,0x00e1b190,7670,0x03bec000,62832640
235909,0x00e1b280,4753,0x02522000,38936576
516850,0x00e1b290,8483,0x04246000,69492736
600941,0x00e1b380,963,0x00786000,7888896
235862,0x00e1b390,4744,0x02510000,38862848
235863,0x00e1b400,4745,0x02512000,38871040
243757,0x00e1b410,6868,0x035a8000,56262656
605318,0x00e1b480,1936,0x00f20000,15859712
243758,0x00e1b490,6869,0x035aa000,56270848
605319,0x00e1b500,1937,0x00f22000,15867904
235865,0x00e1b510,4746,0x02514000,38879232
243759,0x00e1b520,6870,0x035ac000,56279040
115202,0x00e1b800,2839,0x0162e000,23257088
127921,0x00e1b810,3082,0x01814000,25247744
185234,0x00e1b820,4291,0x02186000,35151872
605277,0x00e1b880,1925,0x00f0a000,15769600
127923,0x00e1b900,3083,0x01816000,25255936
185236,0x00e1b910,4292,0x02188000,35160064
513110,0x00e1b980,8282,0x040b4000,67846144
244840,0x00e1ba00,7411,0x039e6000,60710912
270139,0x00e1ba10,7900,0x03db8000,64716800
510360,0x00e1ba20,8144,0x03fa0000,66715648
603650,0x00e1ba80,1658,0x00cf4000,13582336
270091,0x00e1ba90,7882,0x03d94000,64569344
115208,0x00e1bb00,2840,0x01630000,23265280
127927,0x00e1bb10,3084,0x01818000,25264128
185191,0x00e1bb20,4283,0x02176000,35086336
240010,0x00e1bb30,4802,0x02584000,39337984
270092,0x00e1bb40,7883,0x03d96000,64577536
244843,0x00e1bb80,7412,0x039e8000,60719104
270093,0x00e1bb90,7884,0x03d98000,64585728
562990,0x00e1bba0,8807,0x044ce000,72146944
127929,0x00e1bc00,3085,0x0181a000,25272320
143661,0x00e1bc10,3324,0x019f8000,27230208
244844,0x00e1bc20,7413,0x039ea000,60727296
270094,0x00e1bc30,7885,0x03d9a000,64593920
270095,0x00e1bc80,7886,0x03d9c000,64602112
603655,0x00e1bd00,1659,0x00cf6000,13590528
138520,0x00e1bd10,3247,0x0195e000,26599424
603656,0x00e1bd80,1660,0x00cf8000,13598720
185196,0x00e1bd90,4284,0x02178000,35094528
603657,0x00e1be00,1661,0x00cfa000,13606912
138522,0x00e1be10,3248,0x01960000,26607616
244848,0x00e1be20,7414,0x039ec000,60735488
270098,0x00e1be30,7887,0x03d9e000,64610304
513070,0x00e1be40,8278,0x040ac000,67813376
603658,0x00e1be80,1662,0x00cfc000,13615104
138523,0x00e1be90,3249,0x01962000,26615808
143666,0x00e1bea0,3325,0x019fa000,27238400
240017,0x00e1beb0,4803,0x02586000,39346176
244849,0x00e1bec0,7415,0x039ee000,60743680
270099,0x00e1bed0,7888,0x03da0000,64618496
603659,0x00e1bf00,1663,0x00cfe000,13623296
240019,0x00e1bf80,4804,0x02588000,39354368
271223,0x00e1c080,7950,0x03e1c000,65126400
601990,0x00e1c100,1224,0x00990000,10027008
271224,0x00e1c110,7951,0x03e1e000,65134592
601991,0x00e1c180,1225,0x00992000,10035200
601992,0x00e1c200,1226,0x00994000,10043392
232088,0x00e1c210,4621,0x0241a000,37855232
601995,0x00e1c380,1227,0x00996000,10051584
152641,0x00e1c390,3532,0x01b98000,28934144
601996,0x00e1c400,1228,0x00998000,10059776
601997,0x00e1c480,1229,0x0099a000,10067968
601998,0x00e1c500,1230,0x0099c000,10076160
601999,0x00e1c580,1231,0x0099e000,10084352
152645,0x00e1c590,3533,0x01b9a000,28942336
241102,0x00e1c5a0,5428,0x02a68000,44466176
271184,0x00e1c5b0,7936,0x03e00000,65011712
562000,0x00e1c5c0,8764,0x04478000,71794688
184709,0x00e1c600,4218,0x020f4000,34553856
241103,0x00e1c610,5429,0x02a6a000,44474368
160492,0x00e1c680,3745,0x01d42000,30679040
186285,0x00e1c690,4467,0x022e6000,36593664
184662,0x00e1c700,4204,0x020d8000,34439168
241105,0x00e1c710,5430,0x02a6c000,44482560
184663,0x00e1c780,4205,0x020da000,34447360
688120,0x00e1c800,2075,0x01036000,16998400
136869,0x00e1c810,3139,0x01886000,25714688
186288,0x00e1c820,4468,0x022e8000,36601856
688121,0x00e1c880,2076,0x01038000,17006592
147508,0x00e1c890,3340,0x01a18000,27361280
184665,0x00e1c8a0,4206,0x020dc000,34455552
241108,0x00e1c8b0,5431,0x02a6e000,44490752
245891,0x00e1c8c0,7857,0x03d62000,64364544
688122,0x00e1c900,2077,0x0103a000,17014784
171135,0x00e1c910,3822,0x01ddc000,31309824
184666,0x00e1c920,4207,0x020de000,34463744
241060,0x00e1c930,5402,0x02a34000,44253184
688123,0x00e1c980,2078,0x0103c000,17022976
233174,0x00e1c990,4675,0x02486000,38297600
241061,0x00e1c9a0,5403,0x02a36000,44261376
184668,0x00e1ca00,4208,0x020e0000,34471936
241062,0x00e1ca10,5404,0x02a38000,44269568
688125,0x00e1ca80,2079,0x0103e000,17031168
155357,0x00e1ca90,3674,0x01cb4000,30097408
241063,0x00e1caa0,5405,0x02a3a000,44277760
601000,0x00e1cb00,1004,0x007d8000,8224768
688126,0x00e1cb10,2080,0x01040000,17039360
601001,0x00e1cb80,1005,0x007da000,8232960
688127,0x00e1cb90,2081,0x01042000,17047552
601002,0x00e1cc00,1006,0x007dc000,8241152
688128,0x00e1cc10,2082,0x01044000,17055744
175966,0x00e1cc20,3925,0x01eaa000,32153600
241066,0x00e1cc30,5406,0x02a3c000,44285952
601003,0x00e1cc80,1007,0x007de000,8249344
688080,0x00e1cc90,2037,0x00fea000,16687104
688129,0x00e1cca0,2083,0x01046000,17063936
163248,0x00e1ccb0,3779,0x01d86000,30957568
688081,0x00e1cd00,2038,0x00fec000,16695296
601005,0x00e1cd80,1008,0x007e0000,8257536
688082,0x00e1cd90,2039,0x00fee000,16703488
147469,0x00e1cda0,3339,0x01a16000,27353088
241069,0x00e1cdb0,5407,0x02a3e000,44294144
601006,0x00e1ce00,1009,0x007e2000,8265728
688083,0x00e1ce10,2040,0x00ff0000,16711680
137952,0x00e1ce20,3233,0x01942000,26484736
601007,0x00e1ce80,1010,0x007e4000,8273920
688084,0x00e1ce90,2041,0x00ff2000,16719872
601008,0x00e1cf00,1011,0x007e6000,8282112
688085,0x00e1cf10,2042,0x00ff4000,16728064
601009,0x00e1cf80,1012,0x007e8000,8290304
688086,0x00e1cf90,2043,0x00ff6000,16736256
588030,0x00e1cfa0,8868,0x04548000,72646656
688087,0x00e1d000,2044,0x00ff8000,16744448
510880,0x00e1d010,8170,0x03fd4000,66928640
688088,0x00e1d080,2045,0x00ffa000,16752640
137957,0x00e1d090,3234,0x01944000,26492928
688089,0x00e1d100,2046,0x00ffc000,16760832
515250,0x00e1d110,8367,0x0415e000,68542464
242150,0x00e1d280,6046,0x02f3c000,49528832
242151,0x00e1d300,6047,0x02f3e000,49537024
513630,0x00e1d310,8317,0x040fa000,68132864
115726,0x00e1d380,2927,0x016de000,23977984
563050,0x00e1d390,8812,0x044d8000,72187904
242153,0x00e1d400,6048,0x02f40000,49545216
115729,0x00e1d500,2928,0x016e0000,23986176
240531,0x00e1d510,5069,0x0279a000,41525248
242155,0x00e1d520,6049,0x02f42000,49553408
115681,0x00e1d580,2917,0x016ca000,23896064
232645,0x00e1d590,4654,0x0245c000,38125568
240532,0x00e1d5a0,5070,0x0279c000,41533440
520710,0x00e1d5b0,8554,0x042d4000,70074368
561430,0x00e1d5c0,8728,0x04430000,71499776
115682,0x00e1d600,2918,0x016cc000,23904256
242157,0x00e1d610,6050,0x02f44000,49561600
530180,0x00e1d620,8592,0x04320000,70385664
240534,0x00e1d680,5071,0x0279e000,41541632
115684,0x00e1d700,2919,0x016ce000,23912448
240536,0x00e1d780,5072,0x027a0000,41549824
513590,0x00e1d790,8314,0x040f4000,68108288
115687,0x00e1d880,2920,0x016d0000,23920640
240538,0x00e1d890,5073,0x027a2000,41558016
243240,0x00e1d8a0,6612,0x033a8000,54165504
240490,0x00e1d900,5041,0x02762000,41295872
240539,0x00e1d910,5074,0x027a4000,41566208
589120,0x00e1d920,8960,0x04600000,73400320
115689,0x00e1d980,2921,0x016d2000,23928832
243242,0x00e1d990,6613,0x033aa000,54173696
511970,0x00e1d9a0,9235,0x04826000,75653120
157530,0x00e1da00,3728,0x01d20000,30539776
240492,0x00e1da10,5042,0x02764000,41304064
243243,0x00e1da20,6614,0x033ac000,54181888
520670,0x00e1da30,8550,0x042cc000,70041600
561390,0x00e1da40,8724,0x04428000,71467008
240493,0x00e1da80,5043,0x02766000,41312256
243244,0x00e1da90,6615,0x033ae000,54190080
243245,0x00e1db00,6616,0x033b0000,54198272
240495,0x00e1db80,5044,0x02768000,41320448
243246,0x00e1db90,6617,0x033b2000,54206464
600432,0x00e1dc00,539,0x00436000,4415488
240496,0x00e1dc10,5045,0x0276a000,41328640
751034,0x00e1dc20,9012,0x04668000,73826304
502000,0x00e1dc30,9154,0x04784000,74989568
600433,0x00e1dc80,540,0x00438000,4423680
240497,0x00e1dc90,5046,0x0276c000,41336832
243248,0x00e1dca0,6618,0x033b4000,54214656
240498,0x00e1dd00,5047,0x0276e000,41345024
600435,0x00e1dd80,541,0x0043a000,4431872
124662,0x00e1dd90,3050,0x017d4000,24985600
157537,0x00e1dda0,3729,0x01d22000,30547968
240499,0x00e1ddb0,5048,0x02770000,41353216
589080,0x00e1ddc0,8956,0x045f8000,73367552
502003,0x00e1ddd0,9155,0x04786000,74997760
600436,0x00e1de00,542,0x0043c000,4440064
241621,0x00e1de80,5755,0x02cf6000,47144960
600438,0x00e1df00,543,0x0043e000,4448256
241622,0x00e1df10,5756,0x02cf8000,47153152
562520,0x00e1df20,8782,0x0449c000,71942144
502006,0x00e1df30,9156,0x04788000,75005952
600390,0x00e1df80,510,0x003fc000,4177920
600439,0x00e1df90,544,0x00440000,4456448
241623,0x00e1dfa0,5757,0x02cfa000,47161344
600391,0x00e1e000,511,0x003fe000,4186112
241624,0x00e1e010,5758,0x02cfc000,47169536
600392,0x00e1e080,512,0x00400000,4194304
241625,0x00e1e090,5759,0x02cfe000,47177728
600393,0x00e1e100,513,0x00402000,4202496
241626,0x00e1e110,5760,0x02d00000,47185920
560900,0x00e1e120,8687,0x043de000,71163904
241627,0x00e1e180,5761,0x02d02000,47194112
600395,0x00e1e200,514,0x00404000,4210688
173278,0x00e1e210,3863,0x01e2e000,31645696
241628,0x00e1e220,5762,0x02d04000,47202304
600396,0x00e1e280,515,0x00406000,4218880
163761,0x00e1e290,3814,0x01dcc000,31244288
241580,0x00e1e2a0,5733,0x02cca000,46964736
241629,0x00e1e2b0,5763,0x02d06000,47210496
600397,0x00e1e300,516,0x00408000,4227072
241581,0x00e1e310,5734,0x02ccc000,46972928
244332,0x00e1e320,7138,0x037c4000,58474496
600398,0x00e1e380,517,0x0040a000,4235264
143150,0x00e1e390,3308,0x019d8000,27099136
244333,0x00e1e3a0,7139,0x037c6000,58482688
600399,0x00e1e400,518,0x0040c000,4243456
241583,0x00e1e410,5735,0x02cce000,46981120
688646,0x00e1e480,2474,0x01354000,20267008
241584,0x00e1e490,5736,0x02cd0000,46989312
242711,0x00e1e4a0,6331,0x03176000,51863552
244336,0x00e1e500,7140,0x037c8000,58490880
688648,0x00e1e580,2475,0x01356000,20275200
242713,0x00e1e590,6332,0x03178000,51871744
560860,0x00e1e5a0,8684,0x043d8000,71139328
241587,0x00e1e600,5737,0x02cd2000,46997504
242714,0x00e1e610,6333,0x0317a000,51879936
515810,0x00e1e620,8403,0x041a6000,68837376
244290,0x00e1e680,7122,0x037a4000,58343424
244339,0x00e1e690,7141,0x037ca000,58499072
241589,0x00e1e700,5738,0x02cd4000,47005696
242716,0x00e1e710,6334,0x0317c000,51888128
244291,0x00e1e720,7123,0x037a6000,58351616
242717,0x00e1e780,6335,0x0317e000,51896320
244292,0x00e1e790,7124,0x037a8000,58359808
244293,0x00e1e800,7125,0x037aa000,58368000
601528,0x00e1e880,1121,0x008c2000,9183232
517390,0x00e1e890,8515,0x04286000,69754880
588550,0x00e1e900,8916,0x045a8000,73039872
242673,0x00e1ea00,6313,0x03152000,51716096
244297,0x00e1ea10,7126,0x037ac000,58376192
242674,0x00e1ea80,6314,0x03154000,51724288
244298,0x00e1ea90,7127,0x037ae000,58384384
515770,0x00e1eaa0,8400,0x041a0000,68812800
242676,0x00e1eb80,6315,0x03156000,51732480
242677,0x00e1ec00,6316,0x03158000,51740672
242679,0x00e1ed00,6317,0x0315a000,51748864
563570,0x00e1ed10,8836,0x04508000,72384512
243800,0x00e1ed80,6889,0x035d2000,56434688
245424,0x00e1ed90,7689,0x03c12000,62988288
152136,0x00e1ee00,3367,0x01a4e000,27582464
245425,0x00e1ee10,7690,0x03c14000,62996480
136356,0x00e1ee80,3102,0x0183c000,25411584
184151,0x00e1ee90,4001,0x01f42000,32776192
245426,0x00e1eea0,7691,0x03c16000,63004672
561950,0x00e1ef00,8760,0x04470000,71761920
184153,0x00e1ef80,4002,0x01f44000,32784384
243804,0x00e1ef90,6890,0x035d4000,56442880
245428,0x00e1efa0,7692,0x03c18000,63012864
516900,0x00e1efb0,8487,0x0424e000,69525504
235911,0x00e1f000,4754,0x02524000,38944768
243805,0x00e1f010,6891,0x035d6000,56451072
243806,0x00e1f080,6892,0x035d8000,56459264
245381,0x00e1f090,7671,0x03bee000,62840832
243807,0x00e1f100,6893,0x035da000,56467456
184157,0x00e1f180,4003,0x01f46000,32792576
235914,0x00e1f190,4755,0x02526000,38952960
245383,0x00e1f1a0,7672,0x03bf0000,62849024
512030,0x00e1f1b0,9241,0x04832000,75702272
184159,0x00e1f280,4004,0x01f48000,32800768
235916,0x00e1f290,4756,0x02528000,38961152
243761,0x00e1f2a0,6871,0x035ae000,56287232
245385,0x00e1f2b0,7673,0x03bf2000,62857216
243763,0x00e1f380,6872,0x035b0000,56295424
243764,0x00e1f400,6873,0x035b2000,56303616
245388,0x00e1f410,7674,0x03bf4000,62865408
516860,0x00e1f420,8484,0x04248000,69500928
243766,0x00e1f500,6874,0x035b4000,56311808
243767,0x00e1f580,6875,0x035b6000,56320000
243768,0x00e1f600,6876,0x035b8000,56328192
600955,0x00e1f700,964,0x00788000,7897088
510410,0x00e1f710,8148,0x03fa8000,66748416
600956,0x00e1f780,965,0x0078a000,7905280
603700,0x00e1f790,1692,0x00d38000,13860864
603701,0x00e1f800,1693,0x00d3a000,13869056
185241,0x00e1f810,4293,0x0218a000,35168256
600958,0x00e1f880,966,0x0078c000,7913472
115210,0x00e1f890,2841,0x01632000,23273472
600959,0x00e1f900,967,0x0078e000,7921664
603703,0x00e1f910,1694,0x00d3c000,13877248
127930,0x00e1f920,3086,0x0181c000,25280512
605286,0x00e1f980,1926,0x00f0c000,15777792
185244,0x00e1f990,4294,0x0218c000,35176448
605287,0x00e1fa00,1927,0x00f0e000,15785984
127932,0x00e1fa10,3087,0x0181e000,25288704
185245,0x00e1fa20,4295,0x0218e000,35184640
517950,0x00e1fa30,8525,0x0429a000,69836800
603706,0x00e1fa80,1695,0x00d3e000,13885440
605288,0x00e1fa90,1928,0x00f10000,15794176
603707,0x00e1fb00,1696,0x00d40000,13893632
605289,0x00e1fb10,1929,0x00f12000,15802368
513120,0x00e1fb20,8283,0x040b6000,67854336
603708,0x00e1fb80,1697,0x00d42000,13901824
115216,0x00e1fb90,2842,0x01634000,23281664
244850,0x00e1fba0,7416,0x039f0000,60751872
510370,0x00e1fbb0,8145,0x03fa2000,66723840
603660,0x00e1fc00,1664,0x00d00000,13631488
603709,0x00e1fc10,1698,0x00d44000,13910016
185249,0x00e1fc20,4296,0x02190000,35192832
244851,0x00e1fc30,7417,0x039f2000,60760064
603661,0x00e1fc80,1665,0x00d02000,13639680
240020,0x00e1fc90,4805,0x0258a000,39362560
603662,0x00e1fd00,1666,0x00d04000,13647872
244853,0x00e1fd10,7418,0x039f4000,60768256
603663,0x00e1fd80,1667,0x00d06000,13656064
115172,0x00e1fe00,2836,0x01628000,23232512
244855,0x00e1fe10,7419,0x039f6000,60776448
603665,0x00e1fe80,1668,0x00d08000,13664256
603666,0x00e1ff00,1669,0x00d0a000,13672448
115174,0x00e1ff10,2837,0x0162a000,23240704
240025,0x00e1ff20,4806,0x0258c000,39370752
244857,0x00e1ff30,7420,0x039f8000,60784640
603667,0x00e1ff80,1670,0x00d0c000,13680640
240026,0x00e1ff90,4807,0x0258e000,39378944
244858,0x00e1ffa0,7421,0x039fa000,60792832
513080,0x00e1ffb0,8279,0x040ae000,67821568
603668,0x00e20000,1671,0x00d0e000,13688832
244859,0x00e20010,7422,0x039fc000,60801024
603669,0x00e20080,1672,0x00d10000,13697024
115177,0x00e20090,2838,0x0162c000,23248896
240029,0x00e20100,4808,0x02590000,39387136
138536,0x00e20180,3250,0x01964000,26624000
271233,0x00e20200,7952,0x03e20000,65142784
138538,0x00e20280,3251,0x01966000,26632192
232096,0x00e20290,4622,0x0241c000,37863424
271234,0x00e202a0,7953,0x03e22000,65150976
271236,0x00e20380,7954,0x03e24000,65159168
184712,0x00e20400,4219,0x020f6000,34562048
271237,0x00e20410,7955,0x03e26000,65167360
152650,0x00e20480,3534,0x01b9c000,28950528
271190,0x00e20500,7937,0x03e02000,65019904
271239,0x00e20510,7956,0x03e28000,65175552
271191,0x00e20580,7938,0x03e04000,65028096
147510,0x00e20600,3341,0x01a1a000,27369472
184716,0x00e20610,4220,0x020f8000,34570240
241110,0x00e20620,5432,0x02a70000,44498944
271192,0x00e20630,7939,0x03e06000,65036288
124154,0x00e20680,3045,0x017ca000,24944640
155405,0x00e20690,3677,0x01cba000,30121984
184717,0x00e206a0,4221,0x020fa000,34578432
241111,0x00e206b0,5433,0x02a72000,44507136
152655,0x00e20700,3535,0x01b9e000,28958720
155406,0x00e20710,3678,0x01cbc000,30130176
231601,0x00e20720,4596,0x023e8000,37650432
241112,0x00e20730,5434,0x02a74000,44515328
271194,0x00e20740,7940,0x03e08000,65044480
562010,0x00e20750,8765,0x0447a000,71802880
152656,0x00e20780,3536,0x01ba0000,28966912
155407,0x00e20790,3679,0x01cbe000,30138368
241113,0x00e207a0,5435,0x02a76000,44523520
271195,0x00e207b0,7941,0x03e0a000,65052672
184671,0x00e20800,4209,0x020e2000,34480128
241114,0x00e20810,5436,0x02a78000,44531712
171141,0x00e20880,3823,0x01dde000,31318016
241115,0x00e20890,5437,0x02a7a000,44539904
271197,0x00e208a0,7942,0x03e0c000,65060864
152659,0x00e20900,3537,0x01ba2000,28975104
241116,0x00e20910,5438,0x02a7c000,44548096
271198,0x00e20920,7943,0x03e0e000,65069056
688130,0x00e20980,2084,0x01048000,17072128
241117,0x00e20990,5439,0x02a7e000,44556288
688131,0x00e20a00,2085,0x0104a000,17080320
688132,0x00e20a80,2086,0x0104c000,17088512
241070,0x00e20a90,5408,0x02a40000,44302336
241119,0x00e20aa0,5440,0x02a80000,44564480
688133,0x00e20b00,2087,0x0104e000,17096704
184677,0x00e20b10,4210,0x020e4000,34488320
512550,0x00e20b20,8236,0x04058000,67469312
175972,0x00e20b80,3926,0x01eac000,32161792
688135,0x00e20c00,2088,0x01050000,17104896
241073,0x00e20c10,5409,0x02a42000,44310528
601010,0x00e20c80,1013,0x007ea000,8298496
688136,0x00e20c90,2089,0x01052000,17113088
241074,0x00e20ca0,5410,0x02a44000,44318720
601011,0x00e20d00,1014,0x007ec000,8306688
688137,0x00e20d10,2090,0x01054000,17121280
122494,0x00e20d20,3038,0x017bc000,24887296
241075,0x00e20d30,5411,0x02a46000,44326912
242202,0x00e20d40,6067,0x02f66000,49700864
601012,0x00e20d80,1015,0x007ee000,8314880
688138,0x00e20d90,2091,0x01056000,17129472
560350,0x00e20da0,8642,0x04384000,70795264
688090,0x00e20e00,2047,0x00ffe000,16769024
688139,0x00e20e10,2092,0x01058000,17137664
122496,0x00e20e20,3039,0x017be000,24895488
163258,0x00e20e30,3780,0x01d88000,30965760
241077,0x00e20e40,5412,0x02a48000,44335104
242204,0x00e20e50,6068,0x02f68000,49709056
515300,0x00e20e60,8370,0x04164000,68567040
688091,0x00e20e80,2048,0x01000000,16777216
601015,0x00e20f00,1016,0x007f0000,8323072
688092,0x00e20f10,2049,0x01002000,16785408
122498,0x00e20f20,3040,0x017c0000,24903680
185805,0x00e20f30,4413,0x0227a000,36151296
601016,0x00e20f80,1017,0x007f2000,8331264
688093,0x00e20f90,2050,0x01004000,16793600
242208,0x00e21000,6069,0x02f6a000,49717248
601018,0x00e21080,1018,0x007f4000,8339456
688095,0x00e21090,2051,0x01006000,16801792
137964,0x00e210a0,3235,0x01946000,26501120
185808,0x00e210b0,4415,0x0227e000,36167680
242209,0x00e210c0,6070,0x02f6c000,49725440
601019,0x00e21100,1019,0x007f6000,8347648
688096,0x00e21110,2052,0x01008000,16809984
185760,0x00e21120,4401,0x02262000,36052992
588040,0x00e21130,8869,0x0454a000,72654848
688097,0x00e21180,2053,0x0100a000,16818176
688098,0x00e21200,2054,0x0100c000,16826368
688099,0x00e21280,2055,0x0100e000,16834560
185763,0x00e21290,4402,0x02264000,36061184
515260,0x00e212a0,8368,0x04160000,68550656
137969,0x00e21300,3236,0x01948000,26509312
185764,0x00e21310,4403,0x02266000,36069376
115734,0x00e21400,2929,0x016e2000,23994368
242162,0x00e21500,6051,0x02f46000,49569792
563060,0x00e21510,8813,0x044da000,72196096
185769,0x00e21580,4404,0x02268000,36077568
242163,0x00e21590,6052,0x02f48000,49577984
240540,0x00e21600,5075,0x027a6000,41574400
242164,0x00e21610,6053,0x02f4a000,49586176
115690,0x00e21680,2922,0x016d4000,23937024
240541,0x00e21690,5076,0x027a8000,41582592
242165,0x00e216a0,6054,0x02f4c000,49594368
115691,0x00e21700,2923,0x016d6000,23945216
240542,0x00e21710,5077,0x027aa000,41590784
242166,0x00e21720,6055,0x02f4e000,49602560
520720,0x00e21730,8555,0x042d6000,70082560
242167,0x00e21780,6056,0x02f50000,49610752
240544,0x00e21800,5078,0x027ac000,41598976
242168,0x00e21810,6057,0x02f52000,49618944
242169,0x00e21880,6058,0x02f54000,49627136
115696,0x00e21980,2924,0x016d8000,23953408
240547,0x00e21990,5079,0x027ae000,41607168
240548,0x00e21a00,5080,0x027b0000,41615360
243250,0x00e21a10,6619,0x033b6000,54222848
240549,0x00e21a80,5081,0x027b2000,41623552
243251,0x00e21a90,6620,0x033b8000,54231040
589130,0x00e21aa0,8961,0x04602000,73408512
511980,0x00e21b00,9236,0x04828000,75661312
235408,0x00e21b80,4728,0x024f0000,38731776
520680,0x00e21b90,8551,0x042ce000,70049792
516350,0x00e21c00,8445,0x041fa000,69181440
502010,0x00e21d80,9157,0x0478a000,75014144
600444,0x00e21e80,545,0x00442000,4464640
243259,0x00e21e90,6621,0x033ba000,54239232
155923,0x00e21f00,3712,0x01d00000,30408704
589090,0x00e21f10,8957,0x045fa000,73375744
502013,0x00e21f20,9158,0x0478c000,75022336
600446,0x00e21f80,546,0x00444000,4472832
173329,0x00e21f90,3864,0x01e30000,31653888
241630,0x00e21fa0,5764,0x02d08000,47218688
600448,0x00e22080,547,0x00446000,4481024
143200,0x00e22090,3310,0x019dc000,27115520
562530,0x00e220a0,8783,0x0449e000,71950336
600449,0x00e22100,548,0x00448000,4489216
241635,0x00e22200,5765,0x02d0a000,47226880
241636,0x00e22280,5766,0x02d0c000,47235072
560910,0x00e22290,8688,0x043e0000,71172096
241637,0x00e22300,5767,0x02d0e000,47243264
688651,0x00e22380,2476,0x01358000,20283392
241638,0x00e22390,5768,0x02d10000,47251456
603150,0x00e22400,1358,0x00a9c000,11124736
688652,0x00e22410,2477,0x0135a000,20291584
244341,0x00e22420,7142,0x037cc000,58507264
603151,0x00e22480,1359,0x00a9e000,11132928
688653,0x00e22490,2478,0x0135c000,20299776
155885,0x00e224a0,3711,0x01cfe000,30400512
241591,0x00e224b0,5739,0x02cd6000,47013888
244342,0x00e224c0,7143,0x037ce000,58515456
241592,0x00e22500,5740,0x02cd8000,47022080
603153,0x00e22580,1360,0x00aa0000,11141120
688655,0x00e22590,2479,0x0135e000,20307968
241593,0x00e225a0,5741,0x02cda000,47030272
242720,0x00e225b0,6336,0x03180000,51904512
688656,0x00e22600,2480,0x01360000,20316160
241594,0x00e22610,5742,0x02cdc000,47038464
603155,0x00e22680,1361,0x00aa2000,11149312
688657,0x00e22690,2481,0x01362000,20324352
244346,0x00e226a0,7144,0x037d0000,58523648
603156,0x00e22700,1362,0x00aa4000,11157504
688658,0x00e22710,2482,0x01364000,20332544
244347,0x00e22720,7145,0x037d2000,58531840
560870,0x00e22730,8685,0x043da000,71147520
603157,0x00e22780,1363,0x00aa6000,11165696
688659,0x00e22790,2483,0x01366000,20340736
241597,0x00e227a0,5743,0x02cde000,47046656
242724,0x00e227b0,6337,0x03182000,51912704
603158,0x00e22800,1364,0x00aa8000,11173888
241598,0x00e22810,5744,0x02ce0000,47054848
113042,0x00e22820,7992,0x03e70000,65470464
603159,0x00e22880,1365,0x00aaa000,11182080
113043,0x00e22890,7993,0x03e72000,65478656
242727,0x00e22900,6338,0x03184000,51920896
242728,0x00e22980,6339,0x03186000,51929088
113046,0x00e22a00,7994,0x03e74000,65486848
563620,0x00e22a10,8840,0x04510000,72417280
113048,0x00e22b00,7995,0x03e76000,65495040
184201,0x00e22b80,4020,0x01f68000,32931840
113049,0x00e22b90,7996,0x03e78000,65503232
184202,0x00e22c00,4021,0x01f6a000,32940032
242684,0x00e22c10,6318,0x0315c000,51757056
242685,0x00e22c80,6319,0x0315e000,51765248
136360,0x00e22d00,3103,0x0183e000,25419776
152141,0x00e22d10,3368,0x01a50000,27590656
136361,0x00e22d80,3104,0x01840000,25427968
184205,0x00e22d90,4022,0x01f6c000,32948224
245431,0x00e22da0,7693,0x03c1a000,63021056
245432,0x00e22e00,7694,0x03c1c000,63029248
160038,0x00e22e80,3733,0x01d2a000,30580736
245433,0x00e22e90,7695,0x03c1e000,63037440
563580,0x00e22ea0,8837,0x0450a000,72392704
184208,0x00e22f00,4023,0x01f6e000,32956416
245434,0x00e22f10,7696,0x03c20000,63045632
184160,0x00e22f80,4005,0x01f4a000,32808960
243811,0x00e22f90,6894,0x035dc000,56475648
245435,0x00e22fa0,7697,0x03c22000,63053824
184161,0x00e23000,4006,0x01f4c000,32817152
245436,0x00e23010,7698,0x03c24000,63062016
245437,0x00e23080,7699,0x03c26000,63070208
561960,0x00e23090,8761,0x04472000,71770112
235920,0x00e23100,4757,0x0252a000,38969344
243814,0x00e23110,6895,0x035de000,56483840
516910,0x00e23120,8488,0x04250000,69533696
235921,0x00e23180,4758,0x0252c000,38977536
243815,0x00e23190,6896,0x035e0000,56492032
245439,0x00e231a0,7700,0x03c28000,63078400
235922,0x00e23200,4759,0x0252e000,38985728
245391,0x00e23210,7675,0x03bf6000,62873600
243817,0x00e23280,6897,0x035e2000,56500224
245392,0x00e23290,7676,0x03bf8000,62881792
184167,0x00e23300,4007,0x01f4e000,32825344
188999,0x00e23310,4568,0x023b0000,37421056
512040,0x00e23320,9242,0x04834000,75710464
184168,0x00e23380,4008,0x01f50000,32833536
243770,0x00e23390,6877,0x035ba000,56336384
184169,0x00e23400,4009,0x01f52000,32841728
243771,0x00e23410,6878,0x035bc000,56344576
245396,0x00e23480,7677,0x03bfa000,62889984
605333,0x00e23500,1938,0x00f24000,15876096
245398,0x00e23580,7678,0x03bfc000,62898176
600960,0x00e23600,968,0x00790000,7929856
245399,0x00e23610,7679,0x03bfe000,62906368
600961,0x00e23680,969,0x00792000,7938048
605336,0x00e23690,1939,0x00f26000,15884288
235882,0x00e236a0,4747,0x02516000,38887424
243776,0x00e236b0,6879,0x035be000,56352768
600962,0x00e23700,970,0x00794000,7946240
605337,0x00e23710,1940,0x00f28000,15892480
600963,0x00e23780,971,0x00796000,7954432
605338,0x00e23790,1941,0x00f2a000,15900672
235884,0x00e237a0,4748,0x02518000,38895616
605339,0x00e23800,1942,0x00f2c000,15908864
235885,0x00e23810,4749,0x0251a000,38903808
600965,0x00e23880,972,0x00798000,7962624
600966,0x00e23900,973,0x0079a000,7970816
600967,0x00e23980,974,0x0079c000,7979008
603711,0x00e23990,1699,0x00d46000,13918208
600968,0x00e23a00,975,0x0079e000,7987200
603712,0x00e23a10,1700,0x00d48000,13926400
600969,0x00e23a80,976,0x007a0000,7995392
603713,0x00e23a90,1701,0x00d4a000,13934592
605296,0x00e23b00,1930,0x00f14000,15810560
603716,0x00e23c00,1702,0x00d4c000,13942784
605298,0x00e23c10,1931,0x00f16000,15818752
603717,0x00e23c80,1703,0x00d4e000,13950976
605299,0x00e23c90,1932,0x00f18000,15826944
513130,0x00e23ca0,8284,0x040b8000,67862528
603718,0x00e23d00,1704,0x00d50000,13959168
244860,0x00e23d10,7423,0x039fe000,60809216
244909,0x00e23d20,7447,0x03a2e000,61005824
510380,0x00e23d30,8146,0x03fa4000,66732032
603719,0x00e23d80,1705,0x00d52000,13967360
244862,0x00e23e00,7424,0x03a00000,60817408
240031,0x00e23e80,4809,0x02592000,39395328
244863,0x00e23e90,7425,0x03a02000,60825600
113605,0x00e23ea0,8009,0x03e92000,65609728
000974,0x00e23f80,9044,0x046a8000,74088448
240034,0x00e24000,4810,0x02594000,39403520
603676,0x00e24080,1673,0x00d12000,13705216
240035,0x00e24090,4811,0x02596000,39411712
244867,0x00e240a0,7426,0x03a04000,60833792
603677,0x00e24100,1674,0x00d14000,13713408
244868,0x00e24110,7427,0x03a06000,60841984
513090,0x00e24120,8280,0x040b0000,67829760
603678,0x00e24180,1675,0x00d16000,13721600
603679,0x00e24200,1676,0x00d18000,13729792
152701,0x00e24210,3555,0x01bc6000,29122560
240038,0x00e24220,4812,0x02598000,39419904
152702,0x00e24280,3556,0x01bc8000,29130752
240039,0x00e24290,4813,0x0259a000,39428096
152660,0x00e24600,3538,0x01ba4000,28983296
184724,0x00e24680,4222,0x020fc000,34586624
152663,0x00e24780,3539,0x01ba6000,28991488
184726,0x00e24790,4223,0x020fe000,34594816
241120,0x00e247a0,5441,0x02a82000,44572672
512600,0x00e24800,8240,0x04060000,67502080
184728,0x00e24880,4224,0x02100000,34603008
184680,0x00e24900,4211,0x020e6000,34496512
184729,0x00e24910,4225,0x02102000,34611200
241125,0x00e24a00,5442,0x02a84000,44580864
560400,0x00e24a80,8647,0x0438e000,70836224
241127,0x00e24b00,5443,0x02a86000,44589056
688141,0x00e24b80,2093,0x0105a000,17145856
241080,0x00e24c00,5413,0x02a4a000,44343296
688143,0x00e24c80,2094,0x0105c000,17154048
163262,0x00e24c90,3781,0x01d8a000,30973952
171156,0x00e24ca0,3824,0x01de0000,31326208
175981,0x00e24cb0,3927,0x01eae000,32169984
241081,0x00e24cc0,5414,0x02a4c000,44351488
512560,0x00e24cd0,8237,0x0405a000,67477504
175982,0x00e24d00,3928,0x01eb0000,32178176
241082,0x00e24d10,5415,0x02a4e000,44359680
241083,0x00e24d80,5416,0x02a50000,44367872
242210,0x00e24d90,6071,0x02f6e000,49733632
601020,0x00e24e00,1020,0x007f8000,8355840
688146,0x00e24e10,2095,0x0105e000,17162240
171159,0x00e24e20,3825,0x01de2000,31334400
185810,0x00e24e30,4414,0x0227c000,36159488
242211,0x00e24e40,6072,0x02f70000,49741824
601021,0x00e24e80,1021,0x007fa000,8364032
688147,0x00e24e90,2096,0x01060000,17170432
242212,0x00e24ea0,6073,0x02f72000,49750016
601022,0x00e24f00,1022,0x007fc000,8372224
688148,0x00e24f10,2097,0x01062000,17178624
241086,0x00e24f20,5417,0x02a52000,44376064
242213,0x00e24f30,6074,0x02f74000,49758208
560360,0x00e24f40,8643,0x04386000,70803456
242214,0x00e24f80,6075,0x02f76000,49766400
515310,0x00e24f90,8371,0x04166000,68575232
137970,0x00e25000,3237,0x0194a000,26517504
137971,0x00e25080,3238,0x0194c000,26525696
185815,0x00e25090,4416,0x02280000,36175872
241089,0x00e250a0,5418,0x02a54000,44384256
242216,0x00e250b0,6076,0x02f78000,49774592
601026,0x00e25100,1023,0x007fe000,8380416
242217,0x00e25110,6077,0x02f7a000,49782784
242218,0x00e25180,6078,0x02f7c000,49790976
601028,0x00e25200,1024,0x00800000,8388608
185818,0x00e25210,4417,0x02282000,36184064
242219,0x00e25220,6079,0x02f7e000,49799168
185770,0x00e25280,4405,0x0226a000,36085760
588050,0x00e25290,8870,0x0454c000,72663040
185771,0x00e25300,4406,0x0226c000,36093952
185772,0x00e25380,4407,0x0226e000,36102144
185773,0x00e25400,4408,0x02270000,36110336
188524,0x00e25410,4492,0x02318000,36798464
185774,0x00e25480,4409,0x02272000,36118528
115745,0x00e25600,2930,0x016e4000,24002560
242171,0x00e25610,6059,0x02f56000,49635328
513650,0x00e25620,8318,0x040fc000,68141056
242172,0x00e25680,6060,0x02f58000,49643520
243300,0x00e25700,6646,0x033ec000,54444032
240550,0x00e25780,5082,0x027b4000,41631744
242174,0x00e25790,6061,0x02f5a000,49651712
243302,0x00e25800,6647,0x033ee000,54452224
240552,0x00e25880,5083,0x027b6000,41639936
520730,0x00e25890,8556,0x042d8000,70090752
561450,0x00e258a0,8729,0x04432000,71507968
240553,0x00e25900,5084,0x027b8000,41648128
240556,0x00e25a80,5085,0x027ba000,41656320
243307,0x00e25a90,6648,0x033f0000,54460416
124720,0x00e25b00,3051,0x017d6000,24993792
240557,0x00e25b10,5086,0x027bc000,41664512
243308,0x00e25b20,6649,0x033f2000,54468608
243309,0x00e25b80,6650,0x033f4000,54476800
240559,0x00e25c00,5087,0x027be000,41672704
243261,0x00e25c10,6622,0x033bc000,54247424
511990,0x00e25c80,9237,0x0482a000,75669504
243263,0x00e25d00,6623,0x033be000,54255616
520690,0x00e25d10,8552,0x042d0000,70057984
243264,0x00e25d80,6624,0x033c0000,54263808
516360,0x00e25d90,8446,0x041fc000,69189632
600452,0x00e25f00,549,0x0044a000,4497408
155930,0x00e25f10,3713,0x01d02000,30416896
688700,0x00e26000,2515,0x013a6000,20602880
243269,0x00e26010,6625,0x033c2000,54272000
600455,0x00e26080,550,0x0044c000,4505600
688701,0x00e26090,2516,0x013a8000,20611072
502023,0x00e260a0,9159,0x0478e000,75030528
600456,0x00e26100,551,0x0044e000,4513792
603200,0x00e26110,1403,0x00af6000,11493376
688702,0x00e26120,2517,0x013aa000,20619264
241640,0x00e26130,5769,0x02d12000,47259648
603201,0x00e26180,1404,0x00af8000,11501568
241641,0x00e26190,5770,0x02d14000,47267840
600458,0x00e26200,552,0x00450000,4521984
603202,0x00e26210,1405,0x00afa000,11509760
233755,0x00e26220,4698,0x024b4000,38486016
600459,0x00e26280,553,0x00452000,4530176
603203,0x00e26290,1406,0x00afc000,11517952
241643,0x00e262a0,5771,0x02d16000,47276032
241644,0x00e26300,5772,0x02d18000,47284224
603205,0x00e26380,1407,0x00afe000,11526144
688707,0x00e26390,2518,0x013ac000,20627456
241645,0x00e263a0,5773,0x02d1a000,47292416
603206,0x00e26400,1408,0x00b00000,11534336
688708,0x00e26410,2519,0x013ae000,20635648
560920,0x00e26420,8689,0x043e2000,71180288
603207,0x00e26480,1409,0x00b02000,11542528
688660,0x00e26490,2484,0x01368000,20348928
688709,0x00e264a0,2520,0x013b0000,20643840
603208,0x00e26500,1410,0x00b04000,11550720
688661,0x00e26510,2485,0x0136a000,20357120
603160,0x00e26580,1366,0x00aac000,11190272
603209,0x00e26590,1411,0x00b06000,11558912
688662,0x00e265a0,2486,0x0136c000,20365312
241649,0x00e265b0,5774,0x02d1c000,47300608
244351,0x00e265c0,7146,0x037d4000,58540032
603161,0x00e26600,1367,0x00aae000,11198464
688663,0x00e26610,2487,0x0136e000,20373504
163782,0x00e26620,3815,0x01dce000,31252480
244352,0x00e26630,7147,0x037d6000,58548224
603162,0x00e26680,1368,0x00ab0000,11206656
143170,0x00e26690,3309,0x019da000,27107328
603163,0x00e26700,1369,0x00ab2000,11214848
688665,0x00e26710,2488,0x01370000,20381696
242730,0x00e26720,6340,0x03188000,51937280
242731,0x00e26780,6341,0x0318a000,51945472
603165,0x00e26800,1370,0x00ab4000,11223040
688667,0x00e26810,2489,0x01372000,20389888
244356,0x00e26820,7148,0x037d8000,58556416
603166,0x00e26880,1371,0x00ab6000,11231232
688668,0x00e26890,2490,0x01374000,20398080
242733,0x00e268a0,6342,0x0318c000,51953664
560880,0x00e268b0,8686,0x043dc000,71155712
603167,0x00e26900,1372,0x00ab8000,11239424
688669,0x00e26910,2491,0x01376000,20406272
163788,0x00e26920,3816,0x01dd0000,31260672
113051,0x00e26930,7997,0x03e7a000,65511424
603168,0x00e26980,1373,0x00aba000,11247616
113052,0x00e26990,7998,0x03e7c000,65519616
530800,0x00e269a0,8599,0x0432e000,70443008
603169,0x00e26a00,1374,0x00abc000,11255808
113053,0x00e26a10,7999,0x03e7e000,65527808
242737,0x00e26a80,6343,0x0318e000,51961856
113054,0x00e26a90,8000,0x03e80000,65536000
234845,0x00e26b80,4711,0x024ce000,38592512
242690,0x00e26b90,6320,0x03160000,51773440
113056,0x00e26ba0,8001,0x03e82000,65544192
563630,0x00e26bb0,8841,0x04512000,72425472
242691,0x00e26c00,6321,0x03162000,51781632
234847,0x00e26c80,4712,0x024d0000,38600704
113058,0x00e26c90,8002,0x03e84000,65552384
242693,0x00e26d00,6322,0x03164000,51789824
113059,0x00e26d10,8003,0x03e86000,65560576
184212,0x00e26d80,4024,0x01f70000,32964608
242694,0x00e26d90,6323,0x03166000,51798016
515790,0x00e26da0,8401,0x041a2000,68820992
136418,0x00e26e00,3106,0x01844000,25444352
242695,0x00e26e10,6324,0x03168000,51806208
184214,0x00e26e80,4025,0x01f72000,32972800
242696,0x00e26e90,6325,0x0316a000,51814400
245441,0x00e26f00,7701,0x03c2a000,63086592
184216,0x00e26f80,4026,0x01f74000,32980992
245442,0x00e26f90,7702,0x03c2c000,63094784
245443,0x00e27000,7703,0x03c2e000,63102976
563590,0x00e27010,8838,0x0450c000,72400896
184170,0x00e27100,4010,0x01f54000,32849920
184219,0x00e27110,4027,0x01f76000,32989184
245445,0x00e27120,7704,0x03c30000,63111168
589700,0x00e27130,8997,0x0464a000,73703424
152157,0x00e27180,3369,0x01a52000,27598848
136378,0x00e27280,3105,0x01842000,25436160
243824,0x00e27290,6898,0x035e4000,56508416
245448,0x00e272a0,7705,0x03c32000,63119360
516920,0x00e272b0,8489,0x04252000,69541888
184174,0x00e27300,4011,0x01f56000,32858112
245449,0x00e27310,7706,0x03c34000,63127552
243827,0x00e27400,6899,0x035e6000,56516608
512050,0x00e27480,9243,0x04836000,75718656
137503,0x00e27500,3142,0x0188c000,25739264
184178,0x00e27510,4012,0x01f58000,32866304
243780,0x00e27520,6880,0x035c0000,56360960
243829,0x00e27530,6900,0x035e8000,56524800
589660,0x00e27580,8995,0x04646000,73687040
185300,0x00e27600,4306,0x021a4000,35274752
185301,0x00e27680,4307,0x021a6000,35282944
243784,0x00e27700,6881,0x035c2000,56369152
516880,0x00e27710,8485,0x0424a000,69509120
600970,0x00e27780,977,0x007a2000,8003584
243785,0x00e27790,6882,0x035c4000,56377344
600971,0x00e27800,978,0x007a4000,8011776
600973,0x00e27900,979,0x007a6000,8019968
140981,0x00e27910,3299,0x019c6000,27025408
185307,0x00e27980,4308,0x021a8000,35291136
235895,0x00e27990,4750,0x0251c000,38912000
600975,0x00e27a00,980,0x007a8000,8028160
235896,0x00e27a10,4751,0x0251e000,38920192
600976,0x00e27a80,981,0x007aa000,8036352
173859,0x00e27a90,3883,0x01e56000,31809536
600977,0x00e27b00,982,0x007ac000,8044544
603721,0x00e27b10,1706,0x00d54000,13975552
235898,0x00e27b20,4752,0x02520000,38928384
600978,0x00e27b80,983,0x007ae000,8052736
603722,0x00e27b90,1707,0x00d56000,13983744
185262,0x00e27ba0,4297,0x02192000,35201024
244913,0x00e27bb0,7448,0x03a30000,61014016
600979,0x00e27c00,984,0x007b0000,8060928
603725,0x00e27d00,1708,0x00d58000,13991936
603726,0x00e27d80,1709,0x00d5a000,14000128
113610,0x00e27d90,8010,0x03e94000,65617920
603727,0x00e27e00,1710,0x00d5c000,14008320
115235,0x00e27e10,2843,0x01636000,23289856
127954,0x00e27e20,3088,0x01820000,25296896
513140,0x00e27e30,8285,0x040ba000,67870720
603728,0x00e27e80,1711,0x00d5e000,14016512
244870,0x00e27e90,7428,0x03a08000,60850176
510390,0x00e27ea0,8147,0x03fa6000,66740224
603680,0x00e27f00,1677,0x00d1a000,13737984
603729,0x00e27f10,1712,0x00d60000,14024704
244871,0x00e27f20,7429,0x03a0a000,60858368
603681,0x00e27f80,1678,0x00d1c000,13746176
115238,0x00e27f90,2844,0x01638000,23298048
244872,0x00e27fa0,7430,0x03a0c000,60866560
508000,0x00e27fb0,9170,0x047a4000,75120640
603682,0x00e28000,1679,0x00d1e000,13754368
244873,0x00e28010,7431,0x03a0e000,60874752
113615,0x00e28020,8011,0x03e96000,65626112
511520,0x00e28030,8196,0x04008000,67141632
000982,0x00e28040,9045,0x046aa000,74096640
508001,0x00e28050,9171,0x047a6000,75128832
603683,0x00e28080,1680,0x00d20000,13762560
244874,0x00e28090,7432,0x03a10000,60882944
113616,0x00e280a0,8012,0x03e98000,65634304
508002,0x00e280b0,9172,0x047a8000,75137024
240043,0x00e28100,4814,0x0259c000,39436288
244875,0x00e28110,7433,0x03a12000,60891136
508003,0x00e28120,9173,0x047aa000,75145216
603685,0x00e28180,1681,0x00d22000,13770752
143693,0x00e28190,3326,0x019fc000,27246592
240044,0x00e281a0,4815,0x0259e000,39444480
244876,0x00e281b0,7434,0x03a14000,60899328
603686,0x00e28200,1682,0x00d24000,13778944
244877,0x00e28210,7435,0x03a16000,60907520
000986,0x00e28220,9046,0x046ac000,74104832
508005,0x00e28230,9174,0x047ac000,75153408
603687,0x00e28280,1683,0x00d26000,13787136
240046,0x00e28290,4816,0x025a0000,39452672
000987,0x00e282a0,9047,0x046ae000,74113024
508006,0x00e282b0,9175,0x047ae000,75161600
603688,0x00e28300,1684,0x00d28000,13795328
240047,0x00e28310,4817,0x025a2000,39460864
508007,0x00e28320,9176,0x047b0000,75169792
603689,0x00e28380,1685,0x00d2a000,13803520
143697,0x00e28390,3327,0x019fe000,27254784
000989,0x00e283a0,9048,0x046b0000,74121216
508008,0x00e283b0,9177,0x047b2000,75177984
138555,0x00e28400,3252,0x01968000,26640384
508009,0x00e28410,9178,0x047b4000,75186176
138556,0x00e28480,3253,0x0196a000,26648576
113575,0x00e28490,8008,0x03e90000,65601536
152715,0x00e28580,3557,0x01bca000,29138944
152716,0x00e28600,3558,0x01bcc000,29147136
136937,0x00e28700,3140,0x01888000,25722880
184733,0x00e28780,4226,0x02104000,34619392
136939,0x00e28800,3141,0x0188a000,25731072
155422,0x00e28810,3680,0x01cc0000,30146560
184734,0x00e28820,4227,0x02106000,34627584
171204,0x00e28880,3829,0x01dea000,31367168
152673,0x00e28900,3540,0x01ba8000,28999680
241130,0x00e28910,5444,0x02a88000,44597248
152674,0x00e28980,3541,0x01baa000,29007872
562030,0x00e28a00,8766,0x0447c000,71811072
184690,0x00e28a80,4212,0x020e8000,34504704
163315,0x00e28b00,3784,0x01d90000,30998528
184691,0x00e28b10,4213,0x020ea000,34512896
233247,0x00e28b20,4676,0x02488000,38305792
241134,0x00e28b30,5445,0x02a8a000,44605440
163316,0x00e28b80,3785,0x01d92000,31006720
184692,0x00e28b90,4214,0x020ec000,34521088
241135,0x00e28ba0,5446,0x02a8c000,44613632
184693,0x00e28c00,4215,0x020ee000,34529280
241136,0x00e28c10,5447,0x02a8e000,44621824
560410,0x00e28c20,8648,0x04390000,70844416
688150,0x00e28c80,2098,0x01064000,17186816
184694,0x00e28c90,4216,0x020f0000,34537472
688151,0x00e28d00,2099,0x01066000,17195008
688152,0x00e28d80,2100,0x01068000,17203200
184696,0x00e28d90,4217,0x020f2000,34545664
241090,0x00e28da0,5419,0x02a56000,44392448
688153,0x00e28e00,2101,0x0106a000,17211392
241091,0x00e28e10,5420,0x02a58000,44400640
512570,0x00e28e20,8238,0x0405c000,67485696
241092,0x00e28e80,5421,0x02a5a000,44408832
688155,0x00e28f00,2102,0x0106c000,17219584
241093,0x00e28f10,5422,0x02a5c000,44417024
242220,0x00e28f20,6080,0x02f80000,49807360
688156,0x00e28f80,2103,0x0106e000,17227776
163275,0x00e28f90,3782,0x01d8c000,30982144
241094,0x00e28fa0,5423,0x02a5e000,44425216
242221,0x00e28fb0,6081,0x02f82000,49815552
588100,0x00e28fc0,8875,0x04556000,72704000
688157,0x00e29000,2104,0x01070000,17235968
175995,0x00e29010,3929,0x01eb2000,32186368
241095,0x00e29020,5424,0x02a60000,44433408
242222,0x00e29030,6082,0x02f84000,49823744
510950,0x00e29040,8173,0x03fda000,66953216
688158,0x00e29080,2105,0x01072000,17244160
241096,0x00e29090,5425,0x02a62000,44441600
560370,0x00e290a0,8644,0x04388000,70811648
601033,0x00e29100,1025,0x00802000,8396800
688159,0x00e29110,2106,0x01074000,17252352
241097,0x00e29120,5426,0x02a64000,44449792
242224,0x00e29130,6083,0x02f86000,49831936
515320,0x00e29140,8372,0x04168000,68583424
241098,0x00e29180,5427,0x02a66000,44457984
242225,0x00e29190,6084,0x02f88000,49840128
137981,0x00e29200,3239,0x0194e000,26533888
242226,0x00e29210,6085,0x02f8a000,49848320
185826,0x00e29280,4418,0x02284000,36192256
185827,0x00e29300,4419,0x02286000,36200448
242228,0x00e29310,6086,0x02f8c000,49856512
513700,0x00e29320,8321,0x04102000,68165632
601038,0x00e29380,1026,0x00804000,8404992
137984,0x00e29390,3240,0x01950000,26542080
588060,0x00e29400,8871,0x0454e000,72671232
185781,0x00e29480,4410,0x02274000,36126720
240600,0x00e29490,5108,0x027e8000,41844736
240601,0x00e29500,5109,0x027ea000,41852928
561500,0x00e29580,8733,0x0443a000,71540736
240603,0x00e29600,5110,0x027ec000,41861120
115753,0x00e29680,2931,0x016e6000,24010752
185785,0x00e29690,4411,0x02276000,36134912
240604,0x00e296a0,5111,0x027ee000,41869312
198049,0x00e29780,4569,0x023b2000,37429248
513660,0x00e29790,8319,0x040fe000,68149248
563080,0x00e29800,8814,0x044dc000,72204288
240608,0x00e29880,5112,0x027f0000,41877504
243310,0x00e29890,6651,0x033f6000,54484992
240560,0x00e29900,5088,0x027c0000,41680896
243311,0x00e29910,6652,0x033f8000,54493184
240561,0x00e29980,5089,0x027c2000,41689088
242185,0x00e29990,6062,0x02f5c000,49659904
243312,0x00e299a0,6653,0x033fa000,54501376
520740,0x00e29a00,8557,0x042da000,70098944
561460,0x00e29a10,8730,0x04434000,71516160
242187,0x00e29a80,6063,0x02f5e000,49668096
600500,0x00e29b00,585,0x00492000,4792320
240564,0x00e29b10,5090,0x027c4000,41697280
600501,0x00e29b80,586,0x00494000,4800512
242189,0x00e29b90,6064,0x02f60000,49676288
243316,0x00e29ba0,6654,0x033fc000,54509568
600502,0x00e29c00,587,0x00496000,4808704
157604,0x00e29c10,3730,0x01d24000,30556160
240566,0x00e29c20,5091,0x027c6000,41705472
600503,0x00e29c80,588,0x00498000,4816896
188499,0x00e29c90,4491,0x02316000,36790272
240567,0x00e29ca0,5092,0x027c8000,41713664
240568,0x00e29d00,5093,0x027ca000,41721856
243270,0x00e29d10,6626,0x033c4000,54280192
600505,0x00e29d80,589,0x0049a000,4825088
243271,0x00e29d90,6627,0x033c6000,54288384
589150,0x00e29da0,8962,0x04604000,73416704
600506,0x00e29e00,590,0x0049c000,4833280
600507,0x00e29e80,591,0x0049e000,4841472
600508,0x00e29f00,592,0x004a0000,4849664
243274,0x00e29f10,6628,0x033c8000,54296576
516370,0x00e29f20,8447,0x041fe000,69197824
600460,0x00e29f80,554,0x00454000,4538368
600509,0x00e29f90,593,0x004a2000,4857856
243275,0x00e29fa0,6629,0x033ca000,54304768
600461,0x00e2a000,555,0x00456000,4546560
600462,0x00e2a080,556,0x00458000,4554752
600463,0x00e2a100,557,0x0045a000,4562944
243278,0x00e2a110,6630,0x033cc000,54312960
688710,0x00e2a180,2521,0x013b2000,20652032
688711,0x00e2a200,2522,0x013b4000,20660224
000510,0x00e2a280,144,0x00120000,1179648
600466,0x00e2a290,558,0x0045c000,4571136
603210,0x00e2a2a0,1412,0x00b08000,11567104
688712,0x00e2a2b0,2523,0x013b6000,20668416
241650,0x00e2a2c0,5775,0x02d1e000,47308800
600467,0x00e2a300,559,0x0045e000,4579328
603211,0x00e2a310,1413,0x00b0a000,11575296
244402,0x00e2a320,7169,0x03802000,58728448
600468,0x00e2a380,560,0x00460000,4587520
603212,0x00e2a390,1414,0x00b0c000,11583488
241652,0x00e2a3a0,5776,0x02d20000,47316992
244403,0x00e2a3b0,7170,0x03804000,58736640
562550,0x00e2a3c0,8784,0x044a0000,71958528
600469,0x00e2a400,561,0x00462000,4595712
603213,0x00e2a410,1415,0x00b0e000,11591680
241653,0x00e2a420,5777,0x02d22000,47325184
603214,0x00e2a480,1416,0x00b10000,11599872
688716,0x00e2a490,2524,0x013b8000,20676608
241654,0x00e2a4a0,5778,0x02d24000,47333376
603215,0x00e2a500,1417,0x00b12000,11608064
688717,0x00e2a510,2525,0x013ba000,20684800
241655,0x00e2a520,5779,0x02d26000,47341568
603216,0x00e2a580,1418,0x00b14000,11616256
688718,0x00e2a590,2526,0x013bc000,20692992
241656,0x00e2a5a0,5780,0x02d28000,47349760
244407,0x00e2a5b0,7171,0x03806000,58744832
560930,0x00e2a5c0,8690,0x043e4000,71188480
603217,0x00e2a600,1419,0x00b16000,11624448
688670,0x00e2a610,2492,0x01378000,20414464
688719,0x00e2a620,2527,0x013be000,20701184
241657,0x00e2a630,5781,0x02d2a000,47357952
244408,0x00e2a640,7172,0x03808000,58753024
603218,0x00e2a680,1420,0x00b18000,11632640
688671,0x00e2a690,2493,0x0137a000,20422656
244360,0x00e2a6a0,7149,0x037da000,58564608
603170,0x00e2a700,1375,0x00abe000,11264000
603219,0x00e2a710,1421,0x00b1a000,11640832
241659,0x00e2a720,5782,0x02d2c000,47366144
603171,0x00e2a780,1376,0x00ac0000,11272192
603172,0x00e2a800,1377,0x00ac2000,11280384
244363,0x00e2a810,7150,0x037dc000,58572800
511010,0x00e2a820,8176,0x03fe0000,66977792
603173,0x00e2a880,1378,0x00ac4000,11288576
244364,0x00e2a890,7151,0x037de000,58580992
688676,0x00e2a900,2494,0x0137c000,20430848
242741,0x00e2a910,6344,0x03190000,51970048
244365,0x00e2a920,7152,0x037e0000,58589184
603175,0x00e2a980,1379,0x00ac6000,11296768
688677,0x00e2a990,2495,0x0137e000,20439040
242742,0x00e2a9a0,6345,0x03192000,51978240
244366,0x00e2a9b0,7153,0x037e2000,58597376
603176,0x00e2aa00,1380,0x00ac8000,11304960
688678,0x00e2aa10,2496,0x01380000,20447232
242743,0x00e2aa20,6346,0x03194000,51986432
603177,0x00e2aa80,1381,0x00aca000,11313152
688679,0x00e2aa90,2497,0x01382000,20455424
236474,0x00e2aaa0,4774,0x0254c000,39108608
242744,0x00e2aab0,6347,0x03196000,51994624
515840,0x00e2aac0,8404,0x041a8000,68845568
603178,0x00e2ab00,1382,0x00acc000,11321344
242745,0x00e2ab10,6348,0x03198000,52002816
244369,0x00e2ab20,7154,0x037e4000,58605568
113062,0x00e2ab30,8004,0x03e88000,65568768
601555,0x00e2ab80,1122,0x008c4000,9191424
603179,0x00e2ab90,1383,0x00ace000,11329536
019508,0x00e2ad00,2655,0x014be000,21749760
113066,0x00e2ad10,8005,0x03e8a000,65576960
113067,0x00e2ad80,8006,0x03e8c000,65585152
184220,0x00e2ae00,4028,0x01f78000,32997376
184222,0x00e2af00,4029,0x01f7a000,33005568
184223,0x00e2af80,4030,0x01f7c000,33013760
245450,0x00e2b000,7707,0x03c36000,63135744
184226,0x00e2b100,4031,0x01f7e000,33021952
152164,0x00e2b180,3370,0x01a54000,27607040
184227,0x00e2b190,4032,0x01f80000,33030144
512100,0x00e2b1a0,9248,0x04840000,75759616
184228,0x00e2b200,4033,0x01f82000,33038336
243830,0x00e2b210,6901,0x035ea000,56532992
245455,0x00e2b280,7708,0x03c38000,63143936
184181,0x00e2b300,4013,0x01f5a000,32874496
243832,0x00e2b310,6902,0x035ec000,56541184
175525,0x00e2b380,3908,0x01e88000,32014336
243833,0x00e2b390,6903,0x035ee000,56549376
561980,0x00e2b3a0,8762,0x04474000,71778304
184183,0x00e2b400,4014,0x01f5c000,32882688
243834,0x00e2b410,6904,0x035f0000,56557568
516930,0x00e2b420,8490,0x04254000,69550080
245459,0x00e2b480,7709,0x03c3a000,63152128
243837,0x00e2b580,6905,0x035f2000,56565760
137512,0x00e2b600,3143,0x0188e000,25747456
243838,0x00e2b610,6906,0x035f4000,56573952
512060,0x00e2b620,9244,0x04838000,75726848
184188,0x00e2b680,4015,0x01f5e000,32890880
243790,0x00e2b690,6883,0x035c6000,56385536
243791,0x00e2b700,6884,0x035c8000,56393728
243793,0x00e2b800,6885,0x035ca000,56401920
243794,0x00e2b880,6886,0x035cc000,56410112
516890,0x00e2b890,8486,0x0424c000,69517312
600980,0x00e2b900,985,0x007b2000,8069120
600981,0x00e2b980,986,0x007b4000,8077312
600982,0x00e2ba00,987,0x007b6000,8085504
185315,0x00e2ba10,4309,0x021aa000,35299328
243797,0x00e2ba20,6887,0x035ce000,56418304
600983,0x00e2ba80,988,0x007b8000,8093696
605358,0x00e2ba90,1943,0x00f2e000,15917056
600984,0x00e2bb00,989,0x007ba000,8101888
243799,0x00e2bb10,6888,0x035d0000,56426496
600985,0x00e2bb80,990,0x007bc000,8110080
244920,0x00e2bb90,7449,0x03a32000,61022208
600986,0x00e2bc00,991,0x007be000,8118272
603730,0x00e2bc10,1713,0x00d62000,14032896
600987,0x00e2bc80,992,0x007c0000,8126464
244922,0x00e2bc90,7450,0x03a34000,61030400
600988,0x00e2bd00,993,0x007c2000,8134656
600989,0x00e2bd80,994,0x007c4000,8142848
603733,0x00e2bd90,1714,0x00d64000,14041088
244924,0x00e2bda0,7451,0x03a36000,61038592
185274,0x00e2be00,4298,0x02194000,35209216
244925,0x00e2be10,7452,0x03a38000,61046784
185275,0x00e2be80,4299,0x02196000,35217408
185276,0x00e2bf00,4300,0x02198000,35225600
232208,0x00e2bf10,4629,0x0242a000,37920768
603737,0x00e2bf80,1715,0x00d66000,14049280
185277,0x00e2bf90,4301,0x0219a000,35233792
232209,0x00e2bfa0,4630,0x0242c000,37928960
513150,0x00e2bfb0,8286,0x040bc000,67878912
603738,0x00e2c000,1716,0x00d68000,14057472
138603,0x00e2c010,3258,0x01974000,26689536
244880,0x00e2c020,7436,0x03a18000,60915712
603690,0x00e2c080,1686,0x00d2c000,13811712
603739,0x00e2c090,1717,0x00d6a000,14065664
185279,0x00e2c0a0,4302,0x0219c000,35241984
240050,0x00e2c100,4818,0x025a4000,39469056
244882,0x00e2c110,7437,0x03a1a000,60923904
000991,0x00e2c120,9049,0x046b2000,74129408
508010,0x00e2c130,9179,0x047b6000,75194368
244883,0x00e2c180,7438,0x03a1c000,60932096
113625,0x00e2c190,8013,0x03e9a000,65642496
000992,0x00e2c1a0,9050,0x046b4000,74137600
508011,0x00e2c1b0,9180,0x047b8000,75202560
603693,0x00e2c200,1687,0x00d2e000,13819904
244884,0x00e2c210,7439,0x03a1e000,60940288
000993,0x00e2c220,9051,0x046b6000,74145792
508012,0x00e2c230,9181,0x047ba000,75210752
244885,0x00e2c280,7440,0x03a20000,60948480
113627,0x00e2c290,8014,0x03e9c000,65650688
138560,0x00e2c300,3254,0x0196c000,26656768
240054,0x00e2c310,4819,0x025a6000,39477248
603696,0x00e2c380,1688,0x00d30000,13828096
240055,0x00e2c390,4820,0x025a8000,39485440
244887,0x00e2c3a0,7441,0x03a22000,60956672
508015,0x00e2c3b0,9182,0x047bc000,75218944
603697,0x00e2c400,1689,0x00d32000,13836288
232169,0x00e2c410,4626,0x02424000,37896192
240056,0x00e2c420,4821,0x025aa000,39493632
508016,0x00e2c430,9183,0x047be000,75227136
603698,0x00e2c480,1690,0x00d34000,13844480
240057,0x00e2c490,4822,0x025ac000,39501824
508017,0x00e2c4a0,9184,0x047c0000,75235328
603699,0x00e2c500,1691,0x00d36000,13852672
240058,0x00e2c510,4823,0x025ae000,39510016
508018,0x00e2c520,9185,0x047c2000,75243520
152722,0x00e2c580,3559,0x01bce000,29155328
240059,0x00e2c590,4824,0x025b0000,39518208
508019,0x00e2c5a0,9186,0x047c4000,75251712
152725,0x00e2c700,3560,0x01bd0000,29163520
157051,0x00e2c710,3714,0x01d04000,30425088
138569,0x00e2c780,3255,0x0196e000,26664960
157054,0x00e2c880,3715,0x01d06000,30433280
152680,0x00e2c900,3542,0x01bac000,29016064
152729,0x00e2c910,3561,0x01bd2000,29171712
688200,0x00e2c980,2144,0x010c0000,17563648
152681,0x00e2c990,3543,0x01bae000,29024256
184744,0x00e2c9a0,4228,0x02108000,34635776
688201,0x00e2ca00,2145,0x010c2000,17571840
152682,0x00e2ca10,3544,0x01bb0000,29032448
688202,0x00e2ca80,2146,0x010c4000,17580032
152683,0x00e2ca90,3545,0x01bb2000,29040640
000001,0x00e2cb00,0,0x00000000,0
688203,0x00e2cb10,2147,0x010c6000,17588224
152684,0x00e2cb20,3546,0x01bb4000,29048832
163322,0x00e2cb30,3786,0x01d94000,31014912
241141,0x00e2cb40,5448,0x02a90000,44630016
512620,0x00e2cb50,8241,0x04062000,67510272
000002,0x00e2cb80,4,0x00008000,32768
163323,0x00e2cb90,3787,0x01d96000,31023104
241142,0x00e2cba0,5449,0x02a92000,44638208
000003,0x00e2cc00,5,0x0000a000,40960
688205,0x00e2cc10,2148,0x010c8000,17596416
152686,0x00e2cc20,3547,0x01bb6000,29057024
000004,0x00e2cc80,6,0x0000c000,49152
688206,0x00e2cc90,2149,0x010ca000,17604608
152687,0x00e2cca0,3548,0x01bb8000,29065216
000005,0x00e2cd00,7,0x0000e000,57344
688207,0x00e2cd10,2150,0x010cc000,17612800
152688,0x00e2cd20,3549,0x01bba000,29073408
241145,0x00e2cd30,5450,0x02a94000,44646400
000006,0x00e2cd80,8,0x00010000,65536
688208,0x00e2cd90,2151,0x010ce000,17620992
155391,0x00e2cda0,3675,0x01cb6000,30105600
241146,0x00e2cdb0,5451,0x02a96000,44654592
560420,0x00e2cdc0,8649,0x04392000,70852608
000007,0x00e2ce00,9,0x00012000,73728
688160,0x00e2ce10,2107,0x01076000,17260544
688209,0x00e2ce20,2152,0x010d0000,17629184
241147,0x00e2ce30,5452,0x02a98000,44662784
000008,0x00e2ce80,10,0x00014000,81920
688161,0x00e2ce90,2108,0x01078000,17268736
000009,0x00e2cf00,11,0x00016000,90112
688162,0x00e2cf10,2109,0x0107a000,17276928
241149,0x00e2cf20,5453,0x02a9a000,44670976
688163,0x00e2cf80,2110,0x0107c000,17285120
512580,0x00e2cf90,8239,0x0405e000,67493888
155396,0x00e2d000,3676,0x01cb8000,30113792
688165,0x00e2d080,2111,0x0107e000,17293312
242230,0x00e2d090,6087,0x02f8e000,49864704
688166,0x00e2d100,2112,0x01080000,17301504
588110,0x00e2d110,8876,0x04558000,72712192
688167,0x00e2d180,2113,0x01082000,17309696
185831,0x00e2d190,4420,0x02288000,36208640
688168,0x00e2d200,2114,0x01084000,17317888
560380,0x00e2d210,8645,0x0438a000,70819840
688169,0x00e2d280,2115,0x01086000,17326080
515330,0x00e2d290,8373,0x0416a000,68591616
115802,0x00e2d300,2938,0x016f4000,24068096
163289,0x00e2d310,3783,0x01d8e000,30990336
530300,0x00e2d320,8594,0x04324000,70402048
137991,0x00e2d380,3241,0x01952000,26550272
242236,0x00e2d390,6088,0x02f90000,49872896
242237,0x00e2d400,6089,0x02f92000,49881088
242238,0x00e2d480,6090,0x02f94000,49889280
115806,0x00e2d500,2939,0x016f6000,24076288
137994,0x00e2d510,3242,0x01954000,26558464
185838,0x00e2d520,4421,0x0228a000,36216832
242239,0x00e2d530,6091,0x02f96000,49897472
137995,0x00e2d580,3243,0x01956000,26566656
588070,0x00e2d590,8872,0x04550000,72679424
240611,0x00e2d680,5113,0x027f2000,41885696
240612,0x00e2d700,5114,0x027f4000,41893888
515290,0x00e2d710,8369,0x04162000,68558848
561510,0x00e2d720,8734,0x0443c000,71548928
115762,0x00e2d780,2932,0x016e8000,24018944
240613,0x00e2d790,5115,0x027f6000,41902080
240615,0x00e2d880,5116,0x027f8000,41910272
115765,0x00e2d900,2933,0x016ea000,24027136
240616,0x00e2d910,5117,0x027fa000,41918464
242191,0x00e2d920,6065,0x02f62000,49684480
185798,0x00e2d980,4412,0x02278000,36143104
240617,0x00e2d990,5118,0x027fc000,41926656
563090,0x00e2d9a0,8815,0x044de000,72212480
240618,0x00e2da00,5119,0x027fe000,41934848
243320,0x00e2da10,6655,0x033fe000,54517760
240570,0x00e2da80,5094,0x027cc000,41730048
589200,0x00e2da90,8967,0x0460e000,73457664
115769,0x00e2db00,2934,0x016ec000,24035328
243322,0x00e2db10,6656,0x03400000,54525952
240572,0x00e2db80,5095,0x027ce000,41738240
243323,0x00e2db90,6657,0x03402000,54534144
520750,0x00e2dba0,8558,0x042dc000,70107136
561470,0x00e2dbb0,8731,0x04436000,71524352
240573,0x00e2dc00,5096,0x027d0000,41746432
243324,0x00e2dc10,6658,0x03404000,54542336
600510,0x00e2dc80,594,0x004a4000,4866048
243325,0x00e2dc90,6659,0x03406000,54550528
600511,0x00e2dd00,595,0x004a6000,4874240
242199,0x00e2dd10,6066,0x02f64000,49692672
243326,0x00e2dd20,6660,0x03408000,54558720
600512,0x00e2dd80,596,0x004a8000,4882432
600513,0x00e2de00,597,0x004aa000,4890624
751115,0x00e2de10,9016,0x04670000,73859072
240578,0x00e2de80,5097,0x027d2000,41754624
243280,0x00e2de90,6631,0x033ce000,54321152
600515,0x00e2df00,598,0x004ac000,4898816
243281,0x00e2df10,6632,0x033d0000,54329344
589160,0x00e2df20,8963,0x04606000,73424896
600516,0x00e2df80,599,0x004ae000,4907008
241700,0x00e2df90,5804,0x02d58000,47546368
600517,0x00e2e000,600,0x004b0000,4915200
600518,0x00e2e080,601,0x004b2000,4923392
243284,0x00e2e090,6633,0x033d2000,54337536
516380,0x00e2e0a0,8448,0x04200000,69206016
562600,0x00e2e0b0,8789,0x044aa000,71999488
600470,0x00e2e100,562,0x00464000,4603904
600519,0x00e2e110,602,0x004b4000,4931584
241703,0x00e2e120,5805,0x02d5a000,47554560
241704,0x00e2e180,5806,0x02d5c000,47562752
243286,0x00e2e190,6634,0x033d4000,54345728
600472,0x00e2e200,563,0x00466000,4612096
235393,0x00e2e210,4727,0x024ee000,38723584
233770,0x00e2e280,4699,0x024b6000,38494208
241706,0x00e2e290,5807,0x02d5e000,47570944
243288,0x00e2e2a0,6635,0x033d6000,54353920
688720,0x00e2e300,2528,0x013c0000,20709376
233771,0x00e2e310,4700,0x024b8000,38502400
241707,0x00e2e320,5808,0x02d60000,47579136
243289,0x00e2e330,6636,0x033d8000,54362112
600475,0x00e2e380,564,0x00468000,4620288
688721,0x00e2e390,2529,0x013c2000,20717568
241708,0x00e2e3a0,5809,0x02d62000,47587328
600476,0x00e2e400,565,0x0046a000,4628480
603220,0x00e2e410,1422,0x00b1c000,11649024
688722,0x00e2e420,2530,0x013c4000,20725760
244411,0x00e2e430,7173,0x0380a000,58761216
600477,0x00e2e480,566,0x0046c000,4636672
603221,0x00e2e490,1423,0x00b1e000,11657216
241661,0x00e2e4a0,5783,0x02d2e000,47374336
600478,0x00e2e500,567,0x0046e000,4644864
603222,0x00e2e510,1424,0x00b20000,11665408
241662,0x00e2e520,5784,0x02d30000,47382528
244413,0x00e2e530,7174,0x0380c000,58769408
562560,0x00e2e540,8785,0x044a2000,71966720
600479,0x00e2e580,568,0x00470000,4653056
603223,0x00e2e590,1425,0x00b22000,11673600
241663,0x00e2e5a0,5785,0x02d32000,47390720
601600,0x00e2e600,1132,0x008d8000,9273344
688726,0x00e2e610,2531,0x013c6000,20733952
241664,0x00e2e620,5786,0x02d34000,47398912
244415,0x00e2e630,7175,0x0380e000,58777600
502048,0x00e2e640,9160,0x04790000,75038720
601601,0x00e2e680,1133,0x008da000,9281536
603225,0x00e2e690,1426,0x00b24000,11681792
688727,0x00e2e6a0,2532,0x013c8000,20742144
143233,0x00e2e6b0,3311,0x019de000,27123712
244416,0x00e2e6c0,7176,0x03810000,58785792
603226,0x00e2e700,1427,0x00b26000,11689984
688728,0x00e2e710,2533,0x013ca000,20750336
244417,0x00e2e720,7177,0x03812000,58793984
603227,0x00e2e780,1428,0x00b28000,11698176
688680,0x00e2e790,2498,0x01384000,20463616
688729,0x00e2e7a0,2534,0x013cc000,20758528
127454,0x00e2e7b0,3057,0x017e2000,25042944
244418,0x00e2e7c0,7178,0x03814000,58802176
603228,0x00e2e800,1429,0x00b2a000,11706368
688681,0x00e2e810,2499,0x01386000,20471808
241668,0x00e2e820,5787,0x02d36000,47407104
603180,0x00e2e880,1384,0x00ad0000,11337728
603229,0x00e2e890,1430,0x00b2c000,11714560
688682,0x00e2e8a0,2500,0x01388000,20480000
127456,0x00e2e8b0,3058,0x017e4000,25051136
244371,0x00e2e8c0,7155,0x037e6000,58613760
601606,0x00e2e900,1134,0x008dc000,9289728
603181,0x00e2e910,1385,0x00ad2000,11345920
688683,0x00e2e920,2501,0x0138a000,20488192
244372,0x00e2e930,7156,0x037e8000,58621952
601607,0x00e2e980,1135,0x008de000,9297920
603182,0x00e2e990,1386,0x00ad4000,11354112
511020,0x00e2e9a0,8177,0x03fe2000,66985984
601608,0x00e2ea00,1136,0x008e0000,9306112
603183,0x00e2ea10,1387,0x00ad6000,11362304
688685,0x00e2ea20,2502,0x0138c000,20496384
127459,0x00e2ea30,3059,0x017e6000,25059328
601609,0x00e2ea80,1137,0x008e2000,9314304
688686,0x00e2ea90,2503,0x0138e000,20504576
019510,0x00e2eaa0,2656,0x014c0000,21757952
242751,0x00e2eab0,6349,0x0319a000,52011008
603185,0x00e2eb00,1388,0x00ad8000,11370496
688687,0x00e2eb10,2504,0x01390000,20512768
242752,0x00e2eb20,6350,0x0319c000,52019200
244376,0x00e2eb30,7157,0x037ea000,58630144
603186,0x00e2eb80,1389,0x00ada000,11378688
244377,0x00e2eb90,7158,0x037ec000,58638336
113070,0x00e2eba0,8007,0x03e8e000,65593344
518600,0x00e2ebb0,8527,0x0429e000,69853184
603187,0x00e2ec00,1390,0x00adc000,11386880
688689,0x00e2ec10,2505,0x01392000,20520960
234909,0x00e2ec20,4720,0x024e0000,38666240
242754,0x00e2ec30,6351,0x0319e000,52027392
515850,0x00e2ec40,8405,0x041aa000,68853760
603188,0x00e2ec80,1391,0x00ade000,11395072
603189,0x00e2ed00,1392,0x00ae0000,11403264
601566,0x00e2ed80,1123,0x008c6000,9199616
242757,0x00e2ed90,6352,0x031a0000,52035584
601567,0x00e2ee00,1124,0x008c8000,9207808
019517,0x00e2ee10,2657,0x014c2000,21766144
152213,0x00e2ee20,3374,0x01a5c000,27639808
601568,0x00e2ee80,1125,0x008ca000,9216000
136433,0x00e2ee90,3107,0x01846000,25452544
563650,0x00e2eea0,8842,0x04514000,72433664
234866,0x00e2ef00,4713,0x024d2000,38608896
245504,0x00e2ef10,7724,0x03c58000,63275008
184230,0x00e2ef80,4034,0x01f84000,33046528
234867,0x00e2ef90,4714,0x024d4000,38617088
245505,0x00e2efa0,7725,0x03c5a000,63283200
152217,0x00e2f000,3375,0x01a5e000,27648000
245460,0x00e2f180,7710,0x03c3c000,63160320
245509,0x00e2f190,7726,0x03c5c000,63291392
184237,0x00e2f300,4035,0x01f86000,33054720
184190,0x00e2f400,4016,0x01f60000,32899072
184239,0x00e2f410,4036,0x01f88000,33062912
589720,0x00e2f420,8998,0x0464c000,73711616
152177,0x00e2f480,3371,0x01a56000,27615232
243842,0x00e2f490,6907,0x035f6000,56582144
184192,0x00e2f500,4017,0x01f62000,32907264
243843,0x00e2f510,6908,0x035f8000,56590336
245467,0x00e2f520,7711,0x03c3e000,63168512
561990,0x00e2f530,8763,0x04476000,71786496
184193,0x00e2f580,4018,0x01f64000,32915456
245468,0x00e2f590,7712,0x03c40000,63176704
245469,0x00e2f600,7713,0x03c42000,63184896
184195,0x00e2f680,4019,0x01f66000,32923648
235952,0x00e2f690,4760,0x02530000,38993920
137521,0x00e2f700,3144,0x01890000,25755648
235953,0x00e2f710,4761,0x02532000,39002112
243847,0x00e2f720,6909,0x035fa000,56598528
235954,0x00e2f780,4762,0x02534000,39010304
243848,0x00e2f790,6910,0x035fc000,56606720
512070,0x00e2f7a0,9245,0x0483a000,75735040
243849,0x00e2f800,6911,0x035fe000,56614912
589680,0x00e2f880,8996,0x04648000,73695232
185320,0x00e2f900,4310,0x021ac000,35307520
600990,0x00e2fa80,995,0x007c6000,8151040
605365,0x00e2fa90,1944,0x00f30000,15925248
137528,0x00e2faa0,3145,0x01892000,25763840
600991,0x00e2fb00,996,0x007c8000,8159232
605366,0x00e2fb10,1945,0x00f32000,15933440
600992,0x00e2fb80,997,0x007ca000,8167424
185325,0x00e2fb90,4311,0x021ae000,35315712
600993,0x00e2fc00,998,0x007cc000,8175616
605368,0x00e2fc10,1946,0x00f34000,15941632
185326,0x00e2fc20,4312,0x021b0000,35323904
605369,0x00e2fc80,1947,0x00f36000,15949824
185327,0x00e2fc90,4313,0x021b2000,35332096
232210,0x00e2fca0,4631,0x0242e000,37937152
513200,0x00e2fcb0,8291,0x040c6000,67919872
600995,0x00e2fd00,999,0x007ce000,8183808
244930,0x00e2fd10,7453,0x03a3a000,61054976
600996,0x00e2fd80,1000,0x007d0000,8192000
244931,0x00e2fd90,7454,0x03a3c000,61063168
600997,0x00e2fe00,1001,0x007d2000,8200192
185281,0x00e2fe10,4303,0x0219e000,35250176
244932,0x00e2fe20,7455,0x03a3e000,61071360
600998,0x00e2fe80,1002,0x007d4000,8208384
244933,0x00e2fe90,7456,0x03a40000,61079552
600999,0x00e2ff00,1003,0x007d6000,8216576
185283,0x00e2ff10,4304,0x021a0000,35258368
240102,0x00e2ff20,4848,0x025e0000,39714816
561000,0x00e2ff30,8695,0x043ee000,71229440
127972,0x00e30000,3089,0x01822000,25305088
138610,0x00e30010,3259,0x01976000,26697728
244936,0x00e30020,7457,0x03a42000,61087744
517990,0x00e30030,8526,0x0429c000,69844992
138611,0x00e30080,3260,0x01978000,26705920
143754,0x00e30090,3328,0x01a00000,27262976
240105,0x00e300a0,4849,0x025e2000,39723008
244937,0x00e300b0,7458,0x03a44000,61095936
240106,0x00e30100,4850,0x025e4000,39731200
113631,0x00e30110,8015,0x03e9e000,65658880
513160,0x00e30120,8287,0x040be000,67887104
143756,0x00e30180,3329,0x01a02000,27271168
244890,0x00e30190,7442,0x03a24000,60964864
244939,0x00e301a0,7459,0x03a46000,61104128
113633,0x00e30200,8016,0x03ea0000,65667072
115258,0x00e30280,2845,0x0163a000,23306240
232173,0x00e30290,4627,0x02426000,37904384
240060,0x00e302a0,4825,0x025b2000,39526400
240109,0x00e302b0,4851,0x025e6000,39739392
244892,0x00e302c0,7443,0x03a26000,60973056
113634,0x00e302d0,8017,0x03ea2000,65675264
508020,0x00e302e0,9187,0x047c6000,75259904
508021,0x00e30300,9188,0x047c8000,75268096
244894,0x00e30380,7444,0x03a28000,60981248
113636,0x00e30390,8018,0x03ea4000,65683456
508022,0x00e303a0,9189,0x047ca000,75276288
244895,0x00e30400,7445,0x03a2a000,60989440
118005,0x00e30410,8067,0x03f06000,66084864
600000,0x00e30480,183,0x0016e000,1499136
240064,0x00e30490,4826,0x025b4000,39534592
113638,0x00e304a0,8019,0x03ea6000,65691648
240065,0x00e30500,4827,0x025b6000,39542784
244897,0x00e30510,7446,0x03a2c000,60997632
118007,0x00e30520,8068,0x03f08000,66093056
600002,0x00e30580,184,0x00170000,1507328
508026,0x00e30590,9190,0x047cc000,75284480
240067,0x00e30600,4828,0x025b8000,39550976
508027,0x00e30610,9191,0x047ce000,75292672
600004,0x00e30680,1,0x00002000,8192
152731,0x00e30690,3562,0x01bd4000,29179904
508028,0x00e306a0,9192,0x047d0000,75300864
240069,0x00e30700,4829,0x025ba000,39559168
508029,0x00e30710,9193,0x047d2000,75309056
600006,0x00e30780,185,0x00172000,1515520
600007,0x00e30800,186,0x00174000,1523712
600008,0x00e30880,2,0x00004000,16384
152735,0x00e30890,3563,0x01bd6000,29188096
600009,0x00e30900,187,0x00176000,1531904
160582,0x00e30980,3746,0x01d44000,30687232
152690,0x00e30a80,3550,0x01bbc000,29081600
688210,0x00e30b00,2153,0x010d2000,17637376
152691,0x00e30b10,3551,0x01bbe000,29089792
688211,0x00e30b80,2154,0x010d4000,17645568
000010,0x00e30c00,12,0x00018000,98304
688212,0x00e30c10,2155,0x010d6000,17653760
152693,0x00e30c20,3552,0x01bc0000,29097984
000011,0x00e30c80,13,0x0001a000,106496
688213,0x00e30c90,2156,0x010d8000,17661952
147551,0x00e30ca0,3342,0x01a1c000,27377664
152694,0x00e30cb0,3553,0x01bc2000,29106176
157069,0x00e30cc0,3716,0x01d08000,30441472
184757,0x00e30cd0,4229,0x0210a000,34643968
512630,0x00e30ce0,8242,0x04064000,67518464
000012,0x00e30d00,14,0x0001c000,114688
241152,0x00e30d10,5454,0x02a9c000,44679168
562050,0x00e30d20,8767,0x0447e000,71819264
688215,0x00e30d80,2157,0x010da000,17670144
233266,0x00e30d90,4677,0x0248a000,38313984
241153,0x00e30da0,5455,0x02a9e000,44687360
517000,0x00e30db0,8495,0x0425e000,69591040
688216,0x00e30e00,2158,0x010dc000,17678336
155448,0x00e30e10,3681,0x01cc2000,30154752
000015,0x00e30e80,15,0x0001e000,122880
688217,0x00e30e90,2159,0x010de000,17686528
241155,0x00e30ea0,5456,0x02aa0000,44695552
000016,0x00e30f00,16,0x00020000,131072
688218,0x00e30f10,2160,0x010e0000,17694720
152699,0x00e30f20,3554,0x01bc4000,29114368
171182,0x00e30f30,3826,0x01de4000,31342592
241156,0x00e30f40,5457,0x02aa2000,44703744
000017,0x00e30f80,17,0x00022000,139264
688170,0x00e30f90,2116,0x01088000,17334272
688219,0x00e30fa0,2161,0x010e2000,17702912
241157,0x00e30fb0,5458,0x02aa4000,44711936
152806,0x00e50000,3665,0x01ca2000,30023680
152807,0x00e50010,3666,0x01ca4000,30031872
152810,0x00e50020,3667,0x01ca6000,30040064
152815,0x00e50030,3668,0x01ca8000,30048256
152818,0x00e50040,3669,0x01caa000,30056448
152819,0x00e50050,3670,0x01cac000,30064640
152822,0x00e50060,3671,0x01cae000,30072832
152825,0x00e50070,3672,0x01cb0000,30081024
152830,0x00e50080,3673,0x01cb2000,30089216
152835,0x00e50090,3674,0x01cb4000,30097408
152837,0x00e500a0,3675,0x01cb6000,30105600
152839,0x00e500b0,3676,0x01cb8000,30113792
152843,0x00e500c0,3677,0x01cba000,30121984
152844,0x00e500d0,3678,0x01cbc000,30130176
152850,0x00e500e0,3679,0x01cbe000,30138368
152857,0x00e500f0,3680,0x01cc0000,30146560
152858,0x00e50100,3681,0x01cc2000,30154752
152859,0x00e50110,3682,0x01cc4000,30162944
152869,0x00e50120,3683,0x01cc6000,30171136
152870,0x00e50130,3684,0x01cc8000,30179328
152872,0x00e50140,3685,0x01cca000,30187520
152873,0x00e50150,3686,0x01ccc000,30195712
152874,0x00e50160,3687,0x01cce000,30203904
152877,0x00e50170,3688,0x01cd0000,30212096
152879,0x00e50180,3689,0x01cd2000,30220288
152882,0x00e50190,3690,0x01cd4000,30228480
152883,0x00e501a0,3691,0x01cd6000,30236672
152892,0x00e501b0,3692,0x01cd8000,30244864
152893,0x00e501c0,3693,0x01cda000,30253056
152900,0x00e501d0,3694,0x01cdc000,30261248
152901,0x00e501e0,3695,0x01cde000,30269440
152907,0x00e501f0,3696,0x01ce0000,30277632
152908,0x00e50200,3697,0x01ce2000,30285824
152909,0x00e50210,3698,0x01ce4000,30294016
152913,0x00e50220,3699,0x01ce6000,30302208
152916,0x00e50230,3700,0x01ce8000,30310400
152917,0x00e50240,3701,0x01cea000,30318592
152918,0x00e50250,3702,0x01cec000,30326784
152919,0x00e50260,3703,0x01cee000,30334976
152921,0x00e50270,3704,0x01cf0000,30343168
152923,0x00e50280,3705,0x01cf2000,30351360
152924,0x00e50290,3706,0x01cf4000,30359552
152928,0x00e502a0,3707,0x01cf6000,30367744
152929,0x00e502b0,3708,0x01cf8000,30375936
152935,0x00e502c0,3709,0x01cfa000,30384128
152937,0x00e502d0,3710,0x01cfc000,30392320
152944,0x00e502e0,3711,0x01cfe000,30400512
152948,0x00e502f0,3712,0x01d00000,30408704
152949,0x00e50300,3713,0x01d02000,30416896
152950,0x00e50310,3714,0x01d04000,30425088
152952,0x00e50320,3715,0x01d06000,30433280
152961,0x00e50330,3716,0x01d08000,30441472
152962,0x00e50340,3717,0x01d0a000,30449664
152963,0x00e50350,3718,0x01d0c000,30457856
152967,0x00e50360,3719,0x01d0e000,30466048
152975,0x00e50370,3720,0x01d10000,30474240
152981,0x00e50380,3721,0x01d12000,30482432
152982,0x00e50390,3722,0x01d14000,30490624
152986,0x00e503a0,3723,0x01d16000,30498816
152988,0x00e503b0,3724,0x01d18000,30507008
152991,0x00e503c0,3725,0x01d1a000,30515200
152992,0x00e503d0,3726,0x01d1c000,30523392
152993,0x00e503e0,3727,0x01d1e000,30531584
152994,0x00e503f0,3728,0x01d20000,30539776
152995,0x00e50400,3729,0x01d22000,30547968
155009,0x00e50410,3730,0x01d24000,30556160
155013,0x00e50420,3731,0x01d26000,30564352
155029,0x00e50430,3732,0x01d28000,30572544
155039,0x00e50440,3733,0x01d2a000,30580736
155041,0x00e50450,3734,0x01d2c000,30588928
155061,0x00e50460,3735,0x01d2e000,30597120
155090,0x00e50470,3736,0x01d30000,30605312
155092,0x00e50480,3737,0x01d32000,30613504
155102,0x00e50490,3738,0x01d34000,30621696
155103,0x00e504a0,3739,0x01d36000,30629888
155106,0x00e504b0,3740,0x01d38000,30638080
155117,0x00e504c0,3741,0x01d3a000,30646272
155163,0x00e504d0,3742,0x01d3c000,30654464
155181,0x00e504e0,3743,0x01d3e000,30662656
155195,0x00e504f0,3744,0x01d40000,30670848
155197,0x00e50500,3745,0x01d42000,30679040
155205,0x00e50510,3746,0x01d44000,30687232
155206,0x00e50520,3747,0x01d46000,30695424
155250,0x00e50530,3748,0x01d48000,30703616
155255,0x00e50540,3749,0x01d4a000,30711808
155256,0x00e50550,3750,0x01d4c000,30720000
155271,0x00e50560,3751,0x01d4e000,30728192
155273,0x00e50570,3752,0x01d50000,30736384
155304,0x00e50580,3753,0x01d52000,30744576
155349,0x00e50590,3754,0x01d54000,30752768
155357,0x00e505a0,3755,0x01d56000,30760960
155391,0x00e505b0,3756,0x01d58000,30769152
155396,0x00e505c0,3757,0x01d5a000,30777344
155405,0x00e505d0,3758,0x01d5c000,30785536
155406,0x00e505e0,3759,0x01d5e000,30793728
155407,0x00e505f0,3760,0x01d60000,30801920
155422,0x00e50600,3761,0x01d62000,30810112
155448,0x00e50610,3762,0x01d64000,30818304
155457,0x00e50620,3763,0x01d66000,30826496
155476,0x00e50630,3764,0x01d68000,30834688
155484,0x00e50640,3765,0x01d6a000,30842880
155493,0x00e50650,3766,0x01d6c000,30851072
155500,0x00e50660,3767,0x01d6e000,30859264
155501,0x00e50670,3768,0x01d70000,30867456
155529,0x00e50680,3769,0x01d72000,30875648
155530,0x00e50690,3770,0x01d74000,30883840
155561,0x00e506a0,3771,0x01d76000,30892032
155585,0x00e506b0,3772,0x01d78000,30900224
155594,0x00e506c0,3773,0x01d7a000,30908416
155606,0x00e506d0,3774,0x01d7c000,30916608
155614,0x00e506e0,3775,0x01d7e000,30924800
155615,0x00e506f0,3776,0x01d80000,30932992
155627,0x00e50700,3777,0x01d82000,30941184
155661,0x00e50710,3778,0x01d84000,30949376
155675,0x00e50720,3779,0x01d86000,30957568
155681,0x00e50730,3780,0x01d88000,30965760
155688,0x00e50740,3781,0x01d8a000,30973952
155708,0x00e50750,3782,0x01d8c000,30982144
155719,0x00e50760,3783,0x01d8e000,30990336
155739,0x00e50770,3784,0x01d90000,30998528
155761,0x00e50780,3785,0x01d92000,31006720
155818,0x00e50790,3786,0x01d94000,31014912
155831,0x00e507a0,3787,0x01d96000,31023104
155832,0x00e507b0,3788,0x01d98000,31031296
155843,0x00e507c0,3789,0x01d9a000,31039488
155865,0x00e507d0,3790,0x01d9c000,31047680
155866,0x00e507e0,3791,0x01d9e000,31055872
155885,0x00e507f0,3792,0x01da0000,31064064
155923,0x00e50800,3793,0x01da2000,31072256
155930,0x00e50810,3794,0x01da4000,31080448
157051,0x00e50820,3795,0x01da6000,31088640
157054,0x00e50830,3796,0x01da8000,31096832
157069,0x00e50840,3797,0x01daa000,31105024
157081,0x00e50850,3798,0x01dac000,31113216
157123,0x00e50860,3799,0x01dae000,31121408
157153,0x00e50870,3800,0x01db0000,31129600
157158,0x00e50880,3801,0x01db2000,31137792
157160,0x00e50890,3802,0x01db4000,31145984
157224,0x00e508a0,3803,0x01db6000,31154176
157227,0x00e508b0,3804,0x01db8000,31162368
157339,0x00e508c0,3805,0x01dba000,31170560
157369,0x00e508d0,3806,0x01dbc000,31178752
157370,0x00e508e0,3807,0x01dbe000,31186944
157505,0x00e508f0,3808,0x01dc0000,31195136
157530,0x00e50900,3809,0x01dc2000,31203328
157537,0x00e50910,3810,0x01dc4000,31211520
157604,0x00e50920,3811,0x01dc6000,31219712
157673,0x00e50930,3812,0x01dc8000,31227904
157711,0x00e50940,3813,0x01dca000,31236096
160038,0x00e50950,3814,0x01dcc000,31244288
160099,0x00e50960,3815,0x01dce000,31252480
160120,0x00e50970,3816,0x01dd0000,31260672
160153,0x00e50980,3817,0x01dd2000,31268864
160333,0x00e50990,3818,0x01dd4000,31277056
160337,0x00e509a0,3819,0x01dd6000,31285248
160339,0x00e509b0,3820,0x01dd8000,31293440
160346,0x00e509c0,3821,0x01dda000,31301632
160370,0x00e509d0,3822,0x01ddc000,31309824
160400,0x00e509e0,3823,0x01dde000,31318016
160455,0x00e509f0,3824,0x01de0000,31326208
160462,0x00e50a00,3825,0x01de2000,31334400
160492,0x00e50a10,3826,0x01de4000,31342592
160582,0x00e50a20,3827,0x01de6000,31350784
160748,0x00e50a30,3828,0x01de8000,31358976
160750,0x00e50a40,3829,0x01dea000,31367168
160789,0x00e50a50,3830,0x01dec000,31375360
160952,0x00e50a60,3831,0x01dee000,31383552
160973,0x00e50a70,3832,0x01df0000,31391744
160977,0x00e50a80,3833,0x01df2000,31399936
160980,0x00e50a90,3834,0x01df4000,31408128
163011,0x00e50aa0,3835,0x01df6000,31416320
163012,0x00e50ab0,3836,0x01df8000,31424512
163015,0x00e50ac0,3837,0x01dfa000,31432704
163023,0x00e50ad0,3838,0x01dfc000,31440896
163025,0x00e50ae0,3839,0x01dfe000,31449088
163050,0x00e50af0,3840,0x01e00000,31457280
163058,0x00e50b00,3841,0x01e02000,31465472
163100,0x00e50b10,3842,0x01e04000,31473664
163112,0x00e50b20,3843,0x01e06000,31481856
163115,0x00e50b30,3844,0x01e08000,31490048
163123,0x00e50b40,3845,0x01e0a000,31498240
163140,0x00e50b50,3846,0x01e0c000,31506432
163141,0x00e50b60,3847,0x01e0e000,31514624
163142,0x00e50b70,3848,0x01e10000,31522816
163161,0x00e50b80,3849,0x01e12000,31531008
163175,0x00e50b90,3850,0x01e14000,31539200
163182,0x00e50ba0,3851,0x01e16000,31547392
163188,0x00e50bb0,3852,0x01e18000,31555584
163197,0x00e50bc0,3853,0x01e1a000,31563776
163199,0x00e50bd0,3854,0x01e1c000,31571968
163208,0x00e50be0,3855,0x01e1e000,31580160
163215,0x00e50bf0,3856,0x01e20000,31588352
163216,0x00e50c00,3857,0x01e22000,31596544
163236,0x00e50c10,3858,0x01e24000,31604736
163238,0x00e50c20,3859,0x01e26000,31612928
163248,0x00e50c30,3860,0x01e28000,31621120
163258,0x00e50c40,3861,0x01e2a000,31629312
163262,0x00e50c50,3862,0x01e2c000,31637504
163275,0x00e50c60,3863,0x01e2e000,31645696
163289,0x00e50c70,3864,0x01e30000,31653888
163315,0x00e50c80,3865,0x01e32000,31662080
163316,0x00e50c90,3866,0x01e34000,31670272
163322,0x00e50ca0,3867,0x01e36000,31678464
163323,0x00e50cb0,3868,0x01e38000,31686656
163346,0x00e50cc0,3869,0x01e3a000,31694848
163347,0x00e50cd0,3870,0x01e3c000,31703040
163376,0x00e50ce0,3871,0x01e3e000,31711232
163377,0x00e50cf0,3872,0x01e40000,31719424
163379,0x00e50d00,3873,0x01e42000,31727616
163382,0x00e50d10,3874,0x01e44000,31735808
163385,0x00e50d20,3875,0x01e46000,31744000
163386,0x00e50d30,3876,0x01e48000,31752192
163388,0x00e50d40,3877,0x01e4a000,31760384
163402,0x00e50d50,3878,0x01e4c000,31768576
163452,0x00e50d60,3879,0x01e4e000,31776768
163460,0x00e50d70,3880,0x01e50000,31784960
163461,0x00e50d80,3881,0x01e52000,31793152
163464,0x00e50d90,3882,0x01e54000,31801344
163472,0x00e50da0,3883,0x01e56000,31809536
163478,0x00e50db0,3884,0x01e58000,31817728
163492,0x00e50dc0,3885,0x01e5a000,31825920
163539,0x00e50dd0,3886,0x01e5c000,31834112
163540,0x00e50de0,3887,0x01e5e000,31842304
163571,0x00e50df0,3888,0x01e60000,31850496
163592,0x00e50e00,3889,0x01e62000,31858688
163625,0x00e50e10,3890,0x01e64000,31866880
163644,0x00e50e20,3891,0x01e66000,31875072
163659,0x00e50e30,3892,0x01e68000,31883264
163681,0x00e50e40,3893,0x01e6a000,31891456
163722,0x00e50e50,3894,0x01e6c000,31899648
163761,0x00e50e60,3895,0x01e6e000,31907840
163782,0x00e50e70,3896,0x01e70000,31916032
163788,0x00e50e80,3897,0x01e72000,31924224
163901,0x00e50e90,3898,0x01e74000,31932416
163911,0x00e50ea0,3899,0x01e76000,31940608
163935,0x00e50eb0,3900,0x01e78000,31948800
163941,0x00e50ec0,3901,0x01e7a000,31956992
171037,0x00e50ed0,3902,0x01e7c000,31965184
171135,0x00e50ee0,3903,0x01e7e000,31973376
171141,0x00e50ef0,3904,0x01e80000,31981568
171156,0x00e50f00,3905,0x01e82000,31989760
171159,0x00e50f10,3906,0x01e84000,31997952
171182,0x00e50f20,3907,0x01e86000,32006144
171188,0x00e50f30,3908,0x01e88000,32014336
171196,0x00e50f40,3909,0x01e8a000,32022528
171204,0x00e50f50,3910,0x01e8c000,32030720
171293,0x00e50f60,3911,0x01e8e000,32038912
171307,0x00e50f70,3912,0x01e90000,32047104
171309,0x00e50f80,3913,0x01e92000,32055296
171347,0x00e50f90,3914,0x01e94000,32063488
171352,0x00e50fa0,3915,0x01e96000,32071680
171359,0x00e50fb0,3916,0x01e98000,32079872
171511,0x00e50fc0,3917,0x01e9a000,32088064
171571,0x00e50fd0,3918,0x01e9c000,32096256
171748,0x00e50fe0,3919,0x01e9e000,32104448
171767,0x00e50ff0,3920,0x01ea0000,32112640
171865,0x00f51000,3922,0x01ea4000,32129024
173082,0x00f51010,3923,0x01ea6000,32137216
173083,0x00f51020,3924,0x01ea8000,32145408
173090,0x00f51030,3925,0x01eaa000,32153600
173098,0x00f51040,3926,0x01eac000,32161792
173119,0x00f51050,3927,0x01eae000,32169984
173125,0x00f51060,3928,0x01eb0000,32178176
173127,0x00f51070,3929,0x01eb2000,32186368
173149,0x00f51080,3930,0x01eb4000,32194560
173167,0x00f51090,3931,0x01eb6000,32202752
173175,0x00f510a0,3932,0x01eb8000,32210944
173177,0x00f510b0,3933,0x01eba000,32219136
173178,0x00f510c0,3934,0x01ebc000,32227328
173186,0x00f510d0,3935,0x01ebe000,32235520
173187,0x00f510e0,3936,0x01ec0000,32243712
173189,0x00f510f0,3937,0x01ec2000,32251904
173199,0x00f51100,3938,0x01ec4000,32260096
173202,0x00f51110,3939,0x01ec6000,32268288
173210,0x00f51120,3940,0x01ec8000,32276480
173221,0x00f51130,3941,0x01eca000,32284672
173227,0x00f51140,3942,0x01ecc000,32292864
173233,0x00f51150,3943,0x01ece000,32301056
173239,0x00f51160,3944,0x01ed0000,32309248
173278,0x00f51170,3945,0x01ed2000,32317440
173329,0x00f51180,3946,0x01ed4000,32325632
173375,0x00f51190,3947,0x01ed6000,32333824
173408,0x00f511a0,3948,0x01ed8000,32342016
173411,0x00f511b0,3949,0x01eda000,32350208
173414,0x00f511c0,3950,0x01edc000,32358400
173516,0x00f511d0,3951,0x01ede000,32366592
173563,0x00f511e0,3952,0x01ee0000,32374784
173566,0x00f511f0,3953,0x01ee2000,32382976
173587,0x00f51200,3954,0x01ee4000,32391168
173614,0x00f51210,3955,0x01ee6000,32399360
173641,0x00f51220,3956,0x01ee8000,32407552
173645,0x00f51230,3957,0x01eea000,32415744
173648,0x00f51240,3958,0x01eec000,32423936
173679,0x00f51250,3959,0x01eee000,32432128
173682,0x00f51260,3960,0x01ef0000,32440320
173699,0x00f51270,3961,0x01ef2000,32448512
173736,0x00f51280,3962,0x01ef4000,32456704
173767,0x00f51290,3963,0x01ef6000,32464896
173768,0x00f512a0,3964,0x01ef8000,32473088
173859,0x00f512b0,3965,0x01efa000,32481280
175023,0x00f512c0,3966,0x01efc000,32489472
175049,0x00f512d0,3967,0x01efe000,32497664
175077,0x00f512e0,3968,0x01f00000,32505856
175090,0x00f512f0,3969,0x01f02000,32514048
175093,0x00f51300,3970,0x01f04000,32522240
175097,0x00f51310,3971,0x01f06000,32530432
175108,0x00f51320,3972,0x01f08000,32538624
175125,0x00f51330,3973,0x01f0a000,32546816
175166,0x00f51340,3974,0x01f0c000,32555008
175181,0x00f51350,3975,0x01f0e000,32563200
175192,0x00f51360,3976,0x01f10000,32571392
175201,0x00f51370,3977,0x01f12000,32579584
175214,0x00f51380,3978,0x01f14000,32587776
175242,0x00f51390,3979,0x01f16000,32595968
175243,0x00f513a0,3980,0x01f18000,32604160
175259,0x00f513b0,3981,0x01f1a000,32612352
175301,0x00f513c0,3982,0x01f1c000,32620544
175302,0x00f513d0,3983,0x01f1e000,32628736
175317,0x00f513e0,3984,0x01f20000,32636928
175354,0x00f513f0,3985,0x01f22000,32645120
175362,0x00f51400,3986,0x01f24000,32653312
175366,0x00f51410,3987,0x01f26000,32661504
175382,0x00f51420,3988,0x01f28000,32669696
175393,0x00f51430,3989,0x01f2a000,32677888
175525,0x00f51440,3990,0x01f2c000,32686080
175577,0x00f51450,3991,0x01f2e000,32694272
175604,0x00f51460,3992,0x01f30000,32702464
175612,0x00f51470,3993,0x01f32000,32710656
175613,0x00f51480,3994,0x01f34000,32718848
175616,0x00f51490,3995,0x01f36000,32727040
175669,0x00f514a0,3996,0x01f38000,32735232
175670,0x00f514b0,3997,0x01f3a000,32743424
175717,0x00f514c0,3998,0x01f3c000,32751616
175743,0x00f514d0,3999,0x01f3e000,32759808
175762,0x00f514e0,4000,0x01f40000,32768000
175766,0x00f514f0,4001,0x01f42000,32776192
175809,0x00f51500,4002,0x01f44000,32784384
175837,0x00f51510,4003,0x01f46000,32792576
175884,0x00f51520,4004,0x01f48000,32800768
175886,0x00f51530,4005,0x01f4a000,32808960
175927,0x00f51540,4006,0x01f4c000,32817152
175966,0x00f51550,4007,0x01f4e000,32825344
175972,0x00f51560,4008,0x01f50000,32833536
175981,0x00f51570,4009,0x01f52000,32841728
175982,0x00f51580,4010,0x01f54000,32849920
175995,0x00f51590,4011,0x01f56000,32858112
184003,0x00f515a0,4012,0x01f58000,32866304
184004,0x00f515b0,4013,0x01f5a000,32874496
184005,0x00f515c0,4014,0x01f5c000,32882688
184006,0x00f515d0,4015,0x01f5e000,32890880
184010,0x00f515e0,4016,0x01f60000,32899072
184011,0x00f515f0,4017,0x01f62000,32907264
184014,0x00f51600,4018,0x01f64000,32915456
184015,0x00f51610,4019,0x01f66000,32923648
184018,0x00f51620,4020,0x01f68000,32931840
184021,0x00f51630,4021,0x01f6a000,32940032
184022,0x00f51640,4022,0x01f6c000,32948224
184027,0x00f51650,4023,0x01f6e000,32956416
184028,0x00f51660,4024,0x01f70000,32964608
184030,0x00f51670,4025,0x01f72000,32972800
184033,0x00f51680,4026,0x01f74000,32980992
184034,0x00f51690,4027,0x01f76000,32989184
184039,0x00f516a0,4028,0x01f78000,32997376
184041,0x00f516b0,4029,0x01f7a000,33005568
184043,0x00f516c0,4030,0x01f7c000,33013760
184044,0x00f516d0,4031,0x01f7e000,33021952
184045,0x00f516e0,4032,0x01f80000,33030144
184046,0x00f516f0,4033,0x01f82000,33038336
184050,0x00f51700,4034,0x01f84000,33046528
184053,0x00f51710,4035,0x01f86000,33054720
184054,0x00f51720,4036,0x01f88000,33062912
184055,0x00f51730,4037,0x01f8a000,33071104
184056,0x00f51740,4038,0x01f8c000,33079296
184057,0x00f51750,4039,0x01f8e000,33087488
184060,0x00f51760,4040,0x01f90000,33095680
184061,0x00f51770,4041,0x01f92000,33103872
184065,0x00f51780,4042,0x01f94000,33112064
184066,0x00f51790,4043,0x01f96000,33120256
184068,0x00f517a0,4044,0x01f98000,33128448
184069,0x00f517b0,4045,0x01f9a000,33136640
184070,0x00f517c0,4046,0x01f9c000,33144832
184072,0x00f517d0,4047,0x01f9e000,33153024
184075,0x00f517e0,4048,0x01fa0000,33161216
184079,0x00f517f0,4049,0x01fa2000,33169408
184080,0x00f51800,4050,0x01fa4000,33177600
184082,0x00f51810,4051,0x01fa6000,33185792
184083,0x00f51820,4052,0x01fa8000,33193984
184084,0x00f51830,4053,0x01faa000,33202176
184086,0x00f51840,4054,0x01fac000,33210368
184088,0x00f51850,4055,0x01fae000,33218560
184089,0x00f51860,4056,0x01fb0000,33226752
184090,0x00f51870,4057,0x01fb2000,33234944
184092,0x00f51880,4058,0x01fb4000,33243136
184097,0x00f51890,4059,0x01fb6000,33251328
184098,0x00f518a0,4060,0x01fb8000,33259520
184100,0x00f518b0,4061,0x01fba000,33267712
184101,0x00f518c0,4062,0x01fbc000,33275904
184105,0x00f518d0,4063,0x01fbe000,33284096
184107,0x00f518e0,4064,0x01fc0000,33292288
184108,0x00f518f0,4065,0x01fc2000,33300480
184109,0x00f51900,4066,0x01fc4000,33308672
184110,0x00f51910,4067,0x01fc6000,33316864
184112,0x00f51920,4068,0x01fc8000,33325056
184113,0x00f51930,4069,0x01fca000,33333248
184118,0x00f51940,4070,0x01fcc000,33341440
184124,0x00f51950,4071,0x01fce000,33349632
184125,0x00f51960,4072,0x01fd0000,33357824
184127,0x00f51970,4073,0x01fd2000,33366016
184132,0x00f51980,4074,0x01fd4000,33374208
184133,0x00f51990,4075,0x01fd6000,33382400
184134,0x00f519a0,4076,0x01fd8000,33390592
184135,0x00f519b0,4077,0x01fda000,33398784
184139,0x00f519c0,4078,0x01fdc000,33406976
184140,0x00f519d0,4079,0x01fde000,33415168
184143,0x00f519e0,4080,0x01fe0000,33423360
184146,0x00f519f0,4081,0x01fe2000,33431552
184147,0x00f51a00,4082,0x01fe4000,33439744
184151,0x00f51a10,4083,0x01fe6000,33447936
184153,0x00f51a20,4084,0x01fe8000,33456128
184157,0x00f51a30,4085,0x01fea000,33464320
184159,0x00f51a40,4086,0x01fec000,33472512
184160,0x00f51a50,4087,0x01fee000,33480704
184161,0x00f51a60,4088,0x01ff0000,33488896
184167,0x00f51a70,4089,0x01ff2000,33497088
184168,0x00f51a80,4090,0x01ff4000,33505280
184169,0x00f51a90,4091,0x01ff6000,33513472
184170,0x00f51aa0,4092,0x01ff8000,33521664
184174,0x00f51ab0,4093,0x01ffa000,33529856
184178,0x00f51ac0,4094,0x01ffc000,33538048
184181,0x00f51ad0,4095,0x01ffe000,33546240
184183,0x00f51ae0,4096,0x02000000,33554432
184188,0x00f51af0,4097,0x02002000,33562624
184190,0x00f51b00,4098,0x02004000,33570816
184192,0x00f51b10,4099,0x02006000,33579008
184193,0x00f51b20,4100,0x02008000,33587200
184195,0x00f51b30,4101,0x0200a000,33595392
184201,0x00f51b40,4102,0x0200c000,33603584
184202,0x00f51b50,4103,0x0200e000,33611776
184205,0x00f51b60,4104,0x02010000,33619968
184208,0x00f51b70,4105,0x02012000,33628160
184212,0x00f51b80,4106,0x02014000,33636352
184214,0x00f51b90,4107,0x02016000,33644544
184216,0x00f51ba0,4108,0x02018000,33652736
184219,0x00f51bb0,4109,0x0201a000,33660928
184220,0x00f51bc0,4110,0x0201c000,33669120
184222,0x00f51bd0,4111,0x0201e000,33677312
184223,0x00f51be0,4112,0x02020000,33685504
184226,0x00f51bf0,4113,0x02022000,33693696
184227,0x00f51c00,4114,0x02024000,33701888
184228,0x00f51c10,4115,0x02026000,33710080
184230,0x00f51c20,4116,0x02028000,33718272
184237,0x00f51c30,4117,0x0202a000,33726464
184239,0x00f51c40,4118,0x0202c000,33734656
184245,0x00f51c50,4119,0x0202e000,33742848
184246,0x00f51c60,4120,0x02030000,33751040
184250,0x00f51c70,4121,0x02032000,33759232
184252,0x00f51c80,4122,0x02034000,33767424
184253,0x00f51c90,4123,0x02036000,33775616
184256,0x00f51ca0,4124,0x02038000,33783808
184260,0x00f51cb0,4125,0x0203a000,33792000
184261,0x00f51cc0,4126,0x0203c000,33800192
184262,0x00f51cd0,4127,0x0203e000,33808384
184264,0x00f51ce0,4128,0x02040000,33816576
184266,0x00f51cf0,4129,0x02042000,33824768
184268,0x00f51d00,4130,0x02044000,33832960
184271,0x00f51d10,4131,0x02046000,33841152
184272,0x00f51d20,4132,0x02048000,33849344
184273,0x00f51d30,4133,0x0204a000,33857536
184278,0x00f51d40,4134,0x0204c000,33865728
184283,0x00f51d50,4135,0x0204e000,33873920
184287,0x00f51d60,4136,0x02050000,33882112
184289,0x00f51d70,4137,0x02052000,33890304
184290,0x00f51d80,4138,0x02054000,33898496
184295,0x00f51d90,4139,0x02056000,33906688
184297,0x00f51da0,4140,0x02058000,33914880
184299,0x00f51db0,4141,0x0205a000,33923072
184301,0x00f51dc0,4142,0x0205c000,33931264
184304,0x00f51dd0,4143,0x0205e000,33939456
184305,0x00f51de0,4144,0x02060000,33947648
184307,0x00f51df0,4145,0x02062000,33955840
184308,0x00f51e00,4146,0x02064000,33964032
184310,0x00f51e10,4147,0x02066000,33972224
184312,0x00f51e20,4148,0x02068000,33980416
184320,0x00f51e30,4149,0x0206a000,33988608
184321,0x00f51e40,4150,0x0206c000,33996800
184323,0x00f51e50,4151,0x0206e000,34004992
184325,0x00f51e60,4152,0x02070000,34013184
184327,0x00f51e70,4153,0x02072000,34021376
184328,0x00f51e80,4154,0x02074000,34029568
184329,0x00f51e90,4155,0x02076000,34037760
184332,0x00f51ea0,4156,0x02078000,34045952
184334,0x00f51eb0,4157,0x0207a000,34054144
184337,0x00f51ec0,4158,0x0207c000,34062336
184343,0x00f51ed0,4159,0x0207e000,34070528
184344,0x00f51ee0,4160,0x02080000,34078720
184345,0x00f51ef0,4161,0x02082000,34086912
184349,0x00f51f00,4162,0x02084000,34095104
184351,0x00f51f10,4163,0x02086000,34103296
184353,0x00f51f20,4164,0x02088000,34111488
184356,0x00f51f30,4165,0x0208a000,34119680
184361,0x00f51f40,4166,0x0208c000,34127872
184363,0x00f51f50,4167,0x0208e000,34136064
184365,0x00f51f60,4168,0x02090000,34144256
184367,0x00f51f70,4169,0x02092000,34152448
184368,0x00f51f80,4170,0x02094000,34160640
184370,0x00f51f90,4171,0x02096000,34168832
184372,0x00f51fa0,4172,0x02098000,34177024
184375,0x00f51fb0,4173,0x0209a000,34185216
184377,0x00f51fc0,4174,0x0209c000,34193408
184380,0x00f51fd0,4175,0x0209e000,34201600
184381,0x00f51fe0,4176,0x020a0000,34209792
184382,0x00f51ff0,4177,0x020a2000,34217984
184384,0x01052000,4179,0x020a6000,34234368
184387,0x01052010,4180,0x020a8000,34242560
184388,0x01052020,4181,0x020aa000,34250752
184393,0x01052030,4182,0x020ac000,34258944
184399,0x01052040,4183,0x020ae000,34267136
184401,0x01052050,4184,0x020b0000,34275328
184403,0x01052060,4185,0x020b2000,34283520
184404,0x01052070,4186,0x020b4000,34291712
184407,0x01052080,4187,0x020b6000,34299904
184409,0x01052090,4188,0x020b8000,34308096
184412,0x010520a0,4189,0x020ba000,34316288
184415,0x010520b0,4190,0x020bc000,34324480
184418,0x010520c0,4191,0x020be000,34332672
184419,0x010520d0,4192,0x020c0000,34340864
184422,0x010520e0,4193,0x020c2000,34349056
184423,0x010520f0,4194,0x020c4000,34357248
184424,0x01052100,4195,0x020c6000,34365440
184426,0x01052110,4196,0x020c8000,34373632
184429,0x01052120,4197,0x020ca000,34381824
184433,0x01052130,4198,0x020cc000,34390016
184436,0x01052140,4199,0x020ce000,34398208
184438,0x01052150,4200,0x020d0000,34406400
184440,0x01052160,4201,0x020d2000,34414592
184443,0x01052170,4202,0x020d4000,34422784
184447,0x01052180,4203,0x020d6000,34430976
184453,0x01052190,4204,0x020d8000,34439168
184454,0x010521a0,4205,0x020da000,34447360
184459,0x010521b0,4206,0x020dc000,34455552
184463,0x010521c0,4207,0x020de000,34463744
184464,0x010521d0,4208,0x020e0000,34471936
184470,0x010521e0,4209,0x020e2000,34480128
184471,0x010521f0,4210,0x020e4000,34488320
184476,0x01052200,4211,0x020e6000,34496512
184479,0x01052210,4212,0x020e8000,34504704
184481,0x01052220,4213,0x020ea000,34512896
184482,0x01052230,4214,0x020ec000,34521088
184484,0x01052240,4215,0x020ee000,34529280
184487,0x01052250,4216,0x020f0000,34537472
184488,0x01052260,4217,0x020f2000,34545664
184491,0x01052270,4218,0x020f4000,34553856
184497,0x01052280,4219,0x020f6000,34562048
184499,0x01052290,4220,0x020f8000,34570240
184503,0x010522a0,4221,0x020fa000,34578432
184505,0x010522b0,4222,0x020fc000,34586624
184507,0x010522c0,4223,0x020fe000,34594816
184509,0x010522d0,4224,0x02100000,34603008
184510,0x010522e0,4225,0x02102000,34611200
184515,0x010522f0,4226,0x02104000,34619392
184516,0x01052300,4227,0x02106000,34627584
184517,0x01052310,4228,0x02108000,34635776
184519,0x01052320,4229,0x0210a000,34643968
184521,0x01052330,4230,0x0210c000,34652160
184522,0x01052340,4231,0x0210e000,34660352
184523,0x01052350,4232,0x02110000,34668544
184525,0x01052360,4233,0x02112000,34676736
184526,0x01052370,4234,0x02114000,34684928
184527,0x01052380,4235,0x02116000,34693120
184528,0x01052390,4236,0x02118000,34701312
184535,0x010523a0,4237,0x0211a000,34709504
184539,0x010523b0,4238,0x0211c000,34717696
184541,0x010523c0,4239,0x0211e000,34725888
184542,0x010523d0,4240,0x02120000,34734080
184548,0x010523e0,4241,0x02122000,34742272
184549,0x010523f0,4242,0x02124000,34750464
184550,0x01052400,4243,0x02126000,34758656
184551,0x01052410,4244,0x02128000,34766848
184552,0x01052420,4245,0x0212a000,34775040
184553,0x01052430,4246,0x0212c000,34783232
184554,0x01052440,4247,0x0212e000,34791424
184558,0x01052450,4248,0x02130000,34799616
184560,0x01052460,4249,0x02132000,34807808
184561,0x01052470,4250,0x02134000,34816000
184562,0x01052480,4251,0x02136000,34824192
184568,0x01052490,4252,0x02138000,34832384
184570,0x010524a0,4253,0x0213a000,34840576
184573,0x010524b0,4254,0x0213c000,34848768
184574,0x010524c0,4255,0x0213e000,34856960
184575,0x010524d0,4256,0x02140000,34865152
184576,0x010524e0,4257,0x02142000,34873344
184578,0x010524f0,4258,0x02144000,34881536
184581,0x01052500,4259,0x02146000,34889728
184582,0x01052510,4260,0x02148000,34897920
184583,0x01052520,4261,0x0214a000,34906112
184584,0x01052530,4262,0x0214c000,34914304
184590,0x01052540,4263,0x0214e000,34922496
184591,0x01052550,4264,0x02150000,34930688
184592,0x01052560,4265,0x02152000,34938880
184593,0x01052570,4266,0x02154000,34947072
184595,0x01052580,4267,0x02156000,34955264
184596,0x01052590,4268,0x02158000,34963456
184597,0x010525a0,4269,0x0215a000,34971648
184598,0x010525b0,4270,0x0215c000,34979840
184599,0x010525c0,4271,0x0215e000,34988032
184600,0x010525d0,4272,0x02160000,34996224
184607,0x010525e0,4273,0x02162000,35004416
184608,0x010525f0,4274,0x02164000,35012608
184619,0x01052600,4275,0x02166000,35020800
184620,0x01052610,4276,0x02168000,35028992
184626,0x01052620,4277,0x0216a000,35037184
184631,0x01052630,4278,0x0216c000,35045376
184634,0x01052640,4279,0x0216e000,35053568
184638,0x01052650,4280,0x02170000,35061760
184644,0x01052660,4281,0x02172000,35069952
184645,0x01052670,4282,0x02174000,35078144
184647,0x01052680,4283,0x02176000,35086336
184649,0x01052690,4284,0x02178000,35094528
184656,0x010526a0,4285,0x0217a000,35102720
184658,0x010526b0,4286,0x0217c000,35110912
184662,0x010526c0,4287,0x0217e000,35119104
184663,0x010526d0,4288,0x02180000,35127296
184665,0x010526e0,4289,0x02182000,35135488
184666,0x010526f0,4290,0x02184000,35143680
184668,0x01052700,4291,0x02186000,35151872
184671,0x01052710,4292,0x02188000,35160064
184677,0x01052720,4293,0x0218a000,35168256
184680,0x01052730,4294,0x0218c000,35176448
184690,0x01052740,4295,0x0218e000,35184640
184691,0x01052750,4296,0x02190000,35192832
184692,0x01052760,4297,0x02192000,35201024
184693,0x01052770,4298,0x02194000,35209216
184694,0x01052780,4299,0x02196000,35217408
184696,0x01052790,4300,0x02198000,35225600
184709,0x010527a0,4301,0x0219a000,35233792
184712,0x010527b0,4302,0x0219c000,35241984
184716,0x010527c0,4303,0x0219e000,35250176
184717,0x010527d0,4304,0x021a0000,35258368
184724,0x010527e0,4305,0x021a2000,35266560
184726,0x010527f0,4306,0x021a4000,35274752
184728,0x01052800,4307,0x021a6000,35282944
184729,0x01052810,4308,0x021a8000,35291136
184733,0x01052820,4309,0x021aa000,35299328
184734,0x01052830,4310,0x021ac000,35307520
184744,0x01052840,4311,0x021ae000,35315712
184757,0x01052850,4312,0x021b0000,35323904
184760,0x01052860,4313,0x021b2000,35332096
184764,0x01052870,4314,0x021b4000,35340288
184765,0x01052880,4315,0x021b6000,35348480
184767,0x01052890,4320,0x021c0000,35389440
184776,0x010528a0,4321,0x021c2000,35397632
184778,0x010528b0,4322,0x021c4000,35405824
184779,0x010528c0,4323,0x021c6000,35414016
184781,0x010528d0,4324,0x021c8000,35422208
184785,0x010528e0,4325,0x021ca000,35430400
184788,0x010528f0,4326,0x021cc000,35438592
184793,0x01052900,4327,0x021ce000,35446784
184794,0x01052910,4328,0x021d0000,35454976
184796,0x01052920,4329,0x021d2000,35463168
184798,0x01052930,4330,0x021d4000,35471360
184801,0x01052940,4331,0x021d6000,35479552
184803,0x01052950,4332,0x021d8000,35487744
184804,0x01052960,4333,0x021da000,35495936
184807,0x01052970,4334,0x021dc000,35504128
184808,0x01052980,4335,0x021de000,35512320
184813,0x01052990,4336,0x021e0000,35520512
184814,0x010529a0,4337,0x021e2000,35528704
184815,0x010529b0,4338,0x021e4000,35536896
184816,0x010529c0,4339,0x021e6000,35545088
184818,0x010529d0,4340,0x021e8000,35553280
184819,0x010529e0,4341,0x021ea000,35561472
184823,0x010529f0,4342,0x021ec000,35569664
185004,0x01052a00,4343,0x021ee000,35577856
185005,0x01052a10,4344,0x021f0000,35586048
185019,0x01052a20,4345,0x021f2000,35594240
185038,0x01052a30,4346,0x021f4000,35602432
185041,0x01052a40,4347,0x021f6000,35610624
185057,0x01052a50,4348,0x021f8000,35618816
185064,0x01052a60,4349,0x021fa000,35627008
185073,0x01052a70,4350,0x021fc000,35635200
185074,0x01052a80,4351,0x021fe000,35643392
185077,0x01052a90,4352,0x02200000,35651584
185090,0x01052aa0,4353,0x02202000,35659776
185094,0x01052ab0,4354,0x02204000,35667968
185096,0x01052ac0,4355,0x02206000,35676160
185102,0x01052ad0,4356,0x02208000,35684352
185103,0x01052ae0,4357,0x0220a000,35692544
185116,0x01052af0,4358,0x0220c000,35700736
185117,0x01052b00,4359,0x0220e000,35708928
185119,0x01052b10,4360,0x02210000,35717120
185134,0x01052b20,4361,0x02212000,35725312
185138,0x01052b30,4362,0x02214000,35733504
185140,0x01052b40,4363,0x02216000,35741696
185147,0x01052b50,4364,0x02218000,35749888
185148,0x01052b60,4365,0x0221a000,35758080
185152,0x01052b70,4366,0x0221c000,35766272
185156,0x01052b80,4367,0x0221e000,35774464
185159,0x01052b90,4368,0x02220000,35782656
185187,0x01052ba0,4369,0x02222000,35790848
185191,0x01052bb0,4370,0x02224000,35799040
185196,0x01052bc0,4371,0x02226000,35807232
185208,0x01052bd0,4372,0x02228000,35815424
185209,0x01052be0,4373,0x0222a000,35823616
185224,0x01052bf0,4374,0x0222c000,35831808
185226,0x01052c00,4375,0x0222e000,35840000
185227,0x01052c10,4376,0x02230000,35848192
185228,0x01052c20,4377,0x02232000,35856384
185234,0x01052c30,4378,0x02234000,35864576
185236,0x01052c40,4379,0x02236000,35872768
185241,0x01052c50,4380,0x02238000,35880960
185244,0x01052c60,4381,0x0223a000,35889152
185245,0x01052c70,4382,0x0223c000,35897344
185249,0x01052c80,4383,0x0223e000,35905536
185262,0x01052c90,4384,0x02240000,35913728
185274,0x01052ca0,4385,0x02242000,35921920
185275,0x01052cb0,4386,0x02244000,35930112
185276,0x01052cc0,4387,0x02246000,35938304
185277,0x01052cd0,4388,0x02248000,35946496
185279,0x01052ce0,4389,0x0224a000,35954688
185281,0x01052cf0,4390,0x0224c000,35962880
185283,0x01052d00,4391,0x0224e000,35971072
185298,0x01052d10,4392,0x02250000,35979264
185300,0x01052d20,4393,0x02252000,35987456
185301,0x01052d30,4394,0x02254000,35995648
185307,0x01052d40,4395,0x02256000,36003840
185315,0x01052d50,4396,0x02258000,36012032
185320,0x01052d60,4397,0x0225a000,36020224
185325,0x01052d70,4398,0x0225c000,36028416
185326,0x01052d80,4399,0x0225e000,36036608
185327,0x01052d90,4400,0x02260000,36044800
185337,0x01052da0,4401,0x02262000,36052992
185339,0x01052db0,4402,0x02264000,36061184
185342,0x01052dc0,4403,0x02266000,36069376
185344,0x01052dd0,4404,0x02268000,36077568
185347,0x01052de0,4405,0x0226a000,36085760
185354,0x01052df0,4406,0x0226c000,36093952
185355,0x01052e00,4407,0x0226e000,36102144
185357,0x01052e10,4408,0x02270000,36110336
185361,0x01052e20,4409,0x02272000,36118528
185362,0x01052e30,4410,0x02274000,36126720
185368,0x01052e40,4411,0x02276000,36134912
185372,0x01052e50,4412,0x02278000,36143104
185374,0x01052e60,4413,0x0227a000,36151296
185379,0x01052e70,4414,0x0227c000,36159488
185383,0x01052e80,4415,0x0227e000,36167680
185388,0x01052e90,4416,0x02280000,36175872
185389,0x01052ea0,4417,0x02282000,36184064
185391,0x01052eb0,4418,0x02284000,36192256
185397,0x01052ec0,4419,0x02286000,36200448
185398,0x01052ed0,4420,0x02288000,36208640
185401,0x01052ee0,4421,0x0228a000,36216832
185403,0x01052ef0,4422,0x0228c000,36225024
185406,0x01052f00,4423,0x0228e000,36233216
185407,0x01052f10,4424,0x02290000,36241408
185408,0x01052f20,4425,0x02292000,36249600
185416,0x01052f30,4426,0x02294000,36257792
185418,0x01052f40,4427,0x02296000,36265984
185422,0x01052f50,4428,0x02298000,36274176
185438,0x01052f60,4429,0x0229a000,36282368
185444,0x01052f70,4430,0x0229c000,36290560
185445,0x01052f80,4431,0x0229e000,36298752
185454,0x01052f90,4432,0x022a0000,36306944
185466,0x01052fa0,4433,0x022a2000,36315136
185475,0x01052fb0,4434,0x022a4000,36323328
185482,0x01052fc0,4435,0x022a6000,36331520
185486,0x01052fd0,4436,0x022a8000,36339712
185491,0x01052fe0,4437,0x022aa000,36347904
185492,0x01052ff0,4438,0x022ac000,36356096
000018,0x010dc000,18,0x00024000,147456
688171,0x010dc010,2117,0x0108a000,17342464
241158,0x010dc020,5459,0x02aa6000,44720128
000019,0x010dc080,19,0x00026000,155648
688172,0x010dc090,2118,0x0108c000,17350656
241159,0x010dc0a0,5460,0x02aa8000,44728320
688173,0x010dc100,2119,0x0108e000,17358848
688175,0x010dc200,2120,0x01090000,17367040
171188,0x010dc210,3827,0x01de6000,31350784
242240,0x010dc220,6092,0x02f98000,49905664
688176,0x010dc280,2121,0x01092000,17375232
185840,0x010dc290,4422,0x0228c000,36225024
242241,0x010dc2a0,6093,0x02f9a000,49913856
588120,0x010dc2b0,8877,0x0455a000,72720384
688177,0x010dc300,2122,0x01094000,17383424
688178,0x010dc380,2123,0x01096000,17391616
560390,0x010dc390,8646,0x0438c000,70828032
688179,0x010dc400,2124,0x01098000,17399808
185843,0x010dc410,4423,0x0228e000,36233216
242246,0x010dc500,6094,0x02f9c000,49922048
115815,0x010dc600,2940,0x016f8000,24084480
242248,0x010dc610,6095,0x02f9e000,49930240
513720,0x010dc620,8322,0x04104000,68173824
501001,0x010dc630,9052,0x046b8000,74153984
601058,0x010dc680,1027,0x00806000,8413184
601059,0x010dc700,1028,0x00808000,8421376
588080,0x010dc710,8873,0x04552000,72687616
115818,0x010dc780,2941,0x016fa000,24092672
240620,0x010dc790,5120,0x02800000,41943040
240621,0x010dc800,5121,0x02802000,41951232
501005,0x010dc810,9053,0x046ba000,74162176
240622,0x010dc880,5122,0x02804000,41959424
115772,0x010dc900,2935,0x016ee000,24043520
240623,0x010dc910,5123,0x02806000,41967616
501007,0x010dc920,9054,0x046bc000,74170368
501008,0x010dc980,9055,0x046be000,74178560
188557,0x010dca00,4493,0x0231a000,36806656
240625,0x010dca10,5124,0x02808000,41975808
501009,0x010dca20,9056,0x046c0000,74186752
240626,0x010dca80,5125,0x0280a000,41984000
240627,0x010dcb00,5126,0x0280c000,41992192
115777,0x010dcb80,2936,0x016f0000,24051712
240628,0x010dcb90,5127,0x0280e000,42000384
243330,0x010dcba0,6661,0x0340a000,54566912
175023,0x010dcc00,3884,0x01e58000,31817728
589210,0x010dcc10,8968,0x04610000,73465856
240581,0x010dcc80,5098,0x027d4000,41762816
240582,0x010dcd00,5099,0x027d6000,41771008
520760,0x010dcd10,8559,0x042de000,70115328
600520,0x010dce00,603,0x004b6000,4939776
240584,0x010dce10,5100,0x027d8000,41779200
600521,0x010dce80,604,0x004b8000,4947968
240585,0x010dce90,5101,0x027da000,41787392
243336,0x010dcea0,6662,0x0340c000,54575104
600522,0x010dcf00,605,0x004ba000,4956160
243337,0x010dcf10,6663,0x0340e000,54583296
600523,0x010dcf80,606,0x004bc000,4964352
240587,0x010dcf90,5102,0x027dc000,41795584
243290,0x010dd000,6637,0x033da000,54370304
243339,0x010dd010,6664,0x03410000,54591488
600525,0x010dd080,607,0x004be000,4972544
173408,0x010dd090,3866,0x01e34000,31670272
240589,0x010dd0a0,5103,0x027de000,41803776
243291,0x010dd0b0,6638,0x033dc000,54378496
589170,0x010dd0c0,8964,0x04608000,73433088
600526,0x010dd100,608,0x004c0000,4980736
241710,0x010dd110,5810,0x02d64000,47595520
243292,0x010dd120,6639,0x033de000,54386688
600527,0x010dd180,609,0x004c2000,4988928
243293,0x010dd190,6640,0x033e0000,54394880
600528,0x010dd200,610,0x004c4000,4997120
241712,0x010dd210,5811,0x02d66000,47603712
516390,0x010dd220,8449,0x04202000,69214208
600480,0x010dd280,569,0x00472000,4661248
600529,0x010dd290,611,0x004c6000,5005312
243295,0x010dd2a0,6641,0x033e2000,54403072
600481,0x010dd300,570,0x00474000,4669440
127501,0x010dd310,3060,0x017e8000,25067520
241714,0x010dd320,5812,0x02d68000,47611904
243296,0x010dd330,6642,0x033e4000,54411264
600482,0x010dd380,571,0x00476000,4677632
140490,0x010dd390,3294,0x019bc000,26984448
243297,0x010dd3a0,6643,0x033e6000,54419456
600483,0x010dd400,572,0x00478000,4685824
243298,0x010dd410,6644,0x033e8000,54427648
243299,0x010dd480,6645,0x033ea000,54435840
140493,0x010dd500,3295,0x019be000,26992640
244420,0x010dd510,7179,0x03816000,58810368
502053,0x010dd520,9161,0x04792000,75046912
600486,0x010dd580,573,0x0047a000,4694016
603230,0x010dd590,1431,0x00b2e000,11722752
600487,0x010dd600,574,0x0047c000,4702208
603231,0x010dd610,1432,0x00b30000,11730944
688733,0x010dd620,2535,0x013ce000,20766720
241671,0x010dd630,5788,0x02d38000,47415296
244422,0x010dd640,7180,0x03818000,58818560
600488,0x010dd680,575,0x0047e000,4710400
603232,0x010dd690,1433,0x00b32000,11739136
244423,0x010dd6a0,7181,0x0381a000,58826752
562570,0x010dd6b0,8786,0x044a4000,71974912
502056,0x010dd6c0,9162,0x04794000,75055104
600489,0x010dd700,576,0x00480000,4718592
603233,0x010dd710,1434,0x00b34000,11747328
171748,0x010dd720,3838,0x01dfc000,31440896
242800,0x010dd730,6379,0x031d6000,52256768
244424,0x010dd740,7182,0x0381c000,58834944
517520,0x010dd750,8517,0x0428a000,69771264
241674,0x010dd780,5789,0x02d3a000,47423488
244425,0x010dd790,7183,0x0381e000,58843136
601611,0x010dd800,1138,0x008e4000,9322496
603235,0x010dd810,1435,0x00b36000,11755520
688737,0x010dd820,2536,0x013d0000,20774912
241675,0x010dd830,5790,0x02d3c000,47431680
244426,0x010dd840,7184,0x03820000,58851328
603236,0x010dd880,1436,0x00b38000,11763712
236533,0x010dd890,4776,0x02550000,39124992
241676,0x010dd8a0,5791,0x02d3e000,47439872
560950,0x010dd8b0,8691,0x043e6000,71196672
603237,0x010dd900,1437,0x00b3a000,11771904
688690,0x010dd910,2506,0x01394000,20529152
688739,0x010dd920,2537,0x013d2000,20783104
244428,0x010dd930,7185,0x03822000,58859520
515900,0x010dd940,8409,0x041b2000,68886528
603238,0x010dd980,1438,0x00b3c000,11780096
688691,0x010dd990,2507,0x01396000,20537344
234911,0x010dd9a0,4721,0x024e2000,38674432
241678,0x010dd9b0,5792,0x02d40000,47448064
242805,0x010dd9c0,6380,0x031d8000,52264960
244429,0x010dd9d0,7186,0x03824000,58867712
601615,0x010dda00,1139,0x008e6000,9330688
603190,0x010dda10,1393,0x00ae2000,11411456
603239,0x010dda20,1439,0x00b3e000,11788288
688692,0x010dda30,2508,0x01398000,20545536
242806,0x010dda40,6381,0x031da000,52273152
244381,0x010dda50,7159,0x037ee000,58646528
600804,0x010dda80,856,0x006b0000,7012352
601616,0x010dda90,1140,0x008e8000,9338880
603191,0x010ddaa0,1394,0x00ae4000,11419648
688693,0x010ddab0,2509,0x0139a000,20553728
235725,0x010ddac0,4734,0x024fc000,38780928
240868,0x010ddad0,5275,0x02936000,43212800
243619,0x010ddae0,6804,0x03528000,55738368
245194,0x010ddaf0,7592,0x03b50000,62193664
600805,0x010ddb00,857,0x006b2000,7020544
603192,0x010ddb10,1395,0x00ae6000,11427840
240869,0x010ddb20,5276,0x02938000,43220992
242808,0x010ddb30,6382,0x031dc000,52281344
244383,0x010ddb40,7160,0x037f0000,58654720
245195,0x010ddb50,7593,0x03b52000,62201856
511030,0x010ddb60,8178,0x03fe4000,66994176
601618,0x010ddb80,1141,0x008ea000,9347072
603193,0x010ddb90,1396,0x00ae8000,11436032
688695,0x010ddba0,2510,0x0139c000,20561920
242760,0x010ddbb0,6353,0x031a2000,52043776
243572,0x010ddbc0,6782,0x034fc000,55558144
244384,0x010ddbd0,7161,0x037f2000,58662912
563700,0x010ddbe0,8847,0x0451e000,72474624
600807,0x010ddc00,858,0x006b4000,7028736
601619,0x010ddc10,1142,0x008ec000,9355264
603194,0x010ddc20,1397,0x00aea000,11444224
605133,0x010ddc30,1894,0x00ecc000,15515648
688696,0x010ddc40,2511,0x0139e000,20570112
173641,0x010ddc50,3874,0x01e44000,31735808
242761,0x010ddc60,6354,0x031a4000,52051968
600808,0x010ddc80,859,0x006b6000,7036928
603195,0x010ddc90,1398,0x00aec000,11452416
688697,0x010ddca0,2512,0x013a0000,20578304
019521,0x010ddcb0,2658,0x014c4000,21774336
235729,0x010ddcc0,4735,0x024fe000,38789120
242762,0x010ddcd0,6355,0x031a6000,52060160
244386,0x010ddce0,7162,0x037f4000,58671104
516670,0x010ddcf0,8468,0x04228000,69369856
600760,0x010ddd00,817,0x00662000,6692864
600809,0x010ddd10,860,0x006b8000,7045120
603196,0x010ddd20,1399,0x00aee000,11460608
688698,0x010ddd30,2513,0x013a2000,20586496
244387,0x010ddd40,7163,0x037f6000,58679296
600761,0x010ddd80,818,0x00664000,6701056
603197,0x010ddd90,1400,0x00af0000,11468800
605136,0x010ddda0,1895,0x00ece000,15523840
688699,0x010dddb0,2514,0x013a4000,20594688
243576,0x010dddc0,6783,0x034fe000,55566336
515860,0x010dddd0,8406,0x041ac000,68861952
603198,0x010dde00,1401,0x00af2000,11476992
173645,0x010dde10,3875,0x01e46000,31744000
242765,0x010dde20,6356,0x031a8000,52068352
243577,0x010dde30,6784,0x03500000,55574528
244389,0x010dde40,7164,0x037f8000,58687488
517800,0x010dde50,8521,0x04292000,69804032
600763,0x010dde80,819,0x00666000,6709248
603199,0x010dde90,1402,0x00af4000,11485184
605138,0x010ddea0,1896,0x00ed0000,15532032
236496,0x010ddeb0,4775,0x0254e000,39116800
242766,0x010ddec0,6357,0x031aa000,52076544
600764,0x010ddf00,820,0x00668000,6717440
605090,0x010ddf10,1882,0x00eb4000,15417344
600765,0x010ddf80,821,0x0066a000,6725632
601577,0x010ddf90,1126,0x008cc000,9224192
173648,0x010ddfa0,3876,0x01e48000,31752192
234874,0x010ddfb0,4715,0x024d6000,38625280
242768,0x010ddfc0,6358,0x031ac000,52084736
244700,0x010ddfd0,7333,0x0394a000,60071936
600766,0x010de000,822,0x0066c000,6733824
019528,0x010de010,2659,0x014c6000,21782528
244701,0x010de020,7334,0x0394c000,60080128
563660,0x010de030,8843,0x04516000,72441856
600767,0x010de080,823,0x0066e000,6742016
601579,0x010de090,1127,0x008ce000,9232384
603511,0x010de0a0,1589,0x00c6a000,13017088
234876,0x010de0b0,4716,0x024d8000,38633472
244702,0x010de0c0,7335,0x0394e000,60088320
600768,0x010de100,824,0x00670000,6750208
152226,0x010de110,3376,0x01a60000,27656192
230045,0x010de120,4577,0x023c2000,37494784
241952,0x010de130,5932,0x02e58000,48594944
562850,0x010de140,8795,0x044b6000,72048640
600769,0x010de180,825,0x00672000,6758400
115021,0x010de190,2821,0x0160a000,23109632
000814,0x010de200,162,0x00144000,1327104
241954,0x010de210,5933,0x02e5a000,48603136
245517,0x010de220,7727,0x03c5e000,63299584
603515,0x010de280,1590,0x00c6c000,13025280
241955,0x010de290,5934,0x02e5c000,48611328
244706,0x010de2a0,7336,0x03950000,60096512
245518,0x010de2b0,7728,0x03c60000,63307776
603516,0x010de300,1591,0x00c6e000,13033472
605098,0x010de310,1883,0x00eb6000,15425536
152181,0x010de320,3372,0x01a58000,27623424
230049,0x010de330,4578,0x023c4000,37502976
245519,0x010de340,7729,0x03c62000,63315968
603517,0x010de380,1592,0x00c70000,13041664
605099,0x010de390,1884,0x00eb8000,15433728
184245,0x010de3a0,4037,0x01f8a000,33071104
185057,0x010de3b0,4261,0x0214a000,34906112
244708,0x010de3c0,7337,0x03952000,60104704
245471,0x010de3d0,7714,0x03c44000,63193088
603518,0x010de400,1593,0x00c72000,13049856
115026,0x010de410,2822,0x0160c000,23117824
184246,0x010de420,4038,0x01f8c000,33079296
241958,0x010de430,5935,0x02e5e000,48619520
244660,0x010de440,7308,0x03918000,59867136
510180,0x010de450,8132,0x03f88000,66617344
000819,0x010de480,163,0x00146000,1335296
603519,0x010de490,1594,0x00c74000,13058048
241959,0x010de4a0,5936,0x02e60000,48627712
244661,0x010de4b0,7309,0x0391a000,59875328
512120,0x010de4c0,9249,0x04842000,75767808
115028,0x010de500,2823,0x0160e000,23126016
244662,0x010de510,7310,0x0391c000,59883520
245474,0x010de520,7715,0x03c46000,63201280
243852,0x010de600,6912,0x03600000,56623104
243853,0x010de680,6913,0x03602000,56631296
244665,0x010de690,7311,0x0391e000,59891712
245477,0x010de6a0,7716,0x03c48000,63209472
588920,0x010de6b0,8942,0x045dc000,73252864
243854,0x010de700,6914,0x03604000,56639488
244666,0x010de710,7312,0x03920000,59899904
516950,0x010de720,8491,0x04256000,69558272
243855,0x010de780,6915,0x03606000,56647680
245479,0x010de790,7717,0x03c4a000,63217664
603477,0x010de800,1577,0x00c52000,12918784
243856,0x010de810,6916,0x03608000,56655872
244668,0x010de820,7313,0x03922000,59908096
243857,0x010de880,6917,0x0360a000,56664064
244669,0x010de890,7314,0x03924000,59916288
152501,0x010de900,3476,0x01b28000,28475392
512080,0x010de910,9246,0x0483c000,75743232
601857,0x010dea00,1182,0x0093c000,9682944
137534,0x010dea10,3146,0x01894000,25772032
152503,0x010dea20,3477,0x01b2a000,28483584
236778,0x010dea30,4791,0x0256e000,39247872
510500,0x010dea40,8149,0x03faa000,66756608
511270,0x010dea50,8193,0x04002000,67117056
601858,0x010dea80,1183,0x0093e000,9691136
136723,0x010dea90,3125,0x0186a000,25600000
152504,0x010deaa0,3478,0x01b2c000,28491776
019760,0x010deb00,2749,0x0157a000,22519808
152505,0x010deb10,3479,0x01b2e000,28499968
588880,0x010deb20,8938,0x045d4000,73220096
019761,0x010deb80,2750,0x0157c000,22528000
152506,0x010deb90,3480,0x01b30000,28508160
019762,0x010dec00,2751,0x0157e000,22536192
137538,0x010dec10,3147,0x01896000,25780224
184521,0x010dec20,4147,0x02066000,33972224
518850,0x010dec30,8531,0x042a6000,69885952
605376,0x010dec80,1948,0x00f38000,15958016
019763,0x010dec90,2752,0x01580000,22544384
184522,0x010deca0,4148,0x02068000,33980416
605377,0x010ded00,1949,0x00f3a000,15966208
184523,0x010ded10,4149,0x0206a000,33988608
605378,0x010ded80,1950,0x00f3c000,15974400
152462,0x010dee00,3464,0x01b10000,28377088
163100,0x010dee10,3761,0x01d62000,30810112
184525,0x010dee20,4150,0x0206c000,33996800
185337,0x010dee30,4314,0x021b4000,35340288
231093,0x010dee40,4590,0x023dc000,37601280
513210,0x010dee50,8292,0x040c8000,67928064
019767,0x010dee80,2753,0x01582000,22552576
152463,0x010dee90,3465,0x01b12000,28385280
184526,0x010deea0,4151,0x0206e000,34004992
245752,0x010deeb0,7822,0x03d1c000,64077824
019768,0x010def00,2754,0x01584000,22560768
136683,0x010def10,3120,0x01860000,25559040
184527,0x010def20,4152,0x02070000,34013184
185339,0x010def30,4315,0x021b6000,35348480
244941,0x010def40,7460,0x03a48000,61112320
512400,0x010def50,8225,0x04042000,67379200
019769,0x010def80,2755,0x01586000,22568960
184528,0x010def90,4153,0x02072000,34021376
244942,0x010defa0,7461,0x03a4a000,61120512
240111,0x010df000,4852,0x025e8000,39747584
244943,0x010df010,7462,0x03a4c000,61128704
115261,0x010df080,2846,0x0163c000,23314432
152467,0x010df090,3466,0x01b14000,28393472
184481,0x010df0a0,4130,0x02044000,33832960
244944,0x010df0b0,7463,0x03a4e000,61136896
245756,0x010df0c0,7823,0x03d1e000,64086016
561010,0x010df0d0,8696,0x043f0000,71237632
184482,0x010df100,4131,0x02046000,33841152
240113,0x010df110,4853,0x025ea000,39755776
244945,0x010df120,7464,0x03a50000,61145088
245757,0x010df130,7824,0x03d20000,64094208
603755,0x010df180,1718,0x00d6c000,14073856
115263,0x010df190,2847,0x0163e000,23322624
152469,0x010df1a0,3467,0x01b16000,28401664
240114,0x010df1b0,4854,0x025ec000,39763968
244946,0x010df1c0,7465,0x03a52000,61153280
184484,0x010df200,4132,0x02048000,33849344
240115,0x010df210,4855,0x025ee000,39772160
245759,0x010df220,7825,0x03d22000,64102400
113640,0x010df230,8020,0x03ea8000,65699840
603757,0x010df280,1719,0x00d6e000,14082048
147328,0x010df290,3337,0x01a12000,27336704
240116,0x010df2a0,4856,0x025f0000,39780352
244948,0x010df2b0,7466,0x03a54000,61161472
513170,0x010df2c0,8288,0x040c0000,67895296
603758,0x010df300,1720,0x00d70000,14090240
115266,0x010df310,2848,0x01640000,23330816
185298,0x010df320,4305,0x021a2000,35266560
240117,0x010df330,4857,0x025f2000,39788544
244949,0x010df340,7467,0x03a56000,61169664
118010,0x010df350,8069,0x03f0a000,66101248
603759,0x010df380,1721,0x00d72000,14098432
138624,0x010df390,3261,0x0197a000,26714112
184487,0x010df3a0,4133,0x0204a000,33857536
240118,0x010df3b0,4858,0x025f4000,39796736
113643,0x010df3c0,8021,0x03eaa000,65708032
512360,0x010df3d0,8222,0x0403c000,67354624
184488,0x010df400,4134,0x0204c000,33865728
240119,0x010df410,4859,0x025f6000,39804928
118012,0x010df420,8070,0x03f0c000,66109440
508030,0x010df430,9194,0x047d4000,75317248
118013,0x010df480,8071,0x03f0e000,66117632
551500,0x010df490,8605,0x0433a000,70492160
508031,0x010df4a0,9195,0x047d6000,75325440
113646,0x010df500,8022,0x03eac000,65716224
240073,0x010df580,4830,0x025bc000,39567360
113647,0x010df590,8023,0x03eae000,65724416
118015,0x010df5a0,8072,0x03f10000,66125824
508033,0x010df5b0,9196,0x047d8000,75333632
600010,0x010df600,188,0x00178000,1540096
113648,0x010df610,8024,0x03eb0000,65732608
118016,0x010df620,8073,0x03f12000,66134016
560160,0x010df630,8626,0x04364000,70664192
600011,0x010df680,189,0x0017a000,1548288
138581,0x010df690,3256,0x01970000,26673152
184801,0x010df6a0,4244,0x02128000,34766848
232188,0x010df6b0,4628,0x02428000,37912576
113649,0x010df6c0,8025,0x03eb2000,65740800
515110,0x010df6d0,8355,0x04146000,68444160
600012,0x010df700,190,0x0017c000,1556480
109319,0x010df710,2812,0x015f8000,23035904
186426,0x010df720,4470,0x022ec000,36618240
240076,0x010df730,4831,0x025be000,39575552
508036,0x010df740,9197,0x047da000,75341824
184803,0x010df780,4245,0x0212a000,34775040
240077,0x010df790,4832,0x025c0000,39583744
184804,0x010df800,4246,0x0212c000,34783232
240078,0x010df810,4833,0x025c2000,39591936
242010,0x010df820,5964,0x02e98000,48857088
600015,0x010df880,191,0x0017e000,1564672
185617,0x010df890,4375,0x0222e000,35840000
240079,0x010df8a0,4834,0x025c4000,39600128
242011,0x010df8b0,5965,0x02e9a000,48865280
508039,0x010df8c0,9198,0x047dc000,75350016
600016,0x010df900,192,0x00180000,1572864
185618,0x010df910,4376,0x02230000,35848192
241200,0x010df920,5488,0x02ae0000,44957696
600017,0x010df980,193,0x00182000,1581056
184807,0x010df990,4247,0x0212e000,34791424
185570,0x010df9a0,4366,0x0221c000,35766272
241201,0x010df9b0,5489,0x02ae2000,44965888
242013,0x010df9c0,5966,0x02e9c000,48873472
600018,0x010dfa00,194,0x00184000,1589248
152745,0x010dfa10,3564,0x01bd8000,29196288
184808,0x010dfa20,4248,0x02130000,34799616
241202,0x010dfa30,5490,0x02ae4000,44974080
242014,0x010dfa40,5967,0x02e9e000,48881664
600019,0x010dfa80,195,0x00186000,1597440
184760,0x010dfa90,4230,0x0210c000,34652160
242015,0x010dfaa0,5968,0x02ea0000,48889856
137778,0x010dfb00,3203,0x01906000,26238976
152747,0x010dfb10,3565,0x01bda000,29204480
515070,0x010dfb20,8351,0x0413e000,68411392
188325,0x010dfb80,4486,0x0230c000,36749312
188326,0x010dfc00,4487,0x0230e000,36757504
232507,0x010dfc10,4645,0x0244a000,38051840
233319,0x010dfc20,4678,0x0248c000,38322176
241206,0x010dfc30,5491,0x02ae6000,44982272
242018,0x010dfc40,5969,0x02ea2000,48898048
688220,0x010dfc80,2162,0x010e4000,17711104
115544,0x010dfc90,2888,0x01690000,23658496
184764,0x010dfca0,4231,0x0210e000,34660352
241207,0x010dfcb0,5492,0x02ae8000,44990464
242019,0x010dfcc0,5970,0x02ea4000,48906240
204001,0x010dfcd0,8110,0x03f5c000,66437120
688221,0x010dfd00,2163,0x010e6000,17719296
184765,0x010dfd10,4232,0x02110000,34668544
232509,0x010dfd20,4646,0x0244c000,38060032
241208,0x010dfd30,5493,0x02aea000,44998656
204002,0x010dfd40,8111,0x03f5e000,66445312
000020,0x010dfd80,20,0x00028000,163840
688222,0x010dfd90,2164,0x010e8000,17727488
188329,0x010dfda0,4488,0x02310000,36765696
241160,0x010dfdb0,5461,0x02aaa000,44736512
241209,0x010dfdc0,5494,0x02aec000,45006848
204003,0x010dfdd0,8112,0x03f60000,66453504
000021,0x010dfe00,21,0x0002a000,172032
603990,0x010dfe10,1846,0x00e6c000,15122432
688223,0x010dfe20,2165,0x010ea000,17735680
184767,0x010dfe30,4233,0x02112000,34676736
241161,0x010dfe40,5462,0x02aac000,44744704
243100,0x010dfe50,6539,0x03316000,53567488
204004,0x010dfe60,8113,0x03f62000,66461696
512640,0x010dfe70,8245,0x0406a000,67543040
000022,0x010dfe80,22,0x0002c000,180224
603991,0x010dfe90,1847,0x00e6e000,15130624
243101,0x010dfea0,6540,0x03318000,53575680
562060,0x010dfeb0,8768,0x04480000,71827456
603992,0x010dff00,1848,0x00e70000,15138816
688225,0x010dff10,2166,0x010ec000,17743872
115549,0x010dff20,2889,0x01692000,23666688
155457,0x010dff30,3682,0x01cc4000,30162944
511830,0x010dff40,8209,0x04022000,67248128
517010,0x010dff50,8496,0x04260000,69599232
601100,0x010dff80,1042,0x00824000,8536064
603993,0x010dff90,1849,0x00e72000,15147008
688226,0x010dffa0,2167,0x010ee000,17752064
204007,0x010dffb0,8114,0x03f64000,66469888
520530,0x010dffc0,8538,0x042b4000,69943296
561250,0x010dffd0,8713,0x04412000,71376896
185497,0x01157000,4440,0x022b0000,36372480
185498,0x01157010,4441,0x022b2000,36380672
185503,0x01157020,4442,0x022b4000,36388864
185506,0x01157030,4443,0x022b6000,36397056
185518,0x01157040,4444,0x022b8000,36405248
185526,0x01157050,4445,0x022ba000,36413440
185531,0x01157060,4446,0x022bc000,36421632
185532,0x01157070,4447,0x022be000,36429824
185546,0x01157080,4448,0x022c0000,36438016
185548,0x01157090,4449,0x022c2000,36446208
185560,0x011570a0,4450,0x022c4000,36454400
185561,0x011570b0,4451,0x022c6000,36462592
185562,0x011570c0,4452,0x022c8000,36470784
185569,0x011570d0,4513,0x02342000,36970496
185570,0x011570e0,4514,0x02344000,36978688
185582,0x011570f0,4515,0x02346000,36986880
185583,0x01157100,4516,0x02348000,36995072
185584,0x01157110,4517,0x0234a000,37003264
185586,0x01157120,4518,0x0234c000,37011456
185591,0x01157130,4519,0x0234e000,37019648
185600,0x01157140,4520,0x02350000,37027840
185606,0x01157150,4521,0x02352000,37036032
185608,0x01157160,4522,0x02354000,37044224
185617,0x01157170,4523,0x02356000,37052416
185618,0x01157180,4524,0x02358000,37060608
185625,0x01157190,4525,0x0235a000,37068800
185633,0x011571a0,4526,0x0235c000,37076992
185634,0x011571b0,4527,0x0235e000,37085184
185639,0x011571c0,4528,0x02360000,37093376
185640,0x011571d0,4529,0x02362000,37101568
185641,0x011571e0,4530,0x02364000,37109760
185661,0x011571f0,4531,0x02366000,37117952
185679,0x01157200,4532,0x02368000,37126144
185687,0x01157210,4533,0x0236a000,37134336
185691,0x01157220,4534,0x0236c000,37142528
185694,0x01157230,4535,0x0236e000,37150720
185697,0x01157240,4536,0x02370000,37158912
185704,0x01157250,4537,0x02372000,37167104
185712,0x01157260,4538,0x02374000,37175296
185713,0x01157270,4539,0x02376000,37183488
185715,0x01157280,4540,0x02378000,37191680
185720,0x01157290,4541,0x0237a000,37199872
185729,0x011572a0,4542,0x0237c000,37208064
185732,0x011572b0,4543,0x0237e000,37216256
185738,0x011572c0,4544,0x02380000,37224448
185739,0x011572d0,4545,0x02382000,37232640
185741,0x011572e0,4546,0x02384000,37240832
185744,0x011572f0,4547,0x02386000,37249024
185746,0x01157300,4548,0x02388000,37257216
185760,0x01157310,4549,0x0238a000,37265408
185763,0x01157320,4550,0x0238c000,37273600
185764,0x01157330,4551,0x0238e000,37281792
185769,0x01157340,4552,0x02390000,37289984
185770,0x01157350,4553,0x02392000,37298176
185771,0x01157360,4554,0x02394000,37306368
185772,0x01157370,4555,0x02396000,37314560
185773,0x01157380,4556,0x02398000,37322752
185774,0x01157390,4557,0x0239a000,37330944
185781,0x011573a0,4558,0x0239c000,37339136
185785,0x011573b0,4559,0x0239e000,37347328
185798,0x011573c0,4560,0x023a0000,37355520
185805,0x011573d0,4561,0x023a2000,37363712
185810,0x011573e0,4562,0x023a4000,37371904
185808,0x011573f0,4563,0x023a6000,37380096
185815,0x01157400,4564,0x023a8000,37388288
185818,0x01157410,4565,0x023aa000,37396480
185826,0x01157420,4566,0x023ac000,37404672
185827,0x01157430,4567,0x023ae000,37412864
185831,0x01157440,4568,0x023b0000,37421056
185838,0x01157450,4569,0x023b2000,37429248
185840,0x01157460,4570,0x023b4000,37437440
185843,0x01157470,4571,0x023b6000,37445632
185851,0x01157480,4572,0x023b8000,37453824
185852,0x01157490,4573,0x023ba000,37462016
185858,0x011574a0,4574,0x023bc000,37470208
185859,0x011574b0,4575,0x023be000,37478400
185860,0x011574c0,4576,0x023c0000,37486592
185865,0x011574d0,4577,0x023c2000,37494784
185869,0x011574e0,4578,0x023c4000,37502976
185873,0x011574f0,4579,0x023c6000,37511168
185874,0x01157500,4580,0x023c8000,37519360
185878,0x01157510,4581,0x023ca000,37527552
185879,0x01157520,4582,0x023cc000,37535744
185888,0x01157530,4583,0x023ce000,37543936
185896,0x01157540,4584,0x023d0000,37552128
185901,0x01157550,4585,0x023d2000,37560320
185906,0x01157560,4586,0x023d4000,37568512
185909,0x01157570,4587,0x023d6000,37576704
185910,0x01157580,4588,0x023d8000,37584896
185911,0x01157590,4589,0x023da000,37593088
185912,0x011575a0,4590,0x023dc000,37601280
185913,0x011575b0,4591,0x023de000,37609472
185917,0x011575c0,4592,0x023e0000,37617664
185926,0x011575d0,4593,0x023e2000,37625856
185928,0x011575e0,4594,0x023e4000,37634048
185940,0x011575f0,4595,0x023e6000,37642240
185943,0x01157600,4596,0x023e8000,37650432
185951,0x01157610,4597,0x023ea000,37658624
185952,0x01157620,4598,0x023ec000,37666816
185954,0x01157630,4599,0x023ee000,37675008
185968,0x01157640,4600,0x023f0000,37683200
185970,0x01157650,4601,0x023f2000,37691392
185981,0x01157660,4602,0x023f4000,37699584
185983,0x01157670,4603,0x023f6000,37707776
185990,0x01157680,4604,0x023f8000,37715968
185992,0x01157690,4605,0x023fa000,37724160
185994,0x011576a0,4606,0x023fc000,37732352
185997,0x011576b0,4607,0x023fe000,37740544
185999,0x011576c0,4608,0x02400000,37748736
186001,0x011576d0,4609,0x02402000,37756928
186068,0x011576e0,4610,0x02404000,37765120
186106,0x011576f0,4611,0x02406000,37773312
186130,0x01157700,4612,0x02408000,37781504
186190,0x01157710,4613,0x0240a000,37789696
186207,0x01157720,4614,0x0240c000,37797888
186285,0x01157730,4615,0x0240e000,37806080
186288,0x01157740,4616,0x02410000,37814272
186317,0x01157750,4617,0x02412000,37822464
186426,0x01157760,4618,0x02414000,37830656
186714,0x01157770,4619,0x02416000,37838848
186725,0x01157780,4620,0x02418000,37847040
188069,0x01157790,4621,0x0241a000,37855232
188089,0x011577a0,4622,0x0241c000,37863424
188102,0x011577b0,4623,0x0241e000,37871616
188136,0x011577c0,4624,0x02420000,37879808
188146,0x011577d0,4625,0x02422000,37888000
188147,0x011577e0,4626,0x02424000,37896192
188189,0x011577f0,4627,0x02426000,37904384
188200,0x01157800,4628,0x02428000,37912576
188204,0x01157810,4629,0x0242a000,37920768
188206,0x01157820,4630,0x0242c000,37928960
188264,0x01157830,4631,0x0242e000,37937152
188289,0x01157840,4632,0x02430000,37945344
188305,0x01157850,4633,0x02432000,37953536
188325,0x01157860,4634,0x02434000,37961728
188326,0x01157870,4635,0x02436000,37969920
188329,0x01157880,4636,0x02438000,37978112
188364,0x01157890,4637,0x0243a000,37986304
188454,0x011578a0,4638,0x0243c000,37994496
188499,0x011578b0,4639,0x0243e000,38002688
188524,0x011578c0,4640,0x02440000,38010880
188557,0x011578d0,4641,0x02442000,38019072
188561,0x011578e0,4642,0x02444000,38027264
188576,0x011578f0,4643,0x02446000,38035456
188584,0x01157900,4644,0x02448000,38043648
188619,0x01157910,4645,0x0244a000,38051840
188629,0x01157920,4646,0x0244c000,38060032
188631,0x01157930,4647,0x0244e000,38068224
188642,0x01157940,4648,0x02450000,38076416
188644,0x01157950,4649,0x02452000,38084608
188645,0x01157960,4650,0x02454000,38092800
188648,0x01157970,4651,0x02456000,38100992
188649,0x01157980,4652,0x02458000,38109184
188664,0x01157990,4653,0x0245a000,38117376
188667,0x011579a0,4654,0x0245c000,38125568
188669,0x011579b0,4655,0x0245e000,38133760
188677,0x011579c0,4656,0x02460000,38141952
188682,0x011579d0,4657,0x02462000,38150144
188683,0x011579e0,4658,0x02464000,38158336
188691,0x011579f0,4659,0x02466000,38166528
188692,0x01157a00,4660,0x02468000,38174720
188694,0x01157a10,4661,0x0246a000,38182912
188705,0x01157a20,4662,0x0246c000,38191104
188706,0x01157a30,4663,0x0246e000,38199296
188713,0x01157a40,4664,0x02470000,38207488
188715,0x01157a50,4665,0x02472000,38215680
188716,0x01157a60,4666,0x02474000,38223872
188727,0x01157a70,4667,0x02476000,38232064
188730,0x01157a80,4668,0x02478000,38240256
188731,0x01157a90,4669,0x0247a000,38248448
188739,0x01157aa0,4670,0x0247c000,38256640
188745,0x01157ab0,4671,0x0247e000,38264832
188748,0x01157ac0,4672,0x02480000,38273024
188752,0x01157ad0,4673,0x02482000,38281216
188756,0x01157ae0,4674,0x02484000,38289408
188757,0x01157af0,4675,0x02486000,38297600
188763,0x01157b00,4676,0x02488000,38305792
188770,0x01157b10,4677,0x0248a000,38313984
188779,0x01157b20,4678,0x0248c000,38322176
188783,0x01157b30,4679,0x0248e000,38330368
188785,0x01157b40,4680,0x02490000,38338560
188792,0x01157b50,4681,0x02492000,38346752
188802,0x01157b60,4682,0x02494000,38354944
188811,0x01157b70,4683,0x02496000,38363136
188814,0x01157b80,4684,0x02498000,38371328
188818,0x01157b90,4685,0x0249a000,38379520
188823,0x01157ba0,4686,0x0249c000,38387712
188824,0x01157bb0,4687,0x0249e000,38395904
188828,0x01157bc0,4688,0x024a0000,38404096
188840,0x01157bd0,4689,0x024a2000,38412288
188845,0x01157be0,4690,0x024a4000,38420480
188846,0x01157bf0,4691,0x024a6000,38428672
188847,0x01157c00,4692,0x024a8000,38436864
188860,0x01157c10,4693,0x024aa000,38445056
188866,0x01157c20,4694,0x024ac000,38453248
188869,0x01157c30,4695,0x024ae000,38461440
188873,0x01157c40,4696,0x024b0000,38469632
188875,0x01157c50,4697,0x024b2000,38477824
188882,0x01157c60,4698,0x024b4000,38486016
188886,0x01157c70,4699,0x024b6000,38494208
188895,0x01157c80,4700,0x024b8000,38502400
188909,0x01157c90,4701,0x024ba000,38510592
188911,0x01157ca0,4702,0x024bc000,38518784
188912,0x01157cb0,4703,0x024be000,38526976
188917,0x01157cc0,4704,0x024c0000,38535168
188927,0x01157cd0,4705,0x024c2000,38543360
188929,0x01157ce0,4706,0x024c4000,38551552
188935,0x01157cf0,4707,0x024c6000,38559744
188942,0x01157d00,4708,0x024c8000,38567936
188943,0x01157d10,4709,0x024ca000,38576128
188944,0x01157d20,4710,0x024cc000,38584320
188946,0x01157d30,4711,0x024ce000,38592512
188954,0x01157d40,4712,0x024d0000,38600704
188967,0x01157d50,4713,0x024d2000,38608896
188970,0x01157d60,4714,0x024d4000,38617088
188976,0x01157d70,4715,0x024d6000,38625280
188999,0x01157d80,4716,0x024d8000,38633472
198049,0x01157d90,4717,0x024da000,38641664
198239,0x01157da0,4718,0x024dc000,38649856
198299,0x01157db0,4719,0x024de000,38658048
198717,0x01157dc0,4720,0x024e0000,38666240
198854,0x01157dd0,4721,0x024e2000,38674432
198896,0x01157de0,4722,0x024e4000,38682624
198952,0x01157df0,4723,0x024e6000,38690816
198965,0x01157e00,4724,0x024e8000,38699008
230045,0x01157e10,4725,0x024ea000,38707200
230049,0x01157e20,4726,0x024ec000,38715392
230305,0x01157e30,4727,0x024ee000,38723584
230311,0x01157e40,4728,0x024f0000,38731776
230686,0x01157e50,4729,0x024f2000,38739968
230707,0x01157e60,4730,0x024f4000,38748160
230758,0x01157e70,4731,0x024f6000,38756352
230856,0x01157e80,4732,0x024f8000,38764544
230877,0x01157e90,4733,0x024fa000,38772736
230898,0x01157ea0,4734,0x024fc000,38780928
230905,0x01157eb0,4735,0x024fe000,38789120
230945,0x01157ec0,4736,0x02500000,38797312
230946,0x01157ed0,4737,0x02502000,38805504
231093,0x01157ee0,4738,0x02504000,38813696
231160,0x01157ef0,4739,0x02506000,38821888
231277,0x01157f00,4740,0x02508000,38830080
231327,0x01157f10,4741,0x0250a000,38838272
231436,0x01157f20,4742,0x0250c000,38846464
231469,0x01157f30,4743,0x0250e000,38854656
231601,0x01157f40,4744,0x02510000,38862848
231726,0x01157f50,4745,0x02512000,38871040
231738,0x01157f60,4746,0x02514000,38879232
231740,0x01157f70,4747,0x02516000,38887424
231759,0x01157f80,4748,0x02518000,38895616
231772,0x01157f90,4749,0x0251a000,38903808
231811,0x01157fa0,4750,0x0251c000,38912000
231824,0x01157fb0,4751,0x0251e000,38920192
231825,0x01157fc0,4752,0x02520000,38928384
231844,0x01157fd0,4753,0x02522000,38936576
231845,0x01157fe0,4754,0x02524000,38944768
231858,0x01157ff0,4755,0x02526000,38952960
000025,0x01165000,23,0x0002e000,188416
601101,0x01165010,1043,0x00826000,8544256
688227,0x01165020,2168,0x010f0000,17760256
163346,0x01165030,3788,0x01d98000,31031296
241165,0x01165040,5463,0x02aae000,44752896
000026,0x01165080,24,0x00030000,196608
688228,0x01165090,2169,0x010f2000,17768448
163347,0x011650a0,3789,0x01d9a000,31039488
241166,0x011650b0,5464,0x02ab0000,44761088
000027,0x01165100,25,0x00032000,204800
688180,0x01165110,2125,0x0109a000,17408000
688229,0x01165120,2170,0x010f4000,17776640
241167,0x01165130,5465,0x02ab2000,44769280
000028,0x01165180,26,0x00034000,212992
688181,0x01165190,2126,0x0109c000,17416192
241168,0x011651a0,5466,0x02ab4000,44777472
000029,0x01165200,27,0x00036000,221184
688182,0x01165210,2127,0x0109e000,17424384
241169,0x01165220,5467,0x02ab6000,44785664
601106,0x01165280,1044,0x00828000,8552448
688183,0x01165290,2128,0x010a0000,17432576
171196,0x011652a0,3828,0x01de8000,31358976
601107,0x01165300,1045,0x0082a000,8560640
688184,0x01165310,2129,0x010a2000,17440768
601108,0x01165380,1046,0x0082c000,8568832
688185,0x01165390,2130,0x010a4000,17448960
688186,0x01165400,2131,0x010a6000,17457152
588130,0x01165410,8878,0x0455c000,72728576
601061,0x01165480,1029,0x0080a000,8429568
688187,0x01165490,2132,0x010a8000,17465344
185851,0x011654a0,4424,0x02290000,36241408
510980,0x011654b0,8174,0x03fdc000,66961408
688188,0x01165500,2133,0x010aa000,17473536
185852,0x01165510,4425,0x02292000,36249600
242253,0x01165520,6096,0x02fa0000,49938432
688189,0x01165580,2134,0x010ac000,17481728
115821,0x01165590,2942,0x016fc000,24100864
242254,0x011655a0,6097,0x02fa2000,49946624
515350,0x011655b0,8374,0x0416c000,68599808
115822,0x01165600,2943,0x016fe000,24109056
242255,0x01165610,6098,0x02fa4000,49954816
601065,0x01165680,1030,0x0080c000,8437760
115823,0x01165690,2944,0x01700000,24117248
601066,0x01165700,1031,0x0080e000,8445952
501010,0x01165710,9057,0x046c2000,74194944
513730,0x01165780,8323,0x04106000,68182016
501011,0x01165790,9058,0x046c4000,74203136
601068,0x01165800,1032,0x00810000,8454144
185858,0x01165810,4426,0x02294000,36257792
232741,0x01165820,4655,0x0245e000,38133760
563150,0x01165830,8816,0x044e0000,72220672
501012,0x01165840,9059,0x046c6000,74211328
601069,0x01165880,1033,0x00812000,8462336
185859,0x01165890,4427,0x02296000,36265984
188561,0x011658a0,4494,0x0231c000,36814848
245004,0x011658b0,7491,0x03a86000,61366272
588090,0x011658c0,8874,0x04554000,72695808
240630,0x01165900,5128,0x02810000,42008576
245006,0x01165980,7492,0x03a88000,61374464
501015,0x01165990,9060,0x046c8000,74219520
240632,0x01165a00,5129,0x02812000,42016768
245007,0x01165a10,7493,0x03a8a000,61382656
520810,0x01165a20,8563,0x042e6000,70148096
501016,0x01165a30,9061,0x046ca000,74227712
240633,0x01165a80,5130,0x02814000,42024960
245008,0x01165a90,7494,0x03a8c000,61390848
530280,0x01165aa0,8593,0x04322000,70393856
501017,0x01165ab0,9062,0x046cc000,74235904
240634,0x01165b00,5131,0x02816000,42033152
501018,0x01165b10,9063,0x046ce000,74244096
240635,0x01165b80,5132,0x02818000,42041344
501019,0x01165b90,9064,0x046d0000,74252288
115785,0x01165c00,2937,0x016f2000,24059904
513690,0x01165c10,8320,0x04100000,68157440
240638,0x01165d00,5133,0x0281a000,42049536
243340,0x01165d10,6665,0x03412000,54599680
240590,0x01165d80,5104,0x027e0000,41811968
589220,0x01165d90,8969,0x04612000,73474048
243342,0x01165e00,6666,0x03414000,54607872
173411,0x01165e80,3867,0x01e36000,31678464
243343,0x01165e90,6667,0x03416000,54616064
520770,0x01165ea0,8560,0x042e0000,70123520
561490,0x01165eb0,8732,0x04438000,71532544
243344,0x01165f00,6668,0x03418000,54624256
516440,0x01165f10,8450,0x04204000,69222400
600530,0x01165f80,612,0x004c8000,5013504
600531,0x01166000,613,0x004ca000,5021696
173414,0x01166010,3868,0x01e38000,31686656
240595,0x01166020,5105,0x027e2000,41820160
600532,0x01166080,614,0x004cc000,5029888
243347,0x01166090,6669,0x0341a000,54632448
600533,0x01166100,615,0x004ce000,5038080
240598,0x01166180,5106,0x027e4000,41828352
243349,0x01166190,6670,0x0341c000,54640640
600535,0x01166200,616,0x004d0000,5046272
240599,0x01166210,5107,0x027e6000,41836544
589180,0x01166220,8965,0x0460a000,73441280
600536,0x01166280,617,0x004d2000,5054464
163901,0x01166290,3817,0x01dd2000,31268864
241720,0x011662a0,5813,0x02d6a000,47620096
600537,0x01166300,618,0x004d4000,5062656
600538,0x01166380,619,0x004d6000,5070848
241722,0x01166390,5814,0x02d6c000,47628288
751091,0x011663a0,9013,0x0466a000,73834496
600490,0x01166400,577,0x00482000,4726784
600539,0x01166410,620,0x004d8000,5079040
600491,0x01166480,578,0x00484000,4734976
173375,0x01166500,3865,0x01e32000,31662080
241725,0x01166510,5815,0x02d6e000,47636480
600493,0x01166580,579,0x00486000,4743168
751095,0x01166590,9014,0x0466c000,73842688
101721,0x01166600,2807,0x015ee000,22994944
241727,0x01166610,5816,0x02d70000,47644672
600495,0x01166680,580,0x00488000,4751360
241728,0x01166690,5817,0x02d72000,47652864
244430,0x011666a0,7187,0x03826000,58875904
600496,0x01166700,581,0x0048a000,4759552
600497,0x01166780,582,0x0048c000,4767744
241681,0x01166790,5793,0x02d42000,47456256
244432,0x011667a0,7188,0x03828000,58884096
751099,0x011667b0,9015,0x0466e000,73850880
600498,0x01166800,583,0x0048e000,4775936
241682,0x01166810,5794,0x02d44000,47464448
244433,0x01166820,7189,0x0382a000,58892288
562580,0x01166830,8787,0x044a6000,71983104
600499,0x01166880,584,0x00490000,4784128
242810,0x01166890,6383,0x031de000,52289536
241684,0x01166900,5795,0x02d46000,47472640
244435,0x01166910,7190,0x0382c000,58900480
241685,0x01166980,5796,0x02d48000,47480832
242813,0x01166a00,6384,0x031e0000,52297728
241687,0x01166a80,5797,0x02d4a000,47489024
242814,0x01166a90,6385,0x031e2000,52305920
515910,0x01166aa0,8410,0x041b4000,68894720
603248,0x01166b00,1440,0x00b40000,11796480
242815,0x01166b10,6386,0x031e4000,52314112
244390,0x01166b20,7165,0x037fa000,58695680
241689,0x01166b80,5798,0x02d4c000,47497216
244391,0x01166b90,7166,0x037fc000,58703872
242818,0x01166c80,6387,0x031e6000,52322304
601628,0x01166d00,1143,0x008ee000,9363456
242770,0x01166d10,6359,0x031ae000,52092928
242819,0x01166d20,6388,0x031e8000,52330496
244394,0x01166d30,7167,0x037fe000,58712064
160120,0x01166d80,3735,0x01d2e000,30597120
242771,0x01166d90,6360,0x031b0000,52101120
242772,0x01166e00,6361,0x031b2000,52109312
244397,0x01166e80,7168,0x03800000,58720256
234880,0x01166f00,4717,0x024da000,38641664
242775,0x01166f80,6362,0x031b4000,52117504
242776,0x01167000,6363,0x031b6000,52125696
019536,0x01167080,2660,0x014c8000,21790720
245521,0x01167090,7730,0x03c64000,63324160
601588,0x01167180,1128,0x008d0000,9240576
242779,0x01167190,6364,0x031b8000,52133888
563670,0x011671a0,8844,0x04518000,72450048
184250,0x01167280,4039,0x01f8e000,33087488
245525,0x01167290,7731,0x03c66000,63332352
243902,0x01167300,6931,0x03626000,56778752
184252,0x01167380,4040,0x01f90000,33095680
234889,0x01167390,4718,0x024dc000,38649856
243903,0x011673a0,6932,0x03628000,56786944
184253,0x01167400,4041,0x01f92000,33103872
243905,0x01167480,6933,0x0362a000,56795136
245480,0x01167490,7718,0x03c4c000,63225856
245529,0x011674a0,7732,0x03c68000,63340544
243906,0x01167500,6934,0x0362c000,56803328
184256,0x01167580,4042,0x01f94000,33112064
243907,0x01167590,6935,0x0362e000,56811520
245482,0x011675a0,7719,0x03c4e000,63234048
512130,0x01167600,9250,0x04844000,75776000
243861,0x01167700,6918,0x0360c000,56672256
245485,0x01167710,7720,0x03c50000,63242240
152197,0x01167780,3373,0x01a5a000,27631616
243862,0x01167790,6919,0x0360e000,56680448
245486,0x011677a0,7721,0x03c52000,63250432
516960,0x01167880,8492,0x04258000,69566464
137540,0x01167980,3148,0x01898000,25788416
512090,0x01167a80,9247,0x0483e000,75751424
510510,0x01167b80,8150,0x03fac000,66764800
603800,0x01167c00,1738,0x00d94000,14237696
603801,0x01167c80,1739,0x00d96000,14245888
185342,0x01167d00,4316,0x021b8000,35356672
235979,0x01167d10,4763,0x02536000,39018496
603803,0x01167d80,1740,0x00d98000,14254080
137548,0x01167d90,3149,0x0189a000,25796608
185344,0x01167e00,4317,0x021ba000,35364864
603806,0x01167f00,1741,0x00d9a000,14262272
605388,0x01167f10,1951,0x00f3e000,15982592
605389,0x01167f80,1952,0x00f40000,15990784
115315,0x01167f90,2851,0x01646000,23355392
185347,0x01167fa0,4318,0x021bc000,35373056
513220,0x01167fb0,8293,0x040ca000,67936256
603808,0x01168000,1742,0x00d9c000,14270464
603809,0x01168080,1743,0x00d9e000,14278656
143818,0x01168100,3331,0x01a06000,27287552
240120,0x01168110,4860,0x025f8000,39813120
244952,0x01168120,7468,0x03a58000,61177856
511600,0x01168180,8198,0x0400c000,67158016
240122,0x01168200,4861,0x025fa000,39821312
561020,0x01168210,8697,0x043f2000,71245824
240123,0x01168280,4862,0x025fc000,39829504
603766,0x01168380,1722,0x00d74000,14106624
244957,0x01168390,7469,0x03a5a000,61186048
113650,0x011683a0,8026,0x03eb4000,65748992
603767,0x01168400,1723,0x00d76000,14114816
244958,0x01168410,7470,0x03a5c000,61194240
513180,0x01168420,8289,0x040c2000,67903488
603768,0x01168480,1724,0x00d78000,14123008
244959,0x01168490,7471,0x03a5e000,61202432
113652,0x011684a0,8027,0x03eb6000,65757184
118020,0x011684b0,8074,0x03f14000,66142208
138634,0x01168500,3262,0x0197c000,26722304
240128,0x01168510,4863,0x025fe000,39837696
138635,0x01168580,3263,0x0197e000,26730496
240080,0x01168590,4835,0x025c6000,39608320
118022,0x011685a0,8075,0x03f16000,66150400
240081,0x01168600,4836,0x025c8000,39616512
113655,0x01168610,8028,0x03eb8000,65765376
551510,0x01168620,8606,0x0433c000,70500352
240082,0x01168680,4837,0x025ca000,39624704
113656,0x01168690,8029,0x03eba000,65773568
118024,0x011686a0,8076,0x03f18000,66158592
240083,0x01168700,4838,0x025cc000,39632896
600020,0x01168780,196,0x00188000,1605632
240084,0x01168790,4839,0x025ce000,39641088
600021,0x01168800,197,0x0018a000,1613824
157123,0x01168810,3718,0x01d0c000,30457856
240085,0x01168820,4840,0x025d0000,39649280
113659,0x01168830,8030,0x03ebc000,65781760
118027,0x01168840,8077,0x03f1a000,66166784
600022,0x01168880,198,0x0018c000,1622016
155500,0x01168890,3686,0x01ccc000,30195712
240086,0x011688a0,4841,0x025d2000,39657472
600023,0x01168900,199,0x0018e000,1630208
155501,0x01168910,3687,0x01cce000,30203904
184813,0x01168920,4249,0x02132000,34807808
240087,0x01168930,4842,0x025d4000,39665664
184814,0x01168980,4250,0x02134000,34816000
508048,0x01168990,9199,0x047de000,75358208
600025,0x01168a00,200,0x00190000,1638400
184815,0x01168a10,4251,0x02136000,34824192
240089,0x01168a20,4843,0x025d6000,39673856
600026,0x01168a80,201,0x00192000,1646592
152753,0x01168a90,3566,0x01bdc000,29212672
184816,0x01168aa0,4252,0x02138000,34832384
241210,0x01168ab0,5495,0x02aee000,45015040
600027,0x01168b00,202,0x00194000,1654784
109285,0x01168b10,2811,0x015f6000,23027712
241211,0x01168b20,5496,0x02af0000,45023232
600028,0x01168b80,203,0x00196000,1662976
138598,0x01168b90,3257,0x01972000,26681344
157081,0x01168ba0,3717,0x01d0a000,30449664
184818,0x01168bb0,4253,0x0213a000,34840576
241212,0x01168bc0,5497,0x02af2000,45031424
600029,0x01168c00,204,0x00198000,1671168
184819,0x01168c10,4254,0x0213c000,34848768
241213,0x01168c20,5498,0x02af4000,45039616
241214,0x01168c80,5499,0x02af6000,45047808
241215,0x01168d00,5500,0x02af8000,45056000
152759,0x01168d80,3567,0x01bde000,29220864
241216,0x01168d90,5501,0x02afa000,45064192
688230,0x01168e00,2171,0x010f6000,17784832
688231,0x01168e80,2172,0x010f8000,17793024
000030,0x01168f00,28,0x00038000,229376
688232,0x01168f10,2173,0x010fa000,17801216
184776,0x01168f20,4234,0x02114000,34684928
241170,0x01168f30,5468,0x02ab8000,44793856
241219,0x01168f40,5502,0x02afc000,45072384
000031,0x01168f80,29,0x0003a000,237568
688233,0x01168f90,2174,0x010fc000,17809408
204014,0x01168fa0,8115,0x03f66000,66478080
512650,0x01168fb0,8243,0x04066000,67526656
000032,0x01169000,30,0x0003c000,245760
688234,0x01169010,2175,0x010fe000,17817600
184778,0x01169020,4235,0x02116000,34693120
241172,0x01169030,5469,0x02aba000,44802048
562070,0x01169040,8769,0x04482000,71835648
000033,0x01169080,31,0x0003e000,253952
688235,0x01169090,2176,0x01100000,17825792
101216,0x011690a0,2804,0x015e8000,22970368
184779,0x011690b0,4236,0x02118000,34701312
241173,0x011690c0,5470,0x02abc000,44810240
000034,0x01169100,32,0x00040000,262144
688236,0x01169110,2177,0x01102000,17833984
241174,0x01169120,5471,0x02abe000,44818432
000035,0x01169180,33,0x00042000,270336
601111,0x01169190,1047,0x0082e000,8577024
688237,0x011691a0,2178,0x01104000,17842176
185901,0x011691b0,4437,0x022aa000,36347904
241175,0x011691c0,5472,0x02ac0000,44826624
242302,0x011691d0,6118,0x02fcc000,50118656
000036,0x01169200,34,0x00044000,278528
601112,0x01169210,1048,0x00830000,8585216
688238,0x01169220,2179,0x01106000,17850368
241176,0x01169230,5473,0x02ac2000,44834816
242303,0x01169240,6119,0x02fce000,50126848
560450,0x01169250,8650,0x04394000,70860800
000037,0x01169280,35,0x00046000,286720
601113,0x01169290,1049,0x00832000,8593408
688190,0x011692a0,2135,0x010ae000,17489920
688239,0x011692b0,2180,0x01108000,17858560
241177,0x011692c0,5474,0x02ac4000,44843008
242304,0x011692d0,6120,0x02fd0000,50135040
515400,0x011692e0,8379,0x04176000,68640768
000038,0x01169300,36,0x00048000,294912
688191,0x01169310,2136,0x010b0000,17498112
242305,0x01169320,6121,0x02fd2000,50143232
000039,0x01169380,37,0x0004a000,303104
688192,0x01169390,2137,0x010b2000,17506304
242306,0x011693a0,6122,0x02fd4000,50151424
601116,0x01169400,1050,0x00834000,8601600
688193,0x01169410,2138,0x010b4000,17514496
185906,0x01169420,4438,0x022ac000,36356096
242307,0x01169430,6123,0x02fd6000,50159616
601117,0x01169480,1051,0x00836000,8609792
242308,0x01169490,6124,0x02fd8000,50167808
601118,0x01169500,1052,0x00838000,8617984
688195,0x01169510,2139,0x010b6000,17522688
242309,0x01169520,6125,0x02fda000,50176000
563200,0x01169530,8818,0x044e4000,72237056
688196,0x01169580,2140,0x010b8000,17530880
185860,0x01169590,4428,0x02298000,36274176
185909,0x011695a0,4439,0x022ae000,36364288
242261,0x011695b0,6099,0x02fa6000,49963008
588140,0x011695c0,8879,0x0455e000,72736768
688197,0x01169600,2141,0x010ba000,17539072
510990,0x01169610,8175,0x03fde000,66969600
688198,0x01169680,2142,0x010bc000,17547264
115830,0x01169690,2945,0x01702000,24125440
688199,0x01169700,2143,0x010be000,17555456
019023,0x01169710,2642,0x014a4000,21643264
115831,0x01169720,2946,0x01704000,24133632
242264,0x01169730,6100,0x02fa8000,49971200
515360,0x01169740,8375,0x0416e000,68608000
111000,0x01169780,7976,0x03e50000,65339392
185865,0x01169800,4429,0x0229a000,36282368
245010,0x01169810,7495,0x03a8e000,61399040
115834,0x01169880,2947,0x01706000,24141824
242267,0x01169890,6101,0x02faa000,49979392
245011,0x011698a0,7496,0x03a90000,61407232
111002,0x011698b0,7977,0x03e52000,65347584
601077,0x01169900,1034,0x00814000,8470528
242268,0x01169910,6102,0x02fac000,49987584
111003,0x01169920,7978,0x03e54000,65355776
501021,0x01169930,9065,0x046d2000,74260480
115836,0x01169980,2948,0x01708000,24150016
188619,0x01169990,4497,0x02322000,36839424
242269,0x011699a0,6103,0x02fae000,49995776
245013,0x011699b0,7497,0x03a92000,61415424
111004,0x011699c0,7979,0x03e56000,65363968
501022,0x011699d0,9066,0x046d4000,74268672
115837,0x01169a00,2949,0x0170a000,24158208
185869,0x01169a10,4430,0x0229c000,36290560
245014,0x01169a20,7498,0x03a94000,61423616
501023,0x01169a30,9067,0x046d6000,74276864
115838,0x01169a80,2950,0x0170c000,24166400
240640,0x01169a90,5134,0x0281c000,42057728
508600,0x01169aa0,9227,0x04816000,75587584
245016,0x01169b00,7499,0x03a96000,61431808
501025,0x01169b10,9068,0x046d8000,74285056
508601,0x01169b20,9228,0x04818000,75595776
240642,0x01169b80,5135,0x0281e000,42065920
520820,0x01169b90,8564,0x042e8000,70156288
501026,0x01169ba0,9069,0x046da000,74293248
508602,0x01169bb0,9229,0x0481a000,75603968
240643,0x01169c00,5136,0x02820000,42074112
111009,0x01169c10,7980,0x03e58000,65372160
508603,0x01169c20,9230,0x0481c000,75612160
188576,0x01169c80,4495,0x0231e000,36823040
240644,0x01169c90,5137,0x02822000,42082304
245019,0x01169ca0,7500,0x03a98000,61440000
501028,0x01169cb0,9070,0x046dc000,74301440
501029,0x01169d00,9071,0x046de000,74309632
243350,0x01169e80,6671,0x0341e000,54648832
243351,0x01169f00,6672,0x03420000,54657024
589230,0x01169f10,8970,0x04614000,73482240
243352,0x01169f80,6673,0x03422000,54665216
243353,0x0116a000,6674,0x03424000,54673408
520780,0x0116a010,8561,0x042e2000,70131712
243354,0x0116a080,6675,0x03426000,54681600
600540,0x0116a100,621,0x004da000,5087232
243356,0x0116a180,6676,0x03428000,54689792
175049,0x0116a200,3885,0x01e5a000,31825920
600543,0x0116a280,622,0x004dc000,5095424
243359,0x0116a300,6677,0x0342a000,54697984
600545,0x0116a380,623,0x004de000,5103616
589190,0x0116a390,8966,0x0460c000,73449472
600546,0x0116a400,624,0x004e0000,5111808
163911,0x0116a410,3818,0x01dd4000,31277056
600547,0x0116a480,625,0x004e2000,5120000
600548,0x0116a500,626,0x004e4000,5128192
143300,0x0116a510,3312,0x019e0000,27131904
241732,0x0116a520,5818,0x02d74000,47661056
600549,0x0116a580,627,0x004e6000,5136384
143301,0x0116a590,3313,0x019e2000,27140096
241733,0x0116a5a0,5819,0x02d76000,47669248
241734,0x0116a600,5820,0x02d78000,47677440
241735,0x0116a680,5821,0x02d7a000,47685632
241736,0x0116a700,5822,0x02d7c000,47693824
688750,0x0116a780,2538,0x013d4000,20791296
241737,0x0116a790,5823,0x02d7e000,47702016
241738,0x0116a800,5824,0x02d80000,47710208
171767,0x0116a980,3839,0x01dfe000,31449088
241692,0x0116a990,5799,0x02d4e000,47505408
562590,0x0116a9a0,8788,0x044a8000,71991296
688755,0x0116aa00,2539,0x013d6000,20799488
241693,0x0116aa10,5800,0x02d50000,47513600
242820,0x0116aa20,6389,0x031ea000,52338688
244444,0x0116aa30,7191,0x0382e000,58908672
242821,0x0116aa80,6390,0x031ec000,52346880
244445,0x0116aa90,7192,0x03830000,58916864
588700,0x0116aaa0,8921,0x045b2000,73080832
603255,0x0116ab00,1441,0x00b42000,11804672
688757,0x0116ab10,2540,0x013d8000,20807680
242822,0x0116ab20,6391,0x031ee000,52355072
603256,0x0116ab80,1442,0x00b44000,11812864
688758,0x0116ab90,2541,0x013da000,20815872
241696,0x0116aba0,5801,0x02d52000,47521792
244447,0x0116abb0,7193,0x03832000,58925056
560970,0x0116abc0,8692,0x043e8000,71204864
601633,0x0116ac00,1144,0x008f0000,9371648
603257,0x0116ac10,1443,0x00b46000,11821056
688759,0x0116ac20,2542,0x013dc000,20824064
241697,0x0116ac30,5802,0x02d54000,47529984
242824,0x0116ac40,6392,0x031f0000,52363264
515920,0x0116ac50,8411,0x041b6000,68902912
603258,0x0116ac80,1444,0x00b48000,11829248
241698,0x0116ac90,5803,0x02d56000,47538176
603259,0x0116ad00,1445,0x00b4a000,11837440
242826,0x0116ad10,6393,0x031f2000,52371456
601636,0x0116ad80,1145,0x008f2000,9379840
242827,0x0116ad90,6394,0x031f4000,52379648
234934,0x0116ae00,4722,0x024e4000,38682624
551000,0x0116ae10,8601,0x04332000,70459392
242781,0x0116af00,6365,0x031ba000,52142080
588660,0x0116af10,8917,0x045aa000,73048064
019541,0x0116af80,2661,0x014ca000,21798912
242782,0x0116af90,6366,0x031bc000,52150272
184301,0x0116b000,4060,0x01fb8000,33259520
242783,0x0116b010,6367,0x031be000,52158464
242784,0x0116b080,6368,0x031c0000,52166656
515880,0x0116b090,8407,0x041ae000,68870144
242785,0x0116b100,6369,0x031c2000,52174848
601595,0x0116b180,1129,0x008d2000,9248768
136509,0x0116b190,3109,0x0184a000,25468928
184304,0x0116b1a0,4061,0x01fba000,33267712
242786,0x0116b1b0,6370,0x031c4000,52183040
184305,0x0116b200,4062,0x01fbc000,33275904
234893,0x0116b210,4719,0x024de000,38658048
242787,0x0116b220,6371,0x031c6000,52191232
245531,0x0116b230,7733,0x03c6a000,63348736
019547,0x0116b280,2662,0x014cc000,21807104
242788,0x0116b290,6372,0x031c8000,52199424
245532,0x0116b2a0,7734,0x03c6c000,63356928
601598,0x0116b300,1130,0x008d4000,9256960
184307,0x0116b310,4063,0x01fbe000,33284096
242789,0x0116b320,6373,0x031ca000,52207616
563680,0x0116b330,8845,0x0451a000,72458240
601599,0x0116b380,1131,0x008d6000,9265152
184308,0x0116b390,4064,0x01fc0000,33292288
243910,0x0116b3a0,6936,0x03630000,56819712
245534,0x0116b3b0,7735,0x03c6e000,63365120
184260,0x0116b400,4043,0x01f96000,33120256
243911,0x0116b410,6937,0x03632000,56827904
152247,0x0116b480,3377,0x01a62000,27664384
175604,0x0116b490,3910,0x01e8c000,32030720
184261,0x0116b4a0,4044,0x01f98000,33128448
243912,0x0116b4b0,6938,0x03634000,56836096
184262,0x0116b500,4045,0x01f9a000,33136640
243914,0x0116b580,6939,0x03636000,56844288
184264,0x0116b600,4046,0x01f9c000,33144832
243915,0x0116b610,6940,0x03638000,56852480
245490,0x0116b620,7722,0x03c54000,63258624
243916,0x0116b680,6941,0x0363a000,56860672
184266,0x0116b700,4047,0x01f9e000,33153024
243917,0x0116b710,6942,0x0363c000,56868864
512140,0x0116b780,9251,0x04846000,75784192
160099,0x0116b800,3734,0x01d2c000,30588928
184268,0x0116b810,4048,0x01fa0000,33161216
245495,0x0116b880,7723,0x03c56000,63266816
243872,0x0116b900,6920,0x03610000,56688640
243873,0x0116b980,6921,0x03612000,56696832
235980,0x0116ba00,4764,0x02538000,39026688
516970,0x0116ba10,8493,0x0425a000,69574656
137550,0x0116bb00,3150,0x0189c000,25804800
235982,0x0116bb10,4765,0x0253a000,39034880
243877,0x0116bb80,6922,0x03614000,56705024
235984,0x0116bc00,4766,0x0253c000,39043072
243878,0x0116bc10,6923,0x03616000,56713216
137554,0x0116bd00,3151,0x0189e000,25812992
603810,0x0116bd80,1744,0x00da0000,14286848
603811,0x0116be00,1745,0x00da2000,14295040
188102,0x0116be10,4475,0x022f6000,36659200
603813,0x0116bf00,1746,0x00da4000,14303232
185354,0x0116bf80,4319,0x021be000,35381248
603815,0x0116c000,1747,0x00da6000,14311424
115323,0x0116c010,2852,0x01648000,23363584
185355,0x0116c020,4320,0x021c0000,35389440
603816,0x0116c080,1748,0x00da8000,14319616
605398,0x0116c090,1953,0x00f42000,15998976
143824,0x0116c0a0,3332,0x01a08000,27295744
113700,0x0116c0b0,8057,0x03ef2000,66002944
603817,0x0116c100,1749,0x00daa000,14327808
605399,0x0116c110,1954,0x00f44000,16007168
185357,0x0116c120,4321,0x021c2000,35397632
113701,0x0116c130,8058,0x03ef4000,66011136
513230,0x0116c140,8294,0x040cc000,67944448
603818,0x0116c180,1750,0x00dac000,14336000
244960,0x0116c190,7472,0x03a60000,61210624
113702,0x0116c1a0,8059,0x03ef6000,66019328
603819,0x0116c200,1751,0x00dae000,14344192
113703,0x0116c210,8060,0x03ef8000,66027520
115328,0x0116c280,2853,0x0164a000,23371776
244962,0x0116c290,7473,0x03a62000,61218816
113704,0x0116c2a0,8061,0x03efa000,66035712
113705,0x0116c300,8062,0x03efc000,66043904
603773,0x0116c380,1725,0x00d7a000,14131200
240132,0x0116c390,4864,0x02600000,39845888
244964,0x0116c3a0,7474,0x03a64000,61227008
113706,0x0116c3b0,8063,0x03efe000,66052096
561030,0x0116c3c0,8698,0x043f4000,71254016
115282,0x0116c400,2849,0x01642000,23339008
240133,0x0116c410,4865,0x02602000,39854080
113707,0x0116c420,8064,0x03f00000,66060288
113708,0x0116c480,8065,0x03f02000,66068480
603776,0x0116c500,1726,0x00d7c000,14139392
113660,0x0116c510,8031,0x03ebe000,65789952
113709,0x0116c520,8066,0x03f04000,66076672
603777,0x0116c580,1727,0x00d7e000,14147584
240136,0x0116c590,4866,0x02604000,39862272
113661,0x0116c5a0,8032,0x03ec0000,65798144
513190,0x0116c5b0,8290,0x040c4000,67911680
603778,0x0116c600,1728,0x00d80000,14155776
118030,0x0116c610,8078,0x03f1c000,66174976
603779,0x0116c680,1729,0x00d82000,14163968
118031,0x0116c690,8079,0x03f1e000,66183168
240139,0x0116c700,4867,0x02606000,39870464
118032,0x0116c710,8080,0x03f20000,66191360
508050,0x0116c720,9200,0x047e0000,75366400
152803,0x0116c780,3582,0x01bfc000,29343744
113665,0x0116c790,8033,0x03ec2000,65806336
551520,0x0116c7a0,8607,0x0433e000,70508544
113666,0x0116c800,8034,0x03ec4000,65814528
118034,0x0116c810,8081,0x03f22000,66199552
152805,0x0116c880,3583,0x01bfe000,29351936
113667,0x0116c890,8035,0x03ec6000,65822720
118035,0x0116c8a0,8082,0x03f24000,66207744
600030,0x0116c900,205,0x0019a000,1679360
152806,0x0116c910,3584,0x01c00000,29360128
240094,0x0116c920,4844,0x025d8000,39682048
118036,0x0116c930,8083,0x03f26000,66215936
600031,0x0116c980,206,0x0019c000,1687552
152807,0x0116c990,3585,0x01c02000,29368320
188069,0x0116c9a0,4473,0x022f2000,36642816
118037,0x0116c9b0,8084,0x03f28000,66224128
508055,0x0116c9c0,9201,0x047e2000,75374592
600032,0x0116ca00,207,0x0019e000,1695744
240096,0x0116ca10,4845,0x025da000,39690240
508056,0x0116ca20,9202,0x047e4000,75382784
600033,0x0116ca80,208,0x001a0000,1703936
184823,0x0116ca90,4255,0x0213e000,34856960
118039,0x0116caa0,8085,0x03f2a000,66232320
240098,0x0116cb00,4846,0x025dc000,39698432
508058,0x0116cb10,9203,0x047e6000,75390976
600035,0x0116cb80,209,0x001a2000,1712128
240099,0x0116cb90,4847,0x025de000,39706624
508059,0x0116cba0,9204,0x047e8000,75399168
600036,0x0116cc00,210,0x001a4000,1720320
152763,0x0116cc10,3568,0x01be0000,29229056
241220,0x0116cc20,5503,0x02afe000,45080576
600037,0x0116cc80,211,0x001a6000,1728512
152764,0x0116cc90,3569,0x01be2000,29237248
163402,0x0116cca0,3797,0x01daa000,31105024
241221,0x0116ccb0,5504,0x02b00000,45088768
512700,0x0116ccc0,8249,0x04072000,67575808
600038,0x0116cd00,212,0x001a8000,1736704
600039,0x0116cd80,213,0x001aa000,1744896
184781,0x0116ce00,4237,0x0211a000,34709504
152768,0x0116ce80,3570,0x01be4000,29245440
241225,0x0116ce90,5505,0x02b02000,45096960
241226,0x0116cf00,5506,0x02b04000,45105152
560500,0x0116cf10,8655,0x0439e000,70901760
241227,0x0116cf80,5507,0x02b06000,45113344
184785,0x0116d000,4238,0x0211c000,34717696
241228,0x0116d010,5508,0x02b08000,45121536
000040,0x0116d080,38,0x0004c000,311296
241180,0x0116d090,5475,0x02ac6000,44851200
241229,0x0116d0a0,5509,0x02b0a000,45129728
000041,0x0116d100,39,0x0004e000,319488
127017,0x0116d110,3053,0x017da000,25010176
512660,0x0116d120,8244,0x04068000,67534848
000042,0x0116d180,40,0x00050000,327680
688244,0x0116d190,2181,0x0110a000,17866752
155476,0x0116d1a0,3683,0x01cc6000,30171136
184788,0x0116d1b0,4239,0x0211e000,34725888
241182,0x0116d1c0,5476,0x02ac8000,44859392
562080,0x0116d1d0,8770,0x04484000,71843840
000043,0x0116d200,41,0x00052000,335872
241183,0x0116d210,5477,0x02aca000,44867584
242310,0x0116d220,6126,0x02fdc000,50184192
517030,0x0116d230,8497,0x04262000,69607424
000044,0x0116d280,42,0x00054000,344064
688246,0x0116d290,2182,0x0110c000,17874944
185910,0x0116d2a0,4440,0x022b0000,36372480
000045,0x0116d300,43,0x00056000,352256
601121,0x0116d310,1053,0x0083a000,8626176
688247,0x0116d320,2183,0x0110e000,17883136
185911,0x0116d330,4441,0x022b2000,36380672
204028,0x0116d340,8116,0x03f68000,66486272
000046,0x0116d380,44,0x00058000,360448
688248,0x0116d390,2184,0x01110000,17891328
185912,0x0116d3a0,4442,0x022b4000,36388864
241186,0x0116d3b0,5478,0x02acc000,44875776
560460,0x0116d3c0,8651,0x04396000,70868992
000047,0x0116d400,45,0x0005a000,368640
688249,0x0116d410,2185,0x01112000,17899520
185913,0x0116d420,4443,0x022b6000,36397056
242314,0x0116d430,6127,0x02fde000,50192384
000048,0x0116d480,46,0x0005c000,376832
000049,0x0116d500,47,0x0005e000,385024
241189,0x0116d510,5479,0x02ace000,44883968
242316,0x0116d520,6128,0x02fe0000,50200576
601126,0x0116d580,1054,0x0083c000,8634368
242317,0x0116d590,6129,0x02fe2000,50208768
601127,0x0116d600,1055,0x0083e000,8642560
185917,0x0116d610,4444,0x022b8000,36405248
242318,0x0116d620,6130,0x02fe4000,50216960
601128,0x0116d680,1056,0x00840000,8650752
242270,0x0116d690,6104,0x02fb0000,50003968
563210,0x0116d6a0,8819,0x044e6000,72245248
588150,0x0116d700,8880,0x04560000,72744960
242272,0x0116d780,6105,0x02fb2000,50012160
115840,0x0116d800,2951,0x0170e000,24174592
242273,0x0116d810,6106,0x02fb4000,50020352
601083,0x0116d880,1035,0x00816000,8478720
185873,0x0116d890,4431,0x0229e000,36298752
515370,0x0116d8a0,8376,0x04170000,68616192
185874,0x0116d900,4432,0x022a0000,36306944
242275,0x0116d910,6107,0x02fb6000,50028544
242276,0x0116d980,6108,0x02fb8000,50036736
245020,0x0116d990,7501,0x03a9a000,61448192
601086,0x0116da00,1036,0x00818000,8486912
115844,0x0116da10,2952,0x01710000,24182784
245021,0x0116da20,7502,0x03a9c000,61456384
111012,0x0116da30,7981,0x03e5a000,65380352
501030,0x0116da40,9072,0x046e0000,74317824
513750,0x0116da80,8324,0x04108000,68190208
501031,0x0116da90,9073,0x046e2000,74326016
601088,0x0116db00,1037,0x0081a000,8495104
185878,0x0116db10,4433,0x022a2000,36315136
188629,0x0116db20,4498,0x02324000,36847616
245023,0x0116db30,7503,0x03a9e000,61464576
111014,0x0116db40,7982,0x03e5c000,65388544
501032,0x0116db50,9074,0x046e4000,74334208
601089,0x0116db80,1038,0x0081c000,8503296
185879,0x0116db90,4434,0x022a4000,36323328
243400,0x0116dba0,6705,0x03462000,54927360
245024,0x0116dbb0,7504,0x03aa0000,61472768
111015,0x0116dbc0,7983,0x03e5e000,65396736
115848,0x0116dc00,2953,0x01712000,24190976
240650,0x0116dc10,5138,0x02824000,42090496
115849,0x0116dc80,2954,0x01714000,24199168
240651,0x0116dc90,5139,0x02826000,42098688
243402,0x0116dca0,6706,0x03464000,54935552
111017,0x0116dcb0,7984,0x03e60000,65404928
188584,0x0116dd00,4496,0x02320000,36831232
240652,0x0116dd10,5140,0x02828000,42106880
243403,0x0116dd20,6707,0x03466000,54943744
111018,0x0116dd30,7985,0x03e62000,65413120
520830,0x0116dd40,8565,0x042ea000,70164480
561550,0x0116dd50,8735,0x0443e000,71557120
501036,0x0116dd60,9075,0x046e6000,74342400
240653,0x0116dd80,5141,0x0282a000,42115072
245028,0x0116dd90,7505,0x03aa2000,61480960
516500,0x0116dda0,8452,0x04208000,69238784
501037,0x0116ddb0,9076,0x046e8000,74350592
501038,0x0116de00,9077,0x046ea000,74358784
240655,0x0116de80,5142,0x0282c000,42123264
243406,0x0116de90,6708,0x03468000,54951936
240656,0x0116df00,5143,0x0282e000,42131456
240657,0x0116df80,5144,0x02830000,42139648
243408,0x0116df90,6709,0x0346a000,54960128
240658,0x0116e000,5145,0x02832000,42147840
240659,0x0116e080,5146,0x02834000,42156032
243362,0x0116e100,6678,0x0342c000,54706176
243363,0x0116e180,6679,0x0342e000,54714368
520790,0x0116e190,8562,0x042e4000,70139904
243364,0x0116e200,6680,0x03430000,54722560
516460,0x0116e210,8451,0x04206000,69230592
600550,0x0116e280,628,0x004e8000,5144576
600551,0x0116e300,629,0x004ea000,5152768
600552,0x0116e380,630,0x004ec000,5160960
243367,0x0116e390,6681,0x03432000,54730752
243368,0x0116e400,6682,0x03434000,54738944
688800,0x0116e480,2567,0x0140e000,21028864
600555,0x0116e500,631,0x004ee000,5169152
510010,0x0116e510,8119,0x03f6e000,66510848
600556,0x0116e580,632,0x004f0000,5177344
603300,0x0116e590,1478,0x00b8c000,12107776
688802,0x0116e5a0,2568,0x01410000,21037056
241740,0x0116e5b0,5825,0x02d82000,47718400
600557,0x0116e600,633,0x004f2000,5185536
603301,0x0116e610,1479,0x00b8e000,12115968
241741,0x0116e620,5826,0x02d84000,47726592
600558,0x0116e680,634,0x004f4000,5193728
600559,0x0116e700,635,0x004f6000,5201920
603303,0x0116e710,1480,0x00b90000,12124160
688805,0x0116e720,2569,0x01412000,21045248
241743,0x0116e730,5827,0x02d86000,47734784
688806,0x0116e780,2570,0x01414000,21053440
603305,0x0116e800,1481,0x00b92000,12132352
688807,0x0116e810,2571,0x01416000,21061632
603306,0x0116e880,1482,0x00b94000,12140544
688808,0x0116e890,2572,0x01418000,21069824
241746,0x0116e8a0,5828,0x02d88000,47742976
603307,0x0116e900,1483,0x00b96000,12148736
688809,0x0116e910,2573,0x0141a000,21078016
603308,0x0116e980,1484,0x00b98000,12156928
603260,0x0116ea00,1446,0x00b4c000,11845632
603309,0x0116ea10,1485,0x00b9a000,12165120
241749,0x0116ea20,5829,0x02d8a000,47751168
603261,0x0116ea80,1447,0x00b4e000,11853824
603262,0x0116eb00,1448,0x00b50000,11862016
511100,0x0116eb10,8182,0x03fec000,67026944
688765,0x0116eb80,2543,0x013de000,20832256
101746,0x0116eb90,2808,0x015f0000,23003136
242830,0x0116eba0,6395,0x031f6000,52387840
244454,0x0116ebb0,7194,0x03834000,58933248
517550,0x0116ebc0,8518,0x0428c000,69779456
688766,0x0116ec00,2544,0x013e0000,20840448
588710,0x0116ec10,8922,0x045b4000,73089024
688767,0x0116ec80,2545,0x013e2000,20848640
242832,0x0116ec90,6396,0x031f8000,52396032
603266,0x0116ed00,1449,0x00b52000,11870208
688768,0x0116ed10,2546,0x013e4000,20856832
242833,0x0116ed20,6397,0x031fa000,52404224
244457,0x0116ed30,7195,0x03836000,58941440
560980,0x0116ed40,8693,0x043ea000,71213056
603267,0x0116ed80,1450,0x00b54000,11878400
603268,0x0116ee00,1451,0x00b56000,11886592
244459,0x0116ee10,7196,0x03838000,58949632
603269,0x0116ee80,1452,0x00b58000,11894784
242838,0x0116ef80,6398,0x031fc000,52412416
511060,0x0116ef90,8179,0x03fe6000,67002368
242791,0x0116f080,6374,0x031cc000,52215808
588670,0x0116f090,8918,0x045ac000,73056256
019551,0x0116f100,2663,0x014ce000,21815296
184310,0x0116f110,4065,0x01fc2000,33300480
242792,0x0116f120,6375,0x031ce000,52224000
184312,0x0116f200,4066,0x01fc4000,33308672
242794,0x0116f210,6376,0x031d0000,52232192
515890,0x0116f220,8408,0x041b0000,68878336
019554,0x0116f280,2664,0x014d0000,21823488
242795,0x0116f290,6377,0x031d2000,52240384
245540,0x0116f300,7736,0x03c70000,63373312
245541,0x0116f380,7737,0x03c72000,63381504
242798,0x0116f400,6378,0x031d4000,52248576
019558,0x0116f480,2665,0x014d2000,21831680
563690,0x0116f490,8846,0x0451c000,72466432
019559,0x0116f500,2666,0x014d4000,21839872
175612,0x0116f510,3911,0x01e8e000,32038912
243920,0x0116f520,6943,0x0363e000,56877056
175613,0x0116f580,3912,0x01e90000,32047104
243921,0x0116f590,6944,0x03640000,56885248
245545,0x0116f5a0,7738,0x03c74000,63389696
589800,0x0116f5b0,9001,0x04652000,73736192
184271,0x0116f600,4049,0x01fa2000,33169408
243922,0x0116f610,6945,0x03642000,56893440
152258,0x0116f680,3378,0x01a64000,27672576
184272,0x0116f690,4050,0x01fa4000,33177600
175616,0x0116f700,3913,0x01e92000,32055296
184273,0x0116f710,4051,0x01fa6000,33185792
245548,0x0116f720,7739,0x03c76000,63397888
243925,0x0116f780,6946,0x03644000,56901632
243927,0x0116f880,6947,0x03646000,56909824
243928,0x0116f900,6948,0x03648000,56918016
512150,0x0116f910,9252,0x04848000,75792384
184278,0x0116f980,4052,0x01fa8000,33193984
243929,0x0116f990,6949,0x0364a000,56926208
137604,0x0116fa00,3162,0x018b4000,25903104
155009,0x0116fa10,3649,0x01c82000,29892608
243882,0x0116fa80,6924,0x03618000,56721408
137606,0x0116fb00,3163,0x018b6000,25911296
185401,0x0116fb10,4334,0x021dc000,35504128
137607,0x0116fb80,3164,0x018b8000,25919488
516980,0x0116fb90,8494,0x0425c000,69582848
175577,0x0116fc00,3909,0x01e8a000,32022528
185403,0x0116fc10,4335,0x021de000,35512320
235991,0x0116fc20,4767,0x0253e000,39051264
137560,0x0116fc80,3152,0x018a0000,25821184
231160,0x0116fc90,4591,0x023de000,37609472
137561,0x0116fd00,3153,0x018a2000,25829376
243887,0x0116fd10,6925,0x0361a000,56729600
185406,0x0116fd80,4336,0x021e0000,35520512
185407,0x0116fe00,4337,0x021e2000,35528704
243889,0x0116fe10,6926,0x0361c000,56737792
185408,0x0116fe80,4338,0x021e4000,35536896
510530,0x0116fe90,8151,0x03fae000,66772992
137565,0x0116ff00,3154,0x018a4000,25837568
185361,0x0116ff80,4322,0x021c4000,35405824
603822,0x01170000,1752,0x00db0000,14352384
185362,0x01170010,4323,0x021c6000,35414016
603823,0x01170080,1753,0x00db2000,14360576
603825,0x01170180,1754,0x00db4000,14368768
603826,0x01170200,1755,0x00db6000,14376960
115335,0x01170280,2854,0x0164c000,23379968
513240,0x01170290,8295,0x040ce000,67952640
603828,0x01170300,1756,0x00db8000,14385152
185368,0x01170310,4324,0x021c8000,35422208
244970,0x01170320,7475,0x03a66000,61235200
603829,0x01170380,1757,0x00dba000,14393344
115338,0x01170400,2855,0x0164e000,23388160
244972,0x01170410,7476,0x03a68000,61243392
143839,0x01170480,3333,0x01a0a000,27303936
244973,0x01170490,7477,0x03a6a000,61251584
511620,0x011704a0,8199,0x0400e000,67166208
244974,0x01170500,7478,0x03a6c000,61259776
240143,0x01170580,4868,0x02608000,39878656
244976,0x01170600,7479,0x03a6e000,61267968
603786,0x01170680,1730,0x00d84000,14172160
244977,0x01170690,7480,0x03a70000,61276160
113670,0x011706a0,8036,0x03ec8000,65830912
603787,0x01170700,1731,0x00d86000,14180352
115295,0x01170710,2850,0x01644000,23347200
240146,0x01170720,4869,0x0260a000,39886848
244978,0x01170730,7481,0x03a72000,61284352
113671,0x01170740,8037,0x03eca000,65839104
603788,0x01170780,1732,0x00d88000,14188544
152810,0x01170790,3586,0x01c04000,29376512
240147,0x011707a0,4870,0x0260c000,39895040
244979,0x011707b0,7482,0x03a74000,61292544
603789,0x01170800,1733,0x00d8a000,14196736
240148,0x01170810,4871,0x0260e000,39903232
113673,0x01170820,8038,0x03ecc000,65847296
143798,0x01170880,3330,0x01a04000,27279360
240149,0x01170890,4872,0x02610000,39911424
113674,0x011708a0,8039,0x03ece000,65855488
118042,0x011708b0,8086,0x03f2c000,66240512
508060,0x011708c0,9205,0x047ea000,75407360
511580,0x01170900,8197,0x0400a000,67149824
118044,0x01170980,8087,0x03f2e000,66248704
152815,0x01170a00,3587,0x01c06000,29384704
113677,0x01170a10,8040,0x03ed0000,65863680
138659,0x01170a80,3264,0x01980000,26738688
113678,0x01170a90,8041,0x03ed2000,65871872
113679,0x01170b00,8042,0x03ed4000,65880064
152818,0x01170b80,3588,0x01c08000,29392896
508066,0x01170b90,9206,0x047ec000,75415552
152819,0x01170c00,3589,0x01c0a000,29401088
508068,0x01170c80,9207,0x047ee000,75423744
508069,0x01170d00,9208,0x047f0000,75431936
152773,0x01170d80,3571,0x01be6000,29253632
241231,0x01170e00,5510,0x02b0c000,45137920
512710,0x01170e10,8250,0x04074000,67584000
600048,0x01170e80,214,0x001ac000,1753088
152775,0x01170e90,3572,0x01be8000,29261824
171307,0x01170ea0,3831,0x01dee000,31383552
241232,0x01170eb0,5511,0x02b0e000,45146112
171309,0x01170f80,3832,0x01df0000,31391744
241234,0x01170f90,5512,0x02b10000,45154304
152778,0x01171000,3573,0x01bea000,29270016
155529,0x01171010,3688,0x01cd0000,30212096
184793,0x01171080,4240,0x02120000,34734080
241236,0x01171090,5513,0x02b12000,45162496
560510,0x011710a0,8656,0x043a0000,70909952
184794,0x01171100,4241,0x02122000,34742272
231726,0x01171110,4597,0x023ea000,37658624
241237,0x01171120,5514,0x02b14000,45170688
688251,0x01171180,2186,0x01114000,17907712
000050,0x01171200,48,0x00060000,393216
688252,0x01171210,2187,0x01116000,17915904
155484,0x01171220,3684,0x01cc8000,30179328
184796,0x01171230,4242,0x02124000,34750464
241190,0x01171240,5480,0x02ad0000,44892160
241239,0x01171250,5515,0x02b16000,45178880
000051,0x01171280,49,0x00062000,401408
688253,0x01171290,2188,0x01118000,17924096
241191,0x011712a0,5481,0x02ad2000,44900352
512670,0x011712b0,8246,0x0406c000,67551232
000052,0x01171300,50,0x00064000,409600
147592,0x01171310,3343,0x01a1e000,27385856
184798,0x01171320,4243,0x02126000,34758656
241192,0x01171330,5482,0x02ad4000,44908544
000053,0x01171380,51,0x00066000,417792
688255,0x01171390,2189,0x0111a000,17932288
241193,0x011713a0,5483,0x02ad6000,44916736
000054,0x01171400,52,0x00068000,425984
688256,0x01171410,2190,0x0111c000,17940480
241194,0x01171420,5484,0x02ad8000,44924928
242321,0x01171430,6131,0x02fe6000,50225152
588200,0x01171440,8885,0x0456a000,72785920
000055,0x01171480,53,0x0006a000,434176
688257,0x01171490,2191,0x0111e000,17948672
163376,0x011714a0,3790,0x01d9c000,31047680
241195,0x011714b0,5485,0x02ada000,44933120
000056,0x01171500,54,0x0006c000,442368
688258,0x01171510,2192,0x01120000,17956864
163377,0x01171520,3791,0x01d9e000,31055872
241196,0x01171530,5486,0x02adc000,44941312
560470,0x01171540,8652,0x04398000,70877184
000057,0x01171580,55,0x0006e000,450560
601133,0x01171590,1057,0x00842000,8658944
688259,0x011715a0,2193,0x01122000,17965056
241197,0x011715b0,5487,0x02ade000,44949504
242324,0x011715c0,6132,0x02fe8000,50233344
000058,0x01171600,56,0x00070000,458752
163379,0x01171610,3792,0x01da0000,31064064
242325,0x01171620,6133,0x02fea000,50241536
000059,0x01171680,57,0x00072000,466944
242326,0x01171690,6134,0x02fec000,50249728
601136,0x01171700,1058,0x00844000,8667136
185926,0x01171710,4445,0x022ba000,36413440
601137,0x01171780,1059,0x00846000,8675328
242328,0x01171790,6135,0x02fee000,50257920
513800,0x011717a0,8327,0x0410e000,68214784
601138,0x01171800,1060,0x00848000,8683520
185928,0x01171810,4446,0x022bc000,36421632
242329,0x01171820,6136,0x02ff0000,50266112
563220,0x01171830,8820,0x044e8000,72253440
601139,0x01171880,1061,0x0084a000,8691712
188631,0x01171890,4499,0x02326000,36855808
588160,0x011718a0,8881,0x04562000,72753152
240700,0x01171900,5178,0x02874000,42418176
242282,0x01171910,6109,0x02fba000,50044928
242283,0x01171980,6110,0x02fbc000,50053120
242284,0x01171a00,6111,0x02fbe000,50061312
515380,0x01171a10,8377,0x04172000,68624384
561600,0x01171a20,8740,0x04448000,71598080
240703,0x01171a80,5179,0x02876000,42426368
111020,0x01171a90,7986,0x03e64000,65421312
115853,0x01171b00,2955,0x01716000,24207360
242286,0x01171b10,6112,0x02fc0000,50069504
111021,0x01171b20,7987,0x03e66000,65429504
601096,0x01171b80,1039,0x0081e000,8511488
240705,0x01171b90,5180,0x02878000,42434560
242287,0x01171ba0,6113,0x02fc2000,50077696
245031,0x01171bb0,7506,0x03aa4000,61489152
111022,0x01171bc0,7988,0x03e68000,65437696
240706,0x01171c00,5181,0x0287a000,42442752
245032,0x01171c10,7507,0x03aa6000,61497344
601098,0x01171c80,1040,0x00820000,8519680
185888,0x01171c90,4435,0x022a6000,36331520
240707,0x01171ca0,5182,0x0287c000,42450944
242289,0x01171cb0,6114,0x02fc4000,50085888
245033,0x01171cc0,7508,0x03aa8000,61505536
111024,0x01171cd0,7989,0x03e6a000,65445888
563180,0x01171ce0,8817,0x044e2000,72228864
601099,0x01171d00,1041,0x00822000,8527872
115857,0x01171d10,2956,0x01718000,24215552
240708,0x01171d20,5183,0x0287e000,42459136
243410,0x01171d30,6710,0x0346c000,54968320
245034,0x01171d40,7509,0x03aaa000,61513728
111025,0x01171d50,7990,0x03e6c000,65454080
501043,0x01171d60,9078,0x046ec000,74366976
240660,0x01171d80,5147,0x02836000,42164224
240709,0x01171d90,5184,0x02880000,42467328
243411,0x01171da0,6711,0x0346e000,54976512
111026,0x01171db0,7991,0x03e6e000,65462272
240661,0x01171e00,5148,0x02838000,42172416
243412,0x01171e10,6712,0x03470000,54984704
501045,0x01171e20,9079,0x046ee000,74375168
240662,0x01171e80,5149,0x0283a000,42180608
520840,0x01171e90,8566,0x042ec000,70172672
561560,0x01171ea0,8736,0x04440000,71565312
501046,0x01171eb0,9080,0x046f0000,74383360
240663,0x01171f00,5150,0x0283c000,42188800
516510,0x01171f10,8453,0x0420a000,69246976
501047,0x01171f20,9081,0x046f2000,74391552
600600,0x01171f80,672,0x00540000,5505024
240664,0x01171f90,5151,0x0283e000,42196992
243415,0x01171fa0,6713,0x03472000,54992896
501048,0x01171fb0,9082,0x046f4000,74399744
600601,0x01172000,674,0x00544000,5521408
175108,0x01172010,3890,0x01e64000,31866880
240665,0x01172020,5152,0x02840000,42205184
600602,0x01172080,673,0x00542000,5513216
232779,0x01172090,4656,0x02460000,38141952
240666,0x011720a0,5153,0x02842000,42213376
243417,0x011720b0,6714,0x03474000,55001088
600603,0x01172100,675,0x00546000,5529600
240667,0x01172110,5154,0x02844000,42221568
243418,0x01172120,6715,0x03476000,55009280
600604,0x01172180,676,0x00548000,5537792
240668,0x01172190,5155,0x02846000,42229760
243419,0x011721a0,6716,0x03478000,55017472
600605,0x01172200,679,0x0054e000,5562368
240669,0x01172210,5156,0x02848000,42237952
243371,0x01172220,6683,0x03436000,54747136
589250,0x01172230,8971,0x04616000,73490432
600606,0x01172280,677,0x0054a000,5545984
243373,0x01172300,6684,0x03438000,54755328
600608,0x01172380,680,0x00550000,5570560
243374,0x01172390,6685,0x0343a000,54763520
600560,0x01172400,636,0x004f8000,5210112
600609,0x01172410,681,0x00552000,5578752
243375,0x01172420,6686,0x0343c000,54771712
600561,0x01172480,637,0x004fa000,5218304
600562,0x01172500,638,0x004fc000,5226496
600563,0x01172580,639,0x004fe000,5234688
243379,0x01172600,6687,0x0343e000,54779904
600565,0x01172680,640,0x00500000,5242880
688811,0x01172690,2574,0x0141c000,21086208
244500,0x011726a0,7215,0x0385e000,59105280
510020,0x011726b0,8120,0x03f70000,66519040
600566,0x01172700,641,0x00502000,5251072
603310,0x01172710,1486,0x00b9c000,12173312
244501,0x01172720,7216,0x03860000,59113472
600567,0x01172780,642,0x00504000,5259264
603311,0x01172790,1487,0x00b9e000,12181504
688813,0x011727a0,2575,0x0141e000,21094400
241751,0x011727b0,5830,0x02d8c000,47759360
244502,0x011727c0,7217,0x03862000,59121664
600568,0x01172800,643,0x00506000,5267456
603312,0x01172810,1488,0x00ba0000,12189696
241752,0x01172820,5831,0x02d8e000,47767552
244503,0x01172830,7218,0x03864000,59129856
600569,0x01172880,644,0x00508000,5275648
603313,0x01172890,1489,0x00ba2000,12197888
143321,0x011728a0,3314,0x019e4000,27148288
244504,0x011728b0,7219,0x03866000,59138048
688816,0x01172900,2576,0x01420000,21102592
143322,0x01172910,3315,0x019e6000,27156480
163935,0x01172920,3819,0x01dd6000,31285248
244505,0x01172930,7220,0x03868000,59146240
603315,0x01172980,1490,0x00ba4000,12206080
603316,0x01172a00,1491,0x00ba6000,12214272
688818,0x01172a10,2577,0x01422000,21110784
241756,0x01172a20,5832,0x02d90000,47775744
244507,0x01172a30,7221,0x0386a000,59154432
603317,0x01172a80,1492,0x00ba8000,12222464
688819,0x01172a90,2578,0x01424000,21118976
127544,0x01172aa0,3061,0x017ea000,25075712
241757,0x01172ab0,5833,0x02d92000,47783936
603318,0x01172b00,1493,0x00baa000,12230656
241758,0x01172b10,5834,0x02d94000,47792128
244460,0x01172b20,7197,0x0383a000,58957824
244509,0x01172b30,7222,0x0386c000,59162624
603270,0x01172b80,1453,0x00b5a000,11902976
603319,0x01172b90,1494,0x00bac000,12238848
688772,0x01172ba0,2547,0x013e6000,20865024
241759,0x01172bb0,5835,0x02d96000,47800320
603271,0x01172c00,1454,0x00b5c000,11911168
603272,0x01172c80,1455,0x00b5e000,11919360
244463,0x01172c90,7198,0x0383c000,58966016
511110,0x01172ca0,8183,0x03fee000,67035136
603273,0x01172d00,1456,0x00b60000,11927552
688775,0x01172d10,2548,0x013e8000,20873216
244464,0x01172d20,7199,0x0383e000,58974208
688776,0x01172d80,2549,0x013ea000,20881408
244465,0x01172d90,7200,0x03840000,58982400
588720,0x01172da0,8923,0x045b6000,73097216
603275,0x01172e00,1457,0x00b62000,11935744
688777,0x01172e10,2550,0x013ec000,20889600
019601,0x01172e20,2675,0x014e6000,21913600
603276,0x01172e80,1458,0x00b64000,11943936
688778,0x01172e90,2551,0x013ee000,20897792
242843,0x01172ea0,6399,0x031fe000,52420608
244467,0x01172eb0,7201,0x03842000,58990592
560990,0x01172ec0,8694,0x043ec000,71221248
603277,0x01172f00,1459,0x00b66000,11952128
688779,0x01172f10,2552,0x013f0000,20905984
244468,0x01172f20,7202,0x03844000,58998784
603278,0x01172f80,1460,0x00b68000,11960320
244469,0x01172f90,7203,0x03846000,59006976
603279,0x01173000,1461,0x00b6a000,11968512
019606,0x01173080,2676,0x014e8000,21921792
152302,0x01173090,3396,0x01a88000,27820032
242847,0x011730a0,6400,0x03200000,52428800
511070,0x01173100,8180,0x03fe8000,67010560
601658,0x01173180,1146,0x008f4000,9388032
152304,0x01173190,3397,0x01a8a000,27828224
242849,0x011731a0,6401,0x03202000,52436992
019609,0x01173200,2677,0x014ea000,21929984
588680,0x01173210,8919,0x045ae000,73064448
152306,0x01173280,3398,0x01a8c000,27836416
184320,0x01173290,4067,0x01fc6000,33316864
152307,0x01173300,3399,0x01a8e000,27844608
184321,0x01173310,4068,0x01fc8000,33325056
160153,0x01173380,3736,0x01d30000,30605312
019564,0x01173400,2667,0x014d6000,21848064
184323,0x01173410,4069,0x01fca000,33333248
152261,0x01173480,3379,0x01a66000,27680768
245550,0x01173490,7740,0x03c78000,63406080
184325,0x01173500,4070,0x01fcc000,33341440
245552,0x01173580,7741,0x03c7a000,63414272
184327,0x01173600,4071,0x01fce000,33349632
245553,0x01173610,7742,0x03c7c000,63422464
512200,0x01173620,9257,0x04852000,75833344
019569,0x01173680,2668,0x014d8000,21856256
184328,0x01173690,4072,0x01fd0000,33357824
184329,0x01173700,4073,0x01fd2000,33366016
243931,0x01173710,6950,0x0364c000,56934400
152267,0x01173780,3380,0x01a68000,27688960
245556,0x01173790,7743,0x03c7e000,63430656
152268,0x01173800,3381,0x01a6a000,27697152
243933,0x01173810,6951,0x0364e000,56942592
155013,0x01173880,3650,0x01c84000,29900800
184283,0x01173890,4053,0x01faa000,33202176
243934,0x011738a0,6952,0x03650000,56950784
245558,0x011738b0,7744,0x03c80000,63438848
243936,0x01173980,6953,0x03652000,56958976
137611,0x01173a00,3165,0x018ba000,25927680
243937,0x01173a10,6954,0x03654000,56967168
184287,0x01173a80,4054,0x01fac000,33210368
243938,0x01173a90,6955,0x03656000,56975360
512160,0x01173aa0,9253,0x0484a000,75800576
243890,0x01173b00,6927,0x0361e000,56745984
243939,0x01173b10,6956,0x03658000,56983552
184289,0x01173b80,4055,0x01fae000,33218560
589770,0x01173b90,8999,0x0464e000,73719808
137615,0x01173c00,3166,0x018bc000,25935872
137616,0x01173c80,3167,0x018be000,25944064
243893,0x01173c90,6928,0x03620000,56754176
137570,0x01173e00,3155,0x018a6000,25845760
243896,0x01173e10,6929,0x03622000,56762368
185416,0x01173f00,4339,0x021e6000,35545088
137573,0x01173f80,3156,0x018a8000,25853952
243899,0x01173f90,6930,0x03624000,56770560
185418,0x01174000,4340,0x021e8000,35553280
137577,0x01174180,3157,0x018aa000,25862144
185372,0x01174190,4325,0x021ca000,35430400
603833,0x01174200,1758,0x00dbc000,14401536
185374,0x01174280,4326,0x021cc000,35438592
115343,0x01174300,2856,0x01650000,23396352
603836,0x01174380,1759,0x00dbe000,14409728
603838,0x01174480,1760,0x00dc0000,14417920
603790,0x01174500,1734,0x00d8c000,14204928
603839,0x01174510,1761,0x00dc2000,14426112
115347,0x01174520,2857,0x01652000,23404544
185379,0x01174530,4327,0x021ce000,35446784
240150,0x01174580,4873,0x02612000,39919616
240151,0x01174600,4874,0x02614000,39927808
240152,0x01174680,4875,0x02616000,39936000
561050,0x01174690,8699,0x043f6000,71262208
244985,0x01174700,7483,0x03a76000,61300736
516000,0x01174710,8417,0x041c2000,68952064
240154,0x01174780,4876,0x02618000,39944192
240155,0x01174800,4877,0x0261a000,39952384
244987,0x01174810,7484,0x03a78000,61308928
113680,0x01174820,8043,0x03ed6000,65888256
603797,0x01174880,1735,0x00d8e000,14213120
244988,0x01174890,7485,0x03a7a000,61317120
113681,0x011748a0,8044,0x03ed8000,65896448
603798,0x01174900,1736,0x00d90000,14221312
240157,0x01174910,4878,0x0261c000,39960576
244989,0x01174920,7486,0x03a7c000,61325312
113682,0x01174930,8045,0x03eda000,65904640
118050,0x01174940,8088,0x03f30000,66256896
603799,0x01174980,1737,0x00d92000,14229504
138664,0x01174990,3265,0x01982000,26746880
118051,0x011749a0,8089,0x03f32000,66265088
138665,0x01174a00,3266,0x01984000,26755072
152822,0x01174a10,3590,0x01c0c000,29409280
240159,0x01174a20,4879,0x0261e000,39968768
118052,0x01174a30,8090,0x03f34000,66273280
113686,0x01174b00,8046,0x03edc000,65912832
152825,0x01174b80,3591,0x01c0e000,29417472
600050,0x01174c00,215,0x001ae000,1761280
113688,0x01174c10,8047,0x03ede000,65921024
118056,0x01174c20,8091,0x03f36000,66281472
600051,0x01174c80,216,0x001b0000,1769472
157153,0x01174c90,3719,0x01d0e000,30466048
188089,0x01174ca0,4474,0x022f4000,36651008
600052,0x01174d00,217,0x001b2000,1777664
155530,0x01174d10,3689,0x01cd2000,30220288
118058,0x01174d20,8092,0x03f38000,66289664
600053,0x01174d80,218,0x001b4000,1785856
018003,0x01174d90,2635,0x01496000,21585920
118059,0x01174da0,8093,0x03f3a000,66297856
508077,0x01174db0,9209,0x047f2000,75440128
600054,0x01174e00,219,0x001b6000,1794048
688300,0x01174e10,2229,0x0116a000,18259968
152781,0x01174e20,3574,0x01bec000,29278208
508078,0x01174e30,9210,0x047f4000,75448320
600055,0x01174e80,220,0x001b8000,1802240
688301,0x01174e90,2230,0x0116c000,18268160
000100,0x01174f00,88,0x000b0000,720896
600056,0x01174f10,221,0x001ba000,1810432
688302,0x01174f20,2231,0x0116e000,18276352
152783,0x01174f30,3575,0x01bee000,29286400
157158,0x01174f40,3720,0x01d10000,30474240
000101,0x01174f80,89,0x000b2000,729088
600057,0x01174f90,222,0x001bc000,1818624
688303,0x01174fa0,2232,0x01170000,18284544
512720,0x01174fb0,8251,0x04076000,67592192
000102,0x01175000,90,0x000b4000,737280
600058,0x01175010,223,0x001be000,1826816
124285,0x01175020,3046,0x017cc000,24952832
152785,0x01175030,3576,0x01bf0000,29294592
241242,0x01175040,5516,0x02b18000,45187072
000103,0x01175080,91,0x000b6000,745472
600059,0x01175090,224,0x001c0000,1835008
688305,0x011750a0,2233,0x01172000,18292736
018009,0x011750b0,2636,0x01498000,21594112
152786,0x011750c0,3577,0x01bf2000,29302784
241243,0x011750d0,5517,0x02b1a000,45195264
000104,0x01175100,92,0x000b8000,753664
688306,0x01175110,2234,0x01174000,18300928
152787,0x01175120,3578,0x01bf4000,29310976
241244,0x01175130,5518,0x02b1c000,45203456
000105,0x01175180,93,0x000ba000,761856
688307,0x01175190,2235,0x01176000,18309120
152788,0x011751a0,3579,0x01bf6000,29319168
241245,0x011751b0,5519,0x02b1e000,45211648
000106,0x01175200,94,0x000bc000,770048
688308,0x01175210,2236,0x01178000,18317312
241246,0x01175220,5520,0x02b20000,45219840
560520,0x01175230,8657,0x043a2000,70918144
000107,0x01175280,95,0x000be000,778240
688260,0x01175290,2194,0x01124000,17973248
688309,0x011752a0,2237,0x0117a000,18325504
241247,0x011752b0,5521,0x02b22000,45228032
000108,0x01175300,96,0x000c0000,786432
688261,0x01175310,2195,0x01126000,17981440
122667,0x01175320,3041,0x017c2000,24911872
155493,0x01175330,3685,0x01cca000,30187520
241248,0x01175340,5522,0x02b24000,45236224
000060,0x01175380,58,0x00074000,475136
000109,0x01175390,97,0x000c2000,794624
688262,0x011753a0,2196,0x01128000,17989632
231738,0x011753b0,4598,0x023ec000,37666816
000061,0x01175400,59,0x00076000,483328
163382,0x01175410,3793,0x01da2000,31072256
512680,0x01175420,8248,0x04070000,67567616
000062,0x01175480,60,0x00078000,491520
000063,0x01175500,61,0x0007a000,499712
688265,0x01175510,2197,0x0112a000,17997824
242330,0x01175520,6137,0x02ff2000,50274304
517050,0x01175530,8498,0x04264000,69615616
000064,0x01175580,62,0x0007c000,507904
688266,0x01175590,2198,0x0112c000,18006016
163385,0x011755a0,3794,0x01da4000,31080448
588210,0x011755b0,8886,0x0456c000,72794112
000065,0x01175600,63,0x0007e000,516096
688267,0x01175610,2199,0x0112e000,18014208
163386,0x01175620,3795,0x01da6000,31088640
000066,0x01175680,64,0x00080000,524288
688268,0x01175690,2200,0x01130000,18022400
560480,0x011756a0,8653,0x0439a000,70885376
000067,0x01175700,65,0x00082000,532480
688269,0x01175710,2201,0x01132000,18030592
163388,0x01175720,3796,0x01da8000,31096832
000068,0x01175780,66,0x00084000,540672
115902,0x01175790,2974,0x0173c000,24363008
242335,0x011757a0,6138,0x02ff4000,50282496
000069,0x01175800,67,0x00086000,548864
115903,0x01175810,2975,0x0173e000,24371200
115904,0x01175880,2976,0x01740000,24379392
242337,0x01175890,6139,0x02ff6000,50290688
513810,0x01175900,8328,0x04110000,68222976
242339,0x01175980,6140,0x02ff8000,50298880
563230,0x01175990,8821,0x044ea000,72261632
115907,0x01175a00,2977,0x01742000,24387584
588170,0x01175a10,8882,0x04564000,72761344
188642,0x01175a80,4500,0x02328000,36864000
240710,0x01175a90,5185,0x02882000,42475520
240711,0x01175b00,5186,0x02884000,42483712
188644,0x01175b80,4501,0x0232a000,36872192
240712,0x01175b90,5187,0x02886000,42491904
515390,0x01175ba0,8378,0x04174000,68632576
115862,0x01175c00,2957,0x0171a000,24223744
188645,0x01175c10,4502,0x0232c000,36880384
240713,0x01175c20,5188,0x02888000,42500096
242295,0x01175c30,6115,0x02fc6000,50094080
240714,0x01175c80,5189,0x0288a000,42508288
242296,0x01175c90,6116,0x02fc8000,50102272
245040,0x01175ca0,7510,0x03aac000,61521920
185896,0x01175d00,4436,0x022a8000,36339712
232828,0x01175d10,4657,0x02462000,38150144
242297,0x01175d20,6117,0x02fca000,50110464
501050,0x01175d30,9083,0x046f6000,74407936
188648,0x01175d80,4503,0x0232e000,36888576
513770,0x01175d90,8325,0x0410a000,68198400
501051,0x01175da0,9084,0x046f8000,74416128
188649,0x01175e00,4504,0x02330000,36896768
240717,0x01175e10,5190,0x0288c000,42516480
240718,0x01175e80,5191,0x0288e000,42524672
501053,0x01175e90,9085,0x046fa000,74424320
589300,0x01175f00,8976,0x04620000,73531392
115869,0x01175f80,2958,0x0171c000,24231936
240671,0x01175f90,5157,0x0284a000,42246144
245046,0x01175fa0,7511,0x03aae000,61530112
240672,0x01176000,5158,0x0284c000,42254336
243423,0x01176010,6717,0x0347a000,55025664
520850,0x01176020,8567,0x042ee000,70180864
561570,0x01176030,8737,0x04442000,71573504
157711,0x01176080,3732,0x01d28000,30572544
240673,0x01176090,5159,0x0284e000,42262528
516520,0x011760a0,8454,0x0420c000,69255168
501057,0x011760b0,9086,0x046fc000,74432512
600610,0x01176100,682,0x00554000,5586944
501058,0x01176110,9087,0x046fe000,74440704
600611,0x01176180,684,0x00558000,5603328
240675,0x01176190,5160,0x02850000,42270720
243426,0x011761a0,6718,0x0347c000,55033856
501059,0x011761b0,9088,0x04700000,74448896
600612,0x01176200,683,0x00556000,5595136
240676,0x01176210,5161,0x02852000,42278912
600613,0x01176280,685,0x0055a000,5611520
243428,0x01176290,6719,0x0347e000,55042048
233911,0x01176300,4703,0x024be000,38526976
240678,0x01176310,5162,0x02854000,42287104
243380,0x01176320,6688,0x03440000,54788096
600615,0x01176380,686,0x0055c000,5619712
240679,0x01176390,5163,0x02856000,42295296
589260,0x011763a0,8972,0x04618000,73498624
600616,0x01176400,690,0x00564000,5652480
600617,0x01176480,687,0x0055e000,5627904
241801,0x01176490,5855,0x02dbe000,47964160
243383,0x011764a0,6689,0x03442000,54796288
600618,0x01176500,688,0x00560000,5636096
241802,0x01176510,5856,0x02dc0000,47972352
562700,0x01176520,8791,0x044ae000,72015872
600570,0x01176580,650,0x00514000,5324800
600619,0x01176590,691,0x00566000,5660672
175077,0x011765a0,3886,0x01e5c000,31834112
243385,0x011765b0,6690,0x03444000,54804480
600571,0x01176600,645,0x0050a000,5283840
109878,0x01176610,2815,0x015fe000,23060480
157673,0x01176620,3731,0x01d26000,30564352
243386,0x01176630,6691,0x03446000,54812672
600572,0x01176680,646,0x0050c000,5292032
243387,0x01176690,6692,0x03448000,54820864
600573,0x01176700,649,0x00512000,5316608
243388,0x01176710,6693,0x0344a000,54829056
688820,0x01176780,2579,0x01426000,21127168
243389,0x01176790,6694,0x0344c000,54837248
600575,0x01176800,648,0x00510000,5308416
241808,0x01176810,5857,0x02dc2000,47980544
510030,0x01176820,8121,0x03f72000,66527232
600576,0x01176880,647,0x0050e000,5300224
603320,0x01176890,1495,0x00bae000,12247040
163941,0x011768a0,3820,0x01dd8000,31293440
241809,0x011768b0,5858,0x02dc4000,47988736
244511,0x011768c0,7223,0x0386e000,59170816
600577,0x01176900,653,0x0051a000,5349376
603321,0x01176910,1496,0x00bb0000,12255232
600578,0x01176980,651,0x00516000,5332992
603322,0x01176990,1497,0x00bb2000,12263424
241762,0x011769a0,5836,0x02d98000,47808512
562660,0x011769b0,8790,0x044ac000,72007680
600579,0x01176a00,652,0x00518000,5341184
603323,0x01176a10,1498,0x00bb4000,12271616
688825,0x01176a20,2580,0x01428000,21135360
244514,0x01176a30,7224,0x03870000,59179008
601700,0x01176a80,1159,0x0090e000,9494528
603324,0x01176a90,1499,0x00bb6000,12279808
688826,0x01176aa0,2581,0x0142a000,21143552
603325,0x01176b00,1500,0x00bb8000,12288000
241765,0x01176b10,5837,0x02d9a000,47816704
244516,0x01176b20,7225,0x03872000,59187200
601702,0x01176b80,1160,0x00910000,9502720
603326,0x01176b90,1501,0x00bba000,12296192
688828,0x01176ba0,2582,0x0142c000,21151744
244517,0x01176bb0,7226,0x03874000,59195392
603327,0x01176c00,1502,0x00bbc000,12304384
603328,0x01176c80,1503,0x00bbe000,12312576
688781,0x01176c90,2553,0x013f2000,20914176
241768,0x01176ca0,5838,0x02d9c000,47824896
603280,0x01176d00,1462,0x00b6c000,11976704
603329,0x01176d10,1504,0x00bc0000,12320768
603281,0x01176d80,1463,0x00b6e000,11984896
688783,0x01176d90,2554,0x013f4000,20922368
127557,0x01176da0,3062,0x017ec000,25083904
244472,0x01176db0,7204,0x03848000,59015168
603282,0x01176e00,1464,0x00b70000,11993088
511120,0x01176e10,8184,0x03ff0000,67043328
603283,0x01176e80,1465,0x00b72000,12001280
688785,0x01176e90,2555,0x013f6000,20930560
127559,0x01176ea0,3063,0x017ee000,25092096
603284,0x01176f00,1466,0x00b74000,12009472
688786,0x01176f10,2556,0x013f8000,20938752
242851,0x01176f20,6402,0x03204000,52445184
588730,0x01176f30,8924,0x045b8000,73105408
603285,0x01176f80,1467,0x00b76000,12017664
688787,0x01176f90,2557,0x013fa000,20946944
244476,0x01176fa0,7205,0x0384a000,59023360
603286,0x01177000,1468,0x00b78000,12025856
688788,0x01177010,2558,0x013fc000,20955136
688789,0x01177080,2559,0x013fe000,20963328
515950,0x01177090,8412,0x041b8000,68911104
603288,0x01177100,1469,0x00b7a000,12034048
244479,0x01177110,7206,0x0384c000,59031552
601665,0x01177180,1147,0x008f6000,9396224
603289,0x01177190,1470,0x00b7c000,12042240
198717,0x011771a0,4572,0x023b8000,37453824
242856,0x011771b0,6403,0x03206000,52453376
601666,0x01177200,1148,0x008f8000,9404416
019616,0x01177210,2678,0x014ec000,21938176
136532,0x01177280,3110,0x0184c000,25477120
152313,0x01177290,3400,0x01a90000,27852800
245602,0x011772a0,7766,0x03cac000,63619072
551030,0x011772b0,8602,0x04334000,70467584
601668,0x01177300,1149,0x008fa000,9412608
019618,0x01177310,2679,0x014ee000,21946368
245603,0x01177320,7767,0x03cae000,63627264
563750,0x01177330,8848,0x04520000,72482816
601669,0x01177380,1150,0x008fc000,9420800
588690,0x01177390,8920,0x045b0000,73072640
152316,0x01177400,3401,0x01a92000,27860992
245605,0x01177410,7768,0x03cb0000,63635456
019572,0x01177480,2669,0x014da000,21864448
518660,0x01177490,8528,0x042a0000,69861376
184332,0x01177500,4074,0x01fd4000,33374208
530880,0x01177580,8600,0x04330000,70451200
152271,0x01177600,3382,0x01a6c000,27705344
184334,0x01177610,4075,0x01fd6000,33382400
019577,0x01177700,2670,0x014dc000,21872640
152273,0x01177710,3383,0x01a6e000,27713536
245562,0x01177720,7745,0x03c82000,63447040
152274,0x01177780,3384,0x01a70000,27721728
184337,0x01177790,4076,0x01fd8000,33390592
245563,0x011777a0,7746,0x03c84000,63455232
605500,0x01177800,1957,0x00f4a000,16031744
243940,0x01177810,6957,0x0365a000,56991744
136495,0x01177880,3108,0x01848000,25460736
152276,0x01177890,3385,0x01a72000,27729920
184290,0x011778a0,4056,0x01fb0000,33226752
245565,0x011778b0,7747,0x03c86000,63463424
589820,0x011778c0,9002,0x04654000,73744384
152277,0x01177900,3386,0x01a74000,27738112
243942,0x01177910,6958,0x0365c000,56999936
245566,0x01177920,7748,0x03c88000,63471616
560010,0x01177a00,8613,0x0434a000,70557696
243945,0x01177a80,6959,0x0365e000,57008128
245569,0x01177a90,7749,0x03c8a000,63479808
137620,0x01177b00,3168,0x018c0000,25952256
184295,0x01177b10,4057,0x01fb2000,33234944
243946,0x01177b20,6960,0x03660000,57016320
605507,0x01177b80,1958,0x00f4c000,16039936
137622,0x01177c00,3169,0x018c2000,25960448
184297,0x01177c10,4058,0x01fb4000,33243136
243948,0x01177c20,6961,0x03662000,57024512
512170,0x01177c30,9254,0x0484c000,75808768
243949,0x01177c80,6962,0x03664000,57032704
155029,0x01177d00,3651,0x01c86000,29908992
184299,0x01177d10,4059,0x01fb6000,33251328
589780,0x01177d20,9000,0x04650000,73728000
185422,0x01177e80,4341,0x021ea000,35561472
137581,0x01178000,3158,0x018ac000,25870336
232310,0x01178100,4632,0x02430000,37945344
513300,0x01178110,8299,0x040d6000,67985408
510550,0x01178180,8152,0x03fb0000,66781184
240201,0x01178300,4901,0x0264a000,40148992
603843,0x01178380,1762,0x00dc4000,14434304
137588,0x01178390,3159,0x018ae000,25878528
185383,0x011783a0,4328,0x021d0000,35454976
240202,0x011783b0,4902,0x0264c000,40157184
561100,0x011783c0,8703,0x043fe000,71294976
240203,0x01178400,4903,0x0264e000,40165376
138710,0x01178480,3269,0x0198a000,26779648
188136,0x01178490,4476,0x022f8000,36667392
513260,0x01178580,8296,0x040d0000,67960832
603848,0x01178600,1763,0x00dc6000,14442496
185388,0x01178610,4329,0x021d2000,35463168
143857,0x01178680,3334,0x01a0c000,27312128
185389,0x01178690,4330,0x021d4000,35471360
240208,0x011786a0,4904,0x02650000,40173568
244991,0x011786b0,7487,0x03a7e000,61333504
240160,0x01178700,4880,0x02620000,39976960
244992,0x01178710,7488,0x03a80000,61341696
109404,0x01178780,2813,0x015fa000,23044096
244993,0x01178790,7489,0x03a82000,61349888
240162,0x01178800,4881,0x02622000,39985152
561060,0x01178810,8700,0x043f8000,71270400
240163,0x01178880,4882,0x02624000,39993344
516010,0x01178890,8418,0x041c4000,68960256
600100,0x01178900,263,0x0020e000,2154496
240164,0x01178910,4883,0x02626000,40001536
600101,0x01178980,264,0x00210000,2162688
240165,0x01178990,4884,0x02628000,40009728
244997,0x011789a0,7490,0x03a84000,61358080
240166,0x01178a00,4885,0x0262a000,40017920
113691,0x01178a10,8048,0x03ee0000,65929216
600103,0x01178a80,265,0x00212000,2170880
152830,0x01178a90,3592,0x01c10000,29425664
113692,0x01178aa0,8049,0x03ee2000,65937408
118060,0x01178ab0,8094,0x03f3c000,66306048
600104,0x01178b00,266,0x00214000,2179072
240168,0x01178b10,4886,0x0262c000,40026112
113693,0x01178b20,8050,0x03ee4000,65945600
118061,0x01178b30,8095,0x03f3e000,66314240
600105,0x01178b80,267,0x00216000,2187264
240169,0x01178b90,4887,0x0262e000,40034304
113694,0x01178ba0,8051,0x03ee6000,65953792
118062,0x01178bb0,8096,0x03f40000,66322432
508080,0x01178bc0,9211,0x047f6000,75456512
600106,0x01178c00,268,0x00218000,2195456
113695,0x01178c10,8052,0x03ee8000,65961984
118063,0x01178c20,8097,0x03f42000,66330624
551550,0x01178c30,8608,0x04340000,70516736
600107,0x01178c80,269,0x0021a000,2203648
157160,0x01178c90,3721,0x01d12000,30482432
113696,0x01178ca0,8053,0x03eea000,65970176
118064,0x01178cb0,8098,0x03f44000,66338816
508082,0x01178cc0,9212,0x047f8000,75464704
600108,0x01178d00,270,0x0021c000,2211840
138678,0x01178d10,3267,0x01986000,26763264
152835,0x01178d20,3593,0x01c12000,29433856
113697,0x01178d30,8054,0x03eec000,65978368
118065,0x01178d40,8099,0x03f46000,66347008
600060,0x01178d80,225,0x001c2000,1843200
600109,0x01178d90,271,0x0021e000,2220032
113698,0x01178da0,8055,0x03eee000,65986560
118066,0x01178db0,8100,0x03f48000,66355200
508084,0x01178dc0,9213,0x047fa000,75472896
600061,0x01178e00,226,0x001c4000,1851392
152837,0x01178e10,3594,0x01c14000,29442048
113699,0x01178e20,8056,0x03ef0000,65994752
118067,0x01178e30,8101,0x03f4a000,66363392
508085,0x01178e40,9214,0x047fc000,75481088
600062,0x01178e80,227,0x001c6000,1859584
018012,0x01178e90,2637,0x0149a000,21602304
118068,0x01178ea0,8102,0x03f4c000,66371584
508086,0x01178eb0,9215,0x047fe000,75489280
600063,0x01178f00,228,0x001c8000,1867776
152839,0x01178f10,3595,0x01c16000,29450240
118069,0x01178f20,8103,0x03f4e000,66379776
508087,0x01178f30,9216,0x04800000,75497472
600064,0x01178f80,229,0x001ca000,1875968
688310,0x01178f90,2238,0x0117c000,18333696
018014,0x01178fa0,2638,0x0149c000,21610496
508088,0x01178fb0,9217,0x04802000,75505664
688311,0x01179000,2239,0x0117e000,18341888
018015,0x01179010,2639,0x0149e000,21618688
508089,0x01179020,9218,0x04804000,75513856
000110,0x01179080,98,0x000c4000,802816
600066,0x01179090,230,0x001cc000,1884160
688312,0x011790a0,2240,0x01180000,18350080
152793,0x011790b0,3580,0x01bf8000,29327360
241250,0x011790c0,5523,0x02b26000,45244416
244001,0x011790d0,6987,0x03696000,57237504
000111,0x01179100,99,0x000c6000,811008
600067,0x01179110,231,0x001ce000,1892352
688313,0x01179120,2241,0x01182000,18358272
231740,0x01179130,4599,0x023ee000,37675008
241251,0x01179140,5524,0x02b28000,45252608
244002,0x01179150,6988,0x03698000,57245696
512730,0x01179160,8252,0x04078000,67600384
000112,0x01179180,100,0x000c8000,819200
600068,0x01179190,232,0x001d0000,1900544
688314,0x011791a0,2242,0x01184000,18366464
241252,0x011791b0,5525,0x02b2a000,45260800
000113,0x01179200,101,0x000ca000,827392
600069,0x01179210,233,0x001d2000,1908736
688315,0x01179220,2243,0x01186000,18374656
018019,0x01179230,2640,0x014a0000,21626880
241253,0x01179240,5526,0x02b2c000,45268992
517100,0x01179250,8501,0x0426a000,69640192
000114,0x01179280,102,0x000cc000,835584
688316,0x01179290,2244,0x01188000,18382848
152797,0x011792a0,3581,0x01bfa000,29335552
241254,0x011792b0,5527,0x02b2e000,45277184
000115,0x01179300,103,0x000ce000,843776
688317,0x01179310,2245,0x0118a000,18391040
000116,0x01179380,104,0x000d0000,851968
688318,0x01179390,2246,0x0118c000,18399232
244007,0x011793a0,6989,0x0369a000,57253888
560530,0x011793b0,8658,0x043a4000,70926336
000117,0x01179400,105,0x000d2000,860160
688270,0x01179410,2202,0x01134000,18038784
688319,0x01179420,2247,0x0118e000,18407424
241257,0x01179430,5528,0x02b30000,45285376
000118,0x01179480,106,0x000d4000,868352
688271,0x01179490,2203,0x01136000,18046976
241258,0x011794a0,5529,0x02b32000,45293568
244009,0x011794b0,6990,0x0369c000,57262080
000070,0x01179500,68,0x00088000,557056
000119,0x01179510,107,0x000d6000,876544
688272,0x01179520,2204,0x01138000,18055168
101253,0x01179530,2805,0x015ea000,22978560
241259,0x01179540,5530,0x02b34000,45301760
000071,0x01179580,69,0x0008a000,565248
688273,0x01179590,2205,0x0113a000,18063360
512690,0x011795a0,8247,0x0406e000,67559424
000072,0x01179600,70,0x0008c000,573440
000073,0x01179680,71,0x0008e000,581632
688275,0x01179690,2206,0x0113c000,18071552
242340,0x011796a0,6141,0x02ffa000,50307072
000074,0x01179700,72,0x00090000,589824
688276,0x01179710,2207,0x0113e000,18079744
185940,0x01179720,4447,0x022be000,36429824
588220,0x01179730,8887,0x0456e000,72802304
000075,0x01179780,73,0x00092000,598016
688277,0x01179790,2208,0x01140000,18087936
000076,0x01179800,74,0x00094000,606208
688278,0x01179810,2209,0x01142000,18096128
115910,0x01179820,2978,0x01744000,24395776
560490,0x01179830,8654,0x0439c000,70893568
000077,0x01179880,75,0x00096000,614400
688279,0x01179890,2210,0x01144000,18104320
185943,0x011798a0,4448,0x022c0000,36438016
000078,0x01179900,76,0x00098000,622592
000079,0x01179980,77,0x0009a000,630784
601155,0x01179990,1062,0x0084c000,8699904
019105,0x011799a0,2643,0x014a6000,21651456
115913,0x011799b0,2979,0x01746000,24403968
601156,0x01179a00,1063,0x0084e000,8708096
115914,0x01179a10,2980,0x01748000,24412160
115915,0x01179a80,2981,0x0174a000,24420352
513820,0x01179a90,8329,0x04112000,68231168
601158,0x01179b00,1064,0x00850000,8716288
115916,0x01179b10,2982,0x0174c000,24428544
115917,0x01179b80,2983,0x0174e000,24436736
588180,0x01179b90,8883,0x04566000,72769536
115918,0x01179c00,2984,0x01750000,24444928
240720,0x01179c10,5192,0x02890000,42532864
115870,0x01179c80,2959,0x0171e000,24240128
520900,0x01179d00,8572,0x042f8000,70221824
561620,0x01179d10,8741,0x0444a000,71606272
115872,0x01179d80,2960,0x01720000,24248320
115873,0x01179e00,2961,0x01722000,24256512
240724,0x01179e10,5193,0x02892000,42541056
501060,0x01179e80,9089,0x04702000,74457088
115875,0x01179f00,2962,0x01724000,24264704
240726,0x01179f10,5194,0x02894000,42549248
513780,0x01179f20,8326,0x0410c000,68206592
501061,0x01179f30,9090,0x04704000,74465280
115876,0x01179f80,2963,0x01726000,24272896
245053,0x01179f90,7512,0x03ab0000,61538304
501062,0x01179fa0,9091,0x04706000,74473472
109922,0x0117a000,2816,0x01600000,23068672
115877,0x0117a010,2964,0x01728000,24281088
243430,0x0117a020,6720,0x03480000,55050240
245054,0x0117a030,7513,0x03ab2000,61546496
109923,0x0117a080,2817,0x01602000,23076864
240680,0x0117a090,5164,0x02858000,42303488
240729,0x0117a0a0,5195,0x02896000,42557440
589310,0x0117a0b0,8977,0x04622000,73539584
501064,0x0117a0c0,9092,0x04708000,74481664
115879,0x0117a100,2965,0x0172a000,24289280
240681,0x0117a110,5165,0x0285a000,42311680
243432,0x0117a120,6721,0x03482000,55058432
501065,0x0117a130,9093,0x0470a000,74489856
175125,0x0117a180,3891,0x01e66000,31875072
240682,0x0117a190,5166,0x0285c000,42319872
243433,0x0117a1a0,6722,0x03484000,55066624
245057,0x0117a1b0,7514,0x03ab4000,61554688
520860,0x0117a1c0,8568,0x042f0000,70189056
561580,0x0117a1d0,8738,0x04444000,71581696
243434,0x0117a200,6723,0x03486000,55074816
516530,0x0117a210,8455,0x0420e000,69263360
600620,0x0117a280,689,0x00562000,5644288
245059,0x0117a290,7515,0x03ab6000,61562880
600621,0x0117a300,692,0x00568000,5668864
240685,0x0117a310,5167,0x0285e000,42328064
600622,0x0117a380,693,0x0056a000,5677056
240686,0x0117a390,5168,0x02860000,42336256
243437,0x0117a3a0,6724,0x03488000,55083008
600623,0x0117a400,694,0x0056c000,5685248
240687,0x0117a410,5169,0x02862000,42344448
600624,0x0117a480,695,0x0056e000,5693440
240688,0x0117a490,5170,0x02864000,42352640
243390,0x0117a4a0,6695,0x0344e000,54845440
243439,0x0117a4b0,6725,0x0348a000,55091200
240689,0x0117a500,5171,0x02866000,42360832
243391,0x0117a510,6696,0x03450000,54853632
589270,0x0117a520,8973,0x0461a000,73506816
600626,0x0117a580,697,0x00572000,5709824
243392,0x0117a590,6697,0x03452000,54861824
600627,0x0117a600,696,0x00570000,5701632
241811,0x0117a610,5859,0x02dc6000,47996928
243393,0x0117a620,6698,0x03454000,54870016
600628,0x0117a680,698,0x00574000,5718016
243394,0x0117a690,6699,0x03456000,54878208
600580,0x0117a700,654,0x0051c000,5357568
600629,0x0117a710,699,0x00576000,5726208
241813,0x0117a720,5860,0x02dc8000,48005120
243395,0x0117a730,6700,0x03458000,54886400
600581,0x0117a780,655,0x0051e000,5365760
243396,0x0117a790,6701,0x0345a000,54894592
600582,0x0117a800,656,0x00520000,5373952
243397,0x0117a810,6702,0x0345c000,54902784
600583,0x0117a880,657,0x00522000,5382144
243398,0x0117a890,6703,0x0345e000,54910976
600584,0x0117a900,658,0x00524000,5390336
241817,0x0117a910,5861,0x02dca000,48013312
243399,0x0117a920,6704,0x03460000,54919168
600585,0x0117a980,659,0x00526000,5398528
510040,0x0117a990,8122,0x03f74000,66535424
600586,0x0117aa00,660,0x00528000,5406720
603330,0x0117aa10,1505,0x00bc2000,12328960
233883,0x0117aa20,4701,0x024ba000,38510592
241770,0x0117aa30,5839,0x02d9e000,47833088
241819,0x0117aa40,5862,0x02dcc000,48021504
600587,0x0117aa80,661,0x0052a000,5414912
603331,0x0117aa90,1506,0x00bc4000,12337152
241771,0x0117aaa0,5840,0x02da0000,47841280
244522,0x0117aab0,7227,0x03876000,59203584
600588,0x0117ab00,662,0x0052c000,5423104
603332,0x0117ab10,1507,0x00bc6000,12345344
244523,0x0117ab20,7228,0x03878000,59211776
600589,0x0117ab80,663,0x0052e000,5431296
603333,0x0117ab90,1508,0x00bc8000,12353536
688835,0x0117aba0,2583,0x0142e000,21159936
241773,0x0117abb0,5841,0x02da2000,47849472
603334,0x0117ac00,1509,0x00bca000,12361728
688836,0x0117ac10,2584,0x01430000,21168128
241774,0x0117ac20,5842,0x02da4000,47857664
242901,0x0117ac30,6426,0x03234000,52641792
603335,0x0117ac80,1510,0x00bcc000,12369920
242902,0x0117ac90,6427,0x03236000,52649984
244526,0x0117aca0,7229,0x0387a000,59219968
603336,0x0117ad00,1511,0x00bce000,12378112
241776,0x0117ad10,5843,0x02da6000,47865856
242903,0x0117ad20,6428,0x03238000,52658176
603337,0x0117ad80,1512,0x00bd0000,12386304
688790,0x0117ad90,2560,0x01400000,20971520
603338,0x0117ae00,1513,0x00bd2000,12394496
241778,0x0117ae10,5844,0x02da8000,47874048
242905,0x0117ae20,6429,0x0323a000,52666368
603290,0x0117ae80,1471,0x00b7e000,12050432
603339,0x0117ae90,1514,0x00bd4000,12402688
241779,0x0117aea0,5845,0x02daa000,47882240
603291,0x0117af00,1472,0x00b80000,12058624
688793,0x0117af10,2561,0x01402000,20979712
242907,0x0117af20,6430,0x0323c000,52674560
601717,0x0117af80,1161,0x00912000,9510912
186001,0x0117af90,4461,0x022da000,36544512
244483,0x0117afa0,7207,0x0384e000,59039744
511130,0x0117afb0,8185,0x03ff2000,67051520
601718,0x0117b000,1162,0x00914000,9519104
603293,0x0117b010,1473,0x00b82000,12066816
688795,0x0117b020,2562,0x01404000,20987904
242860,0x0117b030,6404,0x03208000,52461568
244484,0x0117b040,7208,0x03850000,59047936
563800,0x0117b050,8853,0x0452a000,72523776
688796,0x0117b080,2563,0x01406000,20996096
019620,0x0117b090,2680,0x014f0000,21954560
242861,0x0117b0a0,6405,0x0320a000,52469760
688797,0x0117b100,2564,0x01408000,21004288
242862,0x0117b110,6406,0x0320c000,52477952
603296,0x0117b180,1474,0x00b84000,12075008
688798,0x0117b190,2565,0x0140a000,21012480
244487,0x0117b1a0,7209,0x03852000,59056128
603297,0x0117b200,1475,0x00b86000,12083200
688799,0x0117b210,2566,0x0140c000,21020672
234970,0x0117b220,4723,0x024e6000,38690816
242864,0x0117b230,6407,0x0320e000,52486144
515960,0x0117b240,8413,0x041ba000,68919296
603298,0x0117b280,1476,0x00b88000,12091392
152320,0x0117b290,3402,0x01a94000,27869184
234971,0x0117b2a0,4724,0x024e8000,38699008
242865,0x0117b2b0,6408,0x03210000,52494336
603299,0x0117b300,1477,0x00b8a000,12099584
019625,0x0117b310,2681,0x014f2000,21962752
152321,0x0117b320,3403,0x01a96000,27877376
242866,0x0117b330,6409,0x03212000,52502528
245610,0x0117b340,7769,0x03cb2000,63643648
019626,0x0117b380,2682,0x014f4000,21970944
152322,0x0117b390,3404,0x01a98000,27885568
245611,0x0117b3a0,7770,0x03cb4000,63651840
601677,0x0117b400,1151,0x008fe000,9428992
511090,0x0117b410,8181,0x03fea000,67018752
601678,0x0117b480,1152,0x00900000,9437184
242869,0x0117b490,6410,0x03214000,52510720
563760,0x0117b4a0,8849,0x04522000,72491008
019580,0x0117b500,2671,0x014de000,21880832
136545,0x0117b580,3111,0x0184e000,25485312
152326,0x0117b590,3405,0x01a9a000,27893760
245616,0x0117b600,7771,0x03cb6000,63660032
245617,0x0117b680,7772,0x03cb8000,63668224
136548,0x0117b700,3112,0x01850000,25493504
152280,0x0117b710,3387,0x01a76000,27746304
184343,0x0117b720,4077,0x01fda000,33398784
184344,0x0117b780,4078,0x01fdc000,33406976
245619,0x0117b790,7773,0x03cba000,63676416
019586,0x0117b800,2672,0x014e0000,21889024
184345,0x0117b810,4079,0x01fde000,33415168
245571,0x0117b820,7750,0x03c8c000,63488000
245573,0x0117b900,7751,0x03c8e000,63496192
512220,0x0117b910,8215,0x0402e000,67297280
152285,0x0117b980,3388,0x01a78000,27754496
243950,0x0117b990,6963,0x03666000,57040896
245574,0x0117b9a0,7752,0x03c90000,63504384
152286,0x0117ba00,3389,0x01a7a000,27762688
184349,0x0117ba10,4080,0x01fe0000,33423360
243952,0x0117ba80,6964,0x03668000,57049088
510600,0x0117bb00,8157,0x03fba000,66822144
152289,0x0117bb80,3390,0x01a7c000,27770880
243954,0x0117bb90,6965,0x0366a000,57057280
245578,0x0117bba0,7753,0x03c92000,63512576
560020,0x0117bbb0,8614,0x0434c000,70565888
243957,0x0117bd00,6966,0x0366c000,57065472
243958,0x0117bd80,6967,0x0366e000,57073664
512180,0x0117bd90,9255,0x0484e000,75816960
137633,0x0117be00,3170,0x018c4000,25968640
155039,0x0117be80,3652,0x01c88000,29917184
137635,0x0117bf00,3171,0x018c6000,25976832
137592,0x0117c200,3160,0x018b0000,25886720
513310,0x0117c280,8300,0x040d8000,67993600
115406,0x0117c300,2866,0x01664000,23478272
185438,0x0117c310,4342,0x021ec000,35569664
510560,0x0117c320,8153,0x03fb2000,66789376
115407,0x0117c380,2867,0x01666000,23486464
185391,0x0117c400,4331,0x021d6000,35479552
232323,0x0117c410,4633,0x02432000,37953536
240210,0x0117c420,4905,0x02652000,40181760
115360,0x0117c480,2858,0x01654000,23412736
240211,0x0117c490,4906,0x02654000,40189952
137599,0x0117c580,3161,0x018b2000,25894912
240213,0x0117c590,4907,0x02656000,40198144
603855,0x0117c600,1764,0x00dc8000,14450688
115363,0x0117c610,2859,0x01656000,23420928
188146,0x0117c620,4477,0x022fa000,36675584
240214,0x0117c630,4908,0x02658000,40206336
603856,0x0117c680,1765,0x00dca000,14458880
188147,0x0117c690,4478,0x022fc000,36683776
185397,0x0117c700,4332,0x021d8000,35487744
603858,0x0117c780,1766,0x00dcc000,14467072
185398,0x0117c790,4333,0x021da000,35495936
240217,0x0117c7a0,4909,0x0265a000,40214528
603859,0x0117c800,1767,0x00dce000,14475264
240218,0x0117c810,4910,0x0265c000,40222720
115368,0x0117c880,2860,0x01658000,23429120
240170,0x0117c890,4888,0x02630000,40042496
240171,0x0117c900,4889,0x02632000,40050688
511650,0x0117c910,8200,0x04010000,67174400
240172,0x0117c980,4890,0x02634000,40058880
240173,0x0117ca00,4891,0x02636000,40067072
516020,0x0117ca10,8419,0x041c6000,68968448
600110,0x0117ca80,272,0x00220000,2228224
900901,0x0117ca90,2587,0x01436000,21192704
600111,0x0117cb00,273,0x00222000,2236416
900902,0x0117cb10,2588,0x01438000,21200896
240175,0x0117cb20,4892,0x02638000,40075264
600112,0x0117cb80,274,0x00224000,2244608
900903,0x0117cb90,2589,0x0143a000,21209088
230707,0x0117cba0,4582,0x023cc000,37535744
240176,0x0117cbb0,4893,0x0263a000,40083456
600113,0x0117cc00,275,0x00226000,2252800
900904,0x0117cc10,2590,0x0143c000,21217280
118070,0x0117cc20,8104,0x03f50000,66387968
600114,0x0117cc80,276,0x00228000,2260992
900905,0x0117cc90,2591,0x0143e000,21225472
118071,0x0117cca0,8105,0x03f52000,66396160
600115,0x0117cd00,277,0x0022a000,2269184
900906,0x0117cd10,2592,0x01440000,21233664
240179,0x0117cd20,4894,0x0263c000,40091648
118072,0x0117cd30,8106,0x03f54000,66404352
508090,0x0117cd40,9219,0x04806000,75522048
600116,0x0117cd80,278,0x0022c000,2277376
900907,0x0117cd90,2593,0x01442000,21241856
152843,0x0117cda0,3596,0x01c18000,29458432
241300,0x0117cdb0,5558,0x02b6c000,45531136
118073,0x0117cdc0,8107,0x03f56000,66412544
551560,0x0117cdd0,8609,0x04342000,70524928
508091,0x0117cde0,9220,0x04808000,75530240
600117,0x0117ce00,279,0x0022e000,2285568
900908,0x0117ce10,2594,0x01444000,21250048
152844,0x0117ce20,3597,0x01c1a000,29466624
241301,0x0117ce30,5559,0x02b6e000,45539328
118074,0x0117ce40,8108,0x03f58000,66420736
508092,0x0117ce50,9221,0x0480a000,75538432
600118,0x0117ce80,280,0x00230000,2293760
900909,0x0117ce90,2595,0x01446000,21258240
241302,0x0117cea0,5560,0x02b70000,45547520
118075,0x0117ceb0,8109,0x03f5a000,66428928
508093,0x0117cec0,9222,0x0480c000,75546624
600070,0x0117cf00,234,0x001d4000,1916928
600119,0x0117cf10,281,0x00232000,2301952
600071,0x0117cf80,235,0x001d6000,1925120
241304,0x0117cf90,5561,0x02b72000,45555712
600072,0x0117d000,236,0x001d8000,1933312
241305,0x0117d010,5562,0x02b74000,45563904
508096,0x0117d020,9223,0x0480e000,75554816
600073,0x0117d080,237,0x001da000,1941504
241306,0x0117d090,5563,0x02b76000,45572096
508097,0x0117d0a0,9224,0x04810000,75563008
600074,0x0117d100,238,0x001dc000,1949696
688320,0x0117d110,2248,0x01190000,18415616
241307,0x0117d120,5564,0x02b78000,45580288
508098,0x0117d130,9225,0x04812000,75571200
600075,0x0117d180,239,0x001de000,1957888
688321,0x0117d190,2249,0x01192000,18423808
508099,0x0117d1a0,9226,0x04814000,75579392
000120,0x0117d200,108,0x000d8000,884736
600076,0x0117d210,240,0x001e0000,1966080
688322,0x0117d220,2250,0x01194000,18432000
241309,0x0117d230,5565,0x02b7a000,45588480
244011,0x0117d240,6991,0x0369e000,57270272
000121,0x0117d280,109,0x000da000,892928
600077,0x0117d290,241,0x001e2000,1974272
688323,0x0117d2a0,2251,0x01196000,18440192
241261,0x0117d2b0,5531,0x02b36000,45309952
244012,0x0117d2c0,6992,0x036a0000,57278464
000122,0x0117d300,110,0x000dc000,901120
600078,0x0117d310,242,0x001e4000,1982464
147662,0x0117d320,3344,0x01a20000,27394048
241262,0x0117d330,5532,0x02b38000,45318144
244013,0x0117d340,6993,0x036a2000,57286656
000123,0x0117d380,111,0x000de000,909312
600079,0x0117d390,243,0x001e6000,1990656
688325,0x0117d3a0,2252,0x01198000,18448384
241263,0x0117d3b0,5533,0x02b3a000,45326336
517110,0x0117d3c0,8502,0x0426c000,69648384
601200,0x0117d400,1077,0x0086a000,8822784
688326,0x0117d410,2253,0x0119a000,18456576
241264,0x0117d420,5534,0x02b3c000,45334528
000125,0x0117d480,112,0x000e0000,917504
688327,0x0117d490,2254,0x0119c000,18464768
244016,0x0117d4a0,6994,0x036a4000,57294848
000126,0x0117d500,113,0x000e2000,925696
688328,0x0117d510,2255,0x0119e000,18472960
241266,0x0117d520,5535,0x02b3e000,45342720
688280,0x0117d580,2211,0x01146000,18112512
688329,0x0117d590,2256,0x011a0000,18481152
171293,0x0117d5a0,3830,0x01dec000,31375360
241267,0x0117d5b0,5536,0x02b40000,45350912
000128,0x0117d600,114,0x000e4000,933888
688281,0x0117d610,2212,0x01148000,18120704
241268,0x0117d620,5537,0x02b42000,45359104
244019,0x0117d630,6995,0x036a6000,57303040
000129,0x0117d680,115,0x000e6000,942080
688282,0x0117d690,2213,0x0114a000,18128896
147669,0x0117d6a0,3345,0x01a22000,27402240
688283,0x0117d700,2214,0x0114c000,18137088
231759,0x0117d710,4600,0x023f0000,37683200
601208,0x0117d800,1078,0x0086c000,8830976
688285,0x0117d810,2215,0x0114e000,18145280
242350,0x0117d820,6142,0x02ffc000,50315264
688286,0x0117d880,2216,0x01150000,18153472
019110,0x0117d890,2644,0x014a8000,21659648
588230,0x0117d8a0,8888,0x04570000,72810496
688287,0x0117d900,2217,0x01152000,18161664
185951,0x0117d910,4449,0x022c2000,36446208
242352,0x0117d920,6143,0x02ffe000,50323456
601162,0x0117d980,1065,0x00852000,8724480
688288,0x0117d990,2218,0x01154000,18169856
019112,0x0117d9a0,2645,0x014aa000,21667840
185952,0x0117d9b0,4450,0x022c4000,36454400
601163,0x0117da00,1066,0x00854000,8732672
688289,0x0117da10,2219,0x01156000,18178048
242354,0x0117da20,6144,0x03000000,50331648
515450,0x0117da30,8380,0x04178000,68648960
185954,0x0117da80,4451,0x022c6000,36462592
188705,0x0117da90,4514,0x02344000,36978688
242355,0x0117daa0,6145,0x03002000,50339840
188706,0x0117db00,4515,0x02346000,36986880
245100,0x0117db10,7537,0x03ae2000,61743104
601166,0x0117db80,1067,0x00856000,8740864
019116,0x0117db90,2646,0x014ac000,21676032
513830,0x0117dc00,8330,0x04114000,68239360
601168,0x0117dc80,1068,0x00858000,8749056
115926,0x0117dc90,2985,0x01752000,24453120
136033,0x0117dca0,3092,0x01828000,25329664
245103,0x0117dcb0,7538,0x03ae4000,61751296
601169,0x0117dd00,1069,0x0085a000,8757248
115927,0x0117dd10,2986,0x01754000,24461312
245104,0x0117dd20,7539,0x03ae6000,61759488
588190,0x0117dd30,8884,0x04568000,72777728
115928,0x0117dd80,2987,0x01756000,24469504
240730,0x0117dd90,5196,0x02898000,42565632
240731,0x0117de00,5197,0x0289a000,42573824
188664,0x0117de80,4505,0x02332000,36904960
240732,0x0117de90,5198,0x0289c000,42582016
520910,0x0117dea0,8573,0x042fa000,70230016
561630,0x0117deb0,8742,0x0444c000,71614464
115882,0x0117df00,2966,0x0172c000,24297472
240733,0x0117df10,5199,0x0289e000,42590208
530380,0x0117df20,8595,0x04326000,70410240
115883,0x0117df80,2967,0x0172e000,24305664
240734,0x0117df90,5200,0x028a0000,42598400
245109,0x0117dfa0,7540,0x03ae8000,61767680
188667,0x0117e000,4506,0x02334000,36913152
245061,0x0117e010,7516,0x03ab8000,61571072
501070,0x0117e020,9094,0x0470c000,74498048
245062,0x0117e080,7517,0x03aba000,61579264
501071,0x0117e090,9095,0x0470e000,74506240
115886,0x0117e100,2968,0x01730000,24313856
188669,0x0117e110,4507,0x02336000,36921344
115887,0x0117e180,2969,0x01732000,24322048
501073,0x0117e190,9096,0x04710000,74514432
605001,0x0117e200,1855,0x00e7e000,15196160
240690,0x0117e210,5172,0x02868000,42369024
240739,0x0117e220,5201,0x028a2000,42606592
245065,0x0117e230,7518,0x03abc000,61587456
589320,0x0117e240,8978,0x04624000,73547776
240691,0x0117e280,5173,0x0286a000,42377216
245066,0x0117e290,7519,0x03abe000,61595648
501075,0x0117e2a0,9097,0x04712000,74522624
605003,0x0117e300,1856,0x00e80000,15204352
243443,0x0117e310,6726,0x0348c000,55099392
245067,0x0117e320,7520,0x03ac0000,61603840
520870,0x0117e330,8569,0x042f2000,70197248
561590,0x0117e340,8739,0x04446000,71589888
501076,0x0117e350,9098,0x04714000,74530816
245068,0x0117e380,7521,0x03ac2000,61612032
501077,0x0117e390,9099,0x04716000,74539008
600630,0x0117e400,704,0x00580000,5767168
605005,0x0117e410,1857,0x00e82000,15212544
243445,0x0117e420,6727,0x0348e000,55107584
245069,0x0117e430,7522,0x03ac4000,61620224
501078,0x0117e440,9100,0x04718000,74547200
600631,0x0117e480,700,0x00578000,5734400
605006,0x0117e490,1858,0x00e84000,15220736
240695,0x0117e4a0,5174,0x0286c000,42385408
501079,0x0117e4b0,9101,0x0471a000,74555392
605007,0x0117e500,1859,0x00e86000,15228928
175090,0x0117e510,3887,0x01e5e000,31842304
240696,0x0117e520,5175,0x0286e000,42393600
600633,0x0117e580,706,0x00584000,5783552
605008,0x0117e590,1860,0x00e88000,15237120
173516,0x0117e5a0,3869,0x01e3a000,31694848
240697,0x0117e5b0,5176,0x02870000,42401792
243448,0x0117e5c0,6728,0x03490000,55115776
600634,0x0117e600,701,0x0057a000,5742592
605009,0x0117e610,1861,0x00e8a000,15245312
600635,0x0117e680,702,0x0057c000,5750784
175093,0x0117e690,3888,0x01e60000,31850496
240699,0x0117e6a0,5177,0x02872000,42409984
589280,0x0117e6b0,8974,0x0461c000,73515008
600636,0x0117e700,703,0x0057e000,5758976
241820,0x0117e710,5863,0x02dce000,48029696
600637,0x0117e780,705,0x00582000,5775360
241821,0x0117e790,5864,0x02dd0000,48037888
600638,0x0117e800,707,0x00586000,5791744
600590,0x0117e880,664,0x00530000,5439488
600639,0x0117e890,708,0x00588000,5799936
175097,0x0117e8a0,3889,0x01e62000,31858688
241823,0x0117e8b0,5865,0x02dd2000,48046080
241824,0x0117e900,5866,0x02dd4000,48054272
600592,0x0117e980,665,0x00532000,5447680
600593,0x0117ea00,667,0x00536000,5464064
241826,0x0117ea10,5867,0x02dd6000,48062464
600594,0x0117ea80,666,0x00534000,5455872
233891,0x0117ea90,4702,0x024bc000,38518784
241827,0x0117eaa0,5868,0x02dd8000,48070656
600595,0x0117eb00,668,0x00538000,5472256
241828,0x0117eb10,5869,0x02dda000,48078848
244530,0x0117eb20,7230,0x0387c000,59228160
510050,0x0117eb30,8123,0x03f76000,66543616
600596,0x0117eb80,678,0x0054c000,5554176
244531,0x0117eb90,7231,0x0387e000,59236352
600597,0x0117ec00,670,0x0053c000,5488640
603341,0x0117ec10,1515,0x00bd6000,12410880
241781,0x0117ec20,5846,0x02dac000,47890432
600598,0x0117ec80,669,0x0053a000,5480448
241782,0x0117ec90,5847,0x02dae000,47898624
244533,0x0117eca0,7232,0x03880000,59244544
600599,0x0117ed00,671,0x0053e000,5496832
241783,0x0117ed10,5848,0x02db0000,47906816
242910,0x0117ed20,6431,0x0323e000,52682752
603344,0x0117ed80,1516,0x00bd8000,12419072
241784,0x0117ed90,5849,0x02db2000,47915008
242911,0x0117eda0,6432,0x03240000,52690944
244535,0x0117edb0,7233,0x03882000,59252736
603345,0x0117ee00,1517,0x00bda000,12427264
241785,0x0117ee10,5850,0x02db4000,47923200
242912,0x0117ee20,6433,0x03242000,52699136
241786,0x0117ee80,5851,0x02db6000,47931392
242913,0x0117ee90,6434,0x03244000,52707328
244537,0x0117eea0,7234,0x03884000,59260928
127574,0x0117ef00,3064,0x017f0000,25100288
241787,0x0117ef10,5852,0x02db8000,47939584
603348,0x0117ef80,1518,0x00bdc000,12435456
244490,0x0117ef90,7210,0x03854000,59064320
244539,0x0117efa0,7235,0x03886000,59269120
242916,0x0117f000,6435,0x03246000,52715520
244491,0x0117f010,7211,0x03856000,59072512
244492,0x0117f080,7212,0x03858000,59080704
601727,0x0117f100,1163,0x00916000,9527296
601728,0x0117f180,1164,0x00918000,9535488
242870,0x0117f190,6411,0x03216000,52518912
242919,0x0117f1a0,6436,0x03248000,52723712
244494,0x0117f1b0,7213,0x0385a000,59088896
019630,0x0117f200,2683,0x014f6000,21979136
242871,0x0117f210,6412,0x03218000,52527104
244495,0x0117f220,7214,0x0385c000,59097088
588750,0x0117f230,8925,0x045ba000,73113600
242872,0x0117f280,6413,0x0321a000,52535296
019632,0x0117f300,2684,0x014f8000,21987328
019633,0x0117f380,2685,0x014fa000,21995520
515970,0x0117f390,8414,0x041bc000,68927488
019634,0x0117f400,2686,0x014fc000,22003712
242876,0x0117f480,6414,0x0321c000,52543488
601686,0x0117f500,1153,0x00902000,9445376
019636,0x0117f510,2687,0x014fe000,22011904
234983,0x0117f520,4725,0x024ea000,38707200
242877,0x0117f530,6415,0x0321e000,52551680
245621,0x0117f540,7774,0x03cbc000,63684608
245622,0x0117f580,7775,0x03cbe000,63692800
601688,0x0117f600,1154,0x00904000,9453568
152334,0x0117f610,3406,0x01a9c000,27901952
563770,0x0117f620,8850,0x04524000,72499200
506000,0x0117f630,9163,0x04796000,75063296
601689,0x0117f680,1155,0x00906000,9461760
019639,0x0117f690,2688,0x01500000,22020096
122211,0x0117f6a0,3029,0x017aa000,24813568
152335,0x0117f6b0,3407,0x01a9e000,27910144
506001,0x0117f6c0,9164,0x04798000,75071488
506002,0x0117f700,9165,0x0479a000,75079680
184351,0x0117f780,4081,0x01fe2000,33431552
245626,0x0117f790,7776,0x03cc0000,63700992
518680,0x0117f7a0,8529,0x042a2000,69869568
506003,0x0117f7b0,9166,0x0479c000,75087872
019593,0x0117f800,2673,0x014e2000,21897216
245627,0x0117f810,7777,0x03cc2000,63709184
152290,0x0117f880,3391,0x01a7e000,27779072
152339,0x0117f890,3408,0x01aa0000,27918336
184353,0x0117f8a0,4082,0x01fe4000,33439744
245628,0x0117f8b0,7778,0x03cc4000,63717376
506005,0x0117f8c0,9167,0x0479e000,75096064
152291,0x0117f900,3392,0x01a80000,27787264
245629,0x0117f910,7779,0x03cc6000,63725568
506006,0x0117f920,9168,0x047a0000,75104256
184356,0x0117fa00,4083,0x01fe6000,33447936
506008,0x0117fa10,9169,0x047a2000,75112448
019599,0x0117fb00,2674,0x014e4000,21905408
152295,0x0117fb10,3393,0x01a82000,27795456
243961,0x0117fb80,6968,0x03670000,57081856
245585,0x0117fb90,7754,0x03c94000,63520768
152297,0x0117fc00,3394,0x01a84000,27803648
155041,0x0117fc10,3653,0x01c8a000,29925376
245586,0x0117fc20,7755,0x03c96000,63528960
245587,0x0117fc80,7756,0x03c98000,63537152
122175,0x0117fd00,3028,0x017a8000,24805376
152299,0x0117fd10,3395,0x01a86000,27811840
243964,0x0117fd20,6969,0x03672000,57090048
245588,0x0117fd30,7757,0x03c9a000,63545344
560030,0x0117fd40,8615,0x0434e000,70574080
243965,0x0117fd80,6970,0x03674000,57098240
245589,0x0117fd90,7758,0x03c9c000,63553536
243968,0x0117ff00,6971,0x03676000,57106432
512190,0x0117ff10,9256,0x04850000,75825152
603900,0x01180080,1796,0x00e08000,14712832
603901,0x01180100,1797,0x00e0a000,14721024
137647,0x01180180,3172,0x018c8000,25985024
603903,0x01180200,1798,0x00e0c000,14729216
185444,0x01180280,4343,0x021ee000,35577856
185445,0x01180300,4344,0x021f0000,35586048
603906,0x01180380,1799,0x00e0e000,14737408
605488,0x01180390,1955,0x00f46000,16015360
513320,0x01180400,8301,0x040da000,68001792
603908,0x01180480,1800,0x00e10000,14745600
510570,0x01180490,8154,0x03fb4000,66797568
603860,0x01180500,1768,0x00dd0000,14483456
603909,0x01180510,1801,0x00e12000,14753792
603861,0x01180580,1769,0x00dd2000,14491648
115418,0x01180590,2868,0x01668000,23494656
115419,0x01180600,2869,0x0166a000,23502848
240221,0x01180610,4911,0x0265e000,40230912
511700,0x01180620,8204,0x04018000,67207168
603863,0x01180680,1770,0x00dd4000,14499840
240222,0x01180690,4912,0x02660000,40239104
561120,0x011806a0,8704,0x04400000,71303168
603866,0x01180800,1771,0x00dd6000,14508032
115374,0x01180810,2861,0x0165a000,23437312
603867,0x01180880,1772,0x00dd8000,14516224
240226,0x01180890,4913,0x02662000,40247296
513280,0x011808a0,8297,0x040d2000,67969024
603868,0x01180900,1773,0x00dda000,14524416
240227,0x01180910,4914,0x02664000,40255488
603869,0x01180980,1774,0x00ddc000,14532608
115377,0x01180990,2862,0x0165c000,23445504
240180,0x01180a00,4895,0x0263e000,40099840
511660,0x01180a80,8201,0x04012000,67182592
240182,0x01180b00,4896,0x02640000,40108032
561080,0x01180b10,8701,0x043fa000,71278592
900910,0x01180b80,2596,0x01448000,21266432
240183,0x01180b90,4897,0x02642000,40116224
600120,0x01180c00,282,0x00234000,2310144
900911,0x01180c10,2597,0x0144a000,21274624
600121,0x01180c80,283,0x00236000,2318336
900912,0x01180c90,2598,0x0144c000,21282816
600122,0x01180d00,284,0x00238000,2326528
900913,0x01180d10,2599,0x0144e000,21291008
157224,0x01180d20,3722,0x01d14000,30490624
600123,0x01180d80,285,0x0023a000,2334720
900914,0x01180d90,2600,0x01450000,21299200
152850,0x01180da0,3598,0x01c1c000,29474816
240187,0x01180db0,4898,0x02644000,40124416
900915,0x01180e00,2601,0x01452000,21307392
600125,0x01180e80,286,0x0023c000,2342912
900916,0x01180e90,2602,0x01454000,21315584
157227,0x01180ea0,3723,0x01d16000,30498816
600126,0x01180f00,287,0x0023e000,2351104
900917,0x01180f10,2603,0x01456000,21323776
138696,0x01180f20,3268,0x01988000,26771456
241310,0x01180f30,5566,0x02b7c000,45596672
600127,0x01180f80,288,0x00240000,2359296
900918,0x01180f90,2604,0x01458000,21331968
160748,0x01180fa0,3747,0x01d46000,30695424
241311,0x01180fb0,5567,0x02b7e000,45604864
600128,0x01181000,289,0x00242000,2367488
900919,0x01181010,2605,0x0145a000,21340160
155606,0x01181020,3693,0x01cda000,30253056
600080,0x01181080,244,0x001e8000,1998848
600129,0x01181090,290,0x00244000,2375680
241313,0x011810a0,5568,0x02b80000,45613056
600081,0x01181100,245,0x001ea000,2007040
152857,0x01181110,3599,0x01c1e000,29483008
600082,0x01181180,246,0x001ec000,2015232
152858,0x01181190,3600,0x01c20000,29491200
241315,0x011811a0,5569,0x02b82000,45621248
600083,0x01181200,247,0x001ee000,2023424
152859,0x01181210,3601,0x01c22000,29499392
155561,0x01181220,3690,0x01cd4000,30228480
241316,0x01181230,5570,0x02b84000,45629440
600084,0x01181280,248,0x001f0000,2031616
688330,0x01181290,2257,0x011a2000,18489344
600085,0x01181300,249,0x001f2000,2039808
688331,0x01181310,2258,0x011a4000,18497536
122737,0x01181320,3043,0x017c6000,24928256
241318,0x01181330,5571,0x02b86000,45637632
244020,0x01181340,6996,0x036a8000,57311232
000130,0x01181380,116,0x000e8000,950272
600086,0x01181390,250,0x001f4000,2048000
688332,0x011813a0,2259,0x011a6000,18505728
241270,0x011813b0,5538,0x02b44000,45367296
000131,0x01181400,117,0x000ea000,958464
600087,0x01181410,251,0x001f6000,2056192
688333,0x01181420,2260,0x011a8000,18513920
122690,0x01181430,3042,0x017c4000,24920064
163452,0x01181440,3798,0x01dac000,31113216
512750,0x01181450,8254,0x0407c000,67616768
000132,0x01181480,118,0x000ec000,966656
600088,0x01181490,252,0x001f8000,2064384
688334,0x011814a0,2261,0x011aa000,18522112
171347,0x011814b0,3833,0x01df2000,31399936
241272,0x011814c0,5539,0x02b46000,45375488
244023,0x011814d0,6997,0x036aa000,57319424
000133,0x01181500,119,0x000ee000,974848
600089,0x01181510,253,0x001fa000,2072576
688335,0x01181520,2262,0x011ac000,18530304
241273,0x01181530,5540,0x02b48000,45383680
244024,0x01181540,6998,0x036ac000,57327616
517120,0x01181550,8503,0x0426e000,69656576
000134,0x01181580,120,0x000f0000,983040
688336,0x01181590,2263,0x011ae000,18538496
242401,0x011815a0,6166,0x0302c000,50511872
000135,0x01181600,121,0x000f2000,991232
601211,0x01181610,1079,0x0086e000,8839168
688337,0x01181620,2264,0x011b0000,18546688
241275,0x01181630,5541,0x02b4a000,45391872
242402,0x01181640,6167,0x0302e000,50520064
000136,0x01181680,122,0x000f4000,999424
601212,0x01181690,1080,0x00870000,8847360
688338,0x011816a0,2265,0x011b2000,18554880
241276,0x011816b0,5542,0x02b4c000,45400064
560550,0x011816c0,8659,0x043a6000,70934528
000137,0x01181700,123,0x000f6000,1007616
688290,0x01181710,2220,0x01158000,18186240
688339,0x01181720,2266,0x011b4000,18563072
241277,0x01181730,5543,0x02b4e000,45408256
242404,0x01181740,6168,0x03030000,50528256
000138,0x01181780,124,0x000f8000,1015808
688291,0x01181790,2221,0x0115a000,18194432
241278,0x011817a0,5544,0x02b50000,45416448
242405,0x011817b0,6169,0x03032000,50536448
000090,0x01181800,78,0x0009c000,638976
000139,0x01181810,125,0x000fa000,1024000
688292,0x01181820,2222,0x0115c000,18202624
241279,0x01181830,5545,0x02b52000,45424640
242406,0x01181840,6170,0x03034000,50544640
000091,0x01181880,79,0x0009e000,647168
601216,0x01181890,1081,0x00872000,8855552
688293,0x011818a0,2223,0x0115e000,18210816
242407,0x011818b0,6171,0x03036000,50552832
000092,0x01181900,80,0x000a0000,655360
242408,0x01181910,6172,0x03038000,50561024
000093,0x01181980,81,0x000a2000,663552
601218,0x01181990,1082,0x00874000,8863744
688295,0x011819a0,2224,0x01160000,18219008
517080,0x011819b0,8499,0x04266000,69623808
563300,0x011819c0,8823,0x044ee000,72278016
000094,0x01181a00,82,0x000a4000,671744
688296,0x01181a10,2225,0x01162000,18227200
242361,0x01181a20,6146,0x03004000,50348032
588240,0x01181a30,8889,0x04572000,72818688
000095,0x01181a80,83,0x000a6000,679936
688297,0x01181a90,2226,0x01164000,18235392
000096,0x01181b00,84,0x000a8000,688128
688298,0x01181b10,2227,0x01166000,18243584
115930,0x01181b20,2988,0x01758000,24477696
188713,0x01181b30,4516,0x02348000,36995072
000097,0x01181b80,85,0x000aa000,696320
688299,0x01181b90,2228,0x01168000,18251776
019123,0x01181ba0,2647,0x014ae000,21684224
115931,0x01181bb0,2989,0x0175a000,24485888
242364,0x01181bc0,6147,0x03006000,50356224
515460,0x01181bd0,8381,0x0417a000,68657152
000098,0x01181c00,86,0x000ac000,704512
188715,0x01181c10,4517,0x0234a000,37003264
242365,0x01181c20,6148,0x03008000,50364416
000099,0x01181c80,87,0x000ae000,712704
115933,0x01181c90,2990,0x0175c000,24494080
188716,0x01181ca0,4518,0x0234c000,37011456
242366,0x01181cb0,6149,0x0300a000,50372608
242367,0x01181d00,6150,0x0300c000,50380800
601177,0x01181d80,1070,0x0085c000,8765440
245112,0x01181d90,7541,0x03aea000,61775872
115936,0x01181e00,2991,0x0175e000,24502272
185968,0x01181e10,4452,0x022c8000,36470784
242369,0x01181e20,6151,0x0300e000,50388992
245113,0x01181e30,7542,0x03aec000,61784064
601179,0x01181e80,1071,0x0085e000,8773632
245114,0x01181e90,7543,0x03aee000,61792256
115938,0x01181f00,2992,0x01760000,24510464
240740,0x01181f10,5202,0x028a4000,42614784
245115,0x01181f20,7544,0x03af0000,61800448
115890,0x01181f80,2970,0x01734000,24330240
115939,0x01181f90,2993,0x01762000,24518656
240741,0x01181fa0,5203,0x028a6000,42622976
115891,0x01182000,2971,0x01736000,24338432
245117,0x01182010,7545,0x03af2000,61808640
520920,0x01182020,8574,0x042fc000,70238208
115892,0x01182080,2972,0x01738000,24346624
240743,0x01182090,5204,0x028a8000,42631168
245118,0x011820a0,7546,0x03af4000,61816832
240744,0x01182100,5205,0x028aa000,42639360
245119,0x01182110,7547,0x03af6000,61825024
115894,0x01182180,2973,0x0173a000,24354816
188677,0x01182190,4508,0x02338000,36929536
240745,0x011821a0,5206,0x028ac000,42647552
245071,0x011821b0,7523,0x03ac6000,61628416
501080,0x011821c0,9102,0x0471c000,74563584
240746,0x01182200,5207,0x028ae000,42655744
245072,0x01182210,7524,0x03ac8000,61636608
501081,0x01182220,9103,0x0471e000,74571776
240747,0x01182280,5208,0x028b0000,42663936
501082,0x01182290,9104,0x04720000,74579968
240748,0x01182300,5209,0x028b2000,42672128
243450,0x01182310,6729,0x03492000,55123968
245074,0x01182320,7525,0x03aca000,61644800
501083,0x01182330,9105,0x04722000,74588160
605011,0x01182380,1862,0x00e8c000,15253504
240749,0x01182390,5210,0x028b4000,42680320
243451,0x011823a0,6730,0x03494000,55132160
245075,0x011823b0,7526,0x03acc000,61652992
589330,0x011823c0,8979,0x04626000,73555968
245076,0x01182400,7527,0x03ace000,61661184
501085,0x01182410,9106,0x04724000,74596352
245077,0x01182480,7528,0x03ad0000,61669376
520880,0x01182490,8570,0x042f4000,70205440
243454,0x01182500,6731,0x03496000,55140352
245078,0x01182510,7529,0x03ad2000,61677568
516550,0x01182520,8456,0x04210000,69271552
501087,0x01182530,9107,0x04726000,74604544
600640,0x01182580,711,0x0058e000,5824512
501088,0x01182590,9108,0x04728000,74612736
600641,0x01182600,709,0x0058a000,5808128
605016,0x01182610,1863,0x00e8e000,15261696
501089,0x01182620,9109,0x0472a000,74620928
600642,0x01182680,710,0x0058c000,5816320
243457,0x01182690,6732,0x03498000,55148544
600643,0x01182700,712,0x00590000,5832704
605018,0x01182710,1864,0x00e90000,15269888
600644,0x01182780,713,0x00592000,5840896
243459,0x01182790,6733,0x0349a000,55156736
600645,0x01182800,716,0x00598000,5865472
510100,0x01182810,8126,0x03f7c000,66568192
589290,0x01182820,8975,0x0461e000,73523200
241830,0x01182880,5870,0x02ddc000,48087040
600647,0x01182900,714,0x00594000,5849088
600648,0x01182980,715,0x00596000,5857280
241832,0x01182990,5871,0x02dde000,48095232
600649,0x01182a00,718,0x0059c000,5881856
241834,0x01182a80,5872,0x02de0000,48103424
241835,0x01182b00,5873,0x02de2000,48111616
241837,0x01182c00,5874,0x02de4000,48119808
241838,0x01182c80,5875,0x02de6000,48128000
244540,0x01182c90,7236,0x03888000,59277312
510060,0x01182ca0,8124,0x03f78000,66551808
603350,0x01182d00,1519,0x00bde000,12443648
171865,0x01182d10,3840,0x01e00000,31457280
603351,0x01182d80,1520,0x00be0000,12451840
241791,0x01182d90,5853,0x02dba000,47947776
603352,0x01182e00,1521,0x00be2000,12460032
244543,0x01182e10,7237,0x0388a000,59285504
603353,0x01182e80,1522,0x00be4000,12468224
244544,0x01182e90,7238,0x0388c000,59293696
241794,0x01182f00,5854,0x02dbc000,47955968
242921,0x01182f10,6437,0x0324a000,52731904
588800,0x01182f20,8930,0x045c4000,73154560
603355,0x01182f80,1523,0x00be6000,12476416
244546,0x01182f90,7239,0x0388e000,59301888
603356,0x01183000,1524,0x00be8000,12484608
242923,0x01183010,6438,0x0324c000,52740096
244547,0x01183020,7240,0x03890000,59310080
603357,0x01183080,1525,0x00bea000,12492800
242924,0x01183090,6439,0x0324e000,52748288
603358,0x01183100,1526,0x00bec000,12500992
242925,0x01183110,6440,0x03250000,52756480
244549,0x01183120,7241,0x03892000,59318272
603359,0x01183180,1527,0x00bee000,12509184
242926,0x01183190,6441,0x03252000,52764672
242927,0x01183200,6442,0x03254000,52772864
242928,0x01183280,6443,0x03256000,52781056
511150,0x01183290,8186,0x03ff4000,67059712
127589,0x01183300,3065,0x017f2000,25108480
242880,0x01183310,6416,0x03220000,52559872
242881,0x01183380,6417,0x03222000,52568064
588760,0x01183390,8926,0x045bc000,73121792
242882,0x01183400,6418,0x03224000,52576256
019642,0x01183480,2689,0x01502000,22028288
184401,0x01183490,4101,0x0200a000,33595392
242883,0x011834a0,6419,0x03226000,52584448
515980,0x01183500,8415,0x041be000,68935680
184403,0x01183580,4102,0x0200c000,33603584
242885,0x01183590,6420,0x03228000,52592640
152341,0x01183600,3409,0x01aa2000,27926528
184404,0x01183610,4103,0x0200e000,33611776
242886,0x01183620,6421,0x0322a000,52600832
601696,0x01183680,1156,0x00908000,9469952
019646,0x01183690,2690,0x01504000,22036480
152342,0x011836a0,3410,0x01aa4000,27934720
242887,0x011836b0,6422,0x0322c000,52609024
245631,0x011836c0,7780,0x03cc8000,63733760
019647,0x01183700,2691,0x01506000,22044672
242888,0x01183710,6423,0x0322e000,52617216
551060,0x01183720,8603,0x04336000,70475776
601698,0x01183780,1157,0x0090a000,9478144
184407,0x01183790,4104,0x02010000,33619968
245633,0x011837a0,7781,0x03cca000,63741952
563780,0x011837b0,8851,0x04526000,72507392
601699,0x01183800,1158,0x0090c000,9486336
136564,0x01183810,3113,0x01852000,25501696
152345,0x01183820,3411,0x01aa6000,27942912
184409,0x01183880,4105,0x02012000,33628160
245635,0x01183890,7782,0x03ccc000,63750144
152347,0x01183900,3412,0x01aa8000,27951104
184361,0x01183910,4084,0x01fe8000,33456128
245636,0x01183920,7783,0x03cce000,63758336
152349,0x01183a00,3413,0x01aaa000,27959296
184363,0x01183a10,4085,0x01fea000,33464320
245590,0x01183a80,7759,0x03c9e000,63561728
245639,0x01183a90,7784,0x03cd0000,63766528
184365,0x01183b00,4086,0x01fec000,33472512
245591,0x01183b10,7760,0x03ca0000,63569920
184367,0x01183c00,4087,0x01fee000,33480704
245593,0x01183c10,7761,0x03ca2000,63578112
512240,0x01183c20,8216,0x04030000,67305472
184368,0x01183c80,4088,0x01ff0000,33488896
245594,0x01183c90,7762,0x03ca4000,63586304
245595,0x01183d00,7763,0x03ca6000,63594496
589850,0x01183d10,9003,0x04656000,73752576
243972,0x01183d80,6972,0x03678000,57114624
245597,0x01183e00,7764,0x03ca8000,63602688
243974,0x01183e80,6973,0x0367a000,57122816
245598,0x01183e90,7765,0x03caa000,63610880
137650,0x01183f80,3173,0x018ca000,25993216
243976,0x01183f90,6974,0x0367c000,57131008
175669,0x01184000,3914,0x01e94000,32063488
243977,0x01184010,6975,0x0367e000,57139200
188200,0x01184180,4480,0x02300000,36700160
603912,0x01184300,1802,0x00e14000,14761984
137657,0x01184310,3174,0x018cc000,26001408
188204,0x01184380,4481,0x02302000,36708352
185454,0x01184400,4345,0x021f2000,35594240
603915,0x01184480,1803,0x00e16000,14770176
188206,0x01184490,4482,0x02304000,36716544
603916,0x01184500,1804,0x00e18000,14778368
603917,0x01184580,1805,0x00e1a000,14786560
605499,0x01184590,1956,0x00f48000,16023552
115425,0x011845a0,2870,0x0166c000,23511040
513330,0x011845b0,8302,0x040dc000,68009984
603918,0x01184600,1806,0x00e1c000,14794752
510580,0x01184610,8155,0x03fb6000,66805760
603919,0x01184680,1807,0x00e1e000,14802944
603871,0x01184700,1775,0x00dde000,14540800
232343,0x01184710,4634,0x02434000,37961728
115381,0x01184800,2863,0x0165e000,23453696
561130,0x01184810,8705,0x04402000,71311360
603876,0x01184980,1776,0x00de0000,14548992
240235,0x01184990,4915,0x02666000,40263680
603877,0x01184a00,1777,0x00de2000,14557184
240236,0x01184a10,4916,0x02668000,40271872
513290,0x01184a20,8298,0x040d4000,67977216
603878,0x01184a80,1778,0x00de4000,14565376
115386,0x01184a90,2864,0x01660000,23461888
152900,0x01184aa0,3613,0x01c3a000,29597696
603879,0x01184b00,1779,0x00de6000,14573568
152901,0x01184b10,3614,0x01c3c000,29605888
240239,0x01184b80,4917,0x0266a000,40280064
138746,0x01184c00,3270,0x0198c000,26787840
511670,0x01184c10,8202,0x04014000,67190784
240192,0x01184c80,4899,0x02646000,40132608
561090,0x01184c90,8702,0x043fc000,71286784
900920,0x01184d00,2606,0x0145c000,21348352
160750,0x01184d10,3748,0x01d48000,30703616
600130,0x01184d80,291,0x00246000,2383872
900921,0x01184d90,2607,0x0145e000,21356544
600131,0x01184e00,292,0x00248000,2392064
900922,0x01184e10,2608,0x01460000,21364736
152907,0x01184e20,3615,0x01c3e000,29614080
600132,0x01184e80,293,0x0024a000,2400256
900923,0x01184e90,2609,0x01462000,21372928
152908,0x01184ea0,3616,0x01c40000,29622272
240196,0x01184eb0,4900,0x02648000,40140800
600133,0x01184f00,294,0x0024c000,2408448
900924,0x01184f10,2610,0x01464000,21381120
152909,0x01184f20,3617,0x01c42000,29630464
900925,0x01184f80,2611,0x01466000,21389312
600135,0x01185000,295,0x0024e000,2416640
900926,0x01185010,2612,0x01468000,21397504
600136,0x01185080,296,0x00250000,2424832
900927,0x01185090,2613,0x0146a000,21405696
155614,0x011850a0,3694,0x01cdc000,30261248
551580,0x011850b0,8610,0x04344000,70533120
600137,0x01185100,297,0x00252000,2433024
900928,0x01185110,2614,0x0146c000,21413888
155615,0x01185120,3695,0x01cde000,30269440
241321,0x01185130,5572,0x02b88000,45645824
512800,0x01185140,8256,0x04080000,67633152
600138,0x01185180,298,0x00254000,2441216
900929,0x01185190,2615,0x0146e000,21422080
231811,0x011851a0,4602,0x023f4000,37699584
241322,0x011851b0,5573,0x02b8a000,45654016
600090,0x01185200,254,0x001fc000,2080768
600139,0x01185210,299,0x00256000,2449408
600091,0x01185280,255,0x001fe000,2088960
230686,0x01185290,4581,0x023ca000,37527552
241324,0x011852a0,5574,0x02b8c000,45662208
600093,0x01185380,256,0x00200000,2097152
152869,0x01185390,3602,0x01c24000,29507584
171352,0x011853a0,3834,0x01df4000,31408128
241326,0x011853b0,5575,0x02b8e000,45670400
600094,0x01185400,257,0x00202000,2105344
147727,0x01185410,3346,0x01a24000,27410432
241327,0x01185420,5576,0x02b90000,45678592
600095,0x01185480,258,0x00204000,2113536
163460,0x01185490,3799,0x01dae000,31121408
241328,0x011854a0,5577,0x02b92000,45686784
600096,0x01185500,259,0x00206000,2121728
163461,0x01185510,3800,0x01db0000,31129600
241280,0x01185520,5546,0x02b54000,45432832
000141,0x01185580,126,0x000fc000,1032192
600097,0x01185590,260,0x00208000,2129920
688343,0x011855a0,2267,0x011b6000,18571264
241281,0x011855b0,5547,0x02b56000,45441024
244032,0x011855c0,6999,0x036ae000,57335808
512760,0x011855d0,8253,0x0407a000,67608576
000142,0x01185600,127,0x000fe000,1040384
600098,0x01185610,261,0x0020a000,2138112
244033,0x01185620,7000,0x036b0000,57344000
600099,0x01185680,262,0x0020c000,2146304
688345,0x01185690,2268,0x011b8000,18579456
163464,0x011856a0,3801,0x01db2000,31137792
231772,0x011856b0,4601,0x023f2000,37691392
244034,0x011856c0,7001,0x036b2000,57352192
517130,0x011856d0,8504,0x04270000,69664768
171359,0x01185700,3835,0x01df6000,31416320
241284,0x01185710,5548,0x02b58000,45449216
244035,0x01185720,7002,0x036b4000,57360384
000145,0x01185780,128,0x00100000,1048576
688347,0x01185790,2269,0x011ba000,18587648
244036,0x011857a0,7003,0x036b6000,57368576
000146,0x01185800,129,0x00102000,1056768
601222,0x01185810,1083,0x00876000,8871936
688348,0x01185820,2270,0x011bc000,18595840
244037,0x01185830,7004,0x036b8000,57376768
560560,0x01185840,8660,0x043a8000,70942720
000147,0x01185880,130,0x00104000,1064960
688349,0x01185890,2271,0x011be000,18604032
241287,0x011858a0,5549,0x02b5a000,45457408
242414,0x011858b0,6173,0x0303a000,50569216
000148,0x01185900,131,0x00106000,1073152
241288,0x01185910,5550,0x02b5c000,45465600
242415,0x01185920,6174,0x0303c000,50577408
000149,0x01185980,132,0x00108000,1081344
601225,0x01185990,1084,0x00878000,8880128
241289,0x011859a0,5551,0x02b5e000,45473792
242416,0x011859b0,6175,0x0303e000,50585600
601226,0x01185a00,1085,0x0087a000,8888320
242417,0x01185a10,6176,0x03040000,50593792
242418,0x01185a80,6177,0x03042000,50601984
601228,0x01185b00,1086,0x0087c000,8896512
517090,0x01185b10,8500,0x04268000,69632000
601229,0x01185b80,1087,0x0087e000,8904704
185970,0x01185b90,4453,0x022ca000,36478976
588250,0x01185ba0,8890,0x04574000,72826880
232903,0x01185c00,4658,0x02464000,38158336
242372,0x01185c10,6152,0x03010000,50397184
115940,0x01185c80,2994,0x01764000,24526848
232904,0x01185c90,4659,0x02466000,38166528
115941,0x01185d00,2995,0x01766000,24535040
115943,0x01185e00,2996,0x01768000,24543232
245120,0x01185e10,7548,0x03af8000,61833216
601186,0x01185e80,1072,0x00860000,8781824
188727,0x01185e90,4519,0x0234e000,37019648
232908,0x01185ea0,4660,0x02468000,38174720
245121,0x01185eb0,7549,0x03afa000,61841408
601187,0x01185f00,1073,0x00862000,8790016
115945,0x01185f10,2997,0x0176a000,24551424
198239,0x01185f20,4570,0x023b4000,37437440
513850,0x01185f30,8331,0x04116000,68247552
601188,0x01185f80,1074,0x00864000,8798208
242379,0x01185f90,6153,0x03012000,50405376
245123,0x01185fa0,7550,0x03afc000,61849600
115947,0x01186000,2998,0x0176c000,24559616
245124,0x01186010,7551,0x03afe000,61857792
188682,0x01186080,4509,0x0233a000,36937728
240750,0x01186090,5211,0x028b6000,42688512
245125,0x011860a0,7552,0x03b00000,61865984
188683,0x01186100,4510,0x0233c000,36945920
243502,0x01186110,6756,0x034c8000,55345152
245126,0x01186120,7553,0x03b02000,61874176
240752,0x01186180,5212,0x028b8000,42696704
245127,0x01186190,7554,0x03b04000,61882368
520930,0x011861a0,8575,0x042fe000,70246400
136058,0x01186200,3093,0x0182a000,25337856
245128,0x01186210,7555,0x03b06000,61890560
516600,0x01186220,8461,0x0421a000,69312512
243505,0x01186280,6757,0x034ca000,55353344
245129,0x01186290,7556,0x03b08000,61898752
243506,0x01186300,6758,0x034cc000,55361536
245081,0x01186310,7530,0x03ad4000,61685760
501090,0x01186320,9110,0x0472c000,74629120
240756,0x01186380,5213,0x028ba000,42704896
501091,0x01186390,9111,0x0472e000,74637312
243508,0x01186400,6759,0x034ce000,55369728
501092,0x01186410,9112,0x04730000,74645504
605020,0x01186480,1865,0x00e92000,15278080
240758,0x01186490,5214,0x028bc000,42713088
243460,0x011864a0,6734,0x0349c000,55164928
501093,0x011864b0,9113,0x04732000,74653696
240759,0x01186500,5215,0x028be000,42721280
243461,0x01186510,6735,0x0349e000,55173120
245085,0x01186520,7531,0x03ad6000,61693952
245086,0x01186580,7532,0x03ad8000,61702144
501095,0x01186590,9114,0x04734000,74661888
520890,0x01186600,8571,0x042f6000,70213632
501096,0x01186610,9115,0x04736000,74670080
516560,0x01186680,8457,0x04212000,69279744
501097,0x01186690,9116,0x04738000,74678272
600650,0x01186700,717,0x0059a000,5873664
501098,0x01186710,9117,0x0473a000,74686464
600651,0x01186780,719,0x0059e000,5890048
501099,0x01186790,9118,0x0473c000,74694656
600652,0x01186800,720,0x005a0000,5898240
140660,0x01186810,3296,0x019c0000,27000832
600653,0x01186880,721,0x005a2000,5906432
605028,0x01186890,1866,0x00e94000,15286272
243468,0x011868a0,6736,0x034a0000,55181312
600654,0x01186900,722,0x005a4000,5914624
600655,0x01186980,723,0x005a6000,5922816
603400,0x01186a00,1559,0x00c2e000,12771328
600657,0x01186a80,724,0x005a8000,5931008
600658,0x01186b00,725,0x005aa000,5939200
603402,0x01186b10,1560,0x00c30000,12779520
241842,0x01186b20,5876,0x02de8000,48136192
233957,0x01186c00,4704,0x024c0000,38535168
241845,0x01186c80,5877,0x02dea000,48144384
603406,0x01186d00,1561,0x00c32000,12787712
241846,0x01186d10,5878,0x02dec000,48152576
603407,0x01186d80,1562,0x00c34000,12795904
241847,0x01186d90,5879,0x02dee000,48160768
603408,0x01186e00,1563,0x00c36000,12804096
241848,0x01186e10,5880,0x02df0000,48168960
603360,0x01186e80,1528,0x00bf0000,12517376
603409,0x01186e90,1564,0x00c38000,12812288
241849,0x01186ea0,5881,0x02df2000,48177152
244551,0x01186eb0,7242,0x03894000,59326464
244552,0x01186f00,7243,0x03896000,59334656
236708,0x01186f80,4777,0x02552000,39133184
511200,0x01186f90,8190,0x03ffc000,67092480
603363,0x01187000,1529,0x00bf2000,12525568
127639,0x01187010,3066,0x017f4000,25116672
242930,0x01187020,6444,0x03258000,52789248
244554,0x01187030,7244,0x03898000,59342848
588810,0x01187080,8931,0x045c6000,73162752
603365,0x01187100,1530,0x00bf4000,12533760
242932,0x01187110,6445,0x0325a000,52797440
244556,0x01187120,7245,0x0389a000,59351040
603366,0x01187180,1531,0x00bf6000,12541952
242933,0x01187190,6446,0x0325c000,52805632
244557,0x011871a0,7246,0x0389c000,59359232
603367,0x01187200,1532,0x00bf8000,12550144
242934,0x01187210,6447,0x0325e000,52813824
603368,0x01187280,1533,0x00bfa000,12558336
242935,0x01187290,6448,0x03260000,52822016
244559,0x011872a0,7247,0x0389e000,59367424
603369,0x01187300,1534,0x00bfc000,12566528
136610,0x01187310,3116,0x01858000,25526272
242938,0x01187400,6449,0x03262000,52830208
511160,0x01187410,8187,0x03ff6000,67067904
242939,0x01187480,6450,0x03264000,52838400
563830,0x01187490,8854,0x0452c000,72531968
588770,0x01187500,8927,0x045be000,73129984
019653,0x01187680,2692,0x01508000,22052864
184412,0x01187690,4106,0x02014000,33636352
515990,0x011876a0,8416,0x041c0000,68943872
152350,0x01187700,3414,0x01aac000,27967488
019655,0x01187780,2693,0x0150a000,22061056
136619,0x01187790,3117,0x0185a000,25534464
155102,0x011877a0,3657,0x01c92000,29958144
136571,0x01187800,3114,0x01854000,25509888
152352,0x01187810,3415,0x01aae000,27975680
155103,0x01187820,3658,0x01c94000,29966336
184415,0x01187830,4107,0x02016000,33644544
242897,0x01187840,6424,0x03230000,52625408
245641,0x01187850,7785,0x03cd2000,63774720
019657,0x01187880,2694,0x0150c000,22069248
245642,0x01187890,7786,0x03cd4000,63782912
152354,0x01187900,3416,0x01ab0000,27983872
242899,0x01187910,6425,0x03232000,52633600
563790,0x01187920,8852,0x04528000,72515584
155106,0x01187980,3659,0x01c96000,29974528
184418,0x01187990,4108,0x02018000,33652736
184370,0x01187a00,4089,0x01ff2000,33497088
184419,0x01187a10,4109,0x0201a000,33660928
589900,0x01187a20,9007,0x0465e000,73785344
152358,0x01187b00,3417,0x01ab2000,27992064
184372,0x01187b10,4090,0x01ff4000,33505280
245648,0x01187b80,7787,0x03cd6000,63791104
136579,0x01187c00,3115,0x01856000,25518080
175717,0x01187c10,3916,0x01e98000,32079872
245649,0x01187c20,7788,0x03cd8000,63799296
137700,0x01187c80,3185,0x018e2000,26091520
184375,0x01187c90,4091,0x01ff6000,33513472
175670,0x01187d00,3915,0x01e96000,32071680
184377,0x01187d80,4092,0x01ff8000,33521664
512250,0x01187d90,8217,0x04032000,67313664
243980,0x01187e00,6976,0x03680000,57147392
589860,0x01187e80,9004,0x04658000,73760768
155061,0x01187f00,3654,0x01c8c000,29933568
243983,0x01187f80,6977,0x03682000,57155584
510630,0x01187f90,8158,0x03fbc000,66830336
243984,0x01188000,6978,0x03684000,57163776
560050,0x01188010,8616,0x04350000,70582272
185503,0x01188080,4354,0x02204000,35667968
515000,0x01188090,8344,0x04130000,68354048
137660,0x01188100,3175,0x018ce000,26009600
137709,0x01188110,3186,0x018e4000,26099712
243986,0x01188120,6979,0x03686000,57171968
185506,0x01188200,4355,0x02206000,35676160
243988,0x01188210,6980,0x03688000,57180160
137663,0x01188280,3176,0x018d0000,26017792
603920,0x01188380,1808,0x00e20000,14811136
603922,0x01188480,1809,0x00e22000,14819328
603926,0x01188680,1810,0x00e24000,14827520
185466,0x01188690,4346,0x021f4000,35602432
603927,0x01188700,1811,0x00e26000,14835712
603928,0x01188780,1812,0x00e28000,14843904
510590,0x01188790,8156,0x03fb8000,66813952
603880,0x01188800,1780,0x00de8000,14581760
603929,0x01188810,1813,0x00e2a000,14852096
603881,0x01188880,1781,0x00dea000,14589952
603882,0x01188900,1782,0x00dec000,14598144
603883,0x01188980,1783,0x00dee000,14606336
240242,0x01188990,4918,0x0266c000,40288256
115392,0x01188a00,2865,0x01662000,23470080
240243,0x01188a10,4919,0x0266e000,40296448
603885,0x01188a80,1784,0x00df0000,14614528
240244,0x01188a90,4920,0x02670000,40304640
603886,0x01188b00,1785,0x00df2000,14622720
603887,0x01188b80,1786,0x00df4000,14630912
240246,0x01188b90,4921,0x02672000,40312832
603888,0x01188c00,1787,0x00df6000,14639104
240247,0x01188c10,4922,0x02674000,40321024
603889,0x01188c80,1788,0x00df8000,14647296
124411,0x01188c90,3047,0x017ce000,24961024
240248,0x01188ca0,4923,0x02676000,40329216
240249,0x01188d00,4924,0x02678000,40337408
143899,0x01188d80,3335,0x01a0e000,27320320
152913,0x01188d90,3618,0x01c44000,29638656
138757,0x01188e00,3271,0x0198e000,26796032
900930,0x01188e80,2616,0x01470000,21430272
516050,0x01188e90,8420,0x041c8000,68976640
124416,0x01188f00,3048,0x017d0000,24969216
152916,0x01188f10,3619,0x01c46000,29646848
600141,0x01188f80,300,0x00258000,2457600
900932,0x01188f90,2617,0x01472000,21438464
152917,0x01188fa0,3620,0x01c48000,29655040
900933,0x01189000,2618,0x01474000,21446656
152918,0x01189010,3621,0x01c4a000,29663232
600143,0x01189080,301,0x0025a000,2465792
900934,0x01189090,2619,0x01476000,21454848
152870,0x011890a0,3603,0x01c26000,29515776
152919,0x011890b0,3622,0x01c4c000,29671424
600145,0x01189180,302,0x0025c000,2473984
900936,0x01189190,2620,0x01478000,21463040
152872,0x011891a0,3604,0x01c28000,29523968
600146,0x01189200,303,0x0025e000,2482176
900937,0x01189210,2621,0x0147a000,21471232
152873,0x01189220,3605,0x01c2a000,29532160
241330,0x01189230,5578,0x02b94000,45694976
900938,0x01189280,2622,0x0147c000,21479424
147731,0x01189290,3347,0x01a26000,27418624
152874,0x011892a0,3606,0x01c2c000,29540352
512810,0x011892b0,8257,0x04082000,67641344
600148,0x01189300,304,0x00260000,2490368
900939,0x01189310,2623,0x0147e000,21487616
241332,0x01189320,5579,0x02b96000,45703168
600149,0x01189380,305,0x00262000,2498560
155627,0x01189390,3696,0x01ce0000,30277632
152877,0x01189400,3607,0x01c2e000,29548544
241334,0x01189410,5580,0x02b98000,45711360
231824,0x01189480,4603,0x023f6000,37707776
241335,0x01189490,5581,0x02b9a000,45719552
152879,0x01189500,3608,0x01c30000,29556736
231825,0x01189510,4604,0x023f8000,37715968
241336,0x01189520,5582,0x02b9c000,45727744
560610,0x01189530,8664,0x043b0000,70975488
688350,0x01189580,2272,0x011c0000,18612224
688351,0x01189600,2273,0x011c2000,18620416
241338,0x01189610,5583,0x02b9e000,45735936
244040,0x01189620,7005,0x036ba000,57384960
000150,0x01189680,133,0x0010a000,1089536
688352,0x01189690,2274,0x011c4000,18628608
147739,0x011896a0,3348,0x01a28000,27426816
241290,0x011896b0,5552,0x02b60000,45481984
241339,0x011896c0,5584,0x02ba0000,45744128
244041,0x011896d0,7006,0x036bc000,57393152
000151,0x01189700,134,0x0010c000,1097728
688353,0x01189710,2275,0x011c6000,18636800
155585,0x01189720,3691,0x01cd6000,30236672
163472,0x01189730,3802,0x01db4000,31145984
241291,0x01189740,5553,0x02b62000,45490176
512770,0x01189750,8255,0x0407e000,67624960
000152,0x01189780,135,0x0010e000,1105920
000153,0x01189800,136,0x00110000,1114112
688355,0x01189810,2276,0x011c8000,18644992
241293,0x01189820,5554,0x02b64000,45498368
242420,0x01189830,6178,0x03044000,50610176
244044,0x01189840,7007,0x036be000,57401344
688356,0x01189880,2277,0x011ca000,18653184
244045,0x01189890,7008,0x036c0000,57409536
588300,0x011898a0,8895,0x0457e000,72867840
000155,0x01189900,137,0x00112000,1122304
601231,0x01189910,1088,0x00880000,8912896
688357,0x01189920,2278,0x011cc000,18661376
236152,0x01189930,4768,0x02540000,39059456
688358,0x01189980,2279,0x011ce000,18669568
241296,0x01189990,5555,0x02b66000,45506560
242423,0x011899a0,6179,0x03046000,50618368
244047,0x011899b0,7009,0x036c2000,57417728
560570,0x011899c0,8661,0x043aa000,70950912
601233,0x01189a00,1089,0x00882000,8921088
688359,0x01189a10,2280,0x011d0000,18677760
163478,0x01189a20,3803,0x01db6000,31154176
241297,0x01189a30,5556,0x02b68000,45514752
242424,0x01189a40,6180,0x03048000,50626560
204091,0x01189a50,8117,0x03f6a000,66494464
000158,0x01189a80,138,0x00114000,1130496
241298,0x01189a90,5557,0x02b6a000,45522944
242425,0x01189aa0,6181,0x0304a000,50634752
244049,0x01189ab0,7010,0x036c4000,57425920
000159,0x01189b00,139,0x00116000,1138688
601236,0x01189b80,1090,0x00884000,8929280
242427,0x01189b90,6182,0x0304c000,50642944
242428,0x01189c00,6183,0x0304e000,50651136
513900,0x01189c10,8336,0x04120000,68288512
601238,0x01189c80,1091,0x00886000,8937472
188730,0x01189c90,4520,0x02350000,37027840
242380,0x01189ca0,6154,0x03014000,50413568
563320,0x01189cb0,8824,0x044f0000,72286208
188731,0x01189d00,4521,0x02352000,37036032
588260,0x01189d10,8891,0x04576000,72835072
185981,0x01189d80,4454,0x022cc000,36487168
240801,0x01189e00,5236,0x028e8000,42893312
185983,0x01189e80,4455,0x022ce000,36495360
515480,0x01189e90,8382,0x0417c000,68665344
561700,0x01189ea0,8745,0x04452000,71639040
115952,0x01189f00,2999,0x0176e000,24567808
240803,0x01189f10,5237,0x028ea000,42901504
242385,0x01189f20,6155,0x03016000,50421760
240804,0x01189f80,5238,0x028ec000,42909696
245130,0x01189f90,7557,0x03b0a000,61906944
240805,0x0118a000,5239,0x028ee000,42917888
242387,0x0118a010,6156,0x03018000,50429952
245131,0x0118a020,7558,0x03b0c000,61915136
115955,0x0118a080,3000,0x01770000,24576000
242388,0x0118a090,6157,0x0301a000,50438144
245132,0x0118a0a0,7559,0x03b0e000,61923328
513860,0x0118a0b0,8332,0x04118000,68255744
601198,0x0118a100,1075,0x00866000,8806400
115956,0x0118a110,3001,0x01772000,24584192
175201,0x0118a120,3895,0x01e6e000,31907840
188739,0x0118a130,4522,0x02354000,37044224
242389,0x0118a140,6158,0x0301c000,50446336
563280,0x0118a150,8822,0x044ec000,72269824
601199,0x0118a180,1076,0x00868000,8814592
115957,0x0118a190,3002,0x01774000,24592384
188691,0x0118a1a0,4511,0x0233e000,36954112
245134,0x0118a1b0,7560,0x03b10000,61931520
188692,0x0118a200,4512,0x02340000,36962304
240809,0x0118a210,5240,0x028f0000,42926080
240761,0x0118a280,5216,0x028c0000,42729472
188694,0x0118a300,4513,0x02342000,36970496
245137,0x0118a310,7561,0x03b12000,61939712
520940,0x0118a320,8576,0x04300000,70254592
561660,0x0118a330,8743,0x0444e000,71622656
243514,0x0118a380,6760,0x034d0000,55377920
245138,0x0118a390,7562,0x03b14000,61947904
516610,0x0118a3a0,8462,0x0421c000,69320704
240764,0x0118a400,5217,0x028c2000,42737664
245090,0x0118a410,7533,0x03ada000,61710336
600701,0x0118a480,761,0x005f2000,6234112
240765,0x0118a490,5218,0x028c4000,42745856
600702,0x0118a500,762,0x005f4000,6242304
243517,0x0118a510,6761,0x034d2000,55386112
600703,0x0118a580,763,0x005f6000,6250496
245093,0x0118a590,7534,0x03adc000,61718528
600704,0x0118a600,764,0x005f8000,6258688
240768,0x0118a610,5219,0x028c6000,42754048
243470,0x0118a620,6737,0x034a2000,55189504
600705,0x0118a680,765,0x005fa000,6266880
243471,0x0118a690,6738,0x034a4000,55197696
589350,0x0118a6a0,8980,0x04628000,73564160
600706,0x0118a700,766,0x005fc000,6275072
600707,0x0118a780,767,0x005fe000,6283264
605033,0x0118a790,1867,0x00e96000,15294464
243473,0x0118a7a0,6739,0x034a6000,55205888
600708,0x0118a800,768,0x00600000,6291456
175166,0x0118a810,3892,0x01e68000,31883264
245098,0x0118a820,7535,0x03ade000,61726720
516570,0x0118a830,8458,0x04214000,69287936
600660,0x0118a880,726,0x005ac000,5947392
243475,0x0118a890,6740,0x034a8000,55214080
245099,0x0118a8a0,7536,0x03ae0000,61734912
600661,0x0118a900,727,0x005ae000,5955584
243476,0x0118a910,6741,0x034aa000,55222272
600662,0x0118a980,728,0x005b0000,5963776
243477,0x0118a990,6742,0x034ac000,55230464
600663,0x0118aa00,729,0x005b2000,5971968
243478,0x0118aa10,6743,0x034ae000,55238656
600664,0x0118aa80,730,0x005b4000,5980160
243479,0x0118aa90,6744,0x034b0000,55246848
600665,0x0118ab00,731,0x005b6000,5988352
600666,0x0118ab80,732,0x005b8000,5996544
244601,0x0118ab90,7276,0x038d8000,59604992
600667,0x0118ac00,733,0x005ba000,6004736
241851,0x0118ac10,5882,0x02df4000,48185344
244602,0x0118ac20,7277,0x038da000,59613184
600668,0x0118ac80,734,0x005bc000,6012928
241852,0x0118ac90,5883,0x02df6000,48193536
244603,0x0118aca0,7278,0x038dc000,59621376
241854,0x0118ad80,5884,0x02df8000,48201728
517660,0x0118ae00,8519,0x0428e000,69787648
603416,0x0118ae80,1565,0x00c3a000,12820480
241857,0x0118af00,5885,0x02dfa000,48209920
244608,0x0118af10,7279,0x038de000,59629568
603418,0x0118af80,1566,0x00c3c000,12828672
241858,0x0118af90,5886,0x02dfc000,48218112
244560,0x0118afa0,7248,0x038a0000,59375616
244609,0x0118afb0,7280,0x038e0000,59637760
603370,0x0118b000,1535,0x00bfe000,12574720
244561,0x0118b010,7249,0x038a2000,59383808
244562,0x0118b080,7250,0x038a4000,59392000
603373,0x0118b180,1536,0x00c00000,12582912
244564,0x0118b190,7251,0x038a6000,59400192
588820,0x0118b200,8932,0x045c8000,73170944
603375,0x0118b280,1537,0x00c02000,12591104
019701,0x0118b290,2715,0x01536000,22241280
603376,0x0118b300,1538,0x00c04000,12599296
019702,0x0118b310,2716,0x01538000,22249472
244567,0x0118b320,7252,0x038a8000,59408384
603377,0x0118b380,1539,0x00c06000,12607488
244568,0x0118b390,7253,0x038aa000,59416576
603378,0x0118b400,1540,0x00c08000,12615680
152400,0x0118b410,3436,0x01ad8000,28147712
603379,0x0118b480,1541,0x00c0a000,12623872
019705,0x0118b490,2717,0x0153a000,22257664
152401,0x0118b4a0,3437,0x01ada000,28155904
242946,0x0118b4b0,6451,0x03266000,52846592
136621,0x0118b500,3118,0x0185c000,25542656
019707,0x0118b580,2718,0x0153c000,22265856
019708,0x0118b600,2719,0x0153e000,22274048
242949,0x0118b610,6452,0x03268000,52854784
136624,0x0118b680,3119,0x0185e000,25550848
588780,0x0118b690,8928,0x045c0000,73138176
019661,0x0118b700,2695,0x0150e000,22077440
152406,0x0118b710,3438,0x01adc000,28164096
019662,0x0118b780,2696,0x01510000,22085632
152408,0x0118b800,3439,0x01ade000,28172288
184422,0x0118b810,4110,0x0201c000,33669120
152360,0x0118b880,3418,0x01ab4000,28000256
152409,0x0118b890,3440,0x01ae0000,28180480
184423,0x0118b8a0,4111,0x0201e000,33677312
019665,0x0118b900,2697,0x01512000,22093824
152361,0x0118b910,3419,0x01ab6000,28008448
184424,0x0118b920,4112,0x02020000,33685504
245650,0x0118b930,7789,0x03cda000,63807488
019667,0x0118ba00,2698,0x01514000,22102016
184426,0x0118ba10,4113,0x02022000,33693696
019668,0x0118ba80,2699,0x01516000,22110208
245653,0x0118ba90,7790,0x03cdc000,63815680
245654,0x0118bb00,7791,0x03cde000,63823872
152366,0x0118bb80,3420,0x01ab8000,28016640
155117,0x0118bb90,3660,0x01c98000,29982720
184380,0x0118bba0,4093,0x01ffa000,33529856
184429,0x0118bbb0,4114,0x02024000,33701888
184381,0x0118bc00,4094,0x01ffc000,33538048
184382,0x0118bc80,4095,0x01ffe000,33546240
560100,0x0118bd00,8621,0x0435a000,70623232
184384,0x0118bd80,4096,0x02000000,33554432
137711,0x0118be80,3187,0x018e6000,26107904
147180,0x0118be90,3336,0x01a10000,27328512
137712,0x0118bf00,3188,0x018e8000,26116096
184387,0x0118bf10,4097,0x02002000,33562624
512260,0x0118bf20,8218,0x04034000,67321856
184388,0x0118bf80,4098,0x02004000,33570816
243990,0x0118bf90,6981,0x0368a000,57188352
243993,0x0118c100,6982,0x0368c000,57196544
560060,0x0118c180,8617,0x04352000,70590464
605555,0x0118c200,1959,0x00f4e000,16048128
243995,0x0118c210,6983,0x0368e000,57204736
515010,0x0118c220,8345,0x04132000,68362240
231277,0x0118c280,4592,0x023e0000,37617664
243996,0x0118c290,6984,0x03690000,57212928
243997,0x0118c300,6985,0x03692000,57221120
243998,0x0118c380,6986,0x03694000,57229312
185518,0x0118c480,4356,0x02208000,35684352
137675,0x0118c500,3177,0x018d2000,26025984
603931,0x0118c580,1814,0x00e2c000,14860288
137677,0x0118c600,3178,0x018d4000,26034176
603933,0x0118c680,1815,0x00e2e000,14868480
137679,0x0118c700,3179,0x018d6000,26042368
185475,0x0118c780,4347,0x021f6000,35610624
603936,0x0118c800,1816,0x00e30000,14876672
603937,0x0118c880,1817,0x00e32000,14884864
232360,0x0118c890,4635,0x02436000,37969920
513350,0x0118c8a0,8303,0x040de000,68018176
603938,0x0118c900,1818,0x00e34000,14893056
603890,0x0118c980,1789,0x00dfa000,14655488
603939,0x0118c990,1819,0x00e36000,14901248
243001,0x0118ca00,6484,0x032a8000,53116928
243002,0x0118ca80,6485,0x032aa000,53125120
603893,0x0118cb00,1790,0x00dfc000,14663680
240252,0x0118cb10,4925,0x0267a000,40345600
243003,0x0118cb20,6486,0x032ac000,53133312
516100,0x0118cb80,8425,0x041d2000,69017600
603895,0x0118cc00,1791,0x00dfe000,14671872
232367,0x0118cc10,4636,0x02438000,37978112
240254,0x0118cc20,4926,0x0267c000,40353792
243005,0x0118cc30,6487,0x032ae000,53141504
603896,0x0118cc80,1792,0x00e00000,14680064
240255,0x0118cc90,4927,0x0267e000,40361984
603897,0x0118cd00,1793,0x00e02000,14688256
240256,0x0118cd10,4928,0x02680000,40370176
603898,0x0118cd80,1794,0x00e04000,14696448
188189,0x0118cd90,4479,0x022fe000,36691968
603899,0x0118ce00,1795,0x00e06000,14704640
152921,0x0118ce10,3623,0x01c4e000,29679616
240258,0x0118ce20,4929,0x02682000,40378368
243009,0x0118ce30,6488,0x032b0000,53149696
152923,0x0118cf00,3624,0x01c50000,29687808
511690,0x0118cf10,8203,0x04016000,67198976
152924,0x0118cf80,3625,0x01c52000,29696000
900940,0x0118d000,2624,0x01480000,21495808
516060,0x0118d010,8421,0x041ca000,68984832
600150,0x0118d080,306,0x00264000,2506752
900941,0x0118d090,2625,0x01482000,21504000
600151,0x0118d100,307,0x00266000,2514944
900942,0x0118d110,2626,0x01484000,21512192
600152,0x0118d180,308,0x00268000,2523136
900943,0x0118d190,2627,0x01486000,21520384
152928,0x0118d1a0,3626,0x01c54000,29704192
600153,0x0118d200,309,0x0026a000,2531328
152929,0x0118d210,3627,0x01c56000,29712384
688400,0x0118d280,2316,0x01218000,18972672
900945,0x0118d290,2628,0x01488000,21528576
600155,0x0118d300,310,0x0026c000,2539520
688401,0x0118d310,2317,0x0121a000,18980864
900946,0x0118d320,2629,0x0148a000,21536768
152882,0x0118d330,3609,0x01c32000,29564928
600156,0x0118d380,311,0x0026e000,2547712
900947,0x0118d390,2630,0x0148c000,21544960
152883,0x0118d3a0,3610,0x01c34000,29573120
241340,0x0118d3b0,5585,0x02ba2000,45752320
600157,0x0118d400,312,0x00270000,2555904
688403,0x0118d410,2318,0x0121c000,18989056
900948,0x0118d420,2631,0x0148e000,21553152
241341,0x0118d430,5586,0x02ba4000,45760512
512820,0x0118d440,8258,0x04084000,67649536
600158,0x0118d480,313,0x00272000,2564096
233455,0x0118d490,4679,0x0248e000,38330368
600159,0x0118d500,314,0x00274000,2572288
241343,0x0118d510,5587,0x02ba6000,45768704
241345,0x0118d600,5588,0x02ba8000,45776896
688408,0x0118d680,2319,0x0121e000,18997248
241346,0x0118d690,5589,0x02baa000,45785088
560620,0x0118d6a0,8665,0x043b2000,70983680
688360,0x0118d700,2281,0x011d2000,18685952
688409,0x0118d710,2320,0x01220000,19005440
688361,0x0118d780,2282,0x011d4000,18694144
241348,0x0118d790,5590,0x02bac000,45793280
244050,0x0118d7a0,7011,0x036c6000,57434112
000160,0x0118d800,140,0x00118000,1146880
688362,0x0118d810,2283,0x011d6000,18702336
155594,0x0118d820,3692,0x01cd8000,30244864
244051,0x0118d830,7012,0x036c8000,57442304
000161,0x0118d880,141,0x0011a000,1155072
688363,0x0118d890,2284,0x011d8000,18710528
244052,0x0118d8a0,7013,0x036ca000,57450496
000162,0x0118d900,142,0x0011c000,1163264
244053,0x0118d910,7014,0x036cc000,57458688
688365,0x0118d980,2285,0x011da000,18718720
242430,0x0118d990,6184,0x03050000,50659328
244054,0x0118d9a0,7015,0x036ce000,57466880
688366,0x0118da00,2286,0x011dc000,18726912
242431,0x0118da10,6185,0x03052000,50667520
588310,0x0118da20,8896,0x04580000,72876032
688367,0x0118da80,2287,0x011de000,18735104
242432,0x0118da90,6186,0x03054000,50675712
688368,0x0118db00,2288,0x011e0000,18743296
560580,0x0118db10,8662,0x043ac000,70959104
688369,0x0118db80,2289,0x011e2000,18751488
242434,0x0118db90,6187,0x03056000,50683904
515530,0x0118dba0,8383,0x0417e000,68673536
242435,0x0118dc00,6188,0x03058000,50692096
244059,0x0118dc10,7016,0x036d0000,57475072
242436,0x0118dc80,6189,0x0305a000,50700288
242437,0x0118dd00,6190,0x0305c000,50708480
513910,0x0118dd80,8337,0x04122000,68296704
242439,0x0118de00,6191,0x0305e000,50716672
563330,0x0118de10,8825,0x044f2000,72294400
185990,0x0118de80,4456,0x022d0000,36503552
242391,0x0118de90,6159,0x0301e000,50454528
588270,0x0118dea0,8892,0x04578000,72843264
240810,0x0118df00,5241,0x028f2000,42934272
242392,0x0118df10,6160,0x03020000,50462720
115960,0x0118df80,3003,0x01776000,24600576
185992,0x0118df90,4457,0x022d2000,36511744
240811,0x0118dfa0,5242,0x028f4000,42942464
115961,0x0118e000,3004,0x01778000,24608768
240812,0x0118e010,5243,0x028f6000,42950656
242394,0x0118e020,6161,0x03022000,50470912
185994,0x0118e080,4458,0x022d4000,36519936
188745,0x0118e090,4523,0x02356000,37052416
240813,0x0118e0a0,5244,0x028f8000,42958848
242396,0x0118e100,6162,0x03024000,50479104
245140,0x0118e110,7563,0x03b16000,61956096
242397,0x0118e180,6163,0x03026000,50487296
245141,0x0118e190,7564,0x03b18000,61964288
185997,0x0118e200,4459,0x022d6000,36528128
188748,0x0118e210,4524,0x02358000,37060608
242398,0x0118e220,6164,0x03028000,50495488
513870,0x0118e230,8333,0x0411a000,68263936
240817,0x0118e280,5245,0x028fa000,42967040
242399,0x0118e290,6165,0x0302a000,50503680
115967,0x0118e300,3005,0x0177a000,24616960
185999,0x0118e310,4460,0x022d8000,36536320
245144,0x0118e320,7565,0x03b1a000,61972480
115968,0x0118e380,3006,0x0177c000,24625152
240770,0x0118e390,5220,0x028c8000,42762240
240819,0x0118e3a0,5246,0x028fc000,42975232
243521,0x0118e3b0,6762,0x034d4000,55394304
589400,0x0118e3c0,8984,0x04630000,73596928
115969,0x0118e400,3007,0x0177e000,24633344
175214,0x0118e410,3896,0x01e70000,31916032
243522,0x0118e420,6763,0x034d6000,55402496
245146,0x0118e430,7566,0x03b1c000,61980672
245147,0x0118e480,7567,0x03b1e000,61988864
520950,0x0118e490,8577,0x04302000,70262784
243524,0x0118e500,6764,0x034d8000,55410688
245148,0x0118e510,7568,0x03b20000,61997056
516620,0x0118e520,8463,0x0421e000,69328896
600710,0x0118e580,769,0x00602000,6299648
240774,0x0118e590,5221,0x028ca000,42770432
245149,0x0118e5a0,7569,0x03b22000,62005248
600711,0x0118e600,770,0x00604000,6307840
240775,0x0118e610,5222,0x028cc000,42778624
600712,0x0118e680,771,0x00606000,6316032
600713,0x0118e700,772,0x00608000,6324224
243528,0x0118e710,6765,0x034da000,55418880
600714,0x0118e780,773,0x0060a000,6332416
240778,0x0118e790,5223,0x028ce000,42786816
243480,0x0118e7a0,6745,0x034b2000,55255040
243529,0x0118e7b0,6766,0x034dc000,55427072
600715,0x0118e800,774,0x0060c000,6340608
589360,0x0118e810,8981,0x0462a000,73572352
600716,0x0118e880,775,0x0060e000,6348800
600717,0x0118e900,776,0x00610000,6356992
241901,0x0118e910,5909,0x02e2a000,48406528
243483,0x0118e920,6746,0x034b4000,55263232
600718,0x0118e980,777,0x00612000,6365184
241902,0x0118e990,5910,0x02e2c000,48414720
516580,0x0118e9a0,8459,0x04216000,69296128
562800,0x0118e9b0,8792,0x044b0000,72024064
600719,0x0118ea00,778,0x00614000,6373376
600671,0x0118ea80,735,0x005be000,6021120
185004,0x0118ea90,4256,0x02140000,34865152
241904,0x0118eaa0,5911,0x02e2e000,48422912
243486,0x0118eab0,6747,0x034b6000,55271424
185005,0x0118eb00,4257,0x02142000,34873344
243487,0x0118eb10,6748,0x034b8000,55279616
600673,0x0118eb80,736,0x005c0000,6029312
241906,0x0118eb90,5912,0x02e30000,48431104
243488,0x0118eba0,6749,0x034ba000,55287808
600674,0x0118ec00,737,0x005c2000,6037504
243489,0x0118ec10,6750,0x034bc000,55296000
600675,0x0118ec80,738,0x005c4000,6045696
510130,0x0118ec90,8127,0x03f7e000,66576384
600676,0x0118ed00,739,0x005c6000,6053888
244611,0x0118ed10,7281,0x038e2000,59645952
603421,0x0118ed80,1567,0x00c3e000,12836864
241861,0x0118ed90,5887,0x02dfe000,48226304
600678,0x0118ee00,740,0x005c8000,6062080
600679,0x0118ee80,741,0x005ca000,6070272
236720,0x0118ee90,4778,0x02554000,39141376
241863,0x0118eea0,5888,0x02e00000,48234496
244614,0x0118eeb0,7282,0x038e4000,59654144
601800,0x0118ef00,1172,0x00928000,9601024
244615,0x0118ef10,7283,0x038e6000,59662336
601801,0x0118ef80,1173,0x0092a000,9609216
241865,0x0118ef90,5889,0x02e02000,48242688
241866,0x0118f000,5890,0x02e04000,48250880
244617,0x0118f010,7284,0x038e8000,59670528
241867,0x0118f080,5891,0x02e06000,48259072
244618,0x0118f090,7285,0x038ea000,59678720
241868,0x0118f100,5892,0x02e08000,48267264
244570,0x0118f110,7254,0x038ac000,59424768
510090,0x0118f120,8125,0x03f7a000,66560000
000680,0x0118f180,145,0x00122000,1187840
603380,0x0118f190,1542,0x00c0c000,12632064
603429,0x0118f1a0,1568,0x00c40000,12845056
241869,0x0118f1b0,5893,0x02e0a000,48275456
000681,0x0118f200,146,0x00124000,1196032
603381,0x0118f210,1543,0x00c0e000,12640256
244572,0x0118f220,7255,0x038ae000,59432960
000682,0x0118f280,147,0x00126000,1204224
603382,0x0118f290,1544,0x00c10000,12648448
244573,0x0118f2a0,7256,0x038b0000,59441152
511220,0x0118f2b0,8191,0x03ffe000,67100672
000683,0x0118f300,148,0x00128000,1212416
601808,0x0118f310,1174,0x0092c000,9617408
603383,0x0118f320,1545,0x00c12000,12656640
143391,0x0118f330,3316,0x019e8000,27164672
244574,0x0118f340,7257,0x038b2000,59449344
244575,0x0118f380,7258,0x038b4000,59457536
588830,0x0118f390,8933,0x045ca000,73179136
000685,0x0118f400,149,0x0012a000,1220608
603385,0x0118f410,1546,0x00c14000,12664832
242952,0x0118f420,6453,0x0326a000,52862976
244576,0x0118f430,7259,0x038b6000,59465728
603386,0x0118f480,1547,0x00c16000,12673024
242953,0x0118f490,6454,0x0326c000,52871168
244577,0x0118f4a0,7260,0x038b8000,59473920
518800,0x0118f4b0,8530,0x042a4000,69877760
000687,0x0118f500,150,0x0012c000,1228800
603387,0x0118f510,1548,0x00c18000,12681216
244578,0x0118f520,7261,0x038ba000,59482112
000688,0x0118f580,151,0x0012e000,1236992
603388,0x0118f590,1549,0x00c1a000,12689408
242955,0x0118f5a0,6455,0x0326e000,52879360
000689,0x0118f600,152,0x00130000,1245184
603389,0x0118f610,1550,0x00c1c000,12697600
245700,0x0118f620,7807,0x03cfe000,63954944
601766,0x0118f680,1165,0x0091a000,9543680
152412,0x0118f690,3441,0x01ae2000,28188672
242957,0x0118f6a0,6456,0x03270000,52887552
152413,0x0118f700,3442,0x01ae4000,28196864
242958,0x0118f710,6457,0x03272000,52895744
511180,0x0118f720,8188,0x03ff8000,67076096
563850,0x0118f780,8855,0x0452e000,72540160
588790,0x0118f800,8929,0x045c2000,73146368
019671,0x0118f880,2700,0x01518000,22118400
019672,0x0118f900,2701,0x0151a000,22126592
019673,0x0118f980,2702,0x0151c000,22134784
152418,0x0118f990,3443,0x01ae6000,28205056
152370,0x0118fa00,3421,0x01aba000,28024832
152419,0x0118fa10,3444,0x01ae8000,28213248
184433,0x0118fa20,4115,0x02026000,33710080
019675,0x0118fa80,2703,0x0151e000,22142976
152371,0x0118fa90,3422,0x01abc000,28033024
152372,0x0118fb00,3423,0x01abe000,28041216
019677,0x0118fb80,2704,0x01520000,22151168
152373,0x0118fb90,3424,0x01ac0000,28049408
163011,0x0118fba0,3754,0x01d54000,30752768
184436,0x0118fbb0,4116,0x02028000,33718272
245662,0x0118fbc0,7792,0x03ce0000,63832064
163012,0x0118fc00,3755,0x01d56000,30760960
245663,0x0118fc10,7793,0x03ce2000,63840256
184438,0x0118fc80,4117,0x0202a000,33726464
245664,0x0118fc90,7794,0x03ce4000,63848448
152376,0x0118fd00,3425,0x01ac2000,28057600
152377,0x0118fd80,3426,0x01ac4000,28065792
163015,0x0118fd90,3756,0x01d58000,30769152
152379,0x0118fe80,3427,0x01ac6000,28073984
184393,0x0118fe90,4099,0x02006000,33579008
560110,0x0118fea0,8622,0x0435c000,70631424
137720,0x0118ff80,3189,0x018ea000,26124288
231327,0x0118ff90,4593,0x023e2000,37625856
137724,0x01190180,3190,0x018ec000,26132480
184399,0x01190190,4100,0x02008000,33587200
589880,0x011901a0,9005,0x0465a000,73768960
137725,0x01190200,3191,0x018ee000,26140672
510650,0x01190280,8159,0x03fbe000,66838528
137727,0x01190300,3192,0x018f0000,26148864
560070,0x01190310,8618,0x04354000,70598656
137728,0x01190380,3193,0x018f2000,26157056
515020,0x01190390,8346,0x04134000,68370432
605566,0x01190400,1960,0x00f50000,16056320
605567,0x01190480,1961,0x00f52000,16064512
185526,0x01190500,4357,0x0220a000,35692544
513400,0x01190580,8307,0x040e6000,68050944
232411,0x01190600,4638,0x0243c000,37994496
185482,0x01190780,4348,0x021f8000,35618816
240301,0x01190790,4947,0x026a6000,40525824
137688,0x01190800,3180,0x018d8000,26050560
561200,0x01190810,8710,0x0440c000,71352320
240303,0x01190880,4948,0x026a8000,40534016
240304,0x01190900,4949,0x026aa000,40542208
138811,0x01190980,3274,0x01994000,26820608
185486,0x01190990,4349,0x021fa000,35627008
240305,0x011909a0,4950,0x026ac000,40550400
115455,0x01190a00,2871,0x0166e000,23519232
240306,0x01190a10,4951,0x026ae000,40558592
513360,0x01190a20,8304,0x040e0000,68026368
603948,0x01190a80,1820,0x00e38000,14909440
240307,0x01190a90,4952,0x026b0000,40566784
603949,0x01190b00,1821,0x00e3a000,14917632
243010,0x01190b10,6489,0x032b2000,53157888
240309,0x01190b80,4953,0x026b2000,40574976
240261,0x01190c00,4930,0x02684000,40386560
243012,0x01190c10,6490,0x032b4000,53166080
561160,0x01190c80,8706,0x04404000,71319552
240263,0x01190d00,4931,0x02686000,40394752
516110,0x01190d10,8426,0x041d4000,69025792
600200,0x01190d80,350,0x002bc000,2867200
240264,0x01190d90,4932,0x02688000,40402944
600201,0x01190e00,351,0x002be000,2875392
240265,0x01190e10,4933,0x0268a000,40411136
243016,0x01190e20,6491,0x032b6000,53174272
600202,0x01190e80,352,0x002c0000,2883584
243017,0x01190e90,6492,0x032b8000,53182464
600203,0x01190f00,353,0x002c2000,2891776
243018,0x01190f10,6493,0x032ba000,53190656
138774,0x01190f80,3272,0x01990000,26804224
243019,0x01190f90,6494,0x032bc000,53198848
600205,0x01191000,354,0x002c4000,2899968
240269,0x01191010,4934,0x0268c000,40419328
600206,0x01191080,355,0x002c6000,2908160
600207,0x01191100,356,0x002c8000,2916352
233504,0x01191110,4683,0x02496000,38363136
600208,0x01191180,357,0x002ca000,2924544
152935,0x01191190,3628,0x01c58000,29720576
516070,0x011911a0,8422,0x041cc000,68993024
600160,0x01191200,315,0x00276000,2580480
600209,0x01191210,358,0x002cc000,2932736
600161,0x01191280,316,0x00278000,2588672
900952,0x01191290,2632,0x01490000,21561344
152937,0x011912a0,3629,0x01c5a000,29728768
600162,0x01191300,317,0x0027a000,2596864
233508,0x01191310,4684,0x02498000,38371328
600163,0x01191380,3,0x00006000,24576
230758,0x01191390,4583,0x023ce000,37543936
688410,0x01191400,2321,0x01222000,19013632
600165,0x01191480,318,0x0027c000,2605056
688411,0x01191490,2322,0x01224000,19021824
900956,0x011914a0,2633,0x01492000,21569536
152892,0x011914b0,3611,0x01c36000,29581312
600166,0x01191500,319,0x0027e000,2613248
900957,0x01191510,2634,0x01494000,21577728
152893,0x01191520,3612,0x01c38000,29589504
600167,0x01191580,320,0x00280000,2621440
241351,0x01191590,5591,0x02bae000,45801472
600168,0x01191600,321,0x00282000,2629632
122771,0x01191610,3044,0x017c8000,24936448
160789,0x01191620,3749,0x01d4a000,30711808
241352,0x01191630,5592,0x02bb0000,45809664
244103,0x01191640,7034,0x036f4000,57622528
600169,0x01191680,322,0x00284000,2637824
517200,0x01191690,8508,0x04278000,69697536
688416,0x01191700,2323,0x01226000,19030016
241354,0x01191710,5593,0x02bb2000,45817856
231844,0x01191780,4605,0x023fa000,37724160
244106,0x01191790,7035,0x036f6000,57630720
688418,0x01191800,2324,0x01228000,19038208
231845,0x01191810,4606,0x023fc000,37732352
241356,0x01191820,5594,0x02bb4000,45826048
560630,0x01191830,8666,0x043b4000,70991872
688370,0x01191880,2290,0x011e4000,18759680
688419,0x01191890,2325,0x0122a000,19046400
241357,0x011918a0,5595,0x02bb6000,45834240
244108,0x011918b0,7036,0x036f8000,57638912
688371,0x01191900,2291,0x011e6000,18767872
163539,0x01191910,3805,0x01dba000,31170560
000170,0x01191980,143,0x0011e000,1171456
688372,0x01191990,2292,0x011e8000,18776064
241359,0x011919a0,5596,0x02bb8000,45842432
688373,0x01191a00,2293,0x011ea000,18784256
163492,0x01191a10,3804,0x01db8000,31162368
688375,0x01191b00,2294,0x011ec000,18792448
242440,0x01191b10,6192,0x03060000,50724864
244064,0x01191b20,7017,0x036d2000,57483264
517160,0x01191b30,8505,0x04272000,69672960
688376,0x01191b80,2295,0x011ee000,18800640
244065,0x01191b90,7018,0x036d4000,57491456
588320,0x01191ba0,8897,0x04582000,72884224
688377,0x01191c00,2296,0x011f0000,18808832
242442,0x01191c10,6193,0x03062000,50733056
244066,0x01191c20,7019,0x036d6000,57499648
688378,0x01191c80,2297,0x011f2000,18817024
244067,0x01191c90,7020,0x036d8000,57507840
560590,0x01191ca0,8663,0x043ae000,70967296
688379,0x01191d00,2298,0x011f4000,18825216
242444,0x01191d10,6194,0x03064000,50741248
234552,0x01191e00,4707,0x024c6000,38559744
501200,0x01191e80,9122,0x04744000,74727424
242448,0x01191f00,6195,0x03066000,50749440
513920,0x01191f10,8338,0x04124000,68304896
501201,0x01191f20,9123,0x04746000,74735616
601258,0x01191f80,1092,0x00888000,8945664
501202,0x01191f90,9124,0x04748000,74743808
588280,0x01192000,8893,0x0457a000,72851456
501203,0x01192010,9125,0x0474a000,74752000
188752,0x01192080,4525,0x0235a000,37068800
240820,0x01192090,5247,0x028fe000,42983424
115970,0x01192100,3008,0x01780000,24641536
240821,0x01192110,5248,0x02900000,42991616
501205,0x01192120,9126,0x0474c000,74760192
115971,0x01192180,3009,0x01782000,24649728
501206,0x01192190,9127,0x0474e000,74768384
501207,0x01192200,9128,0x04750000,74776576
115973,0x01192280,3010,0x01784000,24657920
188756,0x01192290,4526,0x0235c000,37076992
232937,0x011922a0,4661,0x0246a000,38182912
240824,0x011922b0,5249,0x02902000,42999808
501208,0x011922c0,9129,0x04752000,74784768
188757,0x01192300,4527,0x0235e000,37085184
245151,0x01192310,7570,0x03b24000,62013440
501209,0x01192320,9130,0x04754000,74792960
240826,0x01192380,5250,0x02904000,43008000
245152,0x01192390,7571,0x03b26000,62021632
513880,0x011923a0,8334,0x0411c000,68272128
115976,0x01192400,3011,0x01786000,24666112
240827,0x01192410,5251,0x02906000,43016192
245153,0x01192420,7572,0x03b28000,62029824
115977,0x01192480,3012,0x01788000,24674304
240828,0x01192490,5252,0x02908000,43024384
245154,0x011924a0,7573,0x03b2a000,62038016
115978,0x01192500,3013,0x0178a000,24682496
240780,0x01192510,5224,0x028d0000,42795008
240829,0x01192520,5253,0x0290a000,43032576
589410,0x01192530,8985,0x04632000,73605120
115979,0x01192580,3014,0x0178c000,24690688
240781,0x01192590,5225,0x028d2000,42803200
240782,0x01192600,5226,0x028d4000,42811392
520960,0x01192610,8578,0x04304000,70270976
561680,0x01192620,8744,0x04450000,71630848
240783,0x01192680,5227,0x028d6000,42819584
243534,0x01192690,6767,0x034de000,55435264
516630,0x011926a0,8464,0x04220000,69337088
600720,0x01192700,779,0x00616000,6381568
235641,0x01192710,4729,0x024f2000,38739968
240784,0x01192720,5228,0x028d8000,42827776
243535,0x01192730,6768,0x034e0000,55443456
600721,0x01192780,780,0x00618000,6389760
240785,0x01192790,5229,0x028da000,42835968
600722,0x01192800,781,0x0061a000,6397952
600723,0x01192880,782,0x0061c000,6406144
175181,0x01192890,3893,0x01e6a000,31891456
240787,0x011928a0,5230,0x028dc000,42844160
600724,0x01192900,783,0x0061e000,6414336
605050,0x01192910,1868,0x00e98000,15302656
243490,0x01192920,6751,0x034be000,55304192
600725,0x01192980,784,0x00620000,6422528
600726,0x01192a00,785,0x00622000,6430720
600727,0x01192a80,786,0x00624000,6438912
241911,0x01192a90,5913,0x02e32000,48439296
243493,0x01192aa0,6752,0x034c0000,55312384
600728,0x01192b00,787,0x00626000,6447104
241912,0x01192b10,5914,0x02e34000,48447488
243494,0x01192b20,6753,0x034c2000,55320576
516590,0x01192b30,8460,0x04218000,69304320
562810,0x01192b40,8793,0x044b2000,72032256
600680,0x01192b80,742,0x005cc000,6078464
600729,0x01192b90,788,0x00628000,6455296
605055,0x01192ba0,1869,0x00e9a000,15310848
173563,0x01192bb0,3870,0x01e3c000,31703040
600681,0x01192c00,743,0x005ce000,6086656
605056,0x01192c10,1870,0x00e9c000,15319040
241914,0x01192c20,5915,0x02e36000,48455680
600682,0x01192c80,744,0x005d0000,6094848
600683,0x01192d00,745,0x005d2000,6103040
605058,0x01192d10,1871,0x00e9e000,15327232
173566,0x01192d20,3871,0x01e3e000,31711232
241916,0x01192d30,5916,0x02e38000,48463872
243498,0x01192d40,6754,0x034c4000,55328768
600684,0x01192d80,746,0x005d4000,6111232
243499,0x01192d90,6755,0x034c6000,55336960
600685,0x01192e00,747,0x005d6000,6119424
244620,0x01192e10,7286,0x038ec000,59686912
510140,0x01192e20,8128,0x03f80000,66584576
600686,0x01192e80,748,0x005d8000,6127616
185019,0x01192e90,4258,0x02144000,34881536
241870,0x01192ea0,5894,0x02e0c000,48283648
244621,0x01192eb0,7287,0x038ee000,59695104
600687,0x01192f00,749,0x005da000,6135808
241871,0x01192f10,5895,0x02e0e000,48291840
244622,0x01192f20,7288,0x038f0000,59703296
600688,0x01192f80,750,0x005dc000,6144000
241872,0x01192f90,5896,0x02e10000,48300032
244623,0x01192fa0,7289,0x038f2000,59711488
600689,0x01193000,751,0x005de000,6152192
244624,0x01193010,7290,0x038f4000,59719680
127661,0x01193080,3067,0x017f6000,25124864
244625,0x01193090,7291,0x038f6000,59727872
601811,0x01193100,1175,0x0092e000,9625600
603435,0x01193110,1569,0x00c42000,12853248
143443,0x01193120,3317,0x019ea000,27172864
241875,0x01193130,5897,0x02e12000,48308224
244627,0x01193180,7292,0x038f8000,59736064
241877,0x01193200,5898,0x02e14000,48316416
244580,0x01193280,7262,0x038bc000,59490304
244629,0x01193290,7293,0x038fa000,59744256
000690,0x01193300,153,0x00132000,1253376
603390,0x01193310,1551,0x00c1e000,12705792
603439,0x01193320,1570,0x00c44000,12861440
271000,0x01193330,7901,0x03dba000,64724992
000691,0x01193380,154,0x00134000,1261568
601816,0x01193390,1176,0x00930000,9633792
603391,0x011933a0,1552,0x00c20000,12713984
244582,0x011933b0,7263,0x038be000,59498496
000692,0x01193400,155,0x00136000,1269760
603392,0x01193410,1553,0x00c22000,12722176
236738,0x01193420,4779,0x02556000,39149568
000693,0x01193480,156,0x00138000,1277952
601818,0x01193490,1177,0x00932000,9641984
603393,0x011934a0,1554,0x00c24000,12730368
244584,0x011934b0,7264,0x038c0000,59506688
271003,0x011934c0,7902,0x03dbc000,64733184
563900,0x011934d0,8860,0x04538000,72581120
242961,0x01193500,6458,0x03274000,52903936
244585,0x01193510,7265,0x038c2000,59514880
588840,0x01193520,8934,0x045cc000,73187328
000695,0x01193580,157,0x0013a000,1286144
603395,0x01193590,1555,0x00c26000,12738560
019721,0x011935a0,2720,0x01540000,22282240
242962,0x011935b0,6459,0x03276000,52912128
244586,0x011935c0,7266,0x038c4000,59523072
603396,0x01193600,1556,0x00c28000,12746752
019722,0x01193610,2721,0x01542000,22290432
242963,0x01193620,6460,0x03278000,52920320
000697,0x01193680,158,0x0013c000,1294336
186106,0x01193690,4463,0x022de000,36560896
244588,0x011936a0,7267,0x038c6000,59531264
000698,0x01193700,159,0x0013e000,1302528
603398,0x01193710,1557,0x00c2a000,12754944
019724,0x01193720,2722,0x01544000,22298624
152420,0x01193730,3445,0x01aea000,28221440
244589,0x01193740,7268,0x038c8000,59539456
000699,0x01193780,160,0x00140000,1310720
603399,0x01193790,1558,0x00c2c000,12763136
019725,0x011937a0,2723,0x01546000,22306816
242966,0x011937b0,6461,0x0327a000,52928512
019726,0x01193800,2724,0x01548000,22315008
242967,0x01193810,6462,0x0327c000,52936704
601777,0x01193880,1166,0x0091c000,9551872
242968,0x01193890,6463,0x0327e000,52944896
511190,0x011938a0,8189,0x03ffa000,67084288
601778,0x01193900,1167,0x0091e000,9560064
019728,0x01193910,2725,0x0154a000,22323200
242969,0x01193920,6464,0x03280000,52953088
563860,0x01193930,8856,0x04530000,72548352
019729,0x01193980,2726,0x0154c000,22331392
152425,0x01193990,3446,0x01aec000,28229632
245714,0x011939a0,7808,0x03d00000,63963136
019681,0x01193a00,2705,0x01522000,22159360
152426,0x01193a10,3447,0x01aee000,28237824
184440,0x01193a20,4118,0x0202c000,33734656
019682,0x01193a80,2706,0x01524000,22167552
152427,0x01193a90,3448,0x01af0000,28246016
245717,0x01193b00,7809,0x03d02000,63971328
019684,0x01193b80,2707,0x01526000,22175744
152429,0x01193b90,3449,0x01af2000,28254208
184443,0x01193ba0,4119,0x0202e000,33742848
186068,0x01193c00,4462,0x022dc000,36552704
245670,0x01193c10,7795,0x03ce6000,63856640
019686,0x01193c80,2708,0x01528000,22183936
152382,0x01193c90,3428,0x01ac8000,28082176
019687,0x01193d00,2709,0x0152a000,22192128
184447,0x01193d80,4120,0x02030000,33751040
019689,0x01193e00,2710,0x0152c000,22200320
163023,0x01193e10,3757,0x01d5a000,30777344
152386,0x01193e80,3429,0x01aca000,28090368
175743,0x01193e90,3917,0x01e9a000,32088064
163025,0x01193f00,3758,0x01d5c000,30785536
152389,0x01194000,3430,0x01acc000,28098560
560120,0x01194010,8623,0x0435e000,70639616
245679,0x01194080,7796,0x03ce8000,63864832
137733,0x01194280,3194,0x018f4000,26165248
155090,0x01194300,3655,0x01c8e000,29941760
589890,0x01194310,9006,0x0465c000,73777152
137736,0x01194400,3195,0x018f6000,26173440
155092,0x01194410,3656,0x01c90000,29949952
185531,0x01194420,4358,0x0220c000,35700736
510660,0x01194430,8160,0x03fc0000,66846720
185532,0x01194480,4359,0x0220e000,35708928
560080,0x01194490,8619,0x04356000,70606848
515030,0x01194500,8347,0x04136000,68378624
530000,0x01194580,8587,0x04316000,70344704
605577,0x01194600,1962,0x00f54000,16072704
137691,0x01194610,3181,0x018da000,26058752
137694,0x01194780,3182,0x018dc000,26066944
603950,0x01194800,1822,0x00e3c000,14925824
137696,0x01194880,3183,0x018de000,26075136
185491,0x01194890,4350,0x021fc000,35635200
240310,0x011948a0,4954,0x026b4000,40583168
115509,0x01194900,2882,0x01684000,23609344
185492,0x01194910,4351,0x021fe000,35643392
115461,0x01194980,2872,0x01670000,23527424
137698,0x01194990,3184,0x018e0000,26083328
240312,0x011949a0,4955,0x026b6000,40591360
603955,0x01194a80,1823,0x00e3e000,14934016
603956,0x01194b00,1824,0x00e40000,14942208
240315,0x01194b10,4956,0x026b8000,40599552
185497,0x01194b80,4352,0x02200000,35651584
603958,0x01194c00,1825,0x00e42000,14950400
185498,0x01194c10,4353,0x02202000,35659776
603959,0x01194c80,1826,0x00e44000,14958592
240318,0x01194c90,4957,0x026ba000,40607744
240270,0x01194d00,4935,0x0268e000,40427520
240319,0x01194d10,4958,0x026bc000,40615936
243022,0x01194d80,6495,0x032be000,53207040
240272,0x01194e00,4936,0x02690000,40435712
561170,0x01194e10,8707,0x04406000,71327744
240273,0x01194e80,4937,0x02692000,40443904
243024,0x01194e90,6496,0x032c0000,53215232
516120,0x01194ea0,8427,0x041d6000,69033984
600210,0x01194f00,359,0x002ce000,2940928
240274,0x01194f10,4938,0x02694000,40452096
600211,0x01194f80,360,0x002d0000,2949120
600212,0x01195000,361,0x002d2000,2957312
600213,0x01195080,362,0x002d4000,2965504
233510,0x01195090,4685,0x0249a000,38379520
240277,0x011950a0,4939,0x02696000,40460288
240278,0x01195100,4940,0x02698000,40468480
243029,0x01195110,6497,0x032c2000,53223424
600215,0x01195180,363,0x002d6000,2973696
600216,0x01195200,364,0x002d8000,2981888
233513,0x01195210,4686,0x0249c000,38387712
241400,0x01195220,5623,0x02bee000,46063616
600217,0x01195280,365,0x002da000,2990080
152944,0x01195290,3630,0x01c5c000,29736960
233514,0x011952a0,4687,0x0249e000,38395904
600218,0x01195300,366,0x002dc000,2998272
241402,0x01195310,5624,0x02bf0000,46071808
516080,0x01195320,8423,0x041ce000,69001216
562300,0x01195330,8771,0x04486000,71852032
600170,0x01195380,323,0x00286000,2646016
600219,0x01195390,367,0x002de000,3006464
600171,0x01195400,324,0x00288000,2654208
241404,0x01195410,5625,0x02bf2000,46080000
600172,0x01195480,325,0x0028a000,2662400
152948,0x01195490,3631,0x01c5e000,29745152
600173,0x01195500,326,0x0028c000,2670592
152949,0x01195510,3632,0x01c60000,29753344
241406,0x01195520,5626,0x02bf4000,46088192
688420,0x01195580,2326,0x0122c000,19054592
241407,0x01195590,5627,0x02bf6000,46096384
110100,0x011955a0,7972,0x03e48000,65306624
600175,0x01195600,327,0x0028e000,2678784
163540,0x01195610,3806,0x01dbc000,31178752
110101,0x01195620,7973,0x03e4a000,65314816
600176,0x01195680,328,0x00290000,2686976
241360,0x01195690,5597,0x02bba000,45850624
241409,0x011956a0,5628,0x02bf8000,46104576
244111,0x011956b0,7037,0x036fa000,57647104
110102,0x011956c0,7974,0x03e4c000,65323008
600177,0x01195700,329,0x00292000,2695168
241361,0x01195710,5598,0x02bbc000,45858816
110103,0x01195720,7975,0x03e4e000,65331200
600178,0x01195780,330,0x00294000,2703360
241362,0x01195790,5599,0x02bbe000,45867008
600179,0x01195800,331,0x00296000,2711552
688425,0x01195810,2327,0x0122e000,19062784
147763,0x01195820,3349,0x01a2a000,27435008
241363,0x01195830,5600,0x02bc0000,45875200
688426,0x01195880,2328,0x01230000,19070976
244115,0x01195890,7038,0x036fc000,57655296
233478,0x01195900,4680,0x02490000,38338560
241365,0x01195910,5601,0x02bc2000,45883392
244116,0x01195920,7039,0x036fe000,57663488
688428,0x01195980,2329,0x01232000,19079168
233479,0x01195990,4681,0x02492000,38346752
236223,0x011959a0,4769,0x02542000,39067648
688380,0x01195a00,2299,0x011f6000,18833408
688429,0x01195a10,2330,0x01234000,19087360
018084,0x01195a20,2641,0x014a2000,21635072
241367,0x01195a30,5602,0x02bc4000,45891584
244118,0x01195a40,7040,0x03700000,57671680
688381,0x01195a80,2300,0x011f8000,18841600
241368,0x01195a90,5603,0x02bc6000,45899776
244119,0x01195aa0,7041,0x03702000,57679872
688382,0x01195b00,2301,0x011fa000,18849792
231858,0x01195b10,4607,0x023fe000,37740544
241369,0x01195b20,5604,0x02bc8000,45907968
244071,0x01195b30,7021,0x036da000,57516032
688383,0x01195b80,2302,0x011fc000,18857984
244072,0x01195b90,7022,0x036dc000,57524224
688385,0x01195c80,2303,0x011fe000,18866176
244074,0x01195c90,7023,0x036de000,57532416
517170,0x01195ca0,8506,0x04274000,69681152
688386,0x01195d00,2304,0x01200000,18874368
588330,0x01195d10,8898,0x04584000,72892416
688387,0x01195d80,2305,0x01202000,18882560
188802,0x01195d90,4534,0x0236c000,37142528
244076,0x01195da0,7024,0x036e0000,57540608
688388,0x01195e00,2306,0x01204000,18890752
019212,0x01195e10,2648,0x014b0000,21692416
242453,0x01195e20,6196,0x03068000,50757632
244077,0x01195e30,7025,0x036e2000,57548800
688389,0x01195e80,2307,0x01206000,18898944
242454,0x01195e90,6197,0x0306a000,50765824
515550,0x01195ea0,8384,0x04180000,68681728
242455,0x01195f00,6198,0x0306c000,50774016
242456,0x01195f80,6199,0x0306e000,50782208
242457,0x01196000,6200,0x03070000,50790400
245201,0x01196010,7594,0x03b54000,62210048
501210,0x01196020,9131,0x04756000,74801152
513930,0x01196080,8339,0x04126000,68313088
501211,0x01196090,9132,0x04758000,74809344
019218,0x01196100,2649,0x014b2000,21700608
242459,0x01196110,6201,0x03072000,50798592
563350,0x01196120,8826,0x044f4000,72302592
501212,0x01196130,9133,0x0475a000,74817536
245204,0x01196180,7595,0x03b56000,62218240
588290,0x01196190,8894,0x0457c000,72859648
501213,0x011961a0,9134,0x0475c000,74825728
240830,0x01196200,5254,0x0290c000,43040768
245205,0x01196210,7596,0x03b58000,62226432
188763,0x01196280,4528,0x02360000,37093376
240831,0x01196290,5255,0x0290e000,43048960
245206,0x011962a0,7597,0x03b5a000,62234624
501215,0x011962b0,9135,0x0475e000,74833920
115981,0x01196300,3015,0x0178e000,24698880
501216,0x01196310,9136,0x04760000,74842112
501217,0x01196380,9137,0x04762000,74850304
115983,0x01196400,3016,0x01790000,24707072
245160,0x01196410,7574,0x03b2c000,62046208
501218,0x01196420,9138,0x04764000,74858496
115984,0x01196480,3017,0x01792000,24715264
245161,0x01196490,7575,0x03b2e000,62054400
501219,0x011964a0,9139,0x04766000,74866688
240836,0x01196500,5256,0x02910000,43057152
245162,0x01196510,7576,0x03b30000,62062592
513890,0x01196520,8335,0x0411e000,68280320
115986,0x01196580,3018,0x01794000,24723456
245163,0x01196590,7577,0x03b32000,62070784
605100,0x01196600,1885,0x00eba000,15441920
115987,0x01196610,3019,0x01796000,24731648
240838,0x01196620,5257,0x02912000,43065344
243540,0x01196630,6769,0x034e2000,55451648
115988,0x01196680,3020,0x01798000,24739840
240839,0x01196690,5258,0x02914000,43073536
589420,0x011966a0,8986,0x04634000,73613312
115989,0x01196700,3021,0x0179a000,24748032
245166,0x01196710,7578,0x03b34000,62078976
240792,0x01196780,5231,0x028de000,42852352
245167,0x01196790,7579,0x03b36000,62087168
520970,0x011967a0,8579,0x04306000,70279168
240793,0x01196800,5232,0x028e0000,42860544
243544,0x01196810,6770,0x034e4000,55459840
245168,0x01196820,7580,0x03b38000,62095360
516640,0x01196830,8465,0x04222000,69345280
600730,0x01196880,789,0x0062a000,6463488
243545,0x01196890,6771,0x034e6000,55468032
600731,0x01196900,790,0x0062c000,6471680
173614,0x01196910,3873,0x01e42000,31727616
600732,0x01196980,791,0x0062e000,6479872
600733,0x01196a00,792,0x00630000,6488064
605108,0x01196a10,1886,0x00ebc000,15450112
240797,0x01196a20,5233,0x028e2000,42868736
600734,0x01196a80,793,0x00632000,6496256
605060,0x01196a90,1872,0x00ea0000,15335424
175192,0x01196aa0,3894,0x01e6c000,31899648
240798,0x01196ab0,5234,0x028e4000,42876928
600735,0x01196b00,794,0x00634000,6504448
109993,0x01196b10,2818,0x01604000,23085056
240799,0x01196b20,5235,0x028e6000,42885120
589380,0x01196b30,8982,0x0462c000,73580544
600736,0x01196b80,795,0x00636000,6512640
600737,0x01196c00,796,0x00638000,6520832
241921,0x01196c10,5917,0x02e3a000,48472064
600738,0x01196c80,797,0x0063a000,6529024
562820,0x01196c90,8794,0x044b4000,72040448
600690,0x01196d00,752,0x005e0000,6160384
600739,0x01196d10,798,0x0063c000,6537216
124966,0x01196d20,3052,0x017d8000,25001984
241923,0x01196d30,5918,0x02e3c000,48480256
600691,0x01196d80,753,0x005e2000,6168576
605066,0x01196d90,1873,0x00ea2000,15343616
241924,0x01196da0,5919,0x02e3e000,48488448
600692,0x01196e00,754,0x005e4000,6176768
600693,0x01196e80,755,0x005e6000,6184960
605068,0x01196e90,1874,0x00ea4000,15351808
241926,0x01196ea0,5920,0x02e40000,48496640
600694,0x01196f00,756,0x005e8000,6193152
605069,0x01196f10,1875,0x00ea6000,15360000
241927,0x01196f20,5921,0x02e42000,48504832
241928,0x01196f80,5922,0x02e44000,48513024
510150,0x01196f90,8129,0x03f82000,66592768
600696,0x01197000,757,0x005ea000,6201344
241880,0x01197010,5899,0x02e16000,48324608
241929,0x01197020,5923,0x02e46000,48521216
244631,0x01197030,7294,0x038fc000,59752448
600697,0x01197080,758,0x005ec000,6209536
600698,0x01197100,759,0x005ee000,6217728
241882,0x01197110,5900,0x02e18000,48332800
244633,0x01197120,7295,0x038fe000,59760640
600699,0x01197180,760,0x005f0000,6225920
241883,0x01197190,5901,0x02e1a000,48340992
244634,0x011971a0,7296,0x03900000,59768832
603444,0x01197200,1571,0x00c46000,12869632
236741,0x01197210,4780,0x02558000,39157760
241884,0x01197220,5902,0x02e1c000,48349184
244635,0x01197230,7297,0x03902000,59777024
236742,0x01197280,4781,0x0255a000,39165952
236743,0x01197300,4782,0x0255c000,39174144
236744,0x01197380,4783,0x0255e000,39182336
236745,0x01197400,4784,0x02560000,39190528
244590,0x01197410,7269,0x038ca000,59547648
244639,0x01197420,7298,0x03904000,59785216
601825,0x01197480,1178,0x00934000,9650176
236746,0x01197490,4785,0x02562000,39198720
244592,0x01197500,7270,0x038cc000,59555840
601827,0x01197580,1179,0x00936000,9658368
601828,0x01197600,1180,0x00938000,9666560
242970,0x01197610,6465,0x03282000,52961280
244594,0x01197620,7271,0x038ce000,59564032
242971,0x01197680,6466,0x03284000,52969472
588850,0x01197690,8935,0x045ce000,73195520
019731,0x01197700,2727,0x0154e000,22339584
244596,0x01197710,7272,0x038d0000,59572224
019732,0x01197780,2728,0x01550000,22347776
242973,0x01197790,6467,0x03286000,52977664
244597,0x011977a0,7273,0x038d2000,59580416
244598,0x01197800,7274,0x038d4000,59588608
019734,0x01197880,2729,0x01552000,22355968
152430,0x01197890,3450,0x01af4000,28262400
242975,0x011978a0,6468,0x03288000,52985856
244599,0x011978b0,7275,0x038d6000,59596800
019735,0x01197900,2730,0x01554000,22364160
242976,0x01197910,6469,0x0328a000,52994048
233002,0x01197980,4671,0x0247e000,38264832
242977,0x01197990,6470,0x0328c000,53002240
245721,0x011979a0,7810,0x03d04000,63979520
152433,0x01197a00,3451,0x01af6000,28270592
245722,0x01197a10,7811,0x03d06000,63987712
601788,0x01197a80,1168,0x00920000,9568256
019738,0x01197a90,2731,0x01556000,22372352
233004,0x01197aa0,4672,0x02480000,38273024
242979,0x01197ab0,6471,0x0328e000,53010432
245723,0x01197ac0,7812,0x03d08000,63995904
563870,0x01197ad0,8857,0x04532000,72556544
601789,0x01197b00,1169,0x00922000,9576448
019690,0x01197b10,2711,0x0152e000,22208512
019739,0x01197b20,2732,0x01558000,22380544
245725,0x01197b80,7813,0x03d0a000,64004096
019692,0x01197c00,2712,0x01530000,22216704
152437,0x01197c10,3452,0x01af8000,28278784
245726,0x01197c20,7814,0x03d0c000,64012288
152439,0x01197d00,3453,0x01afa000,28286976
184453,0x01197d10,4121,0x02032000,33759232
245728,0x01197d20,7815,0x03d0e000,64020480
019695,0x01197d80,2713,0x01532000,22224896
152391,0x01197d90,3431,0x01ace000,28106752
184454,0x01197da0,4122,0x02034000,33767424
019697,0x01197e80,2714,0x01534000,22233088
152393,0x01197e90,3432,0x01ad0000,28114944
245682,0x01197ea0,7797,0x03cea000,63873024
152394,0x01197f00,3433,0x01ad2000,28123136
245683,0x01197f10,7798,0x03cec000,63881216
512330,0x01197f20,8221,0x0403a000,67346432
152395,0x01197f80,3434,0x01ad4000,28131328
184459,0x01198000,4123,0x02036000,33775616
245685,0x01198010,7799,0x03cee000,63889408
152397,0x01198080,3435,0x01ad6000,28139520
245686,0x01198090,7800,0x03cf0000,63897600
510710,0x01198100,8163,0x03fc6000,66871296
560130,0x01198180,8624,0x04360000,70647808
245689,0x01198200,7801,0x03cf2000,63905792
512290,0x01198380,8219,0x04036000,67330048
605580,0x01198400,1963,0x00f56000,16080896
137743,0x01198410,3196,0x018f8000,26181632
137745,0x01198500,3197,0x018fa000,26189824
510670,0x01198580,8161,0x03fc2000,66854912
560090,0x01198600,8620,0x04358000,70615040
137748,0x01198680,3198,0x018fc000,26198016
515040,0x01198690,8348,0x04138000,68386816
605588,0x01198800,1964,0x00f58000,16089088
115514,0x01198810,2883,0x01686000,23617536
185546,0x01198820,4360,0x02210000,35717120
605589,0x01198880,1965,0x00f5a000,16097280
232430,0x01198890,4639,0x0243e000,38002688
185548,0x01198900,4361,0x02212000,35725312
603960,0x01198980,1827,0x00e46000,14966784
115518,0x01198a00,2884,0x01688000,23625728
240321,0x01198a80,4959,0x026be000,40624128
511800,0x01198a90,8206,0x0401c000,67223552
603963,0x01198b00,1828,0x00e48000,14974976
115471,0x01198b10,2873,0x01672000,23535616
240322,0x01198b20,4960,0x026c0000,40632320
520500,0x01198b30,8535,0x042ae000,69918720
561220,0x01198b40,8711,0x0440e000,71360512
689009,0x01198b80,2586,0x01434000,21184512
240324,0x01198c00,4961,0x026c2000,40640512
603966,0x01198c80,1829,0x00e4a000,14983168
115474,0x01198c90,2874,0x01674000,23543808
603967,0x01198d00,1830,0x00e4c000,14991360
513380,0x01198d10,8305,0x040e2000,68034560
603968,0x01198d80,1831,0x00e4e000,14999552
232391,0x01198d90,4637,0x0243a000,37986304
603969,0x01198e00,1832,0x00e50000,15007744
115477,0x01198e10,2875,0x01676000,23552000
138834,0x01198e20,3275,0x01996000,26828800
240328,0x01198e30,4962,0x026c4000,40648704
243030,0x01198e40,6498,0x032c4000,53231616
240329,0x01198e80,4963,0x026c6000,40656896
243031,0x01198e90,6499,0x032c6000,53239808
115479,0x01198f00,2876,0x01678000,23560192
561180,0x01198f80,8708,0x04408000,71335936
240283,0x01199000,4941,0x0269a000,40476672
243034,0x01199010,6500,0x032c8000,53248000
516130,0x01199020,8428,0x041d8000,69042176
600220,0x01199080,368,0x002e0000,3014656
138790,0x01199090,3273,0x01992000,26812416
243035,0x011990a0,6501,0x032ca000,53256192
600221,0x01199100,369,0x002e2000,3022848
240285,0x01199110,4942,0x0269c000,40484864
243036,0x01199120,6502,0x032cc000,53264384
600222,0x01199180,370,0x002e4000,3031040
240286,0x01199190,4943,0x0269e000,40493056
243037,0x011991a0,6503,0x032ce000,53272576
600223,0x01199200,371,0x002e6000,3039232
152950,0x01199210,3633,0x01c62000,29761536
233520,0x01199220,4688,0x024a0000,38404096
243038,0x01199230,6504,0x032d0000,53280768
240288,0x01199280,4944,0x026a0000,40501248
243039,0x01199290,6505,0x032d2000,53288960
152952,0x01199300,3634,0x01c64000,29769728
600226,0x01199380,372,0x002e8000,3047424
241410,0x01199390,5629,0x02bfa000,46112768
600227,0x01199400,373,0x002ea000,3055616
600228,0x01199480,374,0x002ec000,3063808
231901,0x01199490,4612,0x02408000,37781504
241412,0x011994a0,5630,0x02bfc000,46120960
516090,0x011994b0,8424,0x041d0000,69009408
562310,0x011994c0,8772,0x04488000,71860224
600180,0x01199500,332,0x00298000,2719744
600229,0x01199510,375,0x002ee000,3072000
241413,0x01199520,5631,0x02bfe000,46129152
155708,0x01199580,3701,0x01cea000,30318592
241414,0x01199590,5632,0x02c00000,46137344
600182,0x01199600,333,0x0029a000,2727936
241415,0x01199610,5633,0x02c02000,46145536
600183,0x01199680,334,0x0029c000,2736128
155661,0x01199690,3697,0x01ce2000,30285824
600184,0x01199700,335,0x0029e000,2744320
241417,0x01199710,5634,0x02c04000,46153728
600185,0x01199780,336,0x002a0000,2752512
600186,0x01199800,337,0x002a2000,2760704
688432,0x01199810,2331,0x01236000,19095552
241370,0x01199820,5605,0x02bca000,45916160
241419,0x01199830,5635,0x02c06000,46161920
600187,0x01199880,338,0x002a4000,2768896
688433,0x01199890,2332,0x01238000,19103744
147771,0x011998a0,3350,0x01a2c000,27443200
233484,0x011998b0,4682,0x02494000,38354944
600188,0x01199900,339,0x002a6000,2777088
241372,0x01199910,5606,0x02bcc000,45924352
600189,0x01199980,340,0x002a8000,2785280
688435,0x01199990,2333,0x0123a000,19111936
241373,0x011999a0,5607,0x02bce000,45932544
244124,0x011999b0,7042,0x03704000,57688064
601311,0x01199a80,1096,0x00890000,8978432
241375,0x01199a90,5608,0x02bd0000,45940736
688390,0x01199b80,2308,0x01208000,18907136
688439,0x01199b90,2334,0x0123c000,19120128
241377,0x01199ba0,5609,0x02bd2000,45948928
244128,0x01199bb0,7043,0x03706000,57696256
515600,0x01199bc0,8388,0x04188000,68714496
688391,0x01199c00,2309,0x0120a000,18915328
241378,0x01199c10,5610,0x02bd4000,45957120
242505,0x01199c20,6226,0x030a4000,51003392
688392,0x01199c80,2310,0x0120c000,18923520
241379,0x01199c90,5611,0x02bd6000,45965312
688393,0x01199d00,2311,0x0120e000,18931712
244082,0x01199d10,7026,0x036e4000,57556992
242508,0x01199d80,6227,0x030a6000,51011584
244083,0x01199d90,7027,0x036e6000,57565184
601318,0x01199e00,1097,0x00892000,8986624
688395,0x01199e10,2312,0x01210000,18939904
242460,0x01199e20,6202,0x03074000,50806784
242509,0x01199e30,6228,0x030a8000,51019776
110075,0x01199e40,7957,0x03e2a000,65183744
517180,0x01199e50,8507,0x04276000,69689344
601319,0x01199e80,1098,0x00894000,8994816
688396,0x01199e90,2313,0x01212000,18948096
188811,0x01199ea0,4535,0x0236e000,37150720
242461,0x01199eb0,6203,0x03076000,50814976
110076,0x01199ec0,7958,0x03e2c000,65191936
242462,0x01199f00,6204,0x03078000,50823168
244086,0x01199f10,7028,0x036e8000,57573376
110077,0x01199f20,7959,0x03e2e000,65200128
688398,0x01199f80,2314,0x01214000,18956288
242463,0x01199f90,6205,0x0307a000,50831360
688399,0x0119a000,2315,0x01216000,18964480
188814,0x0119a010,4536,0x02370000,37158912
242464,0x0119a020,6206,0x0307c000,50839552
244088,0x0119a030,7029,0x036ea000,57581568
515560,0x0119a040,8385,0x04182000,68689920
242465,0x0119a080,6207,0x0307e000,50847744
530530,0x0119a090,8596,0x04328000,70418432
242467,0x0119a180,6208,0x03080000,50855936
501220,0x0119a190,9140,0x04768000,74874880
188818,0x0119a200,4537,0x02372000,37167104
242468,0x0119a210,6209,0x03082000,50864128
245212,0x0119a220,7598,0x03b5c000,62242816
188770,0x0119a280,4529,0x02362000,37101568
242469,0x0119a290,6210,0x03084000,50872320
563360,0x0119a2a0,8827,0x044f6000,72310784
501222,0x0119a2b0,9141,0x0476a000,74883072
601279,0x0119a300,1093,0x0088a000,8953856
245214,0x0119a310,7599,0x03b5e000,62251008
245215,0x0119a380,7600,0x03b60000,62259200
232954,0x0119a400,4662,0x0246c000,38191104
245216,0x0119a410,7601,0x03b62000,62267392
501225,0x0119a420,9142,0x0476c000,74891264
232955,0x0119a480,4663,0x0246e000,38199296
240842,0x0119a490,5259,0x02916000,43081728
245217,0x0119a4a0,7602,0x03b64000,62275584
232956,0x0119a500,4664,0x02470000,38207488
235700,0x0119a510,4730,0x024f4000,38748160
501227,0x0119a520,9143,0x0476e000,74899456
115993,0x0119a580,3022,0x0179c000,24756224
240844,0x0119a590,5260,0x02918000,43089920
115994,0x0119a600,3023,0x0179e000,24764416
240845,0x0119a610,5261,0x0291a000,43098112
245171,0x0119a620,7581,0x03b3a000,62103552
115995,0x0119a680,3024,0x017a0000,24772608
240846,0x0119a690,5262,0x0291c000,43106304
188779,0x0119a700,4530,0x02364000,37109760
240847,0x0119a710,5263,0x0291e000,43114496
115997,0x0119a780,3025,0x017a2000,24780800
175242,0x0119a790,3897,0x01e72000,31924224
243550,0x0119a7a0,6772,0x034e8000,55476224
245174,0x0119a7b0,7582,0x03b3c000,62111744
605111,0x0119a800,1887,0x00ebe000,15458304
115998,0x0119a810,3026,0x017a4000,24788992
175243,0x0119a820,3898,0x01e74000,31932416
240849,0x0119a830,5264,0x02920000,43122688
243551,0x0119a840,6773,0x034ea000,55484416
245176,0x0119a880,7583,0x03b3e000,62119936
520980,0x0119a900,8580,0x04308000,70287360
501186,0x0119a910,9119,0x0473e000,74702848
235709,0x0119a980,4731,0x024f6000,38756352
516650,0x0119a990,8466,0x04224000,69353472
600740,0x0119aa00,799,0x0063e000,6545408
245179,0x0119aa10,7584,0x03b40000,62128128
501188,0x0119aa20,9120,0x04740000,74711040
600741,0x0119aa80,800,0x00640000,6553600
605116,0x0119aa90,1888,0x00ec0000,15466496
243556,0x0119aaa0,6774,0x034ec000,55492608
501189,0x0119aab0,9121,0x04742000,74719232
600742,0x0119ab00,801,0x00642000,6561792
605117,0x0119ab10,1889,0x00ec2000,15474688
243557,0x0119ab20,6775,0x034ee000,55500800
600743,0x0119ab80,802,0x00644000,6569984
605118,0x0119ab90,1890,0x00ec4000,15482880
600744,0x0119ac00,803,0x00646000,6578176
243559,0x0119ac10,6776,0x034f0000,55508992
600745,0x0119ac80,804,0x00648000,6586368
510200,0x0119ac90,8134,0x03f8c000,66633728
589390,0x0119aca0,8983,0x0462e000,73588736
600746,0x0119ad00,805,0x0064a000,6594560
241930,0x0119ad10,5924,0x02e48000,48529408
241931,0x0119ad80,5925,0x02e4a000,48537600
600748,0x0119ae00,806,0x0064c000,6602752
241932,0x0119ae10,5926,0x02e4c000,48545792
600749,0x0119ae80,807,0x0064e000,6610944
605077,0x0119af80,1876,0x00ea8000,15368192
241935,0x0119af90,5927,0x02e4e000,48553984
173587,0x0119b080,3872,0x01e40000,31719424
185038,0x0119b100,4259,0x02146000,34889728
244640,0x0119b110,7299,0x03906000,59793408
510160,0x0119b120,8130,0x03f84000,66600960
241939,0x0119b180,5928,0x02e50000,48562176
241891,0x0119b200,5903,0x02e1e000,48357376
244642,0x0119b210,7300,0x03908000,59801600
143509,0x0119b280,3318,0x019ec000,27181056
241892,0x0119b290,5904,0x02e20000,48365568
236750,0x0119b300,4786,0x02564000,39206912
241893,0x0119b310,5905,0x02e22000,48373760
244644,0x0119b320,7301,0x0390a000,59809792
236751,0x0119b380,4787,0x02566000,39215104
588900,0x0119b390,8940,0x045d8000,73236480
236752,0x0119b400,4788,0x02568000,39223296
241895,0x0119b410,5906,0x02e24000,48381952
244646,0x0119b420,7302,0x0390c000,59817984
603456,0x0119b480,1572,0x00c48000,12877824
241896,0x0119b490,5907,0x02e26000,48390144
603458,0x0119b580,1573,0x00c4a000,12886016
241898,0x0119b590,5908,0x02e28000,48398336
244649,0x0119b5a0,7303,0x0390e000,59826176
603459,0x0119b600,1574,0x00c4c000,12894208
127686,0x0119b610,3068,0x017f8000,25133056
136700,0x0119b620,3122,0x01864000,25575424
601838,0x0119b780,1181,0x0093a000,9674752
242981,0x0119b800,6472,0x03290000,53018624
588860,0x0119b810,8936,0x045d0000,73203712
019741,0x0119b880,2733,0x0155a000,22388736
230305,0x0119b890,4579,0x023c6000,37511168
019742,0x0119b900,2734,0x0155c000,22396928
242983,0x0119b910,6473,0x03292000,53026816
019743,0x0119b980,2735,0x0155e000,22405120
160333,0x0119b990,3737,0x01d32000,30613504
242984,0x0119b9a0,6474,0x03294000,53035008
019744,0x0119ba00,2736,0x01560000,22413312
152440,0x0119ba10,3454,0x01afc000,28295168
184503,0x0119ba20,4138,0x02054000,33898496
242985,0x0119ba30,6475,0x03296000,53043200
271028,0x0119ba40,7903,0x03dbe000,64741376
136709,0x0119ba80,3123,0x01866000,25583616
245730,0x0119ba90,7816,0x03d10000,64028672
019746,0x0119bb00,2737,0x01562000,22421504
184505,0x0119bb10,4139,0x02056000,33906688
245731,0x0119bb20,7817,0x03d12000,64036864
019747,0x0119bb80,2738,0x01564000,22429696
160337,0x0119bb90,3738,0x01d34000,30621696
242988,0x0119bba0,6476,0x03298000,53051392
601798,0x0119bc00,1170,0x00924000,9584640
019748,0x0119bc10,2739,0x01566000,22437888
152444,0x0119bc20,3455,0x01afe000,28303360
184507,0x0119bc30,4140,0x02058000,33914880
563880,0x0119bc40,8858,0x04534000,72564736
601799,0x0119bc80,1171,0x00926000,9592832
152445,0x0119bc90,3456,0x01b00000,28311552
160339,0x0119bca0,3739,0x01d36000,30629888
184509,0x0119bd00,4141,0x0205a000,33923072
245735,0x0119bd10,7818,0x03d14000,64045056
152448,0x0119be00,3457,0x01b02000,28319744
751900,0x0119be10,9017,0x04672000,73867264
152449,0x0119be80,3458,0x01b04000,28327936
184463,0x0119be90,4124,0x02038000,33783808
184464,0x0119bf00,4125,0x0203a000,33792000
245690,0x0119bf10,7802,0x03cf4000,63913984
175809,0x0119c000,3920,0x01ea0000,32112640
175762,0x0119c100,3918,0x01e9c000,32096256
245694,0x0119c110,7803,0x03cf6000,63922176
751906,0x0119c120,9018,0x04674000,73875456
589950,0x0119c180,9008,0x04660000,73793536
245696,0x0119c200,7804,0x03cf8000,63930368
245697,0x0119c280,7805,0x03cfa000,63938560
510720,0x0119c290,8164,0x03fc8000,66879488
175766,0x0119c300,3919,0x01e9e000,32104448
245699,0x0119c380,7806,0x03cfc000,63946752
510680,0x0119c700,8162,0x03fc4000,66863104
515050,0x0119c800,8349,0x0413a000,68395008
137759,0x0119c880,3199,0x018fe000,26206208
188305,0x0119c890,4485,0x0230a000,36741120
115523,0x0119c900,2885,0x0168a000,23633920
605598,0x0119c980,1966,0x00f5c000,16105472
605599,0x0119ca00,1967,0x00f5e000,16113664
232441,0x0119ca80,4640,0x02440000,38010880
603970,0x0119cb00,1833,0x00e52000,15015936
240330,0x0119cb80,4964,0x026c8000,40665088
511810,0x0119cc00,8207,0x0401e000,67231744
188264,0x0119cc80,4483,0x02306000,36724736
520510,0x0119cc90,8536,0x042b0000,69926912
561230,0x0119cca0,8712,0x04410000,71368704
115483,0x0119cd80,2877,0x0167a000,23568384
240334,0x0119cd90,4965,0x026ca000,40673280
603976,0x0119ce00,1834,0x00e54000,15024128
115484,0x0119ce10,2878,0x0167c000,23576576
232448,0x0119ce20,4641,0x02442000,38019072
240335,0x0119ce30,4966,0x026cc000,40681472
603977,0x0119ce80,1835,0x00e56000,15032320
138842,0x0119ce90,3276,0x01998000,26836992
232449,0x0119cea0,4642,0x02444000,38027264
513390,0x0119ceb0,8306,0x040e4000,68042752
603978,0x0119cf00,1836,0x00e58000,15040512
115486,0x0119cf10,2879,0x0167e000,23584768
240337,0x0119cf20,4967,0x026ce000,40689664
603979,0x0119cf80,1837,0x00e5a000,15048704
243040,0x0119cf90,6506,0x032d4000,53297152
115488,0x0119d000,2880,0x01680000,23592960
138845,0x0119d010,3277,0x0199a000,26845184
240339,0x0119d020,4968,0x026d0000,40697856
240291,0x0119d080,4945,0x026a2000,40509440
511770,0x0119d090,8205,0x0401a000,67215360
243043,0x0119d100,6507,0x032d6000,53305344
561190,0x0119d110,8709,0x0440a000,71344128
600230,0x0119d200,376,0x002f0000,3080192
240294,0x0119d210,4946,0x026a4000,40517632
243045,0x0119d220,6508,0x032d8000,53313536
600231,0x0119d280,377,0x002f2000,3088384
243046,0x0119d290,6509,0x032da000,53321728
600232,0x0119d300,378,0x002f4000,3096576
243047,0x0119d310,6510,0x032dc000,53329920
600233,0x0119d380,379,0x002f6000,3104768
600234,0x0119d400,380,0x002f8000,3112960
152961,0x0119d410,3635,0x01c66000,29777920
243049,0x0119d420,6511,0x032de000,53338112
600235,0x0119d480,381,0x002fa000,3121152
152962,0x0119d490,3636,0x01c68000,29786112
600236,0x0119d500,382,0x002fc000,3129344
152963,0x0119d510,3637,0x01c6a000,29794304
173119,0x0119d520,3845,0x01e0a000,31498240
600237,0x0119d580,383,0x002fe000,3137536
157339,0x0119d590,3724,0x01d18000,30507008
231910,0x0119d5a0,4613,0x0240a000,37789696
512900,0x0119d5b0,8262,0x0408c000,67682304
600238,0x0119d600,384,0x00300000,3145728
241422,0x0119d610,5636,0x02c08000,46170112
562320,0x0119d620,8773,0x0448a000,71868416
600190,0x0119d680,341,0x002aa000,2793472
600239,0x0119d690,385,0x00302000,3153920
233536,0x0119d6a0,4689,0x024a2000,38412288
241423,0x0119d6b0,5637,0x02c0a000,46178304
600191,0x0119d700,342,0x002ac000,2801664
152967,0x0119d710,3638,0x01c6c000,29802496
600192,0x0119d780,343,0x002ae000,2809856
155719,0x0119d790,3702,0x01cec000,30326784
241425,0x0119d7a0,5638,0x02c0c000,46186496
600193,0x0119d800,344,0x002b0000,2818048
560700,0x0119d810,8671,0x043be000,71032832
241427,0x0119d880,5639,0x02c0e000,46194688
600195,0x0119d900,345,0x002b2000,2826240
241428,0x0119d910,5640,0x02c10000,46202880
600196,0x0119d980,346,0x002b4000,2834432
241380,0x0119d990,5612,0x02bd8000,45973504
241429,0x0119d9a0,5641,0x02c12000,46211072
600197,0x0119da00,347,0x002b6000,2842624
688443,0x0119da10,2335,0x0123e000,19128320
155675,0x0119da20,3698,0x01ce4000,30294016
241381,0x0119da30,5613,0x02bda000,45981696
244132,0x0119da40,7044,0x03708000,57704448
600198,0x0119da80,348,0x002b8000,2850816
241382,0x0119da90,5614,0x02bdc000,45989888
600199,0x0119db00,349,0x002ba000,2859008
242510,0x0119db10,6229,0x030aa000,51027968
244134,0x0119db20,7045,0x0370a000,57712640
517230,0x0119db30,8509,0x0427a000,69705728
242511,0x0119db80,6230,0x030ac000,51036160
244135,0x0119db90,7046,0x0370c000,57720832
241385,0x0119dc00,5615,0x02bde000,45998080
242512,0x0119dc10,6231,0x030ae000,51044352
244136,0x0119dc20,7047,0x0370e000,57729024
688448,0x0119dc80,2336,0x01240000,19136512
242513,0x0119dc90,6232,0x030b0000,51052544
244137,0x0119dca0,7048,0x03710000,57737216
560660,0x0119dcb0,8667,0x043b6000,71000064
688449,0x0119dd00,2337,0x01242000,19144704
242514,0x0119dd10,6233,0x030b2000,51060736
127175,0x0119dd80,3054,0x017dc000,25018368
242515,0x0119dd90,6234,0x030b4000,51068928
244139,0x0119dda0,7049,0x03712000,57745408
110081,0x0119ddb0,7960,0x03e30000,65208320
204182,0x0119ddc0,8118,0x03f6c000,66502656
242516,0x0119de00,6235,0x030b6000,51077120
601326,0x0119de80,1099,0x00896000,9003008
242517,0x0119de90,6236,0x030b8000,51085312
244092,0x0119dea0,7030,0x036ec000,57589760
244093,0x0119df00,7031,0x036ee000,57597952
110084,0x0119df10,7961,0x03e32000,65216512
601328,0x0119df80,1100,0x00898000,9011200
242519,0x0119df90,6237,0x030ba000,51093504
244094,0x0119dfa0,7032,0x036f0000,57606144
110085,0x0119dfb0,7962,0x03e34000,65224704
242471,0x0119e000,6211,0x03086000,50880512
110086,0x0119e010,7963,0x03e36000,65232896
588350,0x0119e020,8899,0x04586000,72900608
110087,0x0119e080,7964,0x03e38000,65241088
188823,0x0119e100,4538,0x02374000,37175296
242473,0x0119e110,6212,0x03088000,50888704
188824,0x0119e180,4539,0x02376000,37183488
242475,0x0119e200,6213,0x0308a000,50896896
244099,0x0119e210,7033,0x036f2000,57614336
242476,0x0119e280,6214,0x0308c000,50905088
245220,0x0119e290,7603,0x03b66000,62283776
242477,0x0119e300,6215,0x0308e000,50913280
245221,0x0119e310,7604,0x03b68000,62291968
188828,0x0119e380,4540,0x02378000,37191680
242478,0x0119e390,6216,0x03090000,50921472
245222,0x0119e3a0,7605,0x03b6a000,62300160
513950,0x0119e3b0,8340,0x04128000,68321280
601288,0x0119e400,1094,0x0088c000,8962048
232962,0x0119e480,4665,0x02472000,38215680
243600,0x0119e490,6797,0x0351a000,55681024
232963,0x0119e500,4666,0x02474000,38223872
240850,0x0119e510,5265,0x02922000,43130880
245225,0x0119e520,7606,0x03b6c000,62308352
136156,0x0119e580,3094,0x0182c000,25346048
188783,0x0119e590,4531,0x02366000,37117952
240851,0x0119e5a0,5266,0x02924000,43139072
243602,0x0119e5b0,6798,0x0351c000,55689216
245226,0x0119e5c0,7607,0x03b6e000,62316544
243603,0x0119e600,6799,0x0351e000,55697408
245227,0x0119e610,7608,0x03b70000,62324736
561750,0x0119e620,8746,0x04454000,71647232
188785,0x0119e680,4532,0x02368000,37126144
232966,0x0119e690,4667,0x02476000,38232064
240853,0x0119e6a0,5267,0x02926000,43147264
516700,0x0119e6b0,8469,0x0422a000,69378048
240854,0x0119e700,5268,0x02928000,43155456
245180,0x0119e710,7585,0x03b42000,62136320
240855,0x0119e780,5269,0x0292a000,43163648
245181,0x0119e790,7586,0x03b44000,62144512
198299,0x0119e800,4571,0x023b6000,37445632
240857,0x0119e880,5270,0x0292c000,43171840
240858,0x0119e900,5271,0x0292e000,43180032
243560,0x0119e910,6777,0x034f2000,55517184
235716,0x0119e980,4732,0x024f8000,38764544
243561,0x0119e990,6778,0x034f4000,55525376
245185,0x0119e9a0,7587,0x03b46000,62152704
605122,0x0119ea00,1891,0x00ec6000,15491072
243562,0x0119ea10,6779,0x034f6000,55533568
605123,0x0119ea80,1892,0x00ec8000,15499264
245187,0x0119ea90,7588,0x03b48000,62160896
520990,0x0119eaa0,8581,0x0430a000,70295552
516660,0x0119eb00,8467,0x04226000,69361664
600750,0x0119eb80,808,0x00650000,6619136
243565,0x0119eb90,6780,0x034f8000,55541760
600751,0x0119ec00,809,0x00652000,6627328
243566,0x0119ec10,6781,0x034fa000,55549952
175259,0x0119ec80,3899,0x01e76000,31940608
600753,0x0119ed00,810,0x00654000,6635520
605128,0x0119ed10,1893,0x00eca000,15507456
600754,0x0119ed80,811,0x00656000,6643712
605080,0x0119ed90,1877,0x00eaa000,15376384
600755,0x0119ee00,812,0x00658000,6651904
605081,0x0119ee10,1878,0x00eac000,15384576
510210,0x0119ee20,8135,0x03f8e000,66641920
600756,0x0119ee80,813,0x0065a000,6660096
603500,0x0119ee90,1583,0x00c5e000,12967936
600757,0x0119ef00,814,0x0065c000,6668288
603501,0x0119ef10,1584,0x00c60000,12976128
185041,0x0119ef20,4260,0x02148000,34897920
000802,0x0119ef80,161,0x00142000,1318912
600758,0x0119ef90,815,0x0065e000,6676480
115010,0x0119efa0,2819,0x01606000,23093248
600759,0x0119f000,816,0x00660000,6684672
115011,0x0119f010,2820,0x01608000,23101440
241943,0x0119f020,5929,0x02e52000,48570368
605086,0x0119f080,1879,0x00eae000,15392768
241944,0x0119f090,5930,0x02e54000,48578560
603505,0x0119f100,1585,0x00c62000,12984320
603506,0x0119f180,1586,0x00c64000,12992512
605088,0x0119f190,1880,0x00eb0000,15400960
236803,0x0119f1a0,4796,0x02578000,39288832
603507,0x0119f200,1587,0x00c66000,13000704
605089,0x0119f210,1881,0x00eb2000,15409152
603508,0x0119f280,1588,0x00c68000,13008896
236805,0x0119f290,4797,0x0257a000,39297024
241948,0x0119f2a0,5931,0x02e56000,48586752
510170,0x0119f2b0,8131,0x03f86000,66609152
244653,0x0119f400,7304,0x03910000,59834368
244654,0x0119f480,7305,0x03912000,59842560
588910,0x0119f500,8941,0x045da000,73244672
236762,0x0119f580,4789,0x0256a000,39231488
603466,0x0119f600,1575,0x00c4e000,12902400
244657,0x0119f610,7306,0x03914000,59850752
603468,0x0119f700,1576,0x00c50000,12910592
244659,0x0119f710,7307,0x03916000,59858944
109022,0x0119f780,2809,0x015f2000,23011328
186130,0x0119f800,4464,0x022e0000,36569088
230311,0x0119f810,4580,0x023c8000,37519360
236768,0x0119f880,4790,0x0256c000,39239680
511260,0x0119f890,8192,0x04000000,67108864
242990,0x0119f900,6477,0x0329a000,53059584
563930,0x0119f910,8861,0x0453a000,72589312
019750,0x0119f980,2740,0x01568000,22446080
242991,0x0119f990,6478,0x0329c000,53067776
588870,0x0119f9a0,8937,0x045d2000,73211904
019751,0x0119fa00,2741,0x0156a000,22454272
136715,0x0119fa10,3124,0x01868000,25591808
184510,0x0119fa20,4142,0x0205c000,33931264
019752,0x0119fa80,2742,0x0156c000,22462464
198854,0x0119fa90,4573,0x023ba000,37462016
242993,0x0119faa0,6479,0x0329e000,53075968
019753,0x0119fb00,2743,0x0156e000,22470656
242994,0x0119fb10,6480,0x032a0000,53084160
271037,0x0119fb20,7904,0x03dc0000,64749568
019754,0x0119fb80,2744,0x01570000,22478848
019755,0x0119fc00,2745,0x01572000,22487040
152451,0x0119fc10,3459,0x01b06000,28336128
242996,0x0119fc20,6481,0x032a2000,53092352
245740,0x0119fc30,7819,0x03d16000,64053248
019756,0x0119fc80,2746,0x01574000,22495232
160346,0x0119fc90,3740,0x01d38000,30638080
184515,0x0119fca0,4143,0x0205e000,33939456
233022,0x0119fcb0,4673,0x02482000,38281216
242997,0x0119fcc0,6482,0x032a4000,53100544
019757,0x0119fd00,2747,0x01576000,22503424
152453,0x0119fd10,3460,0x01b08000,28344320
184516,0x0119fd20,4144,0x02060000,33947648
152454,0x0119fd80,3461,0x01b0a000,28352512
155205,0x0119fd90,3665,0x01ca2000,30023680
184517,0x0119fda0,4145,0x02062000,33955840
242999,0x0119fdb0,6483,0x032a6000,53108736
563890,0x0119fdc0,8859,0x04536000,72572928
019759,0x0119fe00,2748,0x01578000,22511616
152455,0x0119fe10,3462,0x01b0c000,28360704
155206,0x0119fe20,3666,0x01ca4000,30031872
152456,0x0119fe80,3463,0x01b0e000,28368896
184470,0x0119fe90,4126,0x0203c000,33800192
184519,0x0119fea0,4146,0x02064000,33964032
184471,0x0119ff00,4127,0x0203e000,33808384
245747,0x0119ff80,7820,0x03d18000,64061440
245748,0x011a0000,7821,0x03d1a000,64069632
137800,0x011a0100,3207,0x0190e000,26271744
155163,0x011a0110,3661,0x01c9a000,29990912
163050,0x011a0120,3759,0x01d5e000,30793728
184476,0x011a0180,4128,0x02040000,33816576
137804,0x011a0300,3208,0x01910000,26279936
184479,0x011a0310,4129,0x02042000,33824768
589960,0x011a0320,9009,0x04662000,73801728
185600,0x011a0380,4372,0x02228000,35815424
560150,0x011a0480,8625,0x04362000,70656000
163058,0x011a0500,3760,0x01d60000,30801920
515100,0x011a0510,8354,0x04144000,68435968
185606,0x011a0680,4373,0x0222a000,35823616
242000,0x011a0690,5958,0x02e8c000,48807936
137764,0x011a0780,3200,0x01900000,26214400
185608,0x011a0790,4374,0x0222c000,35831808
137765,0x011a0800,3201,0x01902000,26222592
185560,0x011a0810,4362,0x02214000,35733504
242003,0x011a0820,5959,0x02e8e000,48816128
185561,0x011a0880,4363,0x02216000,35741696
185562,0x011a0900,4364,0x02218000,35749888
242006,0x011a0980,5960,0x02e90000,48824320
515060,0x011a0990,8350,0x0413c000,68403200
137769,0x011a0a00,3202,0x01904000,26230784
242007,0x011a0a10,5961,0x02e92000,48832512
242008,0x011a0a80,5962,0x02e94000,48840704
242009,0x011a0b00,5963,0x02e96000,48848896
232451,0x011a0c00,4643,0x02446000,38035456
603980,0x011a0c80,1838,0x00e5c000,15056896
115537,0x011a0c90,2886,0x0168c000,23642112
185569,0x011a0ca0,4365,0x0221a000,35758080
115538,0x011a0d00,2887,0x0168e000,23650304
240340,0x011a0d10,4969,0x026d2000,40706048
603982,0x011a0d80,1839,0x00e5e000,15065088
240341,0x011a0d90,4970,0x026d4000,40714240
511820,0x011a0da0,8208,0x04020000,67239936
603983,0x011a0e00,1840,0x00e60000,15073280
520520,0x011a0e10,8537,0x042b2000,69935104
603985,0x011a0f00,1841,0x00e62000,15081472
240344,0x011a0f10,4971,0x026d6000,40722432
603986,0x011a0f80,1842,0x00e64000,15089664
240345,0x011a0f90,4972,0x026d8000,40730624
231880,0x01294000,4757,0x0252a000,38969344
231891,0x01294010,4758,0x0252c000,38977536
231895,0x01294020,4759,0x0252e000,38985728
231899,0x01294030,4760,0x02530000,38993920
231901,0x01294040,4761,0x02532000,39002112
231910,0x01294050,4762,0x02534000,39010304
231923,0x01294060,4763,0x02536000,39018496
231955,0x01294070,4764,0x02538000,39026688
231957,0x01294080,4765,0x0253a000,39034880
231991,0x01294090,4766,0x0253c000,39043072
232001,0x012940a0,4767,0x0253e000,39051264
232036,0x012940b0,4768,0x02540000,39059456
232070,0x012940c0,4769,0x02542000,39067648
232088,0x012940d0,4770,0x02544000,39075840
232096,0x012940e0,4771,0x02546000,39084032
232115,0x012940f0,4772,0x02548000,39092224
232116,0x01294100,4773,0x0254a000,39100416
232119,0x01294110,4774,0x0254c000,39108608
232169,0x01294120,4775,0x0254e000,39116800
232173,0x01294130,4776,0x02550000,39124992
232188,0x01294140,4777,0x02552000,39133184
232208,0x01294150,4778,0x02554000,39141376
232209,0x01294160,4779,0x02556000,39149568
232210,0x01294170,4780,0x02558000,39157760
232310,0x01294180,4781,0x0255a000,39165952
232323,0x01294190,4782,0x0255c000,39174144
232343,0x012941a0,4783,0x0255e000,39182336
232360,0x012941b0,4784,0x02560000,39190528
232367,0x012941c0,4785,0x02562000,39198720
232391,0x012941d0,4786,0x02564000,39206912
232411,0x012941e0,4787,0x02566000,39215104
232430,0x012941f0,4788,0x02568000,39223296
232441,0x01294200,4789,0x0256a000,39231488
232448,0x01294210,4790,0x0256c000,39239680
232449,0x01294220,4791,0x0256e000,39247872
232451,0x01294230,4792,0x02570000,39256064
232468,0x01294240,4793,0x02572000,39264256
232507,0x01294250,4794,0x02574000,39272448
232509,0x01294260,4795,0x02576000,39280640
232511,0x01294270,4796,0x02578000,39288832
232512,0x01294280,4797,0x0257a000,39297024
232535,0x01294290,4798,0x0257c000,39305216
232542,0x012942a0,4799,0x0257e000,39313408
232558,0x012942b0,4800,0x02580000,39321600
232616,0x012942c0,4801,0x02582000,39329792
232635,0x012942d0,4802,0x02584000,39337984
232645,0x012942e0,4803,0x02586000,39346176
232741,0x012942f0,4804,0x02588000,39354368
232779,0x01294300,4805,0x0258a000,39362560
232828,0x01294310,4806,0x0258c000,39370752
232903,0x01294320,4807,0x0258e000,39378944
232904,0x01294330,4808,0x02590000,39387136
232908,0x01294340,4809,0x02592000,39395328
232937,0x01294350,4810,0x02594000,39403520
232954,0x01294360,4811,0x02596000,39411712
232955,0x01294370,4812,0x02598000,39419904
232956,0x01294380,4813,0x0259a000,39428096
232962,0x01294390,4814,0x0259c000,39436288
232963,0x012943a0,4815,0x0259e000,39444480
232966,0x012943b0,4816,0x025a0000,39452672
232978,0x012943c0,4817,0x025a2000,39460864
232980,0x012943d0,4818,0x025a4000,39469056
232995,0x012943e0,4819,0x025a6000,39477248
233002,0x012943f0,4820,0x025a8000,39485440
233004,0x01294400,4821,0x025aa000,39493632
233022,0x01294410,4822,0x025ac000,39501824
233076,0x01294420,4823,0x025ae000,39510016
233174,0x01294430,4824,0x025b0000,39518208
233247,0x01294440,4825,0x025b2000,39526400
233266,0x01294450,4826,0x025b4000,39534592
233319,0x01294460,4827,0x025b6000,39542784
233455,0x01294470,4828,0x025b8000,39550976
233478,0x01294480,4829,0x025ba000,39559168
233479,0x01294490,4830,0x025bc000,39567360
233484,0x012944a0,4831,0x025be000,39575552
233504,0x012944b0,4832,0x025c0000,39583744
233508,0x012944c0,4833,0x025c2000,39591936
233510,0x012944d0,4834,0x025c4000,39600128
233513,0x012944e0,4835,0x025c6000,39608320
233514,0x012944f0,4836,0x025c8000,39616512
233520,0x01294500,4837,0x025ca000,39624704
233536,0x01294510,4838,0x025cc000,39632896
233545,0x01294520,4839,0x025ce000,39641088
233550,0x01294530,4840,0x025d0000,39649280
233569,0x01294540,4841,0x025d2000,39657472
233573,0x01294550,4842,0x025d4000,39665664
233582,0x01294560,4843,0x025d6000,39673856
233584,0x01294570,4844,0x025d8000,39682048
233659,0x01294580,4845,0x025da000,39690240
233660,0x01294590,4846,0x025dc000,39698432
233755,0x012945a0,4847,0x025de000,39706624
233770,0x012945b0,4848,0x025e0000,39714816
233771,0x012945c0,4849,0x025e2000,39723008
233883,0x012945d0,4850,0x025e4000,39731200
233891,0x012945e0,4851,0x025e6000,39739392
233911,0x012945f0,4852,0x025e8000,39747584
233957,0x01294600,4853,0x025ea000,39755776
234163,0x01294610,4854,0x025ec000,39763968
234206,0x01294620,4855,0x025ee000,39772160
234552,0x01294630,4856,0x025f0000,39780352
234805,0x01294640,4857,0x025f2000,39788544
234808,0x01294650,4858,0x025f4000,39796736
234813,0x01294660,4859,0x025f6000,39804928
234845,0x01294670,4860,0x025f8000,39813120
234847,0x01294680,4861,0x025fa000,39821312
234866,0x01294690,4862,0x025fc000,39829504
234867,0x012946a0,4863,0x025fe000,39837696
234874,0x012946b0,4864,0x02600000,39845888
234876,0x012946c0,4865,0x02602000,39854080
234880,0x012946d0,4866,0x02604000,39862272
234889,0x012946e0,4867,0x02606000,39870464
234893,0x012946f0,4868,0x02608000,39878656
234909,0x01294700,4869,0x0260a000,39886848
234911,0x01294710,4870,0x0260c000,39895040
234934,0x01294720,4871,0x0260e000,39903232
234970,0x01294730,4872,0x02610000,39911424
234971,0x01294740,4873,0x02612000,39919616
234983,0x01294750,4874,0x02614000,39927808
235267,0x01294760,4875,0x02616000,39936000
235393,0x01294770,4876,0x02618000,39944192
235408,0x01294780,4877,0x0261a000,39952384
235641,0x01294790,4878,0x0261c000,39960576
235700,0x012947a0,4879,0x0261e000,39968768
235709,0x012947b0,4880,0x02620000,39976960
235716,0x012947c0,4881,0x02622000,39985152
235724,0x012947d0,4882,0x02624000,39993344
235725,0x012947e0,4883,0x02626000,40001536
235729,0x012947f0,4884,0x02628000,40009728
235770,0x01294800,4885,0x0262a000,40017920
235775,0x01294810,4886,0x0262c000,40026112
235805,0x01294820,4887,0x0262e000,40034304
235808,0x01294830,4888,0x02630000,40042496
235833,0x01294840,4889,0x02632000,40050688
235838,0x01294850,4890,0x02634000,40058880
235857,0x01294860,4891,0x02636000,40067072
235858,0x01294870,4892,0x02638000,40075264
235862,0x01294880,4893,0x0263a000,40083456
235863,0x01294890,4894,0x0263c000,40091648
235865,0x012948a0,4895,0x0263e000,40099840
235882,0x012948b0,4896,0x02640000,40108032
235884,0x012948c0,4897,0x02642000,40116224
235885,0x012948d0,4898,0x02644000,40124416
235895,0x012948e0,4899,0x02646000,40132608
235896,0x012948f0,4900,0x02648000,40140800
235898,0x01294900,4901,0x0264a000,40148992
235909,0x01294910,4902,0x0264c000,40157184
235911,0x01294920,4903,0x0264e000,40165376
235914,0x01294930,4904,0x02650000,40173568
235916,0x01294940,4905,0x02652000,40181760
235920,0x01294950,4906,0x02654000,40189952
235921,0x01294960,4907,0x02656000,40198144
235922,0x01294970,4908,0x02658000,40206336
235952,0x01294980,4909,0x0265a000,40214528
235953,0x01294990,4910,0x0265c000,40222720
235954,0x012949a0,4911,0x0265e000,40230912
235979,0x012949b0,4912,0x02660000,40239104
235980,0x012949c0,4913,0x02662000,40247296
235982,0x012949d0,4914,0x02664000,40255488
235984,0x012949e0,4915,0x02666000,40263680
235991,0x012949f0,4916,0x02668000,40271872
236152,0x01294a00,4917,0x0266a000,40280064
236223,0x01294a10,4918,0x0266c000,40288256
236360,0x01294a20,4919,0x0266e000,40296448
236381,0x01294a30,4920,0x02670000,40304640
236413,0x01294a40,4921,0x02672000,40312832
236436,0x01294a50,4922,0x02674000,40321024
236474,0x01294a60,4923,0x02676000,40329216
236496,0x01294a70,4924,0x02678000,40337408
236533,0x01294a80,4925,0x0267a000,40345600
236708,0x01294a90,4926,0x0267c000,40353792
236720,0x01294aa0,4927,0x0267e000,40361984
236738,0x01294ab0,4928,0x02680000,40370176
236741,0x01294ac0,4929,0x02682000,40378368
236742,0x01294ad0,4930,0x02684000,40386560
236743,0x01294ae0,4931,0x02686000,40394752
236744,0x01294af0,4932,0x02688000,40402944
236745,0x01294b00,4933,0x0268a000,40411136
236746,0x01294b10,4934,0x0268c000,40419328
236750,0x01294b20,4935,0x0268e000,40427520
236751,0x01294b30,4936,0x02690000,40435712
236752,0x01294b40,4937,0x02692000,40443904
236762,0x01294b50,4938,0x02694000,40452096
236768,0x01294b60,4939,0x02696000,40460288
236778,0x01294b70,4940,0x02698000,40468480
236780,0x01294b80,4941,0x0269a000,40476672
236781,0x01294b90,4942,0x0269c000,40484864
236785,0x01294ba0,4943,0x0269e000,40493056
236786,0x01294bb0,4944,0x026a0000,40501248
236803,0x01294bc0,4945,0x026a2000,40509440
236805,0x01294bd0,4946,0x026a4000,40517632
240000,0x01294be0,4947,0x026a6000,40525824
240001,0x01294bf0,4948,0x026a8000,40534016
240002,0x01294c00,4949,0x026aa000,40542208
240007,0x01294c10,4950,0x026ac000,40550400
240010,0x01294c20,4951,0x026ae000,40558592
240017,0x01294c30,4952,0x026b0000,40566784
240019,0x01294c40,4953,0x026b2000,40574976
240020,0x01294c50,4954,0x026b4000,40583168
240025,0x01294c60,4955,0x026b6000,40591360
240026,0x01294c70,4956,0x026b8000,40599552
240029,0x01294c80,4957,0x026ba000,40607744
240031,0x01294c90,4958,0x026bc000,40615936
240034,0x01294ca0,4959,0x026be000,40624128
240035,0x01294cb0,4960,0x026c0000,40632320
240038,0x01294cc0,4961,0x026c2000,40640512
240039,0x01294cd0,4962,0x026c4000,40648704
240043,0x01294ce0,4963,0x026c6000,40656896
240044,0x01294cf0,4964,0x026c8000,40665088
240046,0x01294d00,4965,0x026ca000,40673280
240047,0x01294d10,4966,0x026cc000,40681472
240050,0x01294d20,4967,0x026ce000,40689664
240054,0x01294d30,4968,0x026d0000,40697856
240055,0x01294d40,4969,0x026d2000,40706048
240056,0x01294d50,4970,0x026d4000,40714240
240057,0x01294d60,4971,0x026d6000,40722432
240058,0x01294d70,4972,0x026d8000,40730624
240059,0x01294d80,4973,0x026da000,40738816
240060,0x01294d90,4974,0x026dc000,40747008
240064,0x01294da0,4975,0x026de000,40755200
240065,0x01294db0,4976,0x026e0000,40763392
240067,0x01294dc0,4977,0x026e2000,40771584
240069,0x01294dd0,4978,0x026e4000,40779776
240073,0x01294de0,4979,0x026e6000,40787968
240076,0x01294df0,4980,0x026e8000,40796160
240077,0x01294e00,4981,0x026ea000,40804352
240078,0x01294e10,4982,0x026ec000,40812544
240079,0x01294e20,4983,0x026ee000,40820736
240080,0x01294e30,4984,0x026f0000,40828928
240081,0x01294e40,4985,0x026f2000,40837120
240082,0x01294e50,4986,0x026f4000,40845312
240083,0x01294e60,4987,0x026f6000,40853504
240084,0x01294e70,4988,0x026f8000,40861696
240085,0x01294e80,4989,0x026fa000,40869888
240086,0x01294e90,4990,0x026fc000,40878080
240087,0x01294ea0,4991,0x026fe000,40886272
240089,0x01294eb0,4992,0x02700000,40894464
240094,0x01294ec0,4993,0x02702000,40902656
240096,0x01294ed0,4994,0x02704000,40910848
240098,0x01294ee0,4995,0x02706000,40919040
240099,0x01294ef0,4996,0x02708000,40927232
240102,0x01294f00,4997,0x0270a000,40935424
240105,0x01294f10,4998,0x0270c000,40943616
240106,0x01294f20,4999,0x0270e000,40951808
240109,0x01294f30,5000,0x02710000,40960000
240111,0x01294f40,5001,0x02712000,40968192
240113,0x01294f50,5002,0x02714000,40976384
240114,0x01294f60,5003,0x02716000,40984576
240115,0x01294f70,5004,0x02718000,40992768
240116,0x01294f80,5005,0x0271a000,41000960
240117,0x01294f90,5006,0x0271c000,41009152
240118,0x01294fa0,5007,0x0271e000,41017344
240119,0x01294fb0,5008,0x02720000,41025536
240120,0x01294fc0,5009,0x02722000,41033728
240122,0x01294fd0,5010,0x02724000,41041920
240123,0x01294fe0,5011,0x02726000,41050112
240128,0x01294ff0,5012,0x02728000,41058304
240132,0x01395000,5014,0x0272c000,41074688
240133,0x01395010,5015,0x0272e000,41082880
240136,0x01395020,5016,0x02730000,41091072
240139,0x01395030,5017,0x02732000,41099264
240143,0x01395040,5018,0x02734000,41107456
240146,0x01395050,5019,0x02736000,41115648
240147,0x01395060,5020,0x02738000,41123840
240148,0x01395070,5021,0x0273a000,41132032
240149,0x01395080,5022,0x0273c000,41140224
240150,0x01395090,5023,0x0273e000,41148416
240151,0x013950a0,5024,0x02740000,41156608
240152,0x013950b0,5025,0x02742000,41164800
240154,0x013950c0,5026,0x02744000,41172992
240155,0x013950d0,5027,0x02746000,41181184
240157,0x013950e0,5028,0x02748000,41189376
240159,0x013950f0,5029,0x0274a000,41197568
240160,0x01395100,5030,0x0274c000,41205760
240162,0x01395110,5031,0x0274e000,41213952
240163,0x01395120,5032,0x02750000,41222144
240164,0x01395130,5033,0x02752000,41230336
240165,0x01395140,5034,0x02754000,41238528
240166,0x01395150,5035,0x02756000,41246720
240168,0x01395160,5036,0x02758000,41254912
240169,0x01395170,5037,0x0275a000,41263104
240170,0x01395180,5038,0x0275c000,41271296
240171,0x01395190,5039,0x0275e000,41279488
240172,0x013951a0,5040,0x02760000,41287680
240173,0x013951b0,5041,0x02762000,41295872
240175,0x013951c0,5042,0x02764000,41304064
240176,0x013951d0,5043,0x02766000,41312256
240179,0x013951e0,5044,0x02768000,41320448
240180,0x013951f0,5045,0x0276a000,41328640
240182,0x01395200,5046,0x0276c000,41336832
240183,0x01395210,5047,0x0276e000,41345024
240187,0x01395220,5048,0x02770000,41353216
240192,0x01395230,5049,0x02772000,41361408
240196,0x01395240,5050,0x02774000,41369600
240201,0x01395250,5051,0x02776000,41377792
240202,0x01395260,5052,0x02778000,41385984
240203,0x01395270,5053,0x0277a000,41394176
240208,0x01395280,5054,0x0277c000,41402368
240210,0x01395290,5055,0x0277e000,41410560
240211,0x013952a0,5056,0x02780000,41418752
240213,0x013952b0,5057,0x02782000,41426944
240214,0x013952c0,5058,0x02784000,41435136
240217,0x013952d0,5059,0x02786000,41443328
240218,0x013952e0,5060,0x02788000,41451520
240221,0x013952f0,5061,0x0278a000,41459712
240222,0x01395300,5062,0x0278c000,41467904
240226,0x01395310,5063,0x0278e000,41476096
240227,0x01395320,5064,0x02790000,41484288
240235,0x01395330,5065,0x02792000,41492480
240236,0x01395340,5066,0x02794000,41500672
240239,0x01395350,5067,0x02796000,41508864
240242,0x01395360,5068,0x02798000,41517056
240243,0x01395370,5069,0x0279a000,41525248
240244,0x01395380,5070,0x0279c000,41533440
240246,0x01395390,5071,0x0279e000,41541632
240247,0x013953a0,5072,0x027a0000,41549824
240248,0x013953b0,5073,0x027a2000,41558016
240249,0x013953c0,5074,0x027a4000,41566208
240252,0x013953d0,5075,0x027a6000,41574400
240254,0x013953e0,5076,0x027a8000,41582592
240255,0x013953f0,5077,0x027aa000,41590784
240256,0x01395400,5078,0x027ac000,41598976
240258,0x01395410,5079,0x027ae000,41607168
240261,0x01395420,5080,0x027b0000,41615360
240263,0x01395430,5081,0x027b2000,41623552
240264,0x01395440,5082,0x027b4000,41631744
240265,0x01395450,5083,0x027b6000,41639936
240269,0x01395460,5084,0x027b8000,41648128
240270,0x01395470,5085,0x027ba000,41656320
240272,0x01395480,5086,0x027bc000,41664512
240273,0x01395490,5087,0x027be000,41672704
240274,0x013954a0,5088,0x027c0000,41680896
240277,0x013954b0,5089,0x027c2000,41689088
240278,0x013954c0,5090,0x027c4000,41697280
240283,0x013954d0,5091,0x027c6000,41705472
240285,0x013954e0,5092,0x027c8000,41713664
240286,0x013954f0,5093,0x027ca000,41721856
240288,0x01395500,5094,0x027cc000,41730048
240291,0x01395510,5095,0x027ce000,41738240
240294,0x01395520,5096,0x027d0000,41746432
240301,0x01395530,5097,0x027d2000,41754624
240303,0x01395540,5098,0x027d4000,41762816
240304,0x01395550,5099,0x027d6000,41771008
240305,0x01395560,5100,0x027d8000,41779200
240306,0x01395570,5101,0x027da000,41787392
240307,0x01395580,5102,0x027dc000,41795584
240309,0x01395590,5103,0x027de000,41803776
240310,0x013955a0,5104,0x027e0000,41811968
240312,0x013955b0,5105,0x027e2000,41820160
240315,0x013955c0,5106,0x027e4000,41828352
240318,0x013955d0,5107,0x027e6000,41836544
240319,0x013955e0,5108,0x027e8000,41844736
240321,0x013955f0,5109,0x027ea000,41852928
240322,0x01395600,5110,0x027ec000,41861120
240324,0x01395610,5111,0x027ee000,41869312
240328,0x01395620,5112,0x027f0000,41877504
240329,0x01395630,5113,0x027f2000,41885696
240330,0x01395640,5114,0x027f4000,41893888
240334,0x01395650,5115,0x027f6000,41902080
240335,0x01395660,5116,0x027f8000,41910272
240337,0x01395670,5117,0x027fa000,41918464
240339,0x01395680,5118,0x027fc000,41926656
240340,0x01395690,5119,0x027fe000,41934848
240341,0x013956a0,5120,0x02800000,41943040
240344,0x013956b0,5121,0x02802000,41951232
240345,0x013956c0,5122,0x02804000,41959424
240346,0x013956d0,5123,0x02806000,41967616
240347,0x013956e0,5124,0x02808000,41975808
240348,0x013956f0,5125,0x0280a000,41984000
240349,0x01395700,5126,0x0280c000,41992192
240354,0x01395710,5127,0x0280e000,42000384
240358,0x01395720,5128,0x02810000,42008576
240359,0x01395730,5129,0x02812000,42016768
240360,0x01395740,5130,0x02814000,42024960
240361,0x01395750,5131,0x02816000,42033152
240362,0x01395760,5132,0x02818000,42041344
240364,0x01395770,5133,0x0281a000,42049536
240366,0x01395780,5134,0x0281c000,42057728
240367,0x01395790,5135,0x0281e000,42065920
240368,0x013957a0,5136,0x02820000,42074112
240370,0x013957b0,5137,0x02822000,42082304
240371,0x013957c0,5138,0x02824000,42090496
240373,0x013957d0,5139,0x02826000,42098688
240376,0x013957e0,5140,0x02828000,42106880
240378,0x013957f0,5141,0x0282a000,42115072
240379,0x01395800,5142,0x0282c000,42123264
240380,0x01395810,5143,0x0282e000,42131456
240386,0x01395820,5144,0x02830000,42139648
240389,0x01395830,5145,0x02832000,42147840
240390,0x01395840,5146,0x02834000,42156032
240392,0x01395850,5147,0x02836000,42164224
240397,0x01395860,5148,0x02838000,42172416
240401,0x01395870,5149,0x0283a000,42180608
240402,0x01395880,5150,0x0283c000,42188800
240404,0x01395890,5151,0x0283e000,42196992
240408,0x013958a0,5152,0x02840000,42205184
240409,0x013958b0,5153,0x02842000,42213376
240411,0x013958c0,5154,0x02844000,42221568
240415,0x013958d0,5155,0x02846000,42229760
240416,0x013958e0,5156,0x02848000,42237952
240417,0x013958f0,5157,0x0284a000,42246144
240418,0x01395900,5158,0x0284c000,42254336
240425,0x01395910,5159,0x0284e000,42262528
240426,0x01395920,5160,0x02850000,42270720
240427,0x01395930,5161,0x02852000,42278912
240428,0x01395940,5162,0x02854000,42287104
240430,0x01395950,5163,0x02856000,42295296
240433,0x01395960,5164,0x02858000,42303488
240444,0x01395970,5165,0x0285a000,42311680
240445,0x01395980,5166,0x0285c000,42319872
240449,0x01395990,5167,0x0285e000,42328064
240450,0x013959a0,5168,0x02860000,42336256
240451,0x013959b0,5169,0x02862000,42344448
240454,0x013959c0,5170,0x02864000,42352640
240458,0x013959d0,5171,0x02866000,42360832
240459,0x013959e0,5172,0x02868000,42369024
240461,0x013959f0,5173,0x0286a000,42377216
240463,0x01395a00,5174,0x0286c000,42385408
240467,0x01395a10,5175,0x0286e000,42393600
240469,0x01395a20,5176,0x02870000,42401792
240470,0x01395a30,5177,0x02872000,42409984
240473,0x01395a40,5178,0x02874000,42418176
240474,0x01395a50,5179,0x02876000,42426368
240475,0x01395a60,5180,0x02878000,42434560
240476,0x01395a70,5181,0x0287a000,42442752
240478,0x01395a80,5182,0x0287c000,42450944
240480,0x01395a90,5183,0x0287e000,42459136
240481,0x01395aa0,5184,0x02880000,42467328
240482,0x01395ab0,5185,0x02882000,42475520
240485,0x01395ac0,5186,0x02884000,42483712
240486,0x01395ad0,5187,0x02886000,42491904
240487,0x01395ae0,5188,0x02888000,42500096
240488,0x01395af0,5189,0x0288a000,42508288
240489,0x01395b00,5190,0x0288c000,42516480
240490,0x01395b10,5191,0x0288e000,42524672
240492,0x01395b20,5192,0x02890000,42532864
240493,0x01395b30,5193,0x02892000,42541056
240495,0x01395b40,5194,0x02894000,42549248
240496,0x01395b50,5195,0x02896000,42557440
240497,0x01395b60,5196,0x02898000,42565632
240498,0x01395b70,5197,0x0289a000,42573824
240499,0x01395b80,5198,0x0289c000,42582016
240502,0x01395b90,5199,0x0289e000,42590208
240505,0x01395ba0,5200,0x028a0000,42598400
240506,0x01395bb0,5201,0x028a2000,42606592
240507,0x01395bc0,5202,0x028a4000,42614784
240508,0x01395bd0,5203,0x028a6000,42622976
240511,0x01395be0,5204,0x028a8000,42631168
240512,0x01395bf0,5205,0x028aa000,42639360
240513,0x01395c00,5206,0x028ac000,42647552
240514,0x01395c10,5207,0x028ae000,42655744
240515,0x01395c20,5208,0x028b0000,42663936
240516,0x01395c30,5209,0x028b2000,42672128
240517,0x01395c40,5210,0x028b4000,42680320
240519,0x01395c50,5211,0x028b6000,42688512
240520,0x01395c60,5212,0x028b8000,42696704
240521,0x01395c70,5213,0x028ba000,42704896
240522,0x01395c80,5214,0x028bc000,42713088
240525,0x01395c90,5215,0x028be000,42721280
240526,0x01395ca0,5216,0x028c0000,42729472
240528,0x01395cb0,5217,0x028c2000,42737664
240529,0x01395cc0,5218,0x028c4000,42745856
240531,0x01395cd0,5219,0x028c6000,42754048
240532,0x01395ce0,5220,0x028c8000,42762240
240534,0x01395cf0,5221,0x028ca000,42770432
240536,0x01395d00,5222,0x028cc000,42778624
240538,0x01395d10,5223,0x028ce000,42786816
240539,0x01395d20,5224,0x028d0000,42795008
240540,0x01395d30,5225,0x028d2000,42803200
240541,0x01395d40,5226,0x028d4000,42811392
240542,0x01395d50,5227,0x028d6000,42819584
240544,0x01395d60,5228,0x028d8000,42827776
240547,0x01395d70,5229,0x028da000,42835968
240548,0x01395d80,5230,0x028dc000,42844160
240549,0x01395d90,5231,0x028de000,42852352
240550,0x01395da0,5232,0x028e0000,42860544
240552,0x01395db0,5233,0x028e2000,42868736
240553,0x01395dc0,5234,0x028e4000,42876928
240556,0x01395dd0,5235,0x028e6000,42885120
240557,0x01395de0,5236,0x028e8000,42893312
240559,0x01395df0,5237,0x028ea000,42901504
240560,0x01395e00,5238,0x028ec000,42909696
240561,0x01395e10,5239,0x028ee000,42917888
240564,0x01395e20,5240,0x028f0000,42926080
240566,0x01395e30,5241,0x028f2000,42934272
240567,0x01395e40,5242,0x028f4000,42942464
240568,0x01395e50,5243,0x028f6000,42950656
240570,0x01395e60,5244,0x028f8000,42958848
240572,0x01395e70,5245,0x028fa000,42967040
240573,0x01395e80,5246,0x028fc000,42975232
240578,0x01395e90,5247,0x028fe000,42983424
240581,0x01395ea0,5248,0x02900000,42991616
240582,0x01395eb0,5249,0x02902000,42999808
240584,0x01395ec0,5250,0x02904000,43008000
240585,0x01395ed0,5251,0x02906000,43016192
240587,0x01395ee0,5252,0x02908000,43024384
240589,0x01395ef0,5253,0x0290a000,43032576
240590,0x01395f00,5254,0x0290c000,43040768
240595,0x01395f10,5255,0x0290e000,43048960
240598,0x01395f20,5256,0x02910000,43057152
240599,0x01395f30,5257,0x02912000,43065344
240600,0x01395f40,5258,0x02914000,43073536
240601,0x01395f50,5259,0x02916000,43081728
240603,0x01395f60,5260,0x02918000,43089920
240604,0x01395f70,5261,0x0291a000,43098112
240608,0x01395f80,5262,0x0291c000,43106304
240611,0x01395f90,5263,0x0291e000,43114496
240612,0x01395fa0,5264,0x02920000,43122688
240613,0x01395fb0,5265,0x02922000,43130880
240615,0x01395fc0,5266,0x02924000,43139072
240616,0x01395fd0,5267,0x02926000,43147264
240617,0x01395fe0,5268,0x02928000,43155456
240618,0x01395ff0,5269,0x0292a000,43163648
240620,0x01496000,5271,0x0292e000,43180032
240621,0x01496010,5272,0x02930000,43188224
240622,0x01496020,5273,0x02932000,43196416
240623,0x01496030,5274,0x02934000,43204608
240625,0x01496040,5275,0x02936000,43212800
240626,0x01496050,5276,0x02938000,43220992
240627,0x01496060,5277,0x0293a000,43229184
240628,0x01496070,5278,0x0293c000,43237376
240630,0x01496080,5279,0x0293e000,43245568
240632,0x01496090,5280,0x02940000,43253760
240633,0x014960a0,5281,0x02942000,43261952
240634,0x014960b0,5282,0x02944000,43270144
240635,0x014960c0,5283,0x02946000,43278336
240638,0x014960d0,5284,0x02948000,43286528
240640,0x014960e0,5285,0x0294a000,43294720
240642,0x014960f0,5286,0x0294c000,43302912
240643,0x01496100,5287,0x0294e000,43311104
240644,0x01496110,5288,0x02950000,43319296
240650,0x01496120,5289,0x02952000,43327488
240651,0x01496130,5290,0x02954000,43335680
240652,0x01496140,5291,0x02956000,43343872
240653,0x01496150,5292,0x02958000,43352064
240655,0x01496160,5293,0x0295a000,43360256
240656,0x01496170,5294,0x0295c000,43368448
240657,0x01496180,5295,0x0295e000,43376640
240658,0x01496190,5296,0x02960000,43384832
240659,0x014961a0,5297,0x02962000,43393024
240660,0x014961b0,5298,0x02964000,43401216
240661,0x014961c0,5299,0x02966000,43409408
240662,0x014961d0,5300,0x02968000,43417600
240663,0x014961e0,5301,0x0296a000,43425792
240664,0x014961f0,5302,0x0296c000,43433984
240665,0x01496200,5303,0x0296e000,43442176
240666,0x01496210,5304,0x02970000,43450368
240667,0x01496220,5305,0x02972000,43458560
240668,0x01496230,5306,0x02974000,43466752
240669,0x01496240,5307,0x02976000,43474944
240671,0x01496250,5308,0x02978000,43483136
240672,0x01496260,5309,0x0297a000,43491328
240673,0x01496270,5310,0x0297c000,43499520
240675,0x01496280,5311,0x0297e000,43507712
240676,0x01496290,5312,0x02980000,43515904
240678,0x014962a0,5313,0x02982000,43524096
240679,0x014962b0,5314,0x02984000,43532288
240680,0x014962c0,5315,0x02986000,43540480
240681,0x014962d0,5316,0x02988000,43548672
240682,0x014962e0,5317,0x0298a000,43556864
240685,0x014962f0,5318,0x0298c000,43565056
240686,0x01496300,5319,0x0298e000,43573248
240687,0x01496310,5320,0x02990000,43581440
240688,0x01496320,5321,0x02992000,43589632
240689,0x01496330,5322,0x02994000,43597824
240690,0x01496340,5323,0x02996000,43606016
240691,0x01496350,5324,0x02998000,43614208
240695,0x01496360,5325,0x0299a000,43622400
240696,0x01496370,5326,0x0299c000,43630592
240697,0x01496380,5327,0x0299e000,43638784
240699,0x01496390,5328,0x029a0000,43646976
240700,0x014963a0,5329,0x029a2000,43655168
240703,0x014963b0,5330,0x029a4000,43663360
240705,0x014963c0,5331,0x029a6000,43671552
240706,0x014963d0,5332,0x029a8000,43679744
240707,0x014963e0,5333,0x029aa000,43687936
240708,0x014963f0,5334,0x029ac000,43696128
240709,0x01496400,5335,0x029ae000,43704320
240710,0x01496410,5336,0x029b0000,43712512
240711,0x01496420,5337,0x029b2000,43720704
240712,0x01496430,5338,0x029b4000,43728896
240713,0x01496440,5339,0x029b6000,43737088
240714,0x01496450,5340,0x029b8000,43745280
240717,0x01496460,5341,0x029ba000,43753472
240718,0x01496470,5342,0x029bc000,43761664
240720,0x01496480,5343,0x029be000,43769856
240724,0x01496490,5344,0x029c0000,43778048
240726,0x014964a0,5345,0x029c2000,43786240
240729,0x014964b0,5346,0x029c4000,43794432
240730,0x014964c0,5347,0x029c6000,43802624
240731,0x014964d0,5348,0x029c8000,43810816
240732,0x014964e0,5349,0x029ca000,43819008
240733,0x014964f0,5350,0x029cc000,43827200
240734,0x01496500,5351,0x029ce000,43835392
240739,0x01496510,5352,0x029d0000,43843584
240740,0x01496520,5353,0x029d2000,43851776
240741,0x01496530,5354,0x029d4000,43859968
240743,0x01496540,5355,0x029d6000,43868160
240744,0x01496550,5356,0x029d8000,43876352
240745,0x01496560,5357,0x029da000,43884544
240746,0x01496570,5358,0x029dc000,43892736
240747,0x01496580,5359,0x029de000,43900928
240748,0x01496590,5360,0x029e0000,43909120
240749,0x014965a0,5361,0x029e2000,43917312
240750,0x014965b0,5362,0x029e4000,43925504
240752,0x014965c0,5363,0x029e6000,43933696
240756,0x014965d0,5364,0x029e8000,43941888
240758,0x014965e0,5365,0x029ea000,43950080
240759,0x014965f0,5366,0x029ec000,43958272
240761,0x01496600,5367,0x029ee000,43966464
240764,0x01496610,5368,0x029f0000,43974656
240765,0x01496620,5369,0x029f2000,43982848
240768,0x01496630,5370,0x029f4000,43991040
240770,0x01496640,5371,0x029f6000,43999232
240774,0x01496650,5372,0x029f8000,44007424
240775,0x01496660,5373,0x029fa000,44015616
240778,0x01496670,5374,0x029fc000,44023808
240780,0x01496680,5375,0x029fe000,44032000
240781,0x01496690,5376,0x02a00000,44040192
240782,0x014966a0,5377,0x02a02000,44048384
240783,0x014966b0,5378,0x02a04000,44056576
240784,0x014966c0,5379,0x02a06000,44064768
240785,0x014966d0,5380,0x02a08000,44072960
240787,0x014966e0,5381,0x02a0a000,44081152
240792,0x014966f0,5382,0x02a0c000,44089344
240793,0x01496700,5383,0x02a0e000,44097536
240797,0x01496710,5384,0x02a10000,44105728
240798,0x01496720,5385,0x02a12000,44113920
240799,0x01496730,5386,0x02a14000,44122112
240801,0x01496740,5387,0x02a16000,44130304
240803,0x01496750,5388,0x02a18000,44138496
240804,0x01496760,5389,0x02a1a000,44146688
240805,0x01496770,5390,0x02a1c000,44154880
240809,0x01496780,5391,0x02a1e000,44163072
240810,0x01496790,5392,0x02a20000,44171264
240811,0x014967a0,5393,0x02a22000,44179456
240812,0x014967b0,5394,0x02a24000,44187648
240813,0x014967c0,5395,0x02a26000,44195840
240817,0x014967d0,5396,0x02a28000,44204032
240819,0x014967e0,5397,0x02a2a000,44212224
240820,0x014967f0,5398,0x02a2c000,44220416
240821,0x01496800,5399,0x02a2e000,44228608
240824,0x01496810,5400,0x02a30000,44236800
240826,0x01496820,5401,0x02a32000,44244992
240827,0x01496830,5402,0x02a34000,44253184
240828,0x01496840,5403,0x02a36000,44261376
240829,0x01496850,5404,0x02a38000,44269568
240830,0x01496860,5405,0x02a3a000,44277760
240831,0x01496870,5406,0x02a3c000,44285952
240836,0x01496880,5407,0x02a3e000,44294144
240838,0x01496890,5408,0x02a40000,44302336
240839,0x014968a0,5409,0x02a42000,44310528
240842,0x014968b0,5410,0x02a44000,44318720
240844,0x014968c0,5411,0x02a46000,44326912
240845,0x014968d0,5412,0x02a48000,44335104
240846,0x014968e0,5413,0x02a4a000,44343296
240847,0x014968f0,5414,0x02a4c000,44351488
240849,0x01496900,5415,0x02a4e000,44359680
240850,0x01496910,5416,0x02a50000,44367872
240851,0x01496920,5417,0x02a52000,44376064
240853,0x01496930,5418,0x02a54000,44384256
240854,0x01496940,5419,0x02a56000,44392448
240855,0x01496950,5420,0x02a58000,44400640
240857,0x01496960,5421,0x02a5a000,44408832
240858,0x01496970,5422,0x02a5c000,44417024
240861,0x01496980,5423,0x02a5e000,44425216
240864,0x01496990,5424,0x02a60000,44433408
240867,0x014969a0,5425,0x02a62000,44441600
240868,0x014969b0,5426,0x02a64000,44449792
240869,0x014969c0,5427,0x02a66000,44457984
240870,0x014969d0,5428,0x02a68000,44466176
240871,0x014969e0,5429,0x02a6a000,44474368
240874,0x014969f0,5430,0x02a6c000,44482560
240875,0x01496a00,5431,0x02a6e000,44490752
240876,0x01496a10,5432,0x02a70000,44498944
240878,0x01496a20,5433,0x02a72000,44507136
240879,0x01496a30,5434,0x02a74000,44515328
240883,0x01496a40,5435,0x02a76000,44523520
240887,0x01496a50,5436,0x02a78000,44531712
240888,0x01496a60,5437,0x02a7a000,44539904
240889,0x01496a70,5438,0x02a7c000,44548096
240893,0x01496a80,5439,0x02a7e000,44556288
240895,0x01496a90,5440,0x02a80000,44564480
240896,0x01496aa0,5441,0x02a82000,44572672
240898,0x01496ab0,5442,0x02a84000,44580864
240899,0x01496ac0,5443,0x02a86000,44589056
240901,0x01496ad0,5444,0x02a88000,44597248
240903,0x01496ae0,5445,0x02a8a000,44605440
240905,0x01496af0,5446,0x02a8c000,44613632
240906,0x01496b00,5447,0x02a8e000,44621824
240907,0x01496b10,5448,0x02a90000,44630016
240908,0x01496b20,5449,0x02a92000,44638208
240909,0x01496b30,5450,0x02a94000,44646400
240910,0x01496b40,5451,0x02a96000,44654592
240912,0x01496b50,5452,0x02a98000,44662784
240913,0x01496b60,5453,0x02a9a000,44670976
240914,0x01496b70,5454,0x02a9c000,44679168
240915,0x01496b80,5455,0x02a9e000,44687360
240916,0x01496b90,5456,0x02aa0000,44695552
240917,0x01496ba0,5457,0x02aa2000,44703744
240918,0x01496bb0,5458,0x02aa4000,44711936
240922,0x01496bc0,5459,0x02aa6000,44720128
240923,0x01496bd0,5460,0x02aa8000,44728320
240924,0x01496be0,5461,0x02aaa000,44736512
240926,0x01496bf0,5462,0x02aac000,44744704
240927,0x01496c00,5463,0x02aae000,44752896
240928,0x01496c10,5464,0x02ab0000,44761088
240930,0x01496c20,5465,0x02ab2000,44769280
240932,0x01496c30,5466,0x02ab4000,44777472
240935,0x01496c40,5467,0x02ab6000,44785664
240936,0x01496c50,5468,0x02ab8000,44793856
240937,0x01496c60,5469,0x02aba000,44802048
240938,0x01496c70,5470,0x02abc000,44810240
240940,0x01496c80,5471,0x02abe000,44818432
240946,0x01496c90,5472,0x02ac0000,44826624
240947,0x01496ca0,5473,0x02ac2000,44834816
240949,0x01496cb0,5474,0x02ac4000,44843008
240950,0x01496cc0,5475,0x02ac6000,44851200
240951,0x01496cd0,5476,0x02ac8000,44859392
240953,0x01496ce0,5477,0x02aca000,44867584
240954,0x01496cf0,5478,0x02acc000,44875776
240955,0x01496d00,5479,0x02ace000,44883968
240958,0x01496d10,5480,0x02ad0000,44892160
240960,0x01496d20,5481,0x02ad2000,44900352
240961,0x01496d30,5482,0x02ad4000,44908544
240962,0x01496d40,5483,0x02ad6000,44916736
240963,0x01496d50,5484,0x02ad8000,44924928
240965,0x01496d60,5485,0x02ada000,44933120
240968,0x01496d70,5486,0x02adc000,44941312
240969,0x01496d80,5487,0x02ade000,44949504
240970,0x01496d90,5488,0x02ae0000,44957696
240972,0x01496da0,5489,0x02ae2000,44965888
240974,0x01496db0,5490,0x02ae4000,44974080
240975,0x01496dc0,5491,0x02ae6000,44982272
240976,0x01496dd0,5492,0x02ae8000,44990464
240977,0x01496de0,5493,0x02aea000,44998656
240979,0x01496df0,5494,0x02aec000,45006848
240980,0x01496e00,5495,0x02aee000,45015040
240981,0x01496e10,5496,0x02af0000,45023232
240982,0x01496e20,5497,0x02af2000,45031424
240983,0x01496e30,5498,0x02af4000,45039616
240985,0x01496e40,5499,0x02af6000,45047808
240986,0x01496e50,5500,0x02af8000,45056000
240988,0x01496e60,5501,0x02afa000,45064192
240990,0x01496e70,5502,0x02afc000,45072384
240991,0x01496e80,5503,0x02afe000,45080576
240992,0x01496e90,5504,0x02b00000,45088768
240993,0x01496ea0,5505,0x02b02000,45096960
240995,0x01496eb0,5506,0x02b04000,45105152
240996,0x01496ec0,5507,0x02b06000,45113344
240997,0x01496ed0,5508,0x02b08000,45121536
240998,0x01496ee0,5509,0x02b0a000,45129728
241000,0x01496ef0,5510,0x02b0c000,45137920
241001,0x01496f00,5511,0x02b0e000,45146112
241005,0x01496f10,5512,0x02b10000,45154304
241010,0x01496f20,5513,0x02b12000,45162496
241011,0x01496f30,5514,0x02b14000,45170688
241012,0x01496f40,5515,0x02b16000,45178880
241013,0x01496f50,5516,0x02b18000,45187072
241015,0x01496f60,5517,0x02b1a000,45195264
241017,0x01496f70,5518,0x02b1c000,45203456
241018,0x01496f80,5519,0x02b1e000,45211648
241019,0x01496f90,5520,0x02b20000,45219840
241020,0x01496fa0,5521,0x02b22000,45228032
241021,0x01496fb0,5522,0x02b24000,45236224
241023,0x01496fc0,5523,0x02b26000,45244416
241024,0x01496fd0,5524,0x02b28000,45252608
241025,0x01496fe0,5525,0x02b2a000,45260800
241026,0x01496ff0,5526,0x02b2c000,45268992
241028,0x01597000,5528,0x02b30000,45285376
241029,0x01597010,5529,0x02b32000,45293568
241030,0x01597020,5530,0x02b34000,45301760
241031,0x01597030,5531,0x02b36000,45309952
241032,0x01597040,5532,0x02b38000,45318144
241033,0x01597050,5533,0x02b3a000,45326336
241034,0x01597060,5534,0x02b3c000,45334528
241035,0x01597070,5535,0x02b3e000,45342720
241036,0x01597080,5536,0x02b40000,45350912
241037,0x01597090,5537,0x02b42000,45359104
241038,0x015970a0,5538,0x02b44000,45367296
241039,0x015970b0,5539,0x02b46000,45375488
241041,0x015970c0,5540,0x02b48000,45383680
241043,0x015970d0,5541,0x02b4a000,45391872
241045,0x015970e0,5542,0x02b4c000,45400064
241047,0x015970f0,5543,0x02b4e000,45408256
241048,0x01597100,5544,0x02b50000,45416448
241050,0x01597110,5545,0x02b52000,45424640
241051,0x01597120,5546,0x02b54000,45432832
241052,0x01597130,5547,0x02b56000,45441024
241053,0x01597140,5548,0x02b58000,45449216
241054,0x01597150,5549,0x02b5a000,45457408
241055,0x01597160,5550,0x02b5c000,45465600
241056,0x01597170,5551,0x02b5e000,45473792
241057,0x01597180,5552,0x02b60000,45481984
241058,0x01597190,5553,0x02b62000,45490176
241060,0x015971a0,5554,0x02b64000,45498368
241061,0x015971b0,5555,0x02b66000,45506560
241062,0x015971c0,5556,0x02b68000,45514752
241063,0x015971d0,5557,0x02b6a000,45522944
241066,0x015971e0,5558,0x02b6c000,45531136
241069,0x015971f0,5559,0x02b6e000,45539328
241070,0x01597200,5560,0x02b70000,45547520
241073,0x01597210,5561,0x02b72000,45555712
241074,0x01597220,5562,0x02b74000,45563904
241075,0x01597230,5563,0x02b76000,45572096
241077,0x01597240,5564,0x02b78000,45580288
241080,0x01597250,5565,0x02b7a000,45588480
241081,0x01597260,5566,0x02b7c000,45596672
241082,0x01597270,5567,0x02b7e000,45604864
241083,0x01597280,5568,0x02b80000,45613056
241086,0x01597290,5569,0x02b82000,45621248
241089,0x015972a0,5570,0x02b84000,45629440
241090,0x015972b0,5571,0x02b86000,45637632
241091,0x015972c0,5572,0x02b88000,45645824
241092,0x015972d0,5573,0x02b8a000,45654016
241093,0x015972e0,5574,0x02b8c000,45662208
241094,0x015972f0,5575,0x02b8e000,45670400
241095,0x01597300,5576,0x02b90000,45678592
241096,0x01597310,5577,0x02b92000,45686784
241097,0x01597320,5578,0x02b94000,45694976
241098,0x01597330,5579,0x02b96000,45703168
241102,0x01597340,5580,0x02b98000,45711360
241103,0x01597350,5581,0x02b9a000,45719552
241105,0x01597360,5582,0x02b9c000,45727744
241108,0x01597370,5583,0x02b9e000,45735936
241110,0x01597380,5584,0x02ba0000,45744128
241111,0x01597390,5585,0x02ba2000,45752320
241112,0x015973a0,5586,0x02ba4000,45760512
241113,0x015973b0,5587,0x02ba6000,45768704
241114,0x015973c0,5588,0x02ba8000,45776896
241115,0x015973d0,5589,0x02baa000,45785088
241116,0x015973e0,5590,0x02bac000,45793280
241117,0x015973f0,5591,0x02bae000,45801472
241119,0x01597400,5592,0x02bb0000,45809664
241120,0x01597410,5593,0x02bb2000,45817856
241125,0x01597420,5594,0x02bb4000,45826048
241127,0x01597430,5595,0x02bb6000,45834240
241130,0x01597440,5596,0x02bb8000,45842432
241134,0x01597450,5597,0x02bba000,45850624
241135,0x01597460,5598,0x02bbc000,45858816
241136,0x01597470,5599,0x02bbe000,45867008
241141,0x01597480,5600,0x02bc0000,45875200
241142,0x01597490,5601,0x02bc2000,45883392
241145,0x015974a0,5602,0x02bc4000,45891584
241146,0x015974b0,5603,0x02bc6000,45899776
241147,0x015974c0,5604,0x02bc8000,45907968
241149,0x015974d0,5605,0x02bca000,45916160
241152,0x015974e0,5606,0x02bcc000,45924352
241153,0x015974f0,5607,0x02bce000,45932544
241155,0x01597500,5608,0x02bd0000,45940736
241156,0x01597510,5609,0x02bd2000,45948928
241157,0x01597520,5610,0x02bd4000,45957120
241158,0x01597530,5611,0x02bd6000,45965312
241159,0x01597540,5612,0x02bd8000,45973504
241160,0x01597550,5613,0x02bda000,45981696
241161,0x01597560,5614,0x02bdc000,45989888
241165,0x01597570,5615,0x02bde000,45998080
241166,0x01597580,5616,0x02be0000,46006272
241167,0x01597590,5617,0x02be2000,46014464
241168,0x015975a0,5618,0x02be4000,46022656
241169,0x015975b0,5619,0x02be6000,46030848
241170,0x015975c0,5620,0x02be8000,46039040
241172,0x015975d0,5621,0x02bea000,46047232
241173,0x015975e0,5622,0x02bec000,46055424
241174,0x015975f0,5623,0x02bee000,46063616
241175,0x01597600,5624,0x02bf0000,46071808
241176,0x01597610,5625,0x02bf2000,46080000
241177,0x01597620,5626,0x02bf4000,46088192
241180,0x01597630,5627,0x02bf6000,46096384
241182,0x01597640,5628,0x02bf8000,46104576
241183,0x01597650,5629,0x02bfa000,46112768
241186,0x01597660,5630,0x02bfc000,46120960
241189,0x01597670,5631,0x02bfe000,46129152
241190,0x01597680,5632,0x02c00000,46137344
241191,0x01597690,5633,0x02c02000,46145536
241192,0x015976a0,5634,0x02c04000,46153728
241193,0x015976b0,5635,0x02c06000,46161920
241194,0x015976c0,5636,0x02c08000,46170112
241195,0x015976d0,5637,0x02c0a000,46178304
241196,0x015976e0,5638,0x02c0c000,46186496
241197,0x015976f0,5639,0x02c0e000,46194688
241200,0x01597700,5640,0x02c10000,46202880
241201,0x01597710,5641,0x02c12000,46211072
241202,0x01597720,5642,0x02c14000,46219264
241206,0x01597730,5643,0x02c16000,46227456
241207,0x01597740,5644,0x02c18000,46235648
241208,0x01597750,5645,0x02c1a000,46243840
241209,0x01597760,5646,0x02c1c000,46252032
241210,0x01597770,5647,0x02c1e000,46260224
241211,0x01597780,5648,0x02c20000,46268416
241212,0x01597790,5649,0x02c22000,46276608
241213,0x015977a0,5650,0x02c24000,46284800
241214,0x015977b0,5651,0x02c26000,46292992
241215,0x015977c0,5652,0x02c28000,46301184
241216,0x015977d0,5653,0x02c2a000,46309376
241219,0x015977e0,5654,0x02c2c000,46317568
241220,0x015977f0,5655,0x02c2e000,46325760
241221,0x01597800,5656,0x02c30000,46333952
241225,0x01597810,5657,0x02c32000,46342144
241226,0x01597820,5658,0x02c34000,46350336
241227,0x01597830,5659,0x02c36000,46358528
241228,0x01597840,5660,0x02c38000,46366720
241229,0x01597850,5661,0x02c3a000,46374912
241231,0x01597860,5662,0x02c3c000,46383104
241232,0x01597870,5663,0x02c3e000,46391296
241234,0x01597880,5664,0x02c40000,46399488
241236,0x01597890,5665,0x02c42000,46407680
241237,0x015978a0,5666,0x02c44000,46415872
241239,0x015978b0,5667,0x02c46000,46424064
241242,0x015978c0,5668,0x02c48000,46432256
241243,0x015978d0,5669,0x02c4a000,46440448
241244,0x015978e0,5670,0x02c4c000,46448640
241245,0x015978f0,5671,0x02c4e000,46456832
241246,0x01597900,5672,0x02c50000,46465024
241247,0x01597910,5673,0x02c52000,46473216
241248,0x01597920,5674,0x02c54000,46481408
241250,0x01597930,5675,0x02c56000,46489600
241251,0x01597940,5676,0x02c58000,46497792
241252,0x01597950,5677,0x02c5a000,46505984
241253,0x01597960,5678,0x02c5c000,46514176
241254,0x01597970,5679,0x02c5e000,46522368
241257,0x01597980,5680,0x02c60000,46530560
241258,0x01597990,5681,0x02c62000,46538752
241259,0x015979a0,5682,0x02c64000,46546944
241261,0x015979b0,5683,0x02c66000,46555136
241262,0x015979c0,5684,0x02c68000,46563328
241263,0x015979d0,5685,0x02c6a000,46571520
241264,0x015979e0,5686,0x02c6c000,46579712
241266,0x015979f0,5687,0x02c6e000,46587904
241267,0x01597a00,5688,0x02c70000,46596096
241268,0x01597a10,5689,0x02c72000,46604288
241270,0x01597a20,5690,0x02c74000,46612480
241272,0x01597a30,5691,0x02c76000,46620672
241273,0x01597a40,5692,0x02c78000,46628864
241275,0x01597a50,5693,0x02c7a000,46637056
241276,0x01597a60,5694,0x02c7c000,46645248
241277,0x01597a70,5695,0x02c7e000,46653440
241278,0x01597a80,5696,0x02c80000,46661632
241279,0x01597a90,5697,0x02c82000,46669824
241280,0x01597aa0,5698,0x02c84000,46678016
241281,0x01597ab0,5699,0x02c86000,46686208
241284,0x01597ac0,5700,0x02c88000,46694400
241287,0x01597ad0,5701,0x02c8a000,46702592
241288,0x01597ae0,5702,0x02c8c000,46710784
241289,0x01597af0,5703,0x02c8e000,46718976
241290,0x01597b00,5704,0x02c90000,46727168
241291,0x01597b10,5705,0x02c92000,46735360
241293,0x01597b20,5706,0x02c94000,46743552
241296,0x01597b30,5707,0x02c96000,46751744
241297,0x01597b40,5708,0x02c98000,46759936
241298,0x01597b50,5709,0x02c9a000,46768128
241300,0x01597b60,5710,0x02c9c000,46776320
241301,0x01597b70,5711,0x02c9e000,46784512
241302,0x01597b80,5712,0x02ca0000,46792704
241304,0x01597b90,5713,0x02ca2000,46800896
241305,0x01597ba0,5714,0x02ca4000,46809088
241306,0x01597bb0,5715,0x02ca6000,46817280
241307,0x01597bc0,5716,0x02ca8000,46825472
241309,0x01597bd0,5717,0x02caa000,46833664
241310,0x01597be0,5718,0x02cac000,46841856
241311,0x01597bf0,5719,0x02cae000,46850048
241313,0x01597c00,5720,0x02cb0000,46858240
241315,0x01597c10,5721,0x02cb2000,46866432
241316,0x01597c20,5722,0x02cb4000,46874624
241318,0x01597c30,5723,0x02cb6000,46882816
241321,0x01597c40,5724,0x02cb8000,46891008
241322,0x01597c50,5725,0x02cba000,46899200
241324,0x01597c60,5726,0x02cbc000,46907392
241326,0x01597c70,5727,0x02cbe000,46915584
241327,0x01597c80,5728,0x02cc0000,46923776
241328,0x01597c90,5729,0x02cc2000,46931968
241330,0x01597ca0,5730,0x02cc4000,46940160
241332,0x01597cb0,5731,0x02cc6000,46948352
241334,0x01597cc0,5732,0x02cc8000,46956544
241335,0x01597cd0,5733,0x02cca000,46964736
241336,0x01597ce0,5734,0x02ccc000,46972928
241338,0x01597cf0,5735,0x02cce000,46981120
241339,0x01597d00,5736,0x02cd0000,46989312
241340,0x01597d10,5737,0x02cd2000,46997504
241341,0x01597d20,5738,0x02cd4000,47005696
241343,0x01597d30,5739,0x02cd6000,47013888
241345,0x01597d40,5740,0x02cd8000,47022080
241346,0x01597d50,5741,0x02cda000,47030272
241348,0x01597d60,5742,0x02cdc000,47038464
241351,0x01597d70,5743,0x02cde000,47046656
241352,0x01597d80,5744,0x02ce0000,47054848
241354,0x01597d90,5745,0x02ce2000,47063040
241356,0x01597da0,5746,0x02ce4000,47071232
241357,0x01597db0,5747,0x02ce6000,47079424
241359,0x01597dc0,5748,0x02ce8000,47087616
241360,0x01597dd0,5749,0x02cea000,47095808
241361,0x01597de0,5750,0x02cec000,47104000
241362,0x01597df0,5751,0x02cee000,47112192
241363,0x01597e00,5752,0x02cf0000,47120384
241365,0x01597e10,5753,0x02cf2000,47128576
241367,0x01597e20,5754,0x02cf4000,47136768
241368,0x01597e30,5755,0x02cf6000,47144960
241369,0x01597e40,5756,0x02cf8000,47153152
241370,0x01597e50,5757,0x02cfa000,47161344
241372,0x01597e60,5758,0x02cfc000,47169536
241373,0x01597e70,5759,0x02cfe000,47177728
241375,0x01597e80,5760,0x02d00000,47185920
241377,0x01597e90,5761,0x02d02000,47194112
241378,0x01597ea0,5762,0x02d04000,47202304
241379,0x01597eb0,5763,0x02d06000,47210496
241380,0x01597ec0,5764,0x02d08000,47218688
241381,0x01597ed0,5765,0x02d0a000,47226880
241382,0x01597ee0,5766,0x02d0c000,47235072
241385,0x01597ef0,5767,0x02d0e000,47243264
241390,0x01597f00,5768,0x02d10000,47251456
241394,0x01597f10,5769,0x02d12000,47259648
241395,0x01597f20,5770,0x02d14000,47267840
241396,0x01597f30,5771,0x02d16000,47276032
241397,0x01597f40,5772,0x02d18000,47284224
241398,0x01597f50,5773,0x02d1a000,47292416
241399,0x01597f60,5774,0x02d1c000,47300608
241400,0x01597f70,5775,0x02d1e000,47308800
241402,0x01597f80,5776,0x02d20000,47316992
241404,0x01597f90,5777,0x02d22000,47325184
241406,0x01597fa0,5778,0x02d24000,47333376
241407,0x01597fb0,5779,0x02d26000,47341568
241409,0x01597fc0,5780,0x02d28000,47349760
241410,0x01597fd0,5781,0x02d2a000,47357952
241412,0x01597fe0,5782,0x02d2c000,47366144
241413,0x01597ff0,5783,0x02d2e000,47374336
241414,0x01698000,5785,0x02d32000,47390720
241415,0x01698010,5786,0x02d34000,47398912
241417,0x01698020,5787,0x02d36000,47407104
241419,0x01698030,5788,0x02d38000,47415296
241422,0x01698040,5789,0x02d3a000,47423488
241423,0x01698050,5790,0x02d3c000,47431680
241425,0x01698060,5791,0x02d3e000,47439872
241427,0x01698070,5792,0x02d40000,47448064
241428,0x01698080,5793,0x02d42000,47456256
241429,0x01698090,5794,0x02d44000,47464448
241430,0x016980a0,5795,0x02d46000,47472640
241434,0x016980b0,5796,0x02d48000,47480832
241435,0x016980c0,5797,0x02d4a000,47489024
241437,0x016980d0,5798,0x02d4c000,47497216
241440,0x016980e0,5799,0x02d4e000,47505408
241441,0x016980f0,5800,0x02d50000,47513600
241444,0x01698100,5801,0x02d52000,47521792
241445,0x01698110,5802,0x02d54000,47529984
241446,0x01698120,5803,0x02d56000,47538176
241447,0x01698130,5804,0x02d58000,47546368
241448,0x01698140,5805,0x02d5a000,47554560
241449,0x01698150,5806,0x02d5c000,47562752
241450,0x01698160,5807,0x02d5e000,47570944
241451,0x01698170,5808,0x02d60000,47579136
241452,0x01698180,5809,0x02d62000,47587328
241458,0x01698190,5810,0x02d64000,47595520
241461,0x016981a0,5811,0x02d66000,47603712
241462,0x016981b0,5812,0x02d68000,47611904
241463,0x016981c0,5813,0x02d6a000,47620096
241464,0x016981d0,5814,0x02d6c000,47628288
241468,0x016981e0,5815,0x02d6e000,47636480
241469,0x016981f0,5816,0x02d70000,47644672
241471,0x01698200,5817,0x02d72000,47652864
241472,0x01698210,5818,0x02d74000,47661056
241474,0x01698220,5819,0x02d76000,47669248
241475,0x01698230,5820,0x02d78000,47677440
241478,0x01698240,5821,0x02d7a000,47685632
241480,0x01698250,5822,0x02d7c000,47693824
241481,0x01698260,5823,0x02d7e000,47702016
241482,0x01698270,5824,0x02d80000,47710208
241483,0x01698280,5825,0x02d82000,47718400
241484,0x01698290,5826,0x02d84000,47726592
241485,0x016982a0,5827,0x02d86000,47734784
241486,0x016982b0,5828,0x02d88000,47742976
241488,0x016982c0,5829,0x02d8a000,47751168
241489,0x016982d0,5830,0x02d8c000,47759360
241490,0x016982e0,5831,0x02d8e000,47767552
241491,0x016982f0,5832,0x02d90000,47775744
241492,0x01698300,5833,0x02d92000,47783936
241493,0x01698310,5834,0x02d94000,47792128
241494,0x01698320,5835,0x02d96000,47800320
241495,0x01698330,5836,0x02d98000,47808512
241496,0x01698340,5837,0x02d9a000,47816704
241499,0x01698350,5838,0x02d9c000,47824896
241500,0x01698360,5839,0x02d9e000,47833088
241502,0x01698370,5840,0x02da0000,47841280
241503,0x01698380,5841,0x02da2000,47849472
241504,0x01698390,5842,0x02da4000,47857664
241505,0x016983a0,5843,0x02da6000,47865856
241508,0x016983b0,5844,0x02da8000,47874048
241513,0x016983c0,5845,0x02daa000,47882240
241516,0x016983d0,5846,0x02dac000,47890432
241517,0x016983e0,5847,0x02dae000,47898624
241519,0x016983f0,5848,0x02db0000,47906816
241522,0x01698400,5849,0x02db2000,47915008
241523,0x01698410,5850,0x02db4000,47923200
241525,0x01698420,5851,0x02db6000,47931392
241526,0x01698430,5852,0x02db8000,47939584
241528,0x01698440,5853,0x02dba000,47947776
241530,0x01698450,5854,0x02dbc000,47955968
241531,0x01698460,5855,0x02dbe000,47964160
241532,0x01698470,5856,0x02dc0000,47972352
241535,0x01698480,5857,0x02dc2000,47980544
241536,0x01698490,5858,0x02dc4000,47988736
241537,0x016984a0,5859,0x02dc6000,47996928
241540,0x016984b0,5860,0x02dc8000,48005120
241541,0x016984c0,5861,0x02dca000,48013312
241545,0x016984d0,5862,0x02dcc000,48021504
241546,0x016984e0,5863,0x02dce000,48029696
241547,0x016984f0,5864,0x02dd0000,48037888
241548,0x01698500,5865,0x02dd2000,48046080
241549,0x01698510,5866,0x02dd4000,48054272
241550,0x01698520,5867,0x02dd6000,48062464
241551,0x01698530,5868,0x02dd8000,48070656
241552,0x01698540,5869,0x02dda000,48078848
241553,0x01698550,5870,0x02ddc000,48087040
241554,0x01698560,5871,0x02dde000,48095232
241555,0x01698570,5872,0x02de0000,48103424
241557,0x01698580,5873,0x02de2000,48111616
241558,0x01698590,5874,0x02de4000,48119808
241559,0x016985a0,5875,0x02de6000,48128000
241560,0x016985b0,5876,0x02de8000,48136192
241562,0x016985c0,5877,0x02dea000,48144384
241564,0x016985d0,5878,0x02dec000,48152576
241565,0x016985e0,5879,0x02dee000,48160768
241566,0x016985f0,5880,0x02df0000,48168960
241572,0x01698600,5881,0x02df2000,48177152
241574,0x01698610,5882,0x02df4000,48185344
241575,0x01698620,5883,0x02df6000,48193536
241576,0x01698630,5884,0x02df8000,48201728
241579,0x01698640,5885,0x02dfa000,48209920
241580,0x01698650,5886,0x02dfc000,48218112
241581,0x01698660,5887,0x02dfe000,48226304
241583,0x01698670,5888,0x02e00000,48234496
241584,0x01698680,5889,0x02e02000,48242688
241587,0x01698690,5890,0x02e04000,48250880
241589,0x016986a0,5891,0x02e06000,48259072
241591,0x016986b0,5892,0x02e08000,48267264
241592,0x016986c0,5893,0x02e0a000,48275456
241593,0x016986d0,5894,0x02e0c000,48283648
241594,0x016986e0,5895,0x02e0e000,48291840
241597,0x016986f0,5896,0x02e10000,48300032
241598,0x01698700,5897,0x02e12000,48308224
241600,0x01698710,5898,0x02e14000,48316416
241601,0x01698720,5899,0x02e16000,48324608
241602,0x01698730,5900,0x02e18000,48332800
241603,0x01698740,5901,0x02e1a000,48340992
241605,0x01698750,5902,0x02e1c000,48349184
241607,0x01698760,5903,0x02e1e000,48357376
241608,0x01698770,5904,0x02e20000,48365568
241611,0x01698780,5905,0x02e22000,48373760
241616,0x01698790,5906,0x02e24000,48381952
241617,0x016987a0,5907,0x02e26000,48390144
241621,0x016987b0,5908,0x02e28000,48398336
241622,0x016987c0,5909,0x02e2a000,48406528
241623,0x016987d0,5910,0x02e2c000,48414720
241624,0x016987e0,5911,0x02e2e000,48422912
241625,0x016987f0,5912,0x02e30000,48431104
241626,0x01698800,5913,0x02e32000,48439296
241627,0x01698810,5914,0x02e34000,48447488
241628,0x01698820,5915,0x02e36000,48455680
241629,0x01698830,5916,0x02e38000,48463872
241630,0x01698840,5917,0x02e3a000,48472064
241635,0x01698850,5918,0x02e3c000,48480256
241636,0x01698860,5919,0x02e3e000,48488448
241637,0x01698870,5920,0x02e40000,48496640
241638,0x01698880,5921,0x02e42000,48504832
241640,0x01698890,5922,0x02e44000,48513024
241641,0x016988a0,5923,0x02e46000,48521216
241643,0x016988b0,5924,0x02e48000,48529408
241644,0x016988c0,5925,0x02e4a000,48537600
241645,0x016988d0,5926,0x02e4c000,48545792
241649,0x016988e0,5927,0x02e4e000,48553984
241650,0x016988f0,5928,0x02e50000,48562176
241652,0x01698900,5929,0x02e52000,48570368
241653,0x01698910,5930,0x02e54000,48578560
241654,0x01698920,5931,0x02e56000,48586752
241655,0x01698930,5932,0x02e58000,48594944
241656,0x01698940,5933,0x02e5a000,48603136
241657,0x01698950,5934,0x02e5c000,48611328
241659,0x01698960,5935,0x02e5e000,48619520
241661,0x01698970,5936,0x02e60000,48627712
241662,0x01698980,5937,0x02e62000,48635904
241663,0x01698990,5938,0x02e64000,48644096
241664,0x016989a0,5939,0x02e66000,48652288
241668,0x016989b0,5940,0x02e68000,48660480
241671,0x016989c0,5941,0x02e6a000,48668672
241674,0x016989d0,5942,0x02e6c000,48676864
241675,0x016989e0,5943,0x02e6e000,48685056
241676,0x016989f0,5944,0x02e70000,48693248
241678,0x01698a00,5945,0x02e72000,48701440
241681,0x01698a10,5946,0x02e74000,48709632
241682,0x01698a20,5947,0x02e76000,48717824
241684,0x01698a30,5948,0x02e78000,48726016
241685,0x01698a40,5949,0x02e7a000,48734208
241687,0x01698a50,5950,0x02e7c000,48742400
241689,0x01698a60,5951,0x02e7e000,48750592
241692,0x01698a70,5952,0x02e80000,48758784
241693,0x01698a80,5953,0x02e82000,48766976
241696,0x01698a90,5954,0x02e84000,48775168
241697,0x01698aa0,5955,0x02e86000,48783360
241698,0x01698ab0,5956,0x02e88000,48791552
241700,0x01698ac0,5957,0x02e8a000,48799744
241703,0x01698ad0,5958,0x02e8c000,48807936
241704,0x01698ae0,5959,0x02e8e000,48816128
241706,0x01698af0,5960,0x02e90000,48824320
241707,0x01698b00,5961,0x02e92000,48832512
241708,0x01698b10,5962,0x02e94000,48840704
241710,0x01698b20,5963,0x02e96000,48848896
241712,0x01698b30,5964,0x02e98000,48857088
241714,0x01698b40,5965,0x02e9a000,48865280
241720,0x01698b50,5966,0x02e9c000,48873472
241722,0x01698b60,5967,0x02e9e000,48881664
241725,0x01698b70,5968,0x02ea0000,48889856
241727,0x01698b80,5969,0x02ea2000,48898048
241728,0x01698b90,5970,0x02ea4000,48906240
241732,0x01698ba0,5971,0x02ea6000,48914432
241733,0x01698bb0,5972,0x02ea8000,48922624
241734,0x01698bc0,5973,0x02eaa000,48930816
241735,0x01698bd0,5974,0x02eac000,48939008
241736,0x01698be0,5975,0x02eae000,48947200
241737,0x01698bf0,5976,0x02eb0000,48955392
241738,0x01698c00,5977,0x02eb2000,48963584
241740,0x01698c10,5978,0x02eb4000,48971776
241741,0x01698c20,5979,0x02eb6000,48979968
241743,0x01698c30,5980,0x02eb8000,48988160
241746,0x01698c40,5981,0x02eba000,48996352
241749,0x01698c50,5982,0x02ebc000,49004544
241751,0x01698c60,5983,0x02ebe000,49012736
241752,0x01698c70,5984,0x02ec0000,49020928
241756,0x01698c80,5985,0x02ec2000,49029120
241757,0x01698c90,5986,0x02ec4000,49037312
241758,0x01698ca0,5987,0x02ec6000,49045504
241759,0x01698cb0,5988,0x02ec8000,49053696
241762,0x01698cc0,5989,0x02eca000,49061888
241765,0x01698cd0,5990,0x02ecc000,49070080
241768,0x01698ce0,5991,0x02ece000,49078272
241770,0x01698cf0,5992,0x02ed0000,49086464
241771,0x01698d00,5993,0x02ed2000,49094656
241773,0x01698d10,5994,0x02ed4000,49102848
241774,0x01698d20,5995,0x02ed6000,49111040
241776,0x01698d30,5996,0x02ed8000,49119232
241778,0x01698d40,5997,0x02eda000,49127424
241779,0x01698d50,5998,0x02edc000,49135616
241781,0x01698d60,5999,0x02ede000,49143808
241782,0x01698d70,6000,0x02ee0000,49152000
241783,0x01698d80,6001,0x02ee2000,49160192
241784,0x01698d90,6002,0x02ee4000,49168384
241785,0x01698da0,6003,0x02ee6000,49176576
241786,0x01698db0,6004,0x02ee8000,49184768
241787,0x01698dc0,6005,0x02eea000,49192960
241791,0x01698dd0,6006,0x02eec000,49201152
241794,0x01698de0,6007,0x02eee000,49209344
241801,0x01698df0,6008,0x02ef0000,49217536
241802,0x01698e00,6009,0x02ef2000,49225728
241808,0x01698e10,6010,0x02ef4000,49233920
241809,0x01698e20,6011,0x02ef6000,49242112
241811,0x01698e30,6012,0x02ef8000,49250304
241813,0x01698e40,6013,0x02efa000,49258496
241817,0x01698e50,6014,0x02efc000,49266688
241819,0x01698e60,6015,0x02efe000,49274880
241820,0x01698e70,6016,0x02f00000,49283072
241821,0x01698e80,6017,0x02f02000,49291264
241823,0x01698e90,6018,0x02f04000,49299456
241824,0x01698ea0,6019,0x02f06000,49307648
241826,0x01698eb0,6020,0x02f08000,49315840
241827,0x01698ec0,6021,0x02f0a000,49324032
241828,0x01698ed0,6022,0x02f0c000,49332224
241830,0x01698ee0,6023,0x02f0e000,49340416
241832,0x01698ef0,6024,0x02f10000,49348608
241834,0x01698f00,6025,0x02f12000,49356800
241835,0x01698f10,6026,0x02f14000,49364992
241837,0x01698f20,6027,0x02f16000,49373184
241838,0x01698f30,6028,0x02f18000,49381376
241842,0x01698f40,6029,0x02f1a000,49389568
241845,0x01698f50,6030,0x02f1c000,49397760
241846,0x01698f60,6031,0x02f1e000,49405952
241847,0x01698f70,6032,0x02f20000,49414144
241848,0x01698f80,6033,0x02f22000,49422336
241849,0x01698f90,6034,0x02f24000,49430528
241851,0x01698fa0,6035,0x02f26000,49438720
241852,0x01698fb0,6036,0x02f28000,49446912
241854,0x01698fc0,6037,0x02f2a000,49455104
241857,0x01698fd0,6038,0x02f2c000,49463296
241858,0x01698fe0,6039,0x02f2e000,49471488
241861,0x01698ff0,6040,0x02f30000,49479680
241863,0x01799000,6042,0x02f34000,49496064
241865,0x01799010,6043,0x02f36000,49504256
241866,0x01799020,6044,0x02f38000,49512448
241867,0x01799030,6045,0x02f3a000,49520640
241868,0x01799040,6046,0x02f3c000,49528832
241869,0x01799050,6047,0x02f3e000,49537024
241870,0x01799060,6048,0x02f40000,49545216
241871,0x01799070,6049,0x02f42000,49553408
241872,0x01799080,6050,0x02f44000,49561600
241875,0x01799090,6051,0x02f46000,49569792
241877,0x017990a0,6052,0x02f48000,49577984
241880,0x017990b0,6053,0x02f4a000,49586176
241882,0x017990c0,6054,0x02f4c000,49594368
241883,0x017990d0,6055,0x02f4e000,49602560
241884,0x017990e0,6056,0x02f50000,49610752
241891,0x017990f0,6057,0x02f52000,49618944
241892,0x01799100,6058,0x02f54000,49627136
241893,0x01799110,6059,0x02f56000,49635328
241895,0x01799120,6060,0x02f58000,49643520
241896,0x01799130,6061,0x02f5a000,49651712
241898,0x01799140,6062,0x02f5c000,49659904
241901,0x01799150,6063,0x02f5e000,49668096
241902,0x01799160,6064,0x02f60000,49676288
241904,0x01799170,6065,0x02f62000,49684480
241906,0x01799180,6066,0x02f64000,49692672
241911,0x01799190,6067,0x02f66000,49700864
241912,0x017991a0,6068,0x02f68000,49709056
241914,0x017991b0,6069,0x02f6a000,49717248
241916,0x017991c0,6070,0x02f6c000,49725440
241921,0x017991d0,6071,0x02f6e000,49733632
241923,0x017991e0,6072,0x02f70000,49741824
241924,0x017991f0,6073,0x02f72000,49750016
241926,0x01799200,6074,0x02f74000,49758208
241927,0x01799210,6075,0x02f76000,49766400
241928,0x01799220,6076,0x02f78000,49774592
241929,0x01799230,6077,0x02f7a000,49782784
241930,0x01799240,6078,0x02f7c000,49790976
241931,0x01799250,6079,0x02f7e000,49799168
241932,0x01799260,6080,0x02f80000,49807360
241935,0x01799270,6081,0x02f82000,49815552
241939,0x01799280,6082,0x02f84000,49823744
241943,0x01799290,6083,0x02f86000,49831936
241944,0x017992a0,6084,0x02f88000,49840128
241948,0x017992b0,6085,0x02f8a000,49848320
241952,0x017992c0,6086,0x02f8c000,49856512
241954,0x017992d0,6087,0x02f8e000,49864704
241955,0x017992e0,6088,0x02f90000,49872896
241958,0x017992f0,6089,0x02f92000,49881088
241959,0x01799300,6090,0x02f94000,49889280
241960,0x01799310,6091,0x02f96000,49897472
241966,0x01799320,6092,0x02f98000,49905664
241967,0x01799330,6093,0x02f9a000,49913856
241968,0x01799340,6094,0x02f9c000,49922048
241969,0x01799350,6095,0x02f9e000,49930240
241972,0x01799360,6096,0x02fa0000,49938432
241973,0x01799370,6097,0x02fa2000,49946624
241975,0x01799380,6098,0x02fa4000,49954816
241976,0x01799390,6099,0x02fa6000,49963008
241977,0x017993a0,6100,0x02fa8000,49971200
241980,0x017993b0,6101,0x02faa000,49979392
241981,0x017993c0,6102,0x02fac000,49987584
241985,0x017993d0,6103,0x02fae000,49995776
241987,0x017993e0,6104,0x02fb0000,50003968
241990,0x017993f0,6105,0x02fb2000,50012160
241991,0x01799400,6106,0x02fb4000,50020352
241995,0x01799410,6107,0x02fb6000,50028544
241996,0x01799420,6108,0x02fb8000,50036736
241997,0x01799430,6109,0x02fba000,50044928
241998,0x01799440,6110,0x02fbc000,50053120
241999,0x01799450,6111,0x02fbe000,50061312
242000,0x01799460,6112,0x02fc0000,50069504
242003,0x01799470,6113,0x02fc2000,50077696
242006,0x01799480,6114,0x02fc4000,50085888
242007,0x01799490,6115,0x02fc6000,50094080
242008,0x017994a0,6116,0x02fc8000,50102272
242009,0x017994b0,6117,0x02fca000,50110464
242010,0x017994c0,6118,0x02fcc000,50118656
242011,0x017994d0,6119,0x02fce000,50126848
242013,0x017994e0,6120,0x02fd0000,50135040
242014,0x017994f0,6121,0x02fd2000,50143232
242015,0x01799500,6122,0x02fd4000,50151424
242018,0x01799510,6123,0x02fd6000,50159616
242019,0x01799520,6124,0x02fd8000,50167808
242020,0x01799530,6125,0x02fda000,50176000
242021,0x01799540,6126,0x02fdc000,50184192
242022,0x01799550,6127,0x02fde000,50192384
242023,0x01799560,6128,0x02fe0000,50200576
242024,0x01799570,6129,0x02fe2000,50208768
242028,0x01799580,6130,0x02fe4000,50216960
242029,0x01799590,6131,0x02fe6000,50225152
242032,0x017995a0,6132,0x02fe8000,50233344
242033,0x017995b0,6133,0x02fea000,50241536
242034,0x017995c0,6134,0x02fec000,50249728
242038,0x017995d0,6135,0x02fee000,50257920
242039,0x017995e0,6136,0x02ff0000,50266112
242040,0x017995f0,6137,0x02ff2000,50274304
242041,0x01799600,6138,0x02ff4000,50282496
242045,0x01799610,6139,0x02ff6000,50290688
242046,0x01799620,6140,0x02ff8000,50298880
242048,0x01799630,6141,0x02ffa000,50307072
242049,0x01799640,6142,0x02ffc000,50315264
242050,0x01799650,6143,0x02ffe000,50323456
242051,0x01799660,6144,0x03000000,50331648
242056,0x01799670,6145,0x03002000,50339840
242057,0x01799680,6146,0x03004000,50348032
242059,0x01799690,6147,0x03006000,50356224
242060,0x017996a0,6148,0x03008000,50364416
242063,0x017996b0,6149,0x0300a000,50372608
242064,0x017996c0,6150,0x0300c000,50380800
242066,0x017996d0,6151,0x0300e000,50388992
242067,0x017996e0,6152,0x03010000,50397184
242068,0x017996f0,6153,0x03012000,50405376
242069,0x01799700,6154,0x03014000,50413568
242071,0x01799710,6155,0x03016000,50421760
242074,0x01799720,6156,0x03018000,50429952
242077,0x01799730,6157,0x0301a000,50438144
242079,0x01799740,6158,0x0301c000,50446336
242082,0x01799750,6159,0x0301e000,50454528
242083,0x01799760,6160,0x03020000,50462720
242085,0x01799770,6161,0x03022000,50470912
242088,0x01799780,6162,0x03024000,50479104
242090,0x01799790,6163,0x03026000,50487296
242093,0x017997a0,6164,0x03028000,50495488
242095,0x017997b0,6165,0x0302a000,50503680
242096,0x017997c0,6166,0x0302c000,50511872
242097,0x017997d0,6167,0x0302e000,50520064
242099,0x017997e0,6168,0x03030000,50528256
242104,0x017997f0,6169,0x03032000,50536448
242106,0x01799800,6170,0x03034000,50544640
242107,0x01799810,6171,0x03036000,50552832
242108,0x01799820,6172,0x03038000,50561024
242110,0x01799830,6173,0x0303a000,50569216
242112,0x01799840,6174,0x0303c000,50577408
242113,0x01799850,6175,0x0303e000,50585600
242114,0x01799860,6176,0x03040000,50593792
242115,0x01799870,6177,0x03042000,50601984
242116,0x01799880,6178,0x03044000,50610176
242119,0x01799890,6179,0x03046000,50618368
242121,0x017998a0,6180,0x03048000,50626560
242123,0x017998b0,6181,0x0304a000,50634752
242124,0x017998c0,6182,0x0304c000,50642944
242125,0x017998d0,6183,0x0304e000,50651136
242127,0x017998e0,6184,0x03050000,50659328
242128,0x017998f0,6185,0x03052000,50667520
242129,0x01799900,6186,0x03054000,50675712
242130,0x01799910,6187,0x03056000,50683904
242131,0x01799920,6188,0x03058000,50692096
242133,0x01799930,6189,0x0305a000,50700288
242134,0x01799940,6190,0x0305c000,50708480
242137,0x01799950,6191,0x0305e000,50716672
242138,0x01799960,6192,0x03060000,50724864
242139,0x01799970,6193,0x03062000,50733056
242140,0x01799980,6194,0x03064000,50741248
242141,0x01799990,6195,0x03066000,50749440
242142,0x017999a0,6196,0x03068000,50757632
242143,0x017999b0,6197,0x0306a000,50765824
242144,0x017999c0,6198,0x0306c000,50774016
242148,0x017999d0,6199,0x0306e000,50782208
242150,0x017999e0,6200,0x03070000,50790400
242151,0x017999f0,6201,0x03072000,50798592
242153,0x01799a00,6202,0x03074000,50806784
242155,0x01799a10,6203,0x03076000,50814976
242157,0x01799a20,6204,0x03078000,50823168
242162,0x01799a30,6205,0x0307a000,50831360
242163,0x01799a40,6206,0x0307c000,50839552
242164,0x01799a50,6207,0x0307e000,50847744
242165,0x01799a60,6208,0x03080000,50855936
242166,0x01799a70,6209,0x03082000,50864128
242167,0x01799a80,6210,0x03084000,50872320
242168,0x01799a90,6211,0x03086000,50880512
242169,0x01799aa0,6212,0x03088000,50888704
242171,0x01799ab0,6213,0x0308a000,50896896
242172,0x01799ac0,6214,0x0308c000,50905088
242174,0x01799ad0,6215,0x0308e000,50913280
242185,0x01799ae0,6216,0x03090000,50921472
242187,0x01799af0,6217,0x03092000,50929664
242189,0x01799b00,6218,0x03094000,50937856
242191,0x01799b10,6219,0x03096000,50946048
242199,0x01799b20,6220,0x03098000,50954240
242202,0x01799b30,6221,0x0309a000,50962432
242204,0x01799b40,6222,0x0309c000,50970624
242208,0x01799b50,6223,0x0309e000,50978816
242209,0x01799b60,6224,0x030a0000,50987008
242210,0x01799b70,6225,0x030a2000,50995200
242211,0x01799b80,6226,0x030a4000,51003392
242212,0x01799b90,6227,0x030a6000,51011584
242213,0x01799ba0,6228,0x030a8000,51019776
242214,0x01799bb0,6229,0x030aa000,51027968
242216,0x01799bc0,6230,0x030ac000,51036160
242217,0x01799bd0,6231,0x030ae000,51044352
242218,0x01799be0,6232,0x030b0000,51052544
242219,0x01799bf0,6233,0x030b2000,51060736
242220,0x01799c00,6234,0x030b4000,51068928
242221,0x01799c10,6235,0x030b6000,51077120
242222,0x01799c20,6236,0x030b8000,51085312
242224,0x01799c30,6237,0x030ba000,51093504
242225,0x01799c40,6238,0x030bc000,51101696
242226,0x01799c50,6239,0x030be000,51109888
242228,0x01799c60,6240,0x030c0000,51118080
242230,0x01799c70,6241,0x030c2000,51126272
242236,0x01799c80,6242,0x030c4000,51134464
242237,0x01799c90,6243,0x030c6000,51142656
242238,0x01799ca0,6244,0x030c8000,51150848
242239,0x01799cb0,6245,0x030ca000,51159040
242240,0x01799cc0,6246,0x030cc000,51167232
242241,0x01799cd0,6247,0x030ce000,51175424
242246,0x01799ce0,6248,0x030d0000,51183616
242248,0x01799cf0,6249,0x030d2000,51191808
242253,0x01799d00,6250,0x030d4000,51200000
242254,0x01799d10,6251,0x030d6000,51208192
242255,0x01799d20,6252,0x030d8000,51216384
242261,0x01799d30,6253,0x030da000,51224576
242264,0x01799d40,6254,0x030dc000,51232768
242267,0x01799d50,6255,0x030de000,51240960
242268,0x01799d60,6256,0x030e0000,51249152
242269,0x01799d70,6257,0x030e2000,51257344
242270,0x01799d80,6258,0x030e4000,51265536
242272,0x01799d90,6259,0x030e6000,51273728
242273,0x01799da0,6260,0x030e8000,51281920
242275,0x01799db0,6261,0x030ea000,51290112
242276,0x01799dc0,6262,0x030ec000,51298304
242282,0x01799dd0,6263,0x030ee000,51306496
242283,0x01799de0,6264,0x030f0000,51314688
242284,0x01799df0,6265,0x030f2000,51322880
242286,0x01799e00,6266,0x030f4000,51331072
242287,0x01799e10,6267,0x030f6000,51339264
242289,0x01799e20,6268,0x030f8000,51347456
242295,0x01799e30,6269,0x030fa000,51355648
242296,0x01799e40,6270,0x030fc000,51363840
242297,0x01799e50,6271,0x030fe000,51372032
242302,0x01799e60,6272,0x03100000,51380224
242303,0x01799e70,6273,0x03102000,51388416
242304,0x01799e80,6274,0x03104000,51396608
242305,0x01799e90,6275,0x03106000,51404800
242306,0x01799ea0,6276,0x03108000,51412992
242307,0x01799eb0,6277,0x0310a000,51421184
242308,0x01799ec0,6278,0x0310c000,51429376
242309,0x01799ed0,6279,0x0310e000,51437568
242310,0x01799ee0,6280,0x03110000,51445760
242314,0x01799ef0,6281,0x03112000,51453952
242316,0x01799f00,6282,0x03114000,51462144
242317,0x01799f10,6283,0x03116000,51470336
242318,0x01799f20,6284,0x03118000,51478528
242321,0x01799f30,6285,0x0311a000,51486720
242324,0x01799f40,6286,0x0311c000,51494912
242325,0x01799f50,6287,0x0311e000,51503104
242326,0x01799f60,6288,0x03120000,51511296
242328,0x01799f70,6289,0x03122000,51519488
242329,0x01799f80,6290,0x03124000,51527680
242330,0x01799f90,6291,0x03126000,51535872
242335,0x01799fa0,6292,0x03128000,51544064
242337,0x01799fb0,6293,0x0312a000,51552256
242339,0x01799fc0,6294,0x0312c000,51560448
242340,0x01799fd0,6295,0x0312e000,51568640
242350,0x01799fe0,6296,0x03130000,51576832
242352,0x01799ff0,6297,0x03132000,51585024
242354,0x0189a000,6299,0x03136000,51601408
242355,0x0189a010,6300,0x03138000,51609600
242361,0x0189a020,6301,0x0313a000,51617792
242364,0x0189a030,6302,0x0313c000,51625984
242365,0x0189a040,6303,0x0313e000,51634176
242366,0x0189a050,6304,0x03140000,51642368
242367,0x0189a060,6305,0x03142000,51650560
242369,0x0189a070,6306,0x03144000,51658752
242372,0x0189a080,6307,0x03146000,51666944
242379,0x0189a090,6308,0x03148000,51675136
242380,0x0189a0a0,6309,0x0314a000,51683328
242385,0x0189a0b0,6310,0x0314c000,51691520
242387,0x0189a0c0,6311,0x0314e000,51699712
242388,0x0189a0d0,6312,0x03150000,51707904
242389,0x0189a0e0,6313,0x03152000,51716096
242391,0x0189a0f0,6314,0x03154000,51724288
242392,0x0189a100,6315,0x03156000,51732480
242394,0x0189a110,6316,0x03158000,51740672
242396,0x0189a120,6317,0x0315a000,51748864
242397,0x0189a130,6318,0x0315c000,51757056
242398,0x0189a140,6319,0x0315e000,51765248
242399,0x0189a150,6320,0x03160000,51773440
242401,0x0189a160,6321,0x03162000,51781632
242402,0x0189a170,6322,0x03164000,51789824
242404,0x0189a180,6323,0x03166000,51798016
242405,0x0189a190,6324,0x03168000,51806208
242406,0x0189a1a0,6325,0x0316a000,51814400
242407,0x0189a1b0,6326,0x0316c000,51822592
242408,0x0189a1c0,6327,0x0316e000,51830784
242414,0x0189a1d0,6328,0x03170000,51838976
242415,0x0189a1e0,6329,0x03172000,51847168
242416,0x0189a1f0,6330,0x03174000,51855360
242417,0x0189a200,6331,0x03176000,51863552
242418,0x0189a210,6332,0x03178000,51871744
242420,0x0189a220,6333,0x0317a000,51879936
242423,0x0189a230,6334,0x0317c000,51888128
242424,0x0189a240,6335,0x0317e000,51896320
242425,0x0189a250,6336,0x03180000,51904512
242427,0x0189a260,6337,0x03182000,51912704
242428,0x0189a270,6338,0x03184000,51920896
242430,0x0189a280,6339,0x03186000,51929088
242431,0x0189a290,6340,0x03188000,51937280
242432,0x0189a2a0,6341,0x0318a000,51945472
242434,0x0189a2b0,6342,0x0318c000,51953664
242435,0x0189a2c0,6343,0x0318e000,51961856
242436,0x0189a2d0,6344,0x03190000,51970048
242437,0x0189a2e0,6345,0x03192000,51978240
242439,0x0189a2f0,6346,0x03194000,51986432
242440,0x0189a300,6347,0x03196000,51994624
242442,0x0189a310,6348,0x03198000,52002816
242444,0x0189a320,6349,0x0319a000,52011008
242448,0x0189a330,6350,0x0319c000,52019200
242453,0x0189a340,6351,0x0319e000,52027392
242454,0x0189a350,6352,0x031a0000,52035584
242455,0x0189a360,6353,0x031a2000,52043776
242456,0x0189a370,6354,0x031a4000,52051968
242457,0x0189a380,6355,0x031a6000,52060160
242459,0x0189a390,6356,0x031a8000,52068352
242460,0x0189a3a0,6357,0x031aa000,52076544
242461,0x0189a3b0,6358,0x031ac000,52084736
242462,0x0189a3c0,6359,0x031ae000,52092928
242463,0x0189a3d0,6360,0x031b0000,52101120
242464,0x0189a3e0,6361,0x031b2000,52109312
242465,0x0189a3f0,6362,0x031b4000,52117504
242467,0x0189a400,6363,0x031b6000,52125696
242468,0x0189a410,6364,0x031b8000,52133888
242469,0x0189a420,6365,0x031ba000,52142080
242471,0x0189a430,6366,0x031bc000,52150272
242473,0x0189a440,6367,0x031be000,52158464
242475,0x0189a450,6368,0x031c0000,52166656
242476,0x0189a460,6369,0x031c2000,52174848
242477,0x0189a470,6370,0x031c4000,52183040
242478,0x0189a480,6371,0x031c6000,52191232
242483,0x0189a490,6372,0x031c8000,52199424
242484,0x0189a4a0,6373,0x031ca000,52207616
242486,0x0189a4b0,6374,0x031cc000,52215808
242492,0x0189a4c0,6375,0x031ce000,52224000
242494,0x0189a4d0,6376,0x031d0000,52232192
242496,0x0189a4e0,6377,0x031d2000,52240384
242497,0x0189a4f0,6378,0x031d4000,52248576
242498,0x0189a500,6379,0x031d6000,52256768
242499,0x0189a510,6380,0x031d8000,52264960
242505,0x0189a520,6381,0x031da000,52273152
242508,0x0189a530,6382,0x031dc000,52281344
242509,0x0189a540,6383,0x031de000,52289536
242510,0x0189a550,6384,0x031e0000,52297728
242511,0x0189a560,6385,0x031e2000,52305920
242512,0x0189a570,6386,0x031e4000,52314112
242513,0x0189a580,6387,0x031e6000,52322304
242514,0x0189a590,6388,0x031e8000,52330496
242515,0x0189a5a0,6389,0x031ea000,52338688
242516,0x0189a5b0,6390,0x031ec000,52346880
242517,0x0189a5c0,6391,0x031ee000,52355072
242519,0x0189a5d0,6392,0x031f0000,52363264
242521,0x0189a5e0,6393,0x031f2000,52371456
242522,0x0189a5f0,6394,0x031f4000,52379648
242524,0x0189a600,6395,0x031f6000,52387840
242525,0x0189a610,6396,0x031f8000,52396032
242527,0x0189a620,6397,0x031fa000,52404224
242528,0x0189a630,6398,0x031fc000,52412416
242531,0x0189a640,6399,0x031fe000,52420608
242533,0x0189a650,6400,0x03200000,52428800
242538,0x0189a660,6401,0x03202000,52436992
242539,0x0189a670,6402,0x03204000,52445184
242540,0x0189a680,6403,0x03206000,52453376
242541,0x0189a690,6404,0x03208000,52461568
242542,0x0189a6a0,6405,0x0320a000,52469760
242546,0x0189a6b0,6406,0x0320c000,52477952
242547,0x0189a6c0,6407,0x0320e000,52486144
242548,0x0189a6d0,6408,0x03210000,52494336
242549,0x0189a6e0,6409,0x03212000,52502528
242550,0x0189a6f0,6410,0x03214000,52510720
242554,0x0189a700,6411,0x03216000,52518912
242555,0x0189a710,6412,0x03218000,52527104
242557,0x0189a720,6413,0x0321a000,52535296
242559,0x0189a730,6414,0x0321c000,52543488
242560,0x0189a740,6415,0x0321e000,52551680
242561,0x0189a750,6416,0x03220000,52559872
242564,0x0189a760,6417,0x03222000,52568064
242566,0x0189a770,6418,0x03224000,52576256
242567,0x0189a780,6419,0x03226000,52584448
242569,0x0189a790,6420,0x03228000,52592640
242572,0x0189a7a0,6421,0x0322a000,52600832
242573,0x0189a7b0,6422,0x0322c000,52609024
242578,0x0189a7c0,6423,0x0322e000,52617216
242580,0x0189a7d0,6424,0x03230000,52625408
242587,0x0189a7e0,6425,0x03232000,52633600
242589,0x0189a7f0,6426,0x03234000,52641792
242591,0x0189a800,6427,0x03236000,52649984
242592,0x0189a810,6428,0x03238000,52658176
242595,0x0189a820,6429,0x0323a000,52666368
242596,0x0189a830,6430,0x0323c000,52674560
242599,0x0189a840,6431,0x0323e000,52682752
242603,0x0189a850,6432,0x03240000,52690944
242604,0x0189a860,6433,0x03242000,52699136
242605,0x0189a870,6434,0x03244000,52707328
242606,0x0189a880,6435,0x03246000,52715520
242608,0x0189a890,6436,0x03248000,52723712
242609,0x0189a8a0,6437,0x0324a000,52731904
242610,0x0189a8b0,6438,0x0324c000,52740096
242612,0x0189a8c0,6439,0x0324e000,52748288
242617,0x0189a8d0,6440,0x03250000,52756480
242618,0x0189a8e0,6441,0x03252000,52764672
242621,0x0189a8f0,6442,0x03254000,52772864
242622,0x0189a900,6443,0x03256000,52781056
242623,0x0189a910,6444,0x03258000,52789248
242625,0x0189a920,6445,0x0325a000,52797440
242632,0x0189a930,6446,0x0325c000,52805632
242634,0x0189a940,6447,0x0325e000,52813824
242635,0x0189a950,6448,0x03260000,52822016
242638,0x0189a960,6449,0x03262000,52830208
242639,0x0189a970,6450,0x03264000,52838400
242640,0x0189a980,6451,0x03266000,52846592
242641,0x0189a990,6452,0x03268000,52854784
242643,0x0189a9a0,6453,0x0326a000,52862976
242646,0x0189a9b0,6454,0x0326c000,52871168
242647,0x0189a9c0,6455,0x0326e000,52879360
242651,0x0189a9d0,6456,0x03270000,52887552
242652,0x0189a9e0,6457,0x03272000,52895744
242654,0x0189a9f0,6458,0x03274000,52903936
242656,0x0189aa00,6459,0x03276000,52912128
242658,0x0189aa10,6460,0x03278000,52920320
242659,0x0189aa20,6461,0x0327a000,52928512
242660,0x0189aa30,6462,0x0327c000,52936704
242661,0x0189aa40,6463,0x0327e000,52944896
242663,0x0189aa50,6464,0x03280000,52953088
242664,0x0189aa60,6465,0x03282000,52961280
242668,0x0189aa70,6466,0x03284000,52969472
242669,0x0189aa80,6467,0x03286000,52977664
242673,0x0189aa90,6468,0x03288000,52985856
242674,0x0189aaa0,6469,0x0328a000,52994048
242676,0x0189aab0,6470,0x0328c000,53002240
242677,0x0189aac0,6471,0x0328e000,53010432
242679,0x0189aad0,6472,0x03290000,53018624
242684,0x0189aae0,6473,0x03292000,53026816
242685,0x0189aaf0,6474,0x03294000,53035008
242690,0x0189ab00,6475,0x03296000,53043200
242691,0x0189ab10,6476,0x03298000,53051392
242693,0x0189ab20,6477,0x0329a000,53059584
242694,0x0189ab30,6478,0x0329c000,53067776
242695,0x0189ab40,6479,0x0329e000,53075968
242696,0x0189ab50,6480,0x032a0000,53084160
242701,0x0189ab60,6481,0x032a2000,53092352
242702,0x0189ab70,6482,0x032a4000,53100544
242703,0x0189ab80,6483,0x032a6000,53108736
242704,0x0189ab90,6484,0x032a8000,53116928
242706,0x0189aba0,6485,0x032aa000,53125120
242711,0x0189abb0,6486,0x032ac000,53133312
242713,0x0189abc0,6487,0x032ae000,53141504
242714,0x0189abd0,6488,0x032b0000,53149696
242716,0x0189abe0,6489,0x032b2000,53157888
242717,0x0189abf0,6490,0x032b4000,53166080
242720,0x0189ac00,6491,0x032b6000,53174272
242724,0x0189ac10,6492,0x032b8000,53182464
242727,0x0189ac20,6493,0x032ba000,53190656
242728,0x0189ac30,6494,0x032bc000,53198848
242730,0x0189ac40,6495,0x032be000,53207040
242731,0x0189ac50,6496,0x032c0000,53215232
242733,0x0189ac60,6497,0x032c2000,53223424
242737,0x0189ac70,6498,0x032c4000,53231616
242741,0x0189ac80,6499,0x032c6000,53239808
242742,0x0189ac90,6500,0x032c8000,53248000
242743,0x0189aca0,6501,0x032ca000,53256192
242744,0x0189acb0,6502,0x032cc000,53264384
242745,0x0189acc0,6503,0x032ce000,53272576
242751,0x0189acd0,6504,0x032d0000,53280768
242752,0x0189ace0,6505,0x032d2000,53288960
242754,0x0189acf0,6506,0x032d4000,53297152
242757,0x0189ad00,6507,0x032d6000,53305344
242760,0x0189ad10,6508,0x032d8000,53313536
242761,0x0189ad20,6509,0x032da000,53321728
242762,0x0189ad30,6510,0x032dc000,53329920
242765,0x0189ad40,6511,0x032de000,53338112
242766,0x0189ad50,6512,0x032e0000,53346304
242768,0x0189ad60,6513,0x032e2000,53354496
242770,0x0189ad70,6514,0x032e4000,53362688
242771,0x0189ad80,6515,0x032e6000,53370880
242772,0x0189ad90,6516,0x032e8000,53379072
242775,0x0189ada0,6517,0x032ea000,53387264
242776,0x0189adb0,6518,0x032ec000,53395456
242779,0x0189adc0,6519,0x032ee000,53403648
242781,0x0189add0,6520,0x032f0000,53411840
242782,0x0189ade0,6521,0x032f2000,53420032
242783,0x0189adf0,6522,0x032f4000,53428224
242784,0x0189ae00,6523,0x032f6000,53436416
242785,0x0189ae10,6524,0x032f8000,53444608
242786,0x0189ae20,6525,0x032fa000,53452800
242787,0x0189ae30,6526,0x032fc000,53460992
242788,0x0189ae40,6527,0x032fe000,53469184
242789,0x0189ae50,6528,0x03300000,53477376
242791,0x0189ae60,6529,0x03302000,53485568
242792,0x0189ae70,6530,0x03304000,53493760
242794,0x0189ae80,6531,0x03306000,53501952
242795,0x0189ae90,6532,0x03308000,53510144
242798,0x0189aea0,6533,0x0330a000,53518336
242800,0x0189aeb0,6534,0x0330c000,53526528
242805,0x0189aec0,6535,0x0330e000,53534720
242806,0x0189aed0,6536,0x03310000,53542912
242808,0x0189aee0,6537,0x03312000,53551104
242810,0x0189aef0,6538,0x03314000,53559296
242813,0x0189af00,6539,0x03316000,53567488
242814,0x0189af10,6540,0x03318000,53575680
242815,0x0189af20,6541,0x0331a000,53583872
242818,0x0189af30,6542,0x0331c000,53592064
242819,0x0189af40,6543,0x0331e000,53600256
242820,0x0189af50,6544,0x03320000,53608448
242821,0x0189af60,6545,0x03322000,53616640
242822,0x0189af70,6546,0x03324000,53624832
242824,0x0189af80,6547,0x03326000,53633024
242826,0x0189af90,6548,0x03328000,53641216
242827,0x0189afa0,6549,0x0332a000,53649408
242830,0x0189afb0,6550,0x0332c000,53657600
242832,0x0189afc0,6551,0x0332e000,53665792
242833,0x0189afd0,6552,0x03330000,53673984
242838,0x0189afe0,6553,0x03332000,53682176
242843,0x0189aff0,6554,0x03334000,53690368
242847,0x0199b000,6556,0x03338000,53706752
242849,0x0199b010,6557,0x0333a000,53714944
242851,0x0199b020,6558,0x0333c000,53723136
242856,0x0199b030,6559,0x0333e000,53731328
242860,0x0199b040,6560,0x03340000,53739520
242861,0x0199b050,6561,0x03342000,53747712
242862,0x0199b060,6562,0x03344000,53755904
242864,0x0199b070,6563,0x03346000,53764096
242865,0x0199b080,6564,0x03348000,53772288
242866,0x0199b090,6565,0x0334a000,53780480
242869,0x0199b0a0,6566,0x0334c000,53788672
242870,0x0199b0b0,6567,0x0334e000,53796864
242871,0x0199b0c0,6568,0x03350000,53805056
242872,0x0199b0d0,6569,0x03352000,53813248
242876,0x0199b0e0,6570,0x03354000,53821440
242877,0x0199b0f0,6571,0x03356000,53829632
242880,0x0199b100,6572,0x03358000,53837824
242881,0x0199b110,6573,0x0335a000,53846016
242882,0x0199b120,6574,0x0335c000,53854208
242883,0x0199b130,6575,0x0335e000,53862400
242885,0x0199b140,6576,0x03360000,53870592
242886,0x0199b150,6577,0x03362000,53878784
242887,0x0199b160,6578,0x03364000,53886976
242888,0x0199b170,6579,0x03366000,53895168
242897,0x0199b180,6580,0x03368000,53903360
242899,0x0199b190,6581,0x0336a000,53911552
242901,0x0199b1a0,6582,0x0336c000,53919744
242902,0x0199b1b0,6583,0x0336e000,53927936
242903,0x0199b1c0,6584,0x03370000,53936128
242905,0x0199b1d0,6585,0x03372000,53944320
242907,0x0199b1e0,6586,0x03374000,53952512
242910,0x0199b1f0,6587,0x03376000,53960704
242911,0x0199b200,6588,0x03378000,53968896
242912,0x0199b210,6589,0x0337a000,53977088
242913,0x0199b220,6590,0x0337c000,53985280
242916,0x0199b230,6591,0x0337e000,53993472
242919,0x0199b240,6592,0x03380000,54001664
242921,0x0199b250,6593,0x03382000,54009856
242923,0x0199b260,6594,0x03384000,54018048
242924,0x0199b270,6595,0x03386000,54026240
242925,0x0199b280,6596,0x03388000,54034432
242926,0x0199b290,6597,0x0338a000,54042624
242927,0x0199b2a0,6598,0x0338c000,54050816
242928,0x0199b2b0,6599,0x0338e000,54059008
242930,0x0199b2c0,6600,0x03390000,54067200
242932,0x0199b2d0,6601,0x03392000,54075392
242933,0x0199b2e0,6602,0x03394000,54083584
242934,0x0199b2f0,6603,0x03396000,54091776
242935,0x0199b300,6604,0x03398000,54099968
242938,0x0199b310,6605,0x0339a000,54108160
242939,0x0199b320,6606,0x0339c000,54116352
242946,0x0199b330,6607,0x0339e000,54124544
242949,0x0199b340,6608,0x033a0000,54132736
242952,0x0199b350,6609,0x033a2000,54140928
242953,0x0199b360,6610,0x033a4000,54149120
242955,0x0199b370,6611,0x033a6000,54157312
242957,0x0199b380,6612,0x033a8000,54165504
242958,0x0199b390,6613,0x033aa000,54173696
242961,0x0199b3a0,6614,0x033ac000,54181888
242962,0x0199b3b0,6615,0x033ae000,54190080
242963,0x0199b3c0,6616,0x033b0000,54198272
242966,0x0199b3d0,6617,0x033b2000,54206464
242967,0x0199b3e0,6618,0x033b4000,54214656
242968,0x0199b3f0,6619,0x033b6000,54222848
242969,0x0199b400,6620,0x033b8000,54231040
242970,0x0199b410,6621,0x033ba000,54239232
242971,0x0199b420,6622,0x033bc000,54247424
242973,0x0199b430,6623,0x033be000,54255616
242975,0x0199b440,6624,0x033c0000,54263808
242976,0x0199b450,6625,0x033c2000,54272000
242977,0x0199b460,6626,0x033c4000,54280192
242979,0x0199b470,6627,0x033c6000,54288384
242981,0x0199b480,6628,0x033c8000,54296576
242983,0x0199b490,6629,0x033ca000,54304768
242984,0x0199b4a0,6630,0x033cc000,54312960
242985,0x0199b4b0,6631,0x033ce000,54321152
242988,0x0199b4c0,6632,0x033d0000,54329344
242990,0x0199b4d0,6633,0x033d2000,54337536
242991,0x0199b4e0,6634,0x033d4000,54345728
242993,0x0199b4f0,6635,0x033d6000,54353920
242994,0x0199b500,6636,0x033d8000,54362112
242996,0x0199b510,6637,0x033da000,54370304
242997,0x0199b520,6638,0x033dc000,54378496
242999,0x0199b530,6639,0x033de000,54386688
243001,0x0199b540,6640,0x033e0000,54394880
243002,0x0199b550,6641,0x033e2000,54403072
243003,0x0199b560,6642,0x033e4000,54411264
243005,0x0199b570,6643,0x033e6000,54419456
243009,0x0199b580,6644,0x033e8000,54427648
243010,0x0199b590,6645,0x033ea000,54435840
243012,0x0199b5a0,6646,0x033ec000,54444032
243016,0x0199b5b0,6647,0x033ee000,54452224
243017,0x0199b5c0,6648,0x033f0000,54460416
243018,0x0199b5d0,6649,0x033f2000,54468608
243019,0x0199b5e0,6650,0x033f4000,54476800
243022,0x0199b5f0,6651,0x033f6000,54484992
243024,0x0199b600,6652,0x033f8000,54493184
243029,0x0199b610,6653,0x033fa000,54501376
243030,0x0199b620,6654,0x033fc000,54509568
243031,0x0199b630,6655,0x033fe000,54517760
243034,0x0199b640,6656,0x03400000,54525952
243035,0x0199b650,6657,0x03402000,54534144
243036,0x0199b660,6658,0x03404000,54542336
243037,0x0199b670,6659,0x03406000,54550528
243038,0x0199b680,6660,0x03408000,54558720
243039,0x0199b690,6661,0x0340a000,54566912
243040,0x0199b6a0,6662,0x0340c000,54575104
243043,0x0199b6b0,6663,0x0340e000,54583296
243045,0x0199b6c0,6664,0x03410000,54591488
243046,0x0199b6d0,6665,0x03412000,54599680
243047,0x0199b6e0,6666,0x03414000,54607872
243049,0x0199b6f0,6667,0x03416000,54616064
243050,0x0199b700,6668,0x03418000,54624256
243052,0x0199b710,6669,0x0341a000,54632448
243054,0x0199b720,6670,0x0341c000,54640640
243057,0x0199b730,6671,0x0341e000,54648832
243059,0x0199b740,6672,0x03420000,54657024
243060,0x0199b750,6673,0x03422000,54665216
243061,0x0199b760,6674,0x03424000,54673408
243065,0x0199b770,6675,0x03426000,54681600
243066,0x0199b780,6676,0x03428000,54689792
243071,0x0199b790,6677,0x0342a000,54697984
243072,0x0199b7a0,6678,0x0342c000,54706176
243074,0x0199b7b0,6679,0x0342e000,54714368
243076,0x0199b7c0,6680,0x03430000,54722560
243077,0x0199b7d0,6681,0x03432000,54730752
243078,0x0199b7e0,6682,0x03434000,54738944
243079,0x0199b7f0,6683,0x03436000,54747136
243081,0x0199b800,6684,0x03438000,54755328
243082,0x0199b810,6685,0x0343a000,54763520
243083,0x0199b820,6686,0x0343c000,54771712
243086,0x0199b830,6687,0x0343e000,54779904
243087,0x0199b840,6688,0x03440000,54788096
243088,0x0199b850,6689,0x03442000,54796288
243089,0x0199b860,6690,0x03444000,54804480
243092,0x0199b870,6691,0x03446000,54812672
243095,0x0199b880,6692,0x03448000,54820864
243096,0x0199b890,6693,0x0344a000,54829056
243098,0x0199b8a0,6694,0x0344c000,54837248
243100,0x0199b8b0,6695,0x0344e000,54845440
243101,0x0199b8c0,6696,0x03450000,54853632
243105,0x0199b8d0,6697,0x03452000,54861824
243106,0x0199b8e0,6698,0x03454000,54870016
243107,0x0199b8f0,6699,0x03456000,54878208
243108,0x0199b900,6700,0x03458000,54886400
243109,0x0199b910,6701,0x0345a000,54894592
243110,0x0199b920,6702,0x0345c000,54902784
243114,0x0199b930,6703,0x0345e000,54910976
243115,0x0199b940,6704,0x03460000,54919168
243117,0x0199b950,6705,0x03462000,54927360
243118,0x0199b960,6706,0x03464000,54935552
243119,0x0199b970,6707,0x03466000,54943744
243120,0x0199b980,6708,0x03468000,54951936
243121,0x0199b990,6709,0x0346a000,54960128
243122,0x0199b9a0,6710,0x0346c000,54968320
243123,0x0199b9b0,6711,0x0346e000,54976512
243124,0x0199b9c0,6712,0x03470000,54984704
243125,0x0199b9d0,6713,0x03472000,54992896
243127,0x0199b9e0,6714,0x03474000,55001088
243128,0x0199b9f0,6715,0x03476000,55009280
243131,0x0199ba00,6716,0x03478000,55017472
243132,0x0199ba10,6717,0x0347a000,55025664
243133,0x0199ba20,6718,0x0347c000,55033856
243135,0x0199ba30,6719,0x0347e000,55042048
243136,0x0199ba40,6720,0x03480000,55050240
243138,0x0199ba50,6721,0x03482000,55058432
243139,0x0199ba60,6722,0x03484000,55066624
243141,0x0199ba70,6723,0x03486000,55074816
243142,0x0199ba80,6724,0x03488000,55083008
243145,0x0199ba90,6725,0x0348a000,55091200
243146,0x0199baa0,6726,0x0348c000,55099392
243149,0x0199bab0,6727,0x0348e000,55107584
243151,0x0199bac0,6728,0x03490000,55115776
243159,0x0199bad0,6729,0x03492000,55123968
243160,0x0199bae0,6730,0x03494000,55132160
243163,0x0199baf0,6731,0x03496000,55140352
243164,0x0199bb00,6732,0x03498000,55148544
243174,0x0199bb10,6733,0x0349a000,55156736
243175,0x0199bb20,6734,0x0349c000,55164928
243178,0x0199bb30,6735,0x0349e000,55173120
243185,0x0199bb40,6736,0x034a0000,55181312
243186,0x0199bb50,6737,0x034a2000,55189504
243187,0x0199bb60,6738,0x034a4000,55197696
243188,0x0199bb70,6739,0x034a6000,55205888
243189,0x0199bb80,6740,0x034a8000,55214080
243190,0x0199bb90,6741,0x034aa000,55222272
243192,0x0199bba0,6742,0x034ac000,55230464
243193,0x0199bbb0,6743,0x034ae000,55238656
243194,0x0199bbc0,6744,0x034b0000,55246848
243195,0x0199bbd0,6745,0x034b2000,55255040
243196,0x0199bbe0,6746,0x034b4000,55263232
243197,0x0199bbf0,6747,0x034b6000,55271424
243200,0x0199bc00,6748,0x034b8000,55279616
243201,0x0199bc10,6749,0x034ba000,55287808
243203,0x0199bc20,6750,0x034bc000,55296000
243208,0x0199bc30,6751,0x034be000,55304192
243210,0x0199bc40,6752,0x034c0000,55312384
243211,0x0199bc50,6753,0x034c2000,55320576
243218,0x0199bc60,6754,0x034c4000,55328768
243220,0x0199bc70,6755,0x034c6000,55336960
243225,0x0199bc80,6756,0x034c8000,55345152
243227,0x0199bc90,6757,0x034ca000,55353344
243228,0x0199bca0,6758,0x034cc000,55361536
243229,0x0199bcb0,6759,0x034ce000,55369728
243230,0x0199bcc0,6760,0x034d0000,55377920
243231,0x0199bcd0,6761,0x034d2000,55386112
243232,0x0199bce0,6762,0x034d4000,55394304
243233,0x0199bcf0,6763,0x034d6000,55402496
243234,0x0199bd00,6764,0x034d8000,55410688
243235,0x0199bd10,6765,0x034da000,55418880
243236,0x0199bd20,6766,0x034dc000,55427072
243238,0x0199bd30,6767,0x034de000,55435264
243240,0x0199bd40,6768,0x034e0000,55443456
243242,0x0199bd50,6769,0x034e2000,55451648
243243,0x0199bd60,6770,0x034e4000,55459840
243244,0x0199bd70,6771,0x034e6000,55468032
243245,0x0199bd80,6772,0x034e8000,55476224
243246,0x0199bd90,6773,0x034ea000,55484416
243248,0x0199bda0,6774,0x034ec000,55492608
243250,0x0199bdb0,6775,0x034ee000,55500800
243251,0x0199bdc0,6776,0x034f0000,55508992
243259,0x0199bdd0,6777,0x034f2000,55517184
243261,0x0199bde0,6778,0x034f4000,55525376
243263,0x0199bdf0,6779,0x034f6000,55533568
243264,0x0199be00,6780,0x034f8000,55541760
243269,0x0199be10,6781,0x034fa000,55549952
243270,0x0199be20,6782,0x034fc000,55558144
243271,0x0199be30,6783,0x034fe000,55566336
243274,0x0199be40,6784,0x03500000,55574528
243275,0x0199be50,6785,0x03502000,55582720
243278,0x0199be60,6786,0x03504000,55590912
243280,0x0199be70,6787,0x03506000,55599104
243281,0x0199be80,6788,0x03508000,55607296
243284,0x0199be90,6789,0x0350a000,55615488
243286,0x0199bea0,6790,0x0350c000,55623680
243288,0x0199beb0,6791,0x0350e000,55631872
243289,0x0199bec0,6792,0x03510000,55640064
243290,0x0199bed0,6793,0x03512000,55648256
243291,0x0199bee0,6794,0x03514000,55656448
243292,0x0199bef0,6795,0x03516000,55664640
243293,0x0199bf00,6796,0x03518000,55672832
243295,0x0199bf10,6797,0x0351a000,55681024
243296,0x0199bf20,6798,0x0351c000,55689216
243297,0x0199bf30,6799,0x0351e000,55697408
243298,0x0199bf40,6800,0x03520000,55705600
243299,0x0199bf50,6801,0x03522000,55713792
243300,0x0199bf60,6802,0x03524000,55721984
243302,0x0199bf70,6803,0x03526000,55730176
243307,0x0199bf80,6804,0x03528000,55738368
243308,0x0199bf90,6805,0x0352a000,55746560
243309,0x0199bfa0,6806,0x0352c000,55754752
243310,0x0199bfb0,6807,0x0352e000,55762944
243311,0x0199bfc0,6808,0x03530000,55771136
243312,0x0199bfd0,6809,0x03532000,55779328
243316,0x0199bfe0,6810,0x03534000,55787520
243320,0x0199bff0,6811,0x03536000,55795712
243322,0x01a9c000,6813,0x0353a000,55812096
243323,0x01a9c010,6814,0x0353c000,55820288
243324,0x01a9c020,6815,0x0353e000,55828480
243325,0x01a9c030,6816,0x03540000,55836672
243326,0x01a9c040,6817,0x03542000,55844864
243330,0x01a9c050,6818,0x03544000,55853056
243336,0x01a9c060,6819,0x03546000,55861248
243337,0x01a9c070,6820,0x03548000,55869440
243339,0x01a9c080,6821,0x0354a000,55877632
243340,0x01a9c090,6822,0x0354c000,55885824
243342,0x01a9c0a0,6823,0x0354e000,55894016
243343,0x01a9c0b0,6824,0x03550000,55902208
243344,0x01a9c0c0,6825,0x03552000,55910400
243347,0x01a9c0d0,6826,0x03554000,55918592
243349,0x01a9c0e0,6827,0x03556000,55926784
243350,0x01a9c0f0,6828,0x03558000,55934976
243351,0x01a9c100,6829,0x0355a000,55943168
243352,0x01a9c110,6830,0x0355c000,55951360
243353,0x01a9c120,6831,0x0355e000,55959552
243354,0x01a9c130,6832,0x03560000,55967744
243356,0x01a9c140,6833,0x03562000,55975936
243359,0x01a9c150,6834,0x03564000,55984128
243362,0x01a9c160,6835,0x03566000,55992320
243363,0x01a9c170,6836,0x03568000,56000512
243364,0x01a9c180,6837,0x0356a000,56008704
243367,0x01a9c190,6838,0x0356c000,56016896
243368,0x01a9c1a0,6839,0x0356e000,56025088
243371,0x01a9c1b0,6840,0x03570000,56033280
243373,0x01a9c1c0,6841,0x03572000,56041472
243374,0x01a9c1d0,6842,0x03574000,56049664
243375,0x01a9c1e0,6843,0x03576000,56057856
243379,0x01a9c1f0,6844,0x03578000,56066048
243380,0x01a9c200,6845,0x0357a000,56074240
243383,0x01a9c210,6846,0x0357c000,56082432
243385,0x01a9c220,6847,0x0357e000,56090624
243386,0x01a9c230,6848,0x03580000,56098816
243387,0x01a9c240,6849,0x03582000,56107008
243388,0x01a9c250,6850,0x03584000,56115200
243389,0x01a9c260,6851,0x03586000,56123392
243390,0x01a9c270,6852,0x03588000,56131584
243391,0x01a9c280,6853,0x0358a000,56139776
243392,0x01a9c290,6854,0x0358c000,56147968
243393,0x01a9c2a0,6855,0x0358e000,56156160
243394,0x01a9c2b0,6856,0x03590000,56164352
243395,0x01a9c2c0,6857,0x03592000,56172544
243396,0x01a9c2d0,6858,0x03594000,56180736
243397,0x01a9c2e0,6859,0x03596000,56188928
243398,0x01a9c2f0,6860,0x03598000,56197120
243399,0x01a9c300,6861,0x0359a000,56205312
243400,0x01a9c310,6862,0x0359c000,56213504
243402,0x01a9c320,6863,0x0359e000,56221696
243403,0x01a9c330,6864,0x035a0000,56229888
243406,0x01a9c340,6865,0x035a2000,56238080
243408,0x01a9c350,6866,0x035a4000,56246272
243410,0x01a9c360,6867,0x035a6000,56254464
243411,0x01a9c370,6868,0x035a8000,56262656
243412,0x01a9c380,6869,0x035aa000,56270848
243415,0x01a9c390,6870,0x035ac000,56279040
243417,0x01a9c3a0,6871,0x035ae000,56287232
243418,0x01a9c3b0,6872,0x035b0000,56295424
243419,0x01a9c3c0,6873,0x035b2000,56303616
243423,0x01a9c3d0,6874,0x035b4000,56311808
243426,0x01a9c3e0,6875,0x035b6000,56320000
243428,0x01a9c3f0,6876,0x035b8000,56328192
243430,0x01a9c400,6877,0x035ba000,56336384
243432,0x01a9c410,6878,0x035bc000,56344576
243433,0x01a9c420,6879,0x035be000,56352768
243434,0x01a9c430,6880,0x035c0000,56360960
243437,0x01a9c440,6881,0x035c2000,56369152
243439,0x01a9c450,6882,0x035c4000,56377344
243443,0x01a9c460,6883,0x035c6000,56385536
243445,0x01a9c470,6884,0x035c8000,56393728
243448,0x01a9c480,6885,0x035ca000,56401920
243450,0x01a9c490,6886,0x035cc000,56410112
243451,0x01a9c4a0,6887,0x035ce000,56418304
243454,0x01a9c4b0,6888,0x035d0000,56426496
243457,0x01a9c4c0,6889,0x035d2000,56434688
243459,0x01a9c4d0,6890,0x035d4000,56442880
243460,0x01a9c4e0,6891,0x035d6000,56451072
243461,0x01a9c4f0,6892,0x035d8000,56459264
243468,0x01a9c500,6893,0x035da000,56467456
243470,0x01a9c510,6894,0x035dc000,56475648
243471,0x01a9c520,6895,0x035de000,56483840
243473,0x01a9c530,6896,0x035e0000,56492032
243475,0x01a9c540,6897,0x035e2000,56500224
243476,0x01a9c550,6898,0x035e4000,56508416
243477,0x01a9c560,6899,0x035e6000,56516608
243478,0x01a9c570,6900,0x035e8000,56524800
243479,0x01a9c580,6901,0x035ea000,56532992
243480,0x01a9c590,6902,0x035ec000,56541184
243483,0x01a9c5a0,6903,0x035ee000,56549376
243486,0x01a9c5b0,6904,0x035f0000,56557568
243487,0x01a9c5c0,6905,0x035f2000,56565760
243488,0x01a9c5d0,6906,0x035f4000,56573952
243489,0x01a9c5e0,6907,0x035f6000,56582144
243490,0x01a9c5f0,6908,0x035f8000,56590336
243493,0x01a9c600,6909,0x035fa000,56598528
243494,0x01a9c610,6910,0x035fc000,56606720
243498,0x01a9c620,6911,0x035fe000,56614912
243499,0x01a9c630,6912,0x03600000,56623104
243502,0x01a9c640,6913,0x03602000,56631296
243505,0x01a9c650,6914,0x03604000,56639488
243506,0x01a9c660,6915,0x03606000,56647680
243508,0x01a9c670,6916,0x03608000,56655872
243514,0x01a9c680,6917,0x0360a000,56664064
243517,0x01a9c690,6918,0x0360c000,56672256
243521,0x01a9c6a0,6919,0x0360e000,56680448
243522,0x01a9c6b0,6920,0x03610000,56688640
243524,0x01a9c6c0,6921,0x03612000,56696832
243528,0x01a9c6d0,6922,0x03614000,56705024
243529,0x01a9c6e0,6923,0x03616000,56713216
243534,0x01a9c6f0,6924,0x03618000,56721408
243535,0x01a9c700,6925,0x0361a000,56729600
243540,0x01a9c710,6926,0x0361c000,56737792
243544,0x01a9c720,6927,0x0361e000,56745984
243545,0x01a9c730,6928,0x03620000,56754176
243550,0x01a9c740,6929,0x03622000,56762368
243551,0x01a9c750,6930,0x03624000,56770560
243556,0x01a9c760,6931,0x03626000,56778752
243557,0x01a9c770,6932,0x03628000,56786944
243559,0x01a9c780,6933,0x0362a000,56795136
243560,0x01a9c790,6934,0x0362c000,56803328
243561,0x01a9c7a0,6935,0x0362e000,56811520
243562,0x01a9c7b0,6936,0x03630000,56819712
243565,0x01a9c7c0,6937,0x03632000,56827904
243566,0x01a9c7d0,6938,0x03634000,56836096
243572,0x01a9c7e0,6939,0x03636000,56844288
243576,0x01a9c7f0,6940,0x03638000,56852480
243577,0x01a9c800,6941,0x0363a000,56860672
243580,0x01a9c810,6942,0x0363c000,56868864
243581,0x01a9c820,6943,0x0363e000,56877056
243585,0x01a9c830,6944,0x03640000,56885248
243587,0x01a9c840,6945,0x03642000,56893440
243590,0x01a9c850,6946,0x03644000,56901632
243591,0x01a9c860,6947,0x03646000,56909824
243593,0x01a9c870,6948,0x03648000,56918016
243594,0x01a9c880,6949,0x0364a000,56926208
243595,0x01a9c890,6950,0x0364c000,56934400
243597,0x01a9c8a0,6951,0x0364e000,56942592
243598,0x01a9c8b0,6952,0x03650000,56950784
243599,0x01a9c8c0,6953,0x03652000,56958976
243600,0x01a9c8d0,6954,0x03654000,56967168
243602,0x01a9c8e0,6955,0x03656000,56975360
243603,0x01a9c8f0,6956,0x03658000,56983552
243613,0x01a9c900,6957,0x0365a000,56991744
243614,0x01a9c910,6958,0x0365c000,56999936
243615,0x01a9c920,6959,0x0365e000,57008128
243617,0x01a9c930,6960,0x03660000,57016320
243619,0x01a9c940,6961,0x03662000,57024512
243620,0x01a9c950,6962,0x03664000,57032704
243621,0x01a9c960,6963,0x03666000,57040896
243623,0x01a9c970,6964,0x03668000,57049088
243630,0x01a9c980,6965,0x0366a000,57057280
243631,0x01a9c990,6966,0x0366c000,57065472
243632,0x01a9c9a0,6967,0x0366e000,57073664
243635,0x01a9c9b0,6968,0x03670000,57081856
243639,0x01a9c9c0,6969,0x03672000,57090048
243644,0x01a9c9d0,6970,0x03674000,57098240
243647,0x01a9c9e0,6971,0x03676000,57106432
243648,0x01a9c9f0,6972,0x03678000,57114624
243654,0x01a9ca00,6973,0x0367a000,57122816
243655,0x01a9ca10,6974,0x0367c000,57131008
243656,0x01a9ca20,6975,0x0367e000,57139200
243662,0x01a9ca30,6976,0x03680000,57147392
243663,0x01a9ca40,6977,0x03682000,57155584
243668,0x01a9ca50,6978,0x03684000,57163776
243669,0x01a9ca60,6979,0x03686000,57171968
243670,0x01a9ca70,6980,0x03688000,57180160
243671,0x01a9ca80,6981,0x0368a000,57188352
243674,0x01a9ca90,6982,0x0368c000,57196544
243677,0x01a9caa0,6983,0x0368e000,57204736
243680,0x01a9cab0,6984,0x03690000,57212928
243681,0x01a9cac0,6985,0x03692000,57221120
243683,0x01a9cad0,6986,0x03694000,57229312
243684,0x01a9cae0,6987,0x03696000,57237504
243686,0x01a9caf0,6988,0x03698000,57245696
243688,0x01a9cb00,6989,0x0369a000,57253888
243689,0x01a9cb10,6990,0x0369c000,57262080
243691,0x01a9cb20,6991,0x0369e000,57270272
243692,0x01a9cb30,6992,0x036a0000,57278464
243693,0x01a9cb40,6993,0x036a2000,57286656
243695,0x01a9cb50,6994,0x036a4000,57294848
243696,0x01a9cb60,6995,0x036a6000,57303040
243698,0x01a9cb70,6996,0x036a8000,57311232
243699,0x01a9cb80,6997,0x036aa000,57319424
243700,0x01a9cb90,6998,0x036ac000,57327616
243702,0x01a9cba0,6999,0x036ae000,57335808
243704,0x01a9cbb0,7000,0x036b0000,57344000
243706,0x01a9cbc0,7001,0x036b2000,57352192
243707,0x01a9cbd0,7002,0x036b4000,57360384
243708,0x01a9cbe0,7003,0x036b6000,57368576
243710,0x01a9cbf0,7004,0x036b8000,57376768
243711,0x01a9cc00,7005,0x036ba000,57384960
243712,0x01a9cc10,7006,0x036bc000,57393152
243716,0x01a9cc20,7007,0x036be000,57401344
243720,0x01a9cc30,7008,0x036c0000,57409536
243724,0x01a9cc40,7009,0x036c2000,57417728
243725,0x01a9cc50,7010,0x036c4000,57425920
243731,0x01a9cc60,7011,0x036c6000,57434112
243732,0x01a9cc70,7012,0x036c8000,57442304
243736,0x01a9cc80,7013,0x036ca000,57450496
243737,0x01a9cc90,7014,0x036cc000,57458688
243738,0x01a9cca0,7015,0x036ce000,57466880
243740,0x01a9ccb0,7016,0x036d0000,57475072
243741,0x01a9ccc0,7017,0x036d2000,57483264
243742,0x01a9ccd0,7018,0x036d4000,57491456
243743,0x01a9cce0,7019,0x036d6000,57499648
243745,0x01a9ccf0,7020,0x036d8000,57507840
243746,0x01a9cd00,7021,0x036da000,57516032
243747,0x01a9cd10,7022,0x036dc000,57524224
243750,0x01a9cd20,7023,0x036de000,57532416
243752,0x01a9cd30,7024,0x036e0000,57540608
243757,0x01a9cd40,7025,0x036e2000,57548800
243758,0x01a9cd50,7026,0x036e4000,57556992
243759,0x01a9cd60,7027,0x036e6000,57565184
243761,0x01a9cd70,7028,0x036e8000,57573376
243763,0x01a9cd80,7029,0x036ea000,57581568
243764,0x01a9cd90,7030,0x036ec000,57589760
243766,0x01a9cda0,7031,0x036ee000,57597952
243767,0x01a9cdb0,7032,0x036f0000,57606144
243768,0x01a9cdc0,7033,0x036f2000,57614336
243770,0x01a9cdd0,7034,0x036f4000,57622528
243771,0x01a9cde0,7035,0x036f6000,57630720
243776,0x01a9cdf0,7036,0x036f8000,57638912
243780,0x01a9ce00,7037,0x036fa000,57647104
243784,0x01a9ce10,7038,0x036fc000,57655296
243785,0x01a9ce20,7039,0x036fe000,57663488
243790,0x01a9ce30,7040,0x03700000,57671680
243791,0x01a9ce40,7041,0x03702000,57679872
243793,0x01a9ce50,7042,0x03704000,57688064
243794,0x01a9ce60,7043,0x03706000,57696256
243797,0x01a9ce70,7044,0x03708000,57704448
243799,0x01a9ce80,7045,0x0370a000,57712640
243800,0x01a9ce90,7046,0x0370c000,57720832
243804,0x01a9cea0,7047,0x0370e000,57729024
243805,0x01a9ceb0,7048,0x03710000,57737216
243806,0x01a9cec0,7049,0x03712000,57745408
243807,0x01a9ced0,7050,0x03714000,57753600
243811,0x01a9cee0,7051,0x03716000,57761792
243814,0x01a9cef0,7052,0x03718000,57769984
243815,0x01a9cf00,7053,0x0371a000,57778176
243817,0x01a9cf10,7054,0x0371c000,57786368
243824,0x01a9cf20,7055,0x0371e000,57794560
243827,0x01a9cf30,7056,0x03720000,57802752
243829,0x01a9cf40,7057,0x03722000,57810944
243830,0x01a9cf50,7058,0x03724000,57819136
243832,0x01a9cf60,7059,0x03726000,57827328
243833,0x01a9cf70,7060,0x03728000,57835520
243834,0x01a9cf80,7061,0x0372a000,57843712
243837,0x01a9cf90,7062,0x0372c000,57851904
243838,0x01a9cfa0,7063,0x0372e000,57860096
243842,0x01a9cfb0,7064,0x03730000,57868288
243843,0x01a9cfc0,7065,0x03732000,57876480
243847,0x01a9cfd0,7066,0x03734000,57884672
243848,0x01a9cfe0,7067,0x03736000,57892864
243849,0x01a9cff0,7068,0x03738000,57901056
243852,0x01b9d000,7070,0x0373c000,57917440
243853,0x01b9d010,7071,0x0373e000,57925632
243854,0x01b9d020,7072,0x03740000,57933824
243855,0x01b9d030,7073,0x03742000,57942016
243856,0x01b9d040,7074,0x03744000,57950208
243857,0x01b9d050,7075,0x03746000,57958400
243861,0x01b9d060,7076,0x03748000,57966592
243862,0x01b9d070,7077,0x0374a000,57974784
243872,0x01b9d080,7078,0x0374c000,57982976
243873,0x01b9d090,7079,0x0374e000,57991168
243877,0x01b9d0a0,7080,0x03750000,57999360
243878,0x01b9d0b0,7081,0x03752000,58007552
243882,0x01b9d0c0,7082,0x03754000,58015744
243887,0x01b9d0d0,7083,0x03756000,58023936
243889,0x01b9d0e0,7084,0x03758000,58032128
243890,0x01b9d0f0,7085,0x0375a000,58040320
243893,0x01b9d100,7086,0x0375c000,58048512
243896,0x01b9d110,7087,0x0375e000,58056704
243899,0x01b9d120,7088,0x03760000,58064896
243902,0x01b9d130,7089,0x03762000,58073088
243903,0x01b9d140,7090,0x03764000,58081280
243905,0x01b9d150,7091,0x03766000,58089472
243906,0x01b9d160,7092,0x03768000,58097664
243907,0x01b9d170,7093,0x0376a000,58105856
243910,0x01b9d180,7094,0x0376c000,58114048
243911,0x01b9d190,7095,0x0376e000,58122240
243912,0x01b9d1a0,7096,0x03770000,58130432
243914,0x01b9d1b0,7097,0x03772000,58138624
243915,0x01b9d1c0,7098,0x03774000,58146816
243916,0x01b9d1d0,7099,0x03776000,58155008
243917,0x01b9d1e0,7100,0x03778000,58163200
243920,0x01b9d1f0,7101,0x0377a000,58171392
243921,0x01b9d200,7102,0x0377c000,58179584
243922,0x01b9d210,7103,0x0377e000,58187776
243925,0x01b9d220,7104,0x03780000,58195968
243927,0x01b9d230,7105,0x03782000,58204160
243928,0x01b9d240,7106,0x03784000,58212352
243929,0x01b9d250,7107,0x03786000,58220544
243931,0x01b9d260,7108,0x03788000,58228736
243933,0x01b9d270,7109,0x0378a000,58236928
243934,0x01b9d280,7110,0x0378c000,58245120
243936,0x01b9d290,7111,0x0378e000,58253312
243937,0x01b9d2a0,7112,0x03790000,58261504
243938,0x01b9d2b0,7113,0x03792000,58269696
243939,0x01b9d2c0,7114,0x03794000,58277888
243940,0x01b9d2d0,7115,0x03796000,58286080
243942,0x01b9d2e0,7116,0x03798000,58294272
243945,0x01b9d2f0,7117,0x0379a000,58302464
243946,0x01b9d300,7118,0x0379c000,58310656
243948,0x01b9d310,7119,0x0379e000,58318848
243949,0x01b9d320,7120,0x037a0000,58327040
243950,0x01b9d330,7121,0x037a2000,58335232
243952,0x01b9d340,7122,0x037a4000,58343424
243954,0x01b9d350,7123,0x037a6000,58351616
243957,0x01b9d360,7124,0x037a8000,58359808
243958,0x01b9d370,7125,0x037aa000,58368000
243961,0x01b9d380,7126,0x037ac000,58376192
243964,0x01b9d390,7127,0x037ae000,58384384
243965,0x01b9d3a0,7128,0x037b0000,58392576
243968,0x01b9d3b0,7129,0x037b2000,58400768
243972,0x01b9d3c0,7130,0x037b4000,58408960
243974,0x01b9d3d0,7131,0x037b6000,58417152
243976,0x01b9d3e0,7132,0x037b8000,58425344
243977,0x01b9d3f0,7133,0x037ba000,58433536
243980,0x01b9d400,7134,0x037bc000,58441728
243983,0x01b9d410,7135,0x037be000,58449920
243984,0x01b9d420,7136,0x037c0000,58458112
243986,0x01b9d430,7137,0x037c2000,58466304
243988,0x01b9d440,7138,0x037c4000,58474496
243990,0x01b9d450,7139,0x037c6000,58482688
243993,0x01b9d460,7140,0x037c8000,58490880
243995,0x01b9d470,7141,0x037ca000,58499072
243996,0x01b9d480,7142,0x037cc000,58507264
243997,0x01b9d490,7143,0x037ce000,58515456
243998,0x01b9d4a0,7144,0x037d0000,58523648
244001,0x01b9d4b0,7145,0x037d2000,58531840
244002,0x01b9d4c0,7146,0x037d4000,58540032
244007,0x01b9d4d0,7147,0x037d6000,58548224
244009,0x01b9d4e0,7148,0x037d8000,58556416
244011,0x01b9d4f0,7149,0x037da000,58564608
244012,0x01b9d500,7150,0x037dc000,58572800
244013,0x01b9d510,7151,0x037de000,58580992
244016,0x01b9d520,7152,0x037e0000,58589184
244019,0x01b9d530,7153,0x037e2000,58597376
244020,0x01b9d540,7154,0x037e4000,58605568
244023,0x01b9d550,7155,0x037e6000,58613760
244024,0x01b9d560,7156,0x037e8000,58621952
244032,0x01b9d570,7157,0x037ea000,58630144
244033,0x01b9d580,7158,0x037ec000,58638336
244034,0x01b9d590,7159,0x037ee000,58646528
244035,0x01b9d5a0,7160,0x037f0000,58654720
244036,0x01b9d5b0,7161,0x037f2000,58662912
244037,0x01b9d5c0,7162,0x037f4000,58671104
244040,0x01b9d5d0,7163,0x037f6000,58679296
244041,0x01b9d5e0,7164,0x037f8000,58687488
244044,0x01b9d5f0,7165,0x037fa000,58695680
244045,0x01b9d600,7166,0x037fc000,58703872
244047,0x01b9d610,7167,0x037fe000,58712064
244049,0x01b9d620,7168,0x03800000,58720256
244050,0x01b9d630,7169,0x03802000,58728448
244051,0x01b9d640,7170,0x03804000,58736640
244052,0x01b9d650,7171,0x03806000,58744832
244053,0x01b9d660,7172,0x03808000,58753024
244054,0x01b9d670,7173,0x0380a000,58761216
244059,0x01b9d680,7174,0x0380c000,58769408
244064,0x01b9d690,7175,0x0380e000,58777600
244065,0x01b9d6a0,7176,0x03810000,58785792
244066,0x01b9d6b0,7177,0x03812000,58793984
244067,0x01b9d6c0,7178,0x03814000,58802176
244071,0x01b9d6d0,7179,0x03816000,58810368
244072,0x01b9d6e0,7180,0x03818000,58818560
244074,0x01b9d6f0,7181,0x0381a000,58826752
244076,0x01b9d700,7182,0x0381c000,58834944
244077,0x01b9d710,7183,0x0381e000,58843136
244082,0x01b9d720,7184,0x03820000,58851328
244083,0x01b9d730,7185,0x03822000,58859520
244086,0x01b9d740,7186,0x03824000,58867712
244088,0x01b9d750,7187,0x03826000,58875904
244092,0x01b9d760,7188,0x03828000,58884096
244093,0x01b9d770,7189,0x0382a000,58892288
244094,0x01b9d780,7190,0x0382c000,58900480
244099,0x01b9d790,7191,0x0382e000,58908672
244103,0x01b9d7a0,7192,0x03830000,58916864
244106,0x01b9d7b0,7193,0x03832000,58925056
244108,0x01b9d7c0,7194,0x03834000,58933248
244111,0x01b9d7d0,7195,0x03836000,58941440
244115,0x01b9d7e0,7196,0x03838000,58949632
244116,0x01b9d7f0,7197,0x0383a000,58957824
244118,0x01b9d800,7198,0x0383c000,58966016
244119,0x01b9d810,7199,0x0383e000,58974208
244124,0x01b9d820,7200,0x03840000,58982400
244128,0x01b9d830,7201,0x03842000,58990592
244132,0x01b9d840,7202,0x03844000,58998784
244134,0x01b9d850,7203,0x03846000,59006976
244135,0x01b9d860,7204,0x03848000,59015168
244136,0x01b9d870,7205,0x0384a000,59023360
244137,0x01b9d880,7206,0x0384c000,59031552
244139,0x01b9d890,7207,0x0384e000,59039744
244140,0x01b9d8a0,7208,0x03850000,59047936
244141,0x01b9d8b0,7209,0x03852000,59056128
244142,0x01b9d8c0,7210,0x03854000,59064320
244144,0x01b9d8d0,7211,0x03856000,59072512
244148,0x01b9d8e0,7212,0x03858000,59080704
244150,0x01b9d8f0,7213,0x0385a000,59088896
244152,0x01b9d900,7214,0x0385c000,59097088
244153,0x01b9d910,7215,0x0385e000,59105280
244155,0x01b9d920,7216,0x03860000,59113472
244156,0x01b9d930,7217,0x03862000,59121664
244158,0x01b9d940,7218,0x03864000,59129856
244162,0x01b9d950,7219,0x03866000,59138048
244164,0x01b9d960,7220,0x03868000,59146240
244165,0x01b9d970,7221,0x0386a000,59154432
244166,0x01b9d980,7222,0x0386c000,59162624
244168,0x01b9d990,7223,0x0386e000,59170816
244171,0x01b9d9a0,7224,0x03870000,59179008
244178,0x01b9d9b0,7225,0x03872000,59187200
244180,0x01b9d9c0,7226,0x03874000,59195392
244181,0x01b9d9d0,7227,0x03876000,59203584
244183,0x01b9d9e0,7228,0x03878000,59211776
244184,0x01b9d9f0,7229,0x0387a000,59219968
244185,0x01b9da00,7230,0x0387c000,59228160
244186,0x01b9da10,7231,0x0387e000,59236352
244188,0x01b9da20,7232,0x03880000,59244544
244189,0x01b9da30,7233,0x03882000,59252736
244190,0x01b9da40,7234,0x03884000,59260928
244191,0x01b9da50,7235,0x03886000,59269120
244192,0x01b9da60,7236,0x03888000,59277312
244193,0x01b9da70,7237,0x0388a000,59285504
244194,0x01b9da80,7238,0x0388c000,59293696
244196,0x01b9da90,7239,0x0388e000,59301888
244197,0x01b9daa0,7240,0x03890000,59310080
244199,0x01b9dab0,7241,0x03892000,59318272
244204,0x01b9dac0,7242,0x03894000,59326464
244213,0x01b9dad0,7243,0x03896000,59334656
244217,0x01b9dae0,7244,0x03898000,59342848
244218,0x01b9daf0,7245,0x0389a000,59351040
244219,0x01b9db00,7246,0x0389c000,59359232
244223,0x01b9db10,7247,0x0389e000,59367424
244224,0x01b9db20,7248,0x038a0000,59375616
244230,0x01b9db30,7249,0x038a2000,59383808
244231,0x01b9db40,7250,0x038a4000,59392000
244232,0x01b9db50,7251,0x038a6000,59400192
244233,0x01b9db60,7252,0x038a8000,59408384
244234,0x01b9db70,7253,0x038aa000,59416576
244236,0x01b9db80,7254,0x038ac000,59424768
244237,0x01b9db90,7255,0x038ae000,59432960
244238,0x01b9dba0,7256,0x038b0000,59441152
244239,0x01b9dbb0,7257,0x038b2000,59449344
244240,0x01b9dbc0,7258,0x038b4000,59457536
244241,0x01b9dbd0,7259,0x038b6000,59465728
244243,0x01b9dbe0,7260,0x038b8000,59473920
244246,0x01b9dbf0,7261,0x038ba000,59482112
244247,0x01b9dc00,7262,0x038bc000,59490304
244248,0x01b9dc10,7263,0x038be000,59498496
244249,0x01b9dc20,7264,0x038c0000,59506688
244250,0x01b9dc30,7265,0x038c2000,59514880
244251,0x01b9dc40,7266,0x038c4000,59523072
244252,0x01b9dc50,7267,0x038c6000,59531264
244256,0x01b9dc60,7268,0x038c8000,59539456
244259,0x01b9dc70,7269,0x038ca000,59547648
244260,0x01b9dc80,7270,0x038cc000,59555840
244262,0x01b9dc90,7271,0x038ce000,59564032
244264,0x01b9dca0,7272,0x038d0000,59572224
244266,0x01b9dcb0,7273,0x038d2000,59580416
244268,0x01b9dcc0,7274,0x038d4000,59588608
244269,0x01b9dcd0,7275,0x038d6000,59596800
244270,0x01b9dce0,7276,0x038d8000,59604992
244274,0x01b9dcf0,7277,0x038da000,59613184
244275,0x01b9dd00,7278,0x038dc000,59621376
244289,0x01b9dd10,7279,0x038de000,59629568
244290,0x01b9dd20,7280,0x038e0000,59637760
244291,0x01b9dd30,7281,0x038e2000,59645952
244292,0x01b9dd40,7282,0x038e4000,59654144
244293,0x01b9dd50,7283,0x038e6000,59662336
244297,0x01b9dd60,7284,0x038e8000,59670528
244298,0x01b9dd70,7285,0x038ea000,59678720
244305,0x01b9dd80,7286,0x038ec000,59686912
244316,0x01b9dd90,7287,0x038ee000,59695104
244318,0x01b9dda0,7288,0x038f0000,59703296
244319,0x01b9ddb0,7289,0x038f2000,59711488
244320,0x01b9ddc0,7290,0x038f4000,59719680
244323,0x01b9ddd0,7291,0x038f6000,59727872
244325,0x01b9dde0,7292,0x038f8000,59736064
244327,0x01b9ddf0,7293,0x038fa000,59744256
244328,0x01b9de00,7294,0x038fc000,59752448
244329,0x01b9de10,7295,0x038fe000,59760640
244332,0x01b9de20,7296,0x03900000,59768832
244333,0x01b9de30,7297,0x03902000,59777024
244336,0x01b9de40,7298,0x03904000,59785216
244339,0x01b9de50,7299,0x03906000,59793408
244341,0x01b9de60,7300,0x03908000,59801600
244342,0x01b9de70,7301,0x0390a000,59809792
244346,0x01b9de80,7302,0x0390c000,59817984
244347,0x01b9de90,7303,0x0390e000,59826176
244351,0x01b9dea0,7304,0x03910000,59834368
244352,0x01b9deb0,7305,0x03912000,59842560
244356,0x01b9dec0,7306,0x03914000,59850752
244360,0x01b9ded0,7307,0x03916000,59858944
244363,0x01b9dee0,7308,0x03918000,59867136
244364,0x01b9def0,7309,0x0391a000,59875328
244365,0x01b9df00,7310,0x0391c000,59883520
244366,0x01b9df10,7311,0x0391e000,59891712
244369,0x01b9df20,7312,0x03920000,59899904
244371,0x01b9df30,7313,0x03922000,59908096
244372,0x01b9df40,7314,0x03924000,59916288
244376,0x01b9df50,7315,0x03926000,59924480
244377,0x01b9df60,7316,0x03928000,59932672
244381,0x01b9df70,7319,0x0392e000,59957248
244383,0x01b9df80,7320,0x03930000,59965440
244384,0x01b9df90,7321,0x03932000,59973632
244386,0x01b9dfa0,7322,0x03934000,59981824
244387,0x01b9dfb0,7323,0x03936000,59990016
244389,0x01b9dfc0,7324,0x03938000,59998208
244390,0x01b9dfd0,7325,0x0393a000,60006400
244391,0x01b9dfe0,7326,0x0393c000,60014592
244394,0x01b9dff0,7327,0x0393e000,60022784
603987,0x01c95000,1843,0x00e66000,15097856
115495,0x01c95010,2881,0x01682000,23601152
240346,0x01c95020,4973,0x026da000,40738816
603988,0x01c95080,1844,0x00e68000,15106048
240347,0x01c95090,4974,0x026dc000,40747008
603989,0x01c95100,1845,0x00e6a000,15114240
240348,0x01c95110,4975,0x026de000,40755200
243050,0x01c95120,6512,0x032e0000,53346304
240349,0x01c95180,4976,0x026e0000,40763392
243052,0x01c95200,6513,0x032e2000,53354496
243054,0x01c95300,6514,0x032e4000,53362688
516150,0x01c95310,8429,0x041da000,69050368
600241,0x01c95400,386,0x00304000,3162112
600242,0x01c95480,387,0x00306000,3170304
173125,0x01c95490,3846,0x01e0c000,31506432
243057,0x01c954a0,6515,0x032e6000,53370880
600243,0x01c95500,388,0x00308000,3178496
173127,0x01c95580,3847,0x01e0e000,31514624
243059,0x01c95590,6516,0x032e8000,53379072
600246,0x01c95680,389,0x0030a000,3186688
241430,0x01c95690,5642,0x02c14000,46219264
600247,0x01c95700,390,0x0030c000,3194880
512910,0x01c95710,8263,0x0408e000,67690496
600248,0x01c95780,391,0x0030e000,3203072
152975,0x01c95790,3639,0x01c6e000,29810688
173082,0x01c957a0,3841,0x01e02000,31465472
233545,0x01c957b0,4690,0x024a4000,38420480
562330,0x01c957c0,8774,0x0448c000,71876608
600249,0x01c95800,392,0x00310000,3211264
173083,0x01c95810,3842,0x01e04000,31473664
231923,0x01c95880,4614,0x0240c000,37797888
241434,0x01c95890,5643,0x02c16000,46227456
241435,0x01c95900,5644,0x02c18000,46235648
155681,0x01c95980,3699,0x01ce6000,30302208
560710,0x01c95990,8672,0x043c0000,71041024
688450,0x01c95a00,2338,0x01244000,19152896
241437,0x01c95a10,5645,0x02c1a000,46243840
244140,0x01c95a80,7050,0x03714000,57753600
143007,0x01c95b00,3300,0x019c8000,27033600
163571,0x01c95b10,3807,0x01dbe000,31186944
241390,0x01c95b20,5616,0x02be0000,46006272
244141,0x01c95b30,7051,0x03716000,57761792
143008,0x01c95b80,3301,0x019ca000,27041792
231880,0x01c95b90,4608,0x02400000,37748736
244142,0x01c95ba0,7052,0x03718000,57769984
512870,0x01c95bb0,8259,0x04086000,67657728
688455,0x01c95c80,2339,0x01246000,19161088
244144,0x01c95c90,7053,0x0371a000,57778176
601330,0x01c95d00,1101,0x0089a000,9019392
688456,0x01c95d10,2340,0x01248000,19169280
155688,0x01c95d20,3700,0x01ce8000,30310400
241394,0x01c95d30,5617,0x02be2000,46014464
242521,0x01c95d40,6238,0x030bc000,51101696
588400,0x01c95d50,8904,0x04590000,72941568
241395,0x01c95d80,5618,0x02be4000,46022656
242522,0x01c95d90,6239,0x030be000,51109888
688458,0x01c95e00,2341,0x0124a000,19177472
241396,0x01c95e10,5619,0x02be6000,46030848
560670,0x01c95e20,8668,0x043b8000,71008256
601333,0x01c95e80,1102,0x0089c000,9027584
688459,0x01c95e90,2342,0x0124c000,19185664
241397,0x01c95ea0,5620,0x02be8000,46039040
242524,0x01c95eb0,6240,0x030c0000,51118080
244148,0x01c95ec0,7054,0x0371c000,57786368
110090,0x01c95ed0,7965,0x03e3a000,65249280
147798,0x01c95f00,3351,0x01a2e000,27451392
241398,0x01c95f10,5621,0x02bea000,46047232
242525,0x01c95f20,6241,0x030c2000,51126272
241399,0x01c95f80,5622,0x02bec000,46055424
110092,0x01c95f90,7966,0x03e3c000,65257472
601336,0x01c96000,1103,0x0089e000,9035776
242527,0x01c96010,6242,0x030c4000,51134464
110093,0x01c96020,7967,0x03e3e000,65265664
242528,0x01c96080,6243,0x030c6000,51142656
110095,0x01c96100,7968,0x03e40000,65273856
601339,0x01c96180,1104,0x008a0000,9043968
588360,0x01c96190,8900,0x04588000,72908800
110097,0x01c96200,7969,0x03e42000,65282048
240901,0x01c96280,5293,0x0295a000,43360256
242483,0x01c96290,6217,0x03092000,50929664
110098,0x01c962a0,7970,0x03e44000,65290240
242484,0x01c96300,6218,0x03094000,50937856
110099,0x01c96310,7971,0x03e46000,65298432
515580,0x01c96320,8386,0x04184000,68698112
561800,0x01c96330,8751,0x0445e000,71688192
184003,0x01c96380,3930,0x01eb4000,32194560
240903,0x01c96390,5294,0x0295c000,43368448
136160,0x01c96400,3095,0x0182e000,25354240
184004,0x01c96410,3931,0x01eb6000,32202752
242486,0x01c96420,6219,0x03096000,50946048
245230,0x01c96430,7609,0x03b72000,62332928
184005,0x01c96480,3932,0x01eb8000,32210944
240905,0x01c96490,5295,0x0295e000,43376640
184006,0x01c96500,3933,0x01eba000,32219136
240906,0x01c96510,5296,0x02960000,43384832
601298,0x01c96580,1095,0x0088e000,8970240
175301,0x01c96590,3900,0x01e78000,31948800
240907,0x01c965a0,5297,0x02962000,43393024
245233,0x01c965b0,7610,0x03b74000,62341120
563380,0x01c965c0,8828,0x044f8000,72318976
175302,0x01c96600,3901,0x01e7a000,31956992
240908,0x01c96610,5298,0x02964000,43401216
245234,0x01c96620,7611,0x03b76000,62349312
188792,0x01c96680,4533,0x0236a000,37134336
240909,0x01c96690,5299,0x02966000,43409408
245235,0x01c966a0,7612,0x03b78000,62357504
240861,0x01c96700,5272,0x02930000,43188224
136167,0x01c96780,3096,0x01830000,25362432
243613,0x01c96790,6800,0x03520000,55705600
561760,0x01c967a0,8747,0x04456000,71655424
243614,0x01c96800,6801,0x03522000,55713792
516710,0x01c96810,8470,0x0422c000,69386240
600800,0x01c96880,852,0x006a8000,6979584
240864,0x01c96890,5273,0x02932000,43196416
243615,0x01c968a0,6802,0x03524000,55721984
245190,0x01c968b0,7589,0x03b4a000,62169088
600801,0x01c96900,853,0x006aa000,6987776
232978,0x01c96910,4668,0x02478000,38240256
245191,0x01c96920,7590,0x03b4c000,62177280
600802,0x01c96980,854,0x006ac000,6995968
243617,0x01c96990,6803,0x03526000,55730176
600803,0x01c96a00,855,0x006ae000,7004160
235724,0x01c96a10,4733,0x024fa000,38772736
240867,0x01c96a20,5274,0x02934000,43204608
245193,0x01c96a30,7591,0x03b4e000,62185472
244397,0x01ca0000,7329,0x03942000,60039168
244402,0x01ca0010,7330,0x03944000,60047360
244403,0x01ca0020,7331,0x03946000,60055552
244407,0x01ca0030,7332,0x03948000,60063744
244408,0x01ca0040,7333,0x0394a000,60071936
244411,0x01ca0050,7334,0x0394c000,60080128
244413,0x01ca0060,7335,0x0394e000,60088320
244415,0x01ca0070,7336,0x03950000,60096512
244416,0x01ca0080,7337,0x03952000,60104704
244417,0x01ca0090,7338,0x03954000,60112896
244418,0x01ca00a0,7339,0x03956000,60121088
244420,0x01ca00b0,7340,0x03958000,60129280
244422,0x01ca00c0,7341,0x0395a000,60137472
244423,0x01ca00d0,7342,0x0395c000,60145664
244424,0x01ca00e0,7343,0x0395e000,60153856
244425,0x01ca00f0,7344,0x03960000,60162048
244426,0x01ca0100,7345,0x03962000,60170240
244428,0x01ca0110,7346,0x03964000,60178432
244429,0x01ca0120,7347,0x03966000,60186624
244430,0x01ca0130,7348,0x03968000,60194816
244432,0x01ca0140,7349,0x0396a000,60203008
244433,0x01ca0150,7350,0x0396c000,60211200
244435,0x01ca0160,7351,0x0396e000,60219392
244444,0x01ca0170,7352,0x03970000,60227584
244445,0x01ca0180,7353,0x03972000,60235776
244447,0x01ca0190,7354,0x03974000,60243968
244454,0x01ca01a0,7355,0x03976000,60252160
244457,0x01ca01b0,7356,0x03978000,60260352
244459,0x01ca01c0,7357,0x0397a000,60268544
244460,0x01ca01d0,7358,0x0397c000,60276736
244463,0x01ca01e0,7359,0x0397e000,60284928
244464,0x01ca01f0,7360,0x03980000,60293120
244465,0x01ca0200,7361,0x03982000,60301312
244467,0x01ca0210,7362,0x03984000,60309504
244468,0x01ca0220,7363,0x03986000,60317696
244469,0x01ca0230,7364,0x03988000,60325888
244472,0x01ca0240,7365,0x0398a000,60334080
244476,0x01ca0250,7366,0x0398c000,60342272
244479,0x01ca0260,7367,0x0398e000,60350464
244483,0x01ca0270,7368,0x03990000,60358656
244484,0x01ca0280,7369,0x03992000,60366848
244487,0x01ca0290,7370,0x03994000,60375040
244490,0x01ca02a0,7371,0x03996000,60383232
244491,0x01ca02b0,7372,0x03998000,60391424
244492,0x01ca02c0,7373,0x0399a000,60399616
244494,0x01ca02d0,7374,0x0399c000,60407808
244495,0x01ca02e0,7375,0x0399e000,60416000
244500,0x01ca02f0,7376,0x039a0000,60424192
244501,0x01ca0300,7377,0x039a2000,60432384
244502,0x01ca0310,7378,0x039a4000,60440576
244503,0x01ca0320,7379,0x039a6000,60448768
244504,0x01ca0330,7380,0x039a8000,60456960
244505,0x01ca0340,7381,0x039aa000,60465152
244507,0x01ca0350,7382,0x039ac000,60473344
244509,0x01ca0360,7383,0x039ae000,60481536
244511,0x01ca0370,7384,0x039b0000,60489728
244514,0x01ca0380,7385,0x039b2000,60497920
244516,0x01ca0390,7386,0x039b4000,60506112
244517,0x01ca03a0,7387,0x039b6000,60514304
244522,0x01ca03b0,7388,0x039b8000,60522496
244523,0x01ca03c0,7389,0x039ba000,60530688
244526,0x01ca03d0,7390,0x039bc000,60538880
244530,0x01ca03e0,7391,0x039be000,60547072
244531,0x01ca03f0,7392,0x039c0000,60555264
244533,0x01ca0400,7393,0x039c2000,60563456
244535,0x01ca0410,7394,0x039c4000,60571648
244537,0x01ca0420,7395,0x039c6000,60579840
244539,0x01ca0430,7396,0x039c8000,60588032
244540,0x01ca0440,7397,0x039ca000,60596224
244543,0x01ca0450,7398,0x039cc000,60604416
244544,0x01ca0460,7399,0x039ce000,60612608
244546,0x01ca0470,7400,0x039d0000,60620800
244547,0x01ca0480,7401,0x039d2000,60628992
244549,0x01ca0490,7402,0x039d4000,60637184
244551,0x01ca04a0,7403,0x039d6000,60645376
244552,0x01ca04b0,7404,0x039d8000,60653568
244554,0x01ca04c0,7405,0x039da000,60661760
244556,0x01ca04d0,7406,0x039dc000,60669952
244557,0x01ca04e0,7407,0x039de000,60678144
244559,0x01ca04f0,7408,0x039e0000,60686336
244560,0x01ca0500,7409,0x039e2000,60694528
244561,0x01ca0510,7410,0x039e4000,60702720
244562,0x01ca0520,7411,0x039e6000,60710912
244564,0x01ca0530,7412,0x039e8000,60719104
244567,0x01ca0540,7413,0x039ea000,60727296
244568,0x01ca0550,7414,0x039ec000,60735488
244570,0x01ca0560,7415,0x039ee000,60743680
244572,0x01ca0570,7416,0x039f0000,60751872
244573,0x01ca0580,7417,0x039f2000,60760064
244574,0x01ca0590,7418,0x039f4000,60768256
244575,0x01ca05a0,7419,0x039f6000,60776448
244576,0x01ca05b0,7420,0x039f8000,60784640
244577,0x01ca05c0,7421,0x039fa000,60792832
244578,0x01ca05d0,7422,0x039fc000,60801024
244580,0x01ca05e0,7423,0x039fe000,60809216
244582,0x01ca05f0,7424,0x03a00000,60817408
244584,0x01ca0600,7425,0x03a02000,60825600
244585,0x01ca0610,7426,0x03a04000,60833792
244586,0x01ca0620,7427,0x03a06000,60841984
244588,0x01ca0630,7428,0x03a08000,60850176
244589,0x01ca0640,7429,0x03a0a000,60858368
244590,0x01ca0650,7430,0x03a0c000,60866560
244592,0x01ca0660,7431,0x03a0e000,60874752
244594,0x01ca0670,7432,0x03a10000,60882944
244596,0x01ca0680,7433,0x03a12000,60891136
244597,0x01ca0690,7434,0x03a14000,60899328
244598,0x01ca06a0,7435,0x03a16000,60907520
244599,0x01ca06b0,7436,0x03a18000,60915712
244601,0x01ca06c0,7437,0x03a1a000,60923904
244602,0x01ca06d0,7438,0x03a1c000,60932096
244603,0x01ca06e0,7439,0x03a1e000,60940288
244608,0x01ca06f0,7440,0x03a20000,60948480
244609,0x01ca0700,7441,0x03a22000,60956672
244611,0x01ca0710,7442,0x03a24000,60964864
244614,0x01ca0720,7443,0x03a26000,60973056
244615,0x01ca0730,7444,0x03a28000,60981248
244617,0x01ca0740,7445,0x03a2a000,60989440
244618,0x01ca0750,7446,0x03a2c000,60997632
244620,0x01ca0760,7447,0x03a2e000,61005824
244621,0x01ca0770,7448,0x03a30000,61014016
244622,0x01ca0780,7449,0x03a32000,61022208
244623,0x01ca0790,7450,0x03a34000,61030400
244624,0x01ca07a0,7451,0x03a36000,61038592
244625,0x01ca07b0,7452,0x03a38000,61046784
244627,0x01ca07c0,7453,0x03a3a000,61054976
244629,0x01ca07d0,7454,0x03a3c000,61063168
244631,0x01ca07e0,7455,0x03a3e000,61071360
244633,0x01ca07f0,7456,0x03a40000,61079552
244634,0x01ca0800,7457,0x03a42000,61087744
244635,0x01ca0810,7458,0x03a44000,61095936
244639,0x01ca0820,7459,0x03a46000,61104128
244640,0x01ca0830,7460,0x03a48000,61112320
244642,0x01ca0840,7461,0x03a4a000,61120512
244644,0x01ca0850,7462,0x03a4c000,61128704
244646,0x01ca0860,7463,0x03a4e000,61136896
244649,0x01ca0870,7464,0x03a50000,61145088
244653,0x01ca0880,7465,0x03a52000,61153280
244654,0x01ca0890,7466,0x03a54000,61161472
244657,0x01ca08a0,7467,0x03a56000,61169664
244659,0x01ca08b0,7468,0x03a58000,61177856
244660,0x01ca08c0,7469,0x03a5a000,61186048
244661,0x01ca08d0,7470,0x03a5c000,61194240
244662,0x01ca08e0,7471,0x03a5e000,61202432
244665,0x01ca08f0,7472,0x03a60000,61210624
244666,0x01ca0900,7473,0x03a62000,61218816
244668,0x01ca0910,7474,0x03a64000,61227008
244669,0x01ca0920,7475,0x03a66000,61235200
244670,0x01ca0930,7476,0x03a68000,61243392
244674,0x01ca0940,7477,0x03a6a000,61251584
244675,0x01ca0950,7478,0x03a6c000,61259776
244677,0x01ca0960,7479,0x03a6e000,61267968
244679,0x01ca0970,7480,0x03a70000,61276160
244680,0x01ca0980,7481,0x03a72000,61284352
244681,0x01ca0990,7482,0x03a74000,61292544
244682,0x01ca09a0,7483,0x03a76000,61300736
244683,0x01ca09b0,7484,0x03a78000,61308928
244685,0x01ca09c0,7485,0x03a7a000,61317120
244687,0x01ca09d0,7486,0x03a7c000,61325312
244688,0x01ca09e0,7487,0x03a7e000,61333504
244690,0x01ca09f0,7488,0x03a80000,61341696
244691,0x01ca0a00,7489,0x03a82000,61349888
244692,0x01ca0a10,7490,0x03a84000,61358080
244694,0x01ca0a20,7491,0x03a86000,61366272
244695,0x01ca0a30,7492,0x03a88000,61374464
244698,0x01ca0a40,7493,0x03a8a000,61382656
244700,0x01ca0a50,7494,0x03a8c000,61390848
244701,0x01ca0a60,7495,0x03a8e000,61399040
244702,0x01ca0a70,7496,0x03a90000,61407232
244706,0x01ca0a80,7497,0x03a92000,61415424
244708,0x01ca0a90,7498,0x03a94000,61423616
244710,0x01ca0aa0,7499,0x03a96000,61431808
244712,0x01ca0ab0,7500,0x03a98000,61440000
244714,0x01ca0ac0,7501,0x03a9a000,61448192
244716,0x01ca0ad0,7502,0x03a9c000,61456384
244719,0x01ca0ae0,7503,0x03a9e000,61464576
244720,0x01ca0af0,7504,0x03aa0000,61472768
244723,0x01ca0b00,7505,0x03aa2000,61480960
244724,0x01ca0b10,7506,0x03aa4000,61489152
244727,0x01ca0b20,7507,0x03aa6000,61497344
244728,0x01ca0b30,7508,0x03aa8000,61505536
244729,0x01ca0b40,7509,0x03aaa000,61513728
244730,0x01ca0b50,7510,0x03aac000,61521920
244731,0x01ca0b60,7511,0x03aae000,61530112
244732,0x01ca0b70,7512,0x03ab0000,61538304
244734,0x01ca0b80,7513,0x03ab2000,61546496
244737,0x01ca0b90,7514,0x03ab4000,61554688
244739,0x01ca0ba0,7515,0x03ab6000,61562880
244744,0x01ca0bb0,7516,0x03ab8000,61571072
244746,0x01ca0bc0,7517,0x03aba000,61579264
244748,0x01ca0bd0,7518,0x03abc000,61587456
244750,0x01ca0be0,7519,0x03abe000,61595648
244753,0x01ca0bf0,7520,0x03ac0000,61603840
244754,0x01ca0c00,7521,0x03ac2000,61612032
244757,0x01ca0c10,7522,0x03ac4000,61620224
244758,0x01ca0c20,7523,0x03ac6000,61628416
244763,0x01ca0c30,7524,0x03ac8000,61636608
244764,0x01ca0c40,7525,0x03aca000,61644800
244766,0x01ca0c50,7526,0x03acc000,61652992
244768,0x01ca0c60,7527,0x03ace000,61661184
244770,0x01ca0c70,7528,0x03ad0000,61669376
244772,0x01ca0c80,7529,0x03ad2000,61677568
244775,0x01ca0c90,7530,0x03ad4000,61685760
244776,0x01ca0ca0,7531,0x03ad6000,61693952
244778,0x01ca0cb0,7532,0x03ad8000,61702144
244779,0x01ca0cc0,7533,0x03ada000,61710336
244780,0x01ca0cd0,7534,0x03adc000,61718528
244784,0x01ca0ce0,7535,0x03ade000,61726720
244786,0x01ca0cf0,7536,0x03ae0000,61734912
244787,0x01ca0d00,7537,0x03ae2000,61743104
244791,0x01ca0d10,7538,0x03ae4000,61751296
244792,0x01ca0d20,7539,0x03ae6000,61759488
244794,0x01ca0d30,7540,0x03ae8000,61767680
244795,0x01ca0d40,7541,0x03aea000,61775872
244797,0x01ca0d50,7542,0x03aec000,61784064
244799,0x01ca0d60,7543,0x03aee000,61792256
244801,0x01ca0d70,7544,0x03af0000,61800448
244802,0x01ca0d80,7545,0x03af2000,61808640
244803,0x01ca0d90,7546,0x03af4000,61816832
244804,0x01ca0da0,7547,0x03af6000,61825024
244806,0x01ca0db0,7548,0x03af8000,61833216
244807,0x01ca0dc0,7549,0x03afa000,61841408
244808,0x01ca0dd0,7550,0x03afc000,61849600
244810,0x01ca0de0,7551,0x03afe000,61857792
244811,0x01ca0df0,7552,0x03b00000,61865984
244812,0x01ca0e00,7553,0x03b02000,61874176
244814,0x01ca0e10,7554,0x03b04000,61882368
244815,0x01ca0e20,7555,0x03b06000,61890560
244816,0x01ca0e30,7556,0x03b08000,61898752
244817,0x01ca0e40,7557,0x03b0a000,61906944
244819,0x01ca0e50,7558,0x03b0c000,61915136
244820,0x01ca0e60,7559,0x03b0e000,61923328
244821,0x01ca0e70,7560,0x03b10000,61931520
244823,0x01ca0e80,7561,0x03b12000,61939712
244824,0x01ca0e90,7562,0x03b14000,61947904
244825,0x01ca0ea0,7563,0x03b16000,61956096
244826,0x01ca0eb0,7564,0x03b18000,61964288
244827,0x01ca0ec0,7565,0x03b1a000,61972480
244828,0x01ca0ed0,7566,0x03b1c000,61980672
244829,0x01ca0ee0,7567,0x03b1e000,61988864
244834,0x01ca0ef0,7568,0x03b20000,61997056
244835,0x01ca0f00,7569,0x03b22000,62005248
244837,0x01ca0f10,7570,0x03b24000,62013440
244838,0x01ca0f20,7571,0x03b26000,62021632
244840,0x01ca0f30,7572,0x03b28000,62029824
244843,0x01ca0f40,7573,0x03b2a000,62038016
244844,0x01ca0f50,7574,0x03b2c000,62046208
244848,0x01ca0f60,7575,0x03b2e000,62054400
244849,0x01ca0f70,7576,0x03b30000,62062592
244850,0x01ca0f80,7577,0x03b32000,62070784
244851,0x01ca0f90,7578,0x03b34000,62078976
244853,0x01ca0fa0,7579,0x03b36000,62087168
244855,0x01ca0fb0,7580,0x03b38000,62095360
244857,0x01ca0fc0,7581,0x03b3a000,62103552
244858,0x01ca0fd0,7582,0x03b3c000,62111744
244859,0x01ca0fe0,7583,0x03b3e000,62119936
244860,0x01ca0ff0,7584,0x03b40000,62128128
244862,0x01da1000,7586,0x03b44000,62144512
244863,0x01da1010,7587,0x03b46000,62152704
244867,0x01da1020,7588,0x03b48000,62160896
244868,0x01da1030,7589,0x03b4a000,62169088
244870,0x01da1040,7590,0x03b4c000,62177280
244871,0x01da1050,7591,0x03b4e000,62185472
244872,0x01da1060,7592,0x03b50000,62193664
244873,0x01da1070,7593,0x03b52000,62201856
244874,0x01da1080,7594,0x03b54000,62210048
244875,0x01da1090,7595,0x03b56000,62218240
244876,0x01da10a0,7596,0x03b58000,62226432
244877,0x01da10b0,7597,0x03b5a000,62234624
244880,0x01da10c0,7598,0x03b5c000,62242816
244882,0x01da10d0,7599,0x03b5e000,62251008
244883,0x01da10e0,7600,0x03b60000,62259200
244884,0x01da10f0,7601,0x03b62000,62267392
244885,0x01da1100,7602,0x03b64000,62275584
244887,0x01da1110,7603,0x03b66000,62283776
244890,0x01da1120,7604,0x03b68000,62291968
244892,0x01da1130,7605,0x03b6a000,62300160
244894,0x01da1140,7606,0x03b6c000,62308352
244895,0x01da1150,7607,0x03b6e000,62316544
244897,0x01da1160,7608,0x03b70000,62324736
244909,0x01da1170,7609,0x03b72000,62332928
244913,0x01da1180,7610,0x03b74000,62341120
244920,0x01da1190,7611,0x03b76000,62349312
244922,0x01da11a0,7612,0x03b78000,62357504
244924,0x01da11b0,7613,0x03b7a000,62365696
244925,0x01da11c0,7614,0x03b7c000,62373888
244930,0x01da11d0,7615,0x03b7e000,62382080
244931,0x01da11e0,7616,0x03b80000,62390272
244932,0x01da11f0,7617,0x03b82000,62398464
244933,0x01da1200,7618,0x03b84000,62406656
244936,0x01da1210,7619,0x03b86000,62414848
244937,0x01da1220,7620,0x03b88000,62423040
244939,0x01da1230,7621,0x03b8a000,62431232
244941,0x01da1240,7622,0x03b8c000,62439424
244942,0x01da1250,7623,0x03b8e000,62447616
244943,0x01da1260,7624,0x03b90000,62455808
244944,0x01da1270,7625,0x03b92000,62464000
244945,0x01da1280,7626,0x03b94000,62472192
244946,0x01da1290,7627,0x03b96000,62480384
244948,0x01da12a0,7628,0x03b98000,62488576
244949,0x01da12b0,7629,0x03b9a000,62496768
244952,0x01da12c0,7630,0x03b9c000,62504960
244957,0x01da12d0,7631,0x03b9e000,62513152
244958,0x01da12e0,7632,0x03ba0000,62521344
244959,0x01da12f0,7633,0x03ba2000,62529536
244960,0x01da1300,7634,0x03ba4000,62537728
244962,0x01da1310,7635,0x03ba6000,62545920
244964,0x01da1320,7636,0x03ba8000,62554112
244970,0x01da1330,7637,0x03baa000,62562304
244972,0x01da1340,7638,0x03bac000,62570496
244973,0x01da1350,7639,0x03bae000,62578688
244974,0x01da1360,7640,0x03bb0000,62586880
244976,0x01da1370,7641,0x03bb2000,62595072
244977,0x01da1380,7642,0x03bb4000,62603264
244978,0x01da1390,7643,0x03bb6000,62611456
244979,0x01da13a0,7644,0x03bb8000,62619648
244985,0x01da13b0,7645,0x03bba000,62627840
244987,0x01da13c0,7646,0x03bbc000,62636032
244988,0x01da13d0,7647,0x03bbe000,62644224
244989,0x01da13e0,7648,0x03bc0000,62652416
244991,0x01da13f0,7649,0x03bc2000,62660608
244992,0x01da1400,7650,0x03bc4000,62668800
244993,0x01da1410,7651,0x03bc6000,62676992
244997,0x01da1420,7652,0x03bc8000,62685184
245004,0x01da1430,7653,0x03bca000,62693376
245006,0x01da1440,7654,0x03bcc000,62701568
245007,0x01da1450,7655,0x03bce000,62709760
245008,0x01da1460,7656,0x03bd0000,62717952
245010,0x01da1470,7657,0x03bd2000,62726144
245011,0x01da1480,7658,0x03bd4000,62734336
245013,0x01da1490,7659,0x03bd6000,62742528
245014,0x01da14a0,7660,0x03bd8000,62750720
245016,0x01da14b0,7661,0x03bda000,62758912
245019,0x01da14c0,7662,0x03bdc000,62767104
245020,0x01da14d0,7663,0x03bde000,62775296
245021,0x01da14e0,7664,0x03be0000,62783488
245023,0x01da14f0,7665,0x03be2000,62791680
245024,0x01da1500,7666,0x03be4000,62799872
245028,0x01da1510,7667,0x03be6000,62808064
245031,0x01da1520,7668,0x03be8000,62816256
245032,0x01da1530,7669,0x03bea000,62824448
245033,0x01da1540,7670,0x03bec000,62832640
245034,0x01da1550,7671,0x03bee000,62840832
245040,0x01da1560,7672,0x03bf0000,62849024
245046,0x01da1570,7673,0x03bf2000,62857216
245053,0x01da1580,7674,0x03bf4000,62865408
245054,0x01da1590,7675,0x03bf6000,62873600
245057,0x01da15a0,7676,0x03bf8000,62881792
245059,0x01da15b0,7677,0x03bfa000,62889984
245061,0x01da15c0,7678,0x03bfc000,62898176
245062,0x01da15d0,7679,0x03bfe000,62906368
245065,0x01da15e0,7680,0x03c00000,62914560
245066,0x01da15f0,7681,0x03c02000,62922752
245067,0x01da1600,7682,0x03c04000,62930944
245068,0x01da1610,7683,0x03c06000,62939136
245069,0x01da1620,7684,0x03c08000,62947328
245071,0x01da1630,7685,0x03c0a000,62955520
245072,0x01da1640,7686,0x03c0c000,62963712
245074,0x01da1650,7687,0x03c0e000,62971904
245075,0x01da1660,7688,0x03c10000,62980096
245076,0x01da1670,7689,0x03c12000,62988288
245077,0x01da1680,7690,0x03c14000,62996480
245078,0x01da1690,7691,0x03c16000,63004672
245081,0x01da16a0,7692,0x03c18000,63012864
245085,0x01da16b0,7693,0x03c1a000,63021056
245086,0x01da16c0,7694,0x03c1c000,63029248
245090,0x01da16d0,7695,0x03c1e000,63037440
245093,0x01da16e0,7696,0x03c20000,63045632
245098,0x01da16f0,7697,0x03c22000,63053824
245099,0x01da1700,7698,0x03c24000,63062016
245100,0x01da1710,7699,0x03c26000,63070208
245103,0x01da1720,7700,0x03c28000,63078400
245104,0x01da1730,7701,0x03c2a000,63086592
245109,0x01da1740,7702,0x03c2c000,63094784
245112,0x01da1750,7703,0x03c2e000,63102976
245113,0x01da1760,7704,0x03c30000,63111168
245114,0x01da1770,7705,0x03c32000,63119360
245115,0x01da1780,7706,0x03c34000,63127552
245117,0x01da1790,7707,0x03c36000,63135744
245118,0x01da17a0,7708,0x03c38000,63143936
245119,0x01da17b0,7709,0x03c3a000,63152128
245120,0x01da17c0,7710,0x03c3c000,63160320
245121,0x01da17d0,7711,0x03c3e000,63168512
245123,0x01da17e0,7712,0x03c40000,63176704
245124,0x01da17f0,7713,0x03c42000,63184896
245125,0x01da1800,7714,0x03c44000,63193088
245126,0x01da1810,7715,0x03c46000,63201280
245127,0x01da1820,7716,0x03c48000,63209472
245128,0x01da1830,7717,0x03c4a000,63217664
245129,0x01da1840,7718,0x03c4c000,63225856
245130,0x01da1850,7719,0x03c4e000,63234048
245131,0x01da1860,7720,0x03c50000,63242240
245132,0x01da1870,7721,0x03c52000,63250432
245134,0x01da1880,7722,0x03c54000,63258624
245137,0x01da1890,7723,0x03c56000,63266816
245138,0x01da18a0,7724,0x03c58000,63275008
245140,0x01da18b0,7725,0x03c5a000,63283200
245141,0x01da18c0,7726,0x03c5c000,63291392
245144,0x01da18d0,7727,0x03c5e000,63299584
245146,0x01da18e0,7728,0x03c60000,63307776
245147,0x01da18f0,7729,0x03c62000,63315968
245148,0x01da1900,7730,0x03c64000,63324160
245149,0x01da1910,7731,0x03c66000,63332352
245151,0x01da1920,7732,0x03c68000,63340544
245152,0x01da1930,7733,0x03c6a000,63348736
245153,0x01da1940,7734,0x03c6c000,63356928
245154,0x01da1950,7735,0x03c6e000,63365120
245160,0x01da1960,7736,0x03c70000,63373312
245161,0x01da1970,7737,0x03c72000,63381504
245162,0x01da1980,7738,0x03c74000,63389696
245163,0x01da1990,7739,0x03c76000,63397888
245166,0x01da19a0,7740,0x03c78000,63406080
245167,0x01da19b0,7741,0x03c7a000,63414272
245168,0x01da19c0,7742,0x03c7c000,63422464
245171,0x01da19d0,7743,0x03c7e000,63430656
245174,0x01da19e0,7744,0x03c80000,63438848
245176,0x01da19f0,7745,0x03c82000,63447040
245179,0x01da1a00,7746,0x03c84000,63455232
245180,0x01da1a10,7747,0x03c86000,63463424
245181,0x01da1a20,7748,0x03c88000,63471616
245185,0x01da1a30,7749,0x03c8a000,63479808
245187,0x01da1a40,7750,0x03c8c000,63488000
245190,0x01da1a50,7751,0x03c8e000,63496192
245191,0x01da1a60,7752,0x03c90000,63504384
245193,0x01da1a70,7753,0x03c92000,63512576
245194,0x01da1a80,7754,0x03c94000,63520768
245195,0x01da1a90,7755,0x03c96000,63528960
245201,0x01da1aa0,7756,0x03c98000,63537152
245204,0x01da1ab0,7757,0x03c9a000,63545344
245205,0x01da1ac0,7758,0x03c9c000,63553536
245206,0x01da1ad0,7759,0x03c9e000,63561728
245212,0x01da1ae0,7760,0x03ca0000,63569920
245214,0x01da1af0,7761,0x03ca2000,63578112
245215,0x01da1b00,7762,0x03ca4000,63586304
245216,0x01da1b10,7763,0x03ca6000,63594496
245217,0x01da1b20,7764,0x03ca8000,63602688
245220,0x01da1b30,7765,0x03caa000,63610880
245221,0x01da1b40,7766,0x03cac000,63619072
245222,0x01da1b50,7767,0x03cae000,63627264
245225,0x01da1b60,7768,0x03cb0000,63635456
245226,0x01da1b70,7769,0x03cb2000,63643648
245227,0x01da1b80,7770,0x03cb4000,63651840
245230,0x01da1b90,7771,0x03cb6000,63660032
245233,0x01da1ba0,7772,0x03cb8000,63668224
245234,0x01da1bb0,7773,0x03cba000,63676416
245235,0x01da1bc0,7774,0x03cbc000,63684608
245243,0x01da1bd0,7775,0x03cbe000,63692800
245245,0x01da1be0,7776,0x03cc0000,63700992
245246,0x01da1bf0,7777,0x03cc2000,63709184
245248,0x01da1c00,7778,0x03cc4000,63717376
245249,0x01da1c10,7779,0x03cc6000,63725568
245250,0x01da1c20,7780,0x03cc8000,63733760
245254,0x01da1c30,7781,0x03cca000,63741952
245257,0x01da1c40,7782,0x03ccc000,63750144
245258,0x01da1c50,7783,0x03cce000,63758336
245259,0x01da1c60,7784,0x03cd0000,63766528
245260,0x01da1c70,7785,0x03cd2000,63774720
245265,0x01da1c80,7786,0x03cd4000,63782912
245266,0x01da1c90,7787,0x03cd6000,63791104
245268,0x01da1ca0,7788,0x03cd8000,63799296
245272,0x01da1cb0,7789,0x03cda000,63807488
245275,0x01da1cc0,7790,0x03cdc000,63815680
245276,0x01da1cd0,7791,0x03cde000,63823872
245277,0x01da1ce0,7792,0x03ce0000,63832064
245278,0x01da1cf0,7793,0x03ce2000,63840256
245286,0x01da1d00,7794,0x03ce4000,63848448
245287,0x01da1d10,7795,0x03ce6000,63856640
245288,0x01da1d20,7796,0x03ce8000,63864832
245295,0x01da1d30,7797,0x03cea000,63873024
245300,0x01da1d40,7798,0x03cec000,63881216
245309,0x01da1d50,7799,0x03cee000,63889408
245311,0x01da1d60,7800,0x03cf0000,63897600
245312,0x01da1d70,7801,0x03cf2000,63905792
245315,0x01da1d80,7802,0x03cf4000,63913984
245316,0x01da1d90,7803,0x03cf6000,63922176
245317,0x01da1da0,7804,0x03cf8000,63930368
245318,0x01da1db0,7805,0x03cfa000,63938560
245320,0x01da1dc0,7806,0x03cfc000,63946752
245327,0x01da1dd0,7807,0x03cfe000,63954944
245328,0x01da1de0,7808,0x03d00000,63963136
245329,0x01da1df0,7809,0x03d02000,63971328
245331,0x01da1e00,7810,0x03d04000,63979520
245332,0x01da1e10,7811,0x03d06000,63987712
245337,0x01da1e20,7812,0x03d08000,63995904
245340,0x01da1e30,7813,0x03d0a000,64004096
245345,0x01da1e40,7814,0x03d0c000,64012288
245346,0x01da1e50,7815,0x03d0e000,64020480
245347,0x01da1e60,7816,0x03d10000,64028672
245348,0x01da1e70,7817,0x03d12000,64036864
245351,0x01da1e80,7818,0x03d14000,64045056
245352,0x01da1e90,7819,0x03d16000,64053248
245354,0x01da1ea0,7820,0x03d18000,64061440
245355,0x01da1eb0,7821,0x03d1a000,64069632
245356,0x01da1ec0,7822,0x03d1c000,64077824
245357,0x01da1ed0,7823,0x03d1e000,64086016
245358,0x01da1ee0,7824,0x03d20000,64094208
245359,0x01da1ef0,7825,0x03d22000,64102400
245363,0x01da1f00,7826,0x03d24000,64110592
245368,0x01da1f10,7827,0x03d26000,64118784
245370,0x01da1f20,7828,0x03d28000,64126976
245371,0x01da1f30,7829,0x03d2a000,64135168
245373,0x01da1f40,7830,0x03d2c000,64143360
245374,0x01da1f50,7831,0x03d2e000,64151552
245376,0x01da1f60,7832,0x03d30000,64159744
245381,0x01da1f70,7833,0x03d32000,64167936
245383,0x01da1f80,7834,0x03d34000,64176128
245385,0x01da1f90,7835,0x03d36000,64184320
245388,0x01da1fa0,7836,0x03d38000,64192512
245391,0x01da1fb0,7837,0x03d3a000,64200704
245392,0x01da1fc0,7838,0x03d3c000,64208896
245396,0x01da1fd0,7839,0x03d3e000,64217088
245398,0x01da1fe0,7840,0x03d40000,64225280
245399,0x01da1ff0,7841,0x03d42000,64233472
245401,0x01ea2000,7843,0x03d46000,64249856
245402,0x01ea2010,7844,0x03d48000,64258048
245403,0x01ea2020,7845,0x03d4a000,64266240
245407,0x01ea2030,7846,0x03d4c000,64274432
245408,0x01ea2040,7847,0x03d4e000,64282624
245414,0x01ea2050,7848,0x03d50000,64290816
245415,0x01ea2060,7849,0x03d52000,64299008
245417,0x01ea2070,7850,0x03d54000,64307200
245419,0x01ea2080,7851,0x03d56000,64315392
245424,0x01ea2090,7852,0x03d58000,64323584
245425,0x01ea20a0,7853,0x03d5a000,64331776
245426,0x01ea20b0,7854,0x03d5c000,64339968
245428,0x01ea20c0,7855,0x03d5e000,64348160
245431,0x01ea20d0,7856,0x03d60000,64356352
245432,0x01ea20e0,7857,0x03d62000,64364544
245433,0x01ea20f0,7858,0x03d64000,64372736
245434,0x01ea2100,7859,0x03d66000,64380928
245435,0x01ea2110,7860,0x03d68000,64389120
245436,0x01ea2120,7861,0x03d6a000,64397312
245437,0x01ea2130,7862,0x03d6c000,64405504
245439,0x01ea2140,7863,0x03d6e000,64413696
245441,0x01ea2150,7864,0x03d70000,64421888
245442,0x01ea2160,7865,0x03d72000,64430080
245443,0x01ea2170,7866,0x03d74000,64438272
245445,0x01ea2180,7867,0x03d76000,64446464
245448,0x01ea2190,7868,0x03d78000,64454656
245449,0x01ea21a0,7869,0x03d7a000,64462848
245450,0x01ea21b0,7870,0x03d7c000,64471040
245455,0x01ea21c0,7871,0x03d7e000,64479232
245459,0x01ea21d0,7872,0x03d80000,64487424
245460,0x01ea21e0,7873,0x03d82000,64495616
245467,0x01ea21f0,7874,0x03d84000,64503808
245468,0x01ea2200,7875,0x03d86000,64512000
245469,0x01ea2210,7876,0x03d88000,64520192
245471,0x01ea2220,7877,0x03d8a000,64528384
245474,0x01ea2230,7878,0x03d8c000,64536576
245477,0x01ea2240,7879,0x03d8e000,64544768
245479,0x01ea2250,7880,0x03d90000,64552960
245480,0x01ea2260,7881,0x03d92000,64561152
245482,0x01ea2270,7882,0x03d94000,64569344
245485,0x01ea2280,7883,0x03d96000,64577536
245486,0x01ea2290,7884,0x03d98000,64585728
245490,0x01ea22a0,7885,0x03d9a000,64593920
245495,0x01ea22b0,7886,0x03d9c000,64602112
245504,0x01ea22c0,7887,0x03d9e000,64610304
245505,0x01ea22d0,7888,0x03da0000,64618496
245509,0x01ea22e0,7889,0x03da2000,64626688
245517,0x01ea22f0,7890,0x03da4000,64634880
245518,0x01ea2300,7891,0x03da6000,64643072
245519,0x01ea2310,7892,0x03da8000,64651264
245521,0x01ea2320,7893,0x03daa000,64659456
245525,0x01ea2330,7894,0x03dac000,64667648
245529,0x01ea2340,7895,0x03dae000,64675840
245531,0x01ea2350,7896,0x03db0000,64684032
245532,0x01ea2360,7897,0x03db2000,64692224
245534,0x01ea2370,7898,0x03db4000,64700416
245540,0x01ea2380,7899,0x03db6000,64708608
245541,0x01ea2390,7900,0x03db8000,64716800
245545,0x01ea23a0,7901,0x03dba000,64724992
245548,0x01ea23b0,7902,0x03dbc000,64733184
245550,0x01ea23c0,7903,0x03dbe000,64741376
245552,0x01ea23d0,7904,0x03dc0000,64749568
245553,0x01ea23e0,7905,0x03dc2000,64757760
245556,0x01ea23f0,7906,0x03dc4000,64765952
245558,0x01ea2400,7907,0x03dc6000,64774144
245562,0x01ea2410,7908,0x03dc8000,64782336
245563,0x01ea2420,7909,0x03dca000,64790528
245565,0x01ea2430,7910,0x03dcc000,64798720
245566,0x01ea2440,7911,0x03dce000,64806912
245569,0x01ea2450,7912,0x03dd0000,64815104
245571,0x01ea2460,7913,0x03dd2000,64823296
245573,0x01ea2470,7914,0x03dd4000,64831488
245574,0x01ea2480,7915,0x03dd6000,64839680
245578,0x01ea2490,7916,0x03dd8000,64847872
245585,0x01ea24a0,7917,0x03dda000,64856064
245586,0x01ea24b0,7918,0x03ddc000,64864256
245587,0x01ea24c0,7919,0x03dde000,64872448
245588,0x01ea24d0,7920,0x03de0000,64880640
245589,0x01ea24e0,7921,0x03de2000,64888832
245590,0x01ea24f0,7922,0x03de4000,64897024
245591,0x01ea2500,7923,0x03de6000,64905216
245593,0x01ea2510,7924,0x03de8000,64913408
245594,0x01ea2520,7925,0x03dea000,64921600
245595,0x01ea2530,7926,0x03dec000,64929792
245597,0x01ea2540,7927,0x03dee000,64937984
245598,0x01ea2550,7928,0x03df0000,64946176
245602,0x01ea2560,7929,0x03df2000,64954368
245603,0x01ea2570,7930,0x03df4000,64962560
245605,0x01ea2580,7931,0x03df6000,64970752
245610,0x01ea2590,7932,0x03df8000,64978944
245611,0x01ea25a0,7933,0x03dfa000,64987136
245616,0x01ea25b0,7934,0x03dfc000,64995328
245617,0x01ea25c0,7935,0x03dfe000,65003520
245619,0x01ea25d0,7936,0x03e00000,65011712
245621,0x01ea25e0,7937,0x03e02000,65019904
245622,0x01ea25f0,7938,0x03e04000,65028096
245626,0x01ea2600,7939,0x03e06000,65036288
245627,0x01ea2610,7940,0x03e08000,65044480
245628,0x01ea2620,7941,0x03e0a000,65052672
245629,0x01ea2630,7942,0x03e0c000,65060864
245631,0x01ea2640,7943,0x03e0e000,65069056
245633,0x01ea2650,7944,0x03e10000,65077248
245635,0x01ea2660,7945,0x03e12000,65085440
245636,0x01ea2670,7946,0x03e14000,65093632
245639,0x01ea2680,7947,0x03e16000,65101824
245641,0x01ea2690,7948,0x03e18000,65110016
245642,0x01ea26a0,7949,0x03e1a000,65118208
245648,0x01ea26b0,7950,0x03e1c000,65126400
245649,0x01ea26c0,7951,0x03e1e000,65134592
245650,0x01ea26d0,7952,0x03e20000,65142784
245653,0x01ea26e0,7953,0x03e22000,65150976
245654,0x01ea26f0,7954,0x03e24000,65159168
245662,0x01ea2700,7955,0x03e26000,65167360
245663,0x01ea2710,7956,0x03e28000,65175552
245664,0x01ea2720,7957,0x03e2a000,65183744
245670,0x01ea2730,7958,0x03e2c000,65191936
245679,0x01ea2740,7959,0x03e2e000,65200128
245682,0x01ea2750,7960,0x03e30000,65208320
245683,0x01ea2760,7961,0x03e32000,65216512
245685,0x01ea2770,7962,0x03e34000,65224704
245686,0x01ea2780,7963,0x03e36000,65232896
245689,0x01ea2790,7964,0x03e38000,65241088
245690,0x01ea27a0,7965,0x03e3a000,65249280
245694,0x01ea27b0,7966,0x03e3c000,65257472
245696,0x01ea27c0,7967,0x03e3e000,65265664
245697,0x01ea27d0,7968,0x03e40000,65273856
245699,0x01ea27e0,7969,0x03e42000,65282048
245700,0x01ea27f0,7970,0x03e44000,65290240
245714,0x01ea2800,7971,0x03e46000,65298432
245717,0x01ea2810,7972,0x03e48000,65306624
245721,0x01ea2820,7973,0x03e4a000,65314816
245722,0x01ea2830,7974,0x03e4c000,65323008
245723,0x01ea2840,7975,0x03e4e000,65331200
245725,0x01ea2850,7976,0x03e50000,65339392
245726,0x01ea2860,7977,0x03e52000,65347584
245728,0x01ea2870,7978,0x03e54000,65355776
245730,0x01ea2880,7979,0x03e56000,65363968
245731,0x01ea2890,7980,0x03e58000,65372160
245735,0x01ea28a0,7981,0x03e5a000,65380352
245740,0x01ea28b0,7982,0x03e5c000,65388544
245747,0x01ea28c0,7983,0x03e5e000,65396736
245748,0x01ea28d0,7984,0x03e60000,65404928
245752,0x01ea28e0,7985,0x03e62000,65413120
245756,0x01ea28f0,7986,0x03e64000,65421312
245757,0x01ea2900,7987,0x03e66000,65429504
245759,0x01ea2910,7988,0x03e68000,65437696
245761,0x01ea2920,7989,0x03e6a000,65445888
245774,0x01ea2930,7990,0x03e6c000,65454080
245778,0x01ea2940,7991,0x03e6e000,65462272
245779,0x01ea2950,7992,0x03e70000,65470464
245780,0x01ea2960,7993,0x03e72000,65478656
245781,0x01ea2970,7994,0x03e74000,65486848
245782,0x01ea2980,7995,0x03e76000,65495040
245784,0x01ea2990,7996,0x03e78000,65503232
245786,0x01ea29a0,7997,0x03e7a000,65511424
245793,0x01ea29b0,7998,0x03e7c000,65519616
245796,0x01ea29c0,7999,0x03e7e000,65527808
245797,0x01ea29d0,8000,0x03e80000,65536000
245801,0x01ea29e0,8001,0x03e82000,65544192
245808,0x01ea29f0,8002,0x03e84000,65552384
245809,0x01ea2a00,8003,0x03e86000,65560576
245811,0x01ea2a10,8004,0x03e88000,65568768
245814,0x01ea2a20,8005,0x03e8a000,65576960
245815,0x01ea2a30,8006,0x03e8c000,65585152
245826,0x01ea2a40,8007,0x03e8e000,65593344
245833,0x01ea2a50,8008,0x03e90000,65601536
245837,0x01ea2a60,8009,0x03e92000,65609728
245838,0x01ea2a70,8010,0x03e94000,65617920
245852,0x01ea2a80,8011,0x03e96000,65626112
245856,0x01ea2a90,8012,0x03e98000,65634304
245859,0x01ea2aa0,8013,0x03e9a000,65642496
245860,0x01ea2ab0,8014,0x03e9c000,65650688
245862,0x01ea2ac0,8015,0x03e9e000,65658880
245866,0x01ea2ad0,8016,0x03ea0000,65667072
245874,0x01ea2ae0,8017,0x03ea2000,65675264
245881,0x01ea2af0,8018,0x03ea4000,65683456
245887,0x01ea2b00,8019,0x03ea6000,65691648
245891,0x01ea2b10,8020,0x03ea8000,65699840
270000,0x01ea2b20,8021,0x03eaa000,65708032
270007,0x01ea2b30,8022,0x03eac000,65716224
270011,0x01ea2b40,8023,0x03eae000,65724416
270015,0x01ea2b50,8024,0x03eb0000,65732608
270017,0x01ea2b60,8025,0x03eb2000,65740800
270018,0x01ea2b70,8026,0x03eb4000,65748992
270020,0x01ea2b80,8027,0x03eb6000,65757184
270021,0x01ea2b90,8028,0x03eb8000,65765376
270025,0x01ea2ba0,8029,0x03eba000,65773568
270028,0x01ea2bb0,8030,0x03ebc000,65781760
270031,0x01ea2bc0,8031,0x03ebe000,65789952
270034,0x01ea2bd0,8032,0x03ec0000,65798144
270035,0x01ea2be0,8033,0x03ec2000,65806336
270037,0x01ea2bf0,8034,0x03ec4000,65814528
270047,0x01ea2c00,8035,0x03ec6000,65822720
270049,0x01ea2c10,8036,0x03ec8000,65830912
270052,0x01ea2c20,8037,0x03eca000,65839104
270056,0x01ea2c30,8038,0x03ecc000,65847296
270061,0x01ea2c40,8039,0x03ece000,65855488
270064,0x01ea2c50,8040,0x03ed0000,65863680
270069,0x01ea2c60,8041,0x03ed2000,65871872
270075,0x01ea2c70,8042,0x03ed4000,65880064
270076,0x01ea2c80,8043,0x03ed6000,65888256
270084,0x01ea2c90,8044,0x03ed8000,65896448
270091,0x01ea2ca0,8045,0x03eda000,65904640
270092,0x01ea2cb0,8046,0x03edc000,65912832
270093,0x01ea2cc0,8047,0x03ede000,65921024
270094,0x01ea2cd0,8048,0x03ee0000,65929216
270095,0x01ea2ce0,8049,0x03ee2000,65937408
270098,0x01ea2cf0,8050,0x03ee4000,65945600
270099,0x01ea2d00,8051,0x03ee6000,65953792
270100,0x01ea2d10,8052,0x03ee8000,65961984
270102,0x01ea2d20,8053,0x03eea000,65970176
270108,0x01ea2d30,8054,0x03eec000,65978368
270110,0x01ea2d40,8055,0x03eee000,65986560
270113,0x01ea2d50,8056,0x03ef0000,65994752
270114,0x01ea2d60,8057,0x03ef2000,66002944
270116,0x01ea2d70,8058,0x03ef4000,66011136
270119,0x01ea2d80,8059,0x03ef6000,66019328
270120,0x01ea2d90,8060,0x03ef8000,66027520
270123,0x01ea2da0,8061,0x03efa000,66035712
270127,0x01ea2db0,8062,0x03efc000,66043904
270139,0x01ea2dc0,8063,0x03efe000,66052096
271000,0x01ea2dd0,8064,0x03f00000,66060288
271003,0x01ea2de0,8065,0x03f02000,66068480
271028,0x01ea2df0,8066,0x03f04000,66076672
271037,0x01ea2e00,8067,0x03f06000,66084864
271056,0x01ea2e10,8068,0x03f08000,66093056
271064,0x01ea2e20,8069,0x03f0a000,66101248
271073,0x01ea2e30,8070,0x03f0c000,66109440
271093,0x01ea2e40,8071,0x03f0e000,66117632
271099,0x01ea2e50,8072,0x03f10000,66125824
271107,0x01ea2e60,8073,0x03f12000,66134016
271113,0x01ea2e70,8074,0x03f14000,66142208
271114,0x01ea2e80,8075,0x03f16000,66150400
271117,0x01ea2e90,8076,0x03f18000,66158592
271118,0x01ea2ea0,8077,0x03f1a000,66166784
271119,0x01ea2eb0,8078,0x03f1c000,66174976
271120,0x01ea2ec0,8079,0x03f1e000,66183168
271128,0x01ea2ed0,8080,0x03f20000,66191360
271129,0x01ea2ee0,8081,0x03f22000,66199552
271134,0x01ea2ef0,8082,0x03f24000,66207744
271136,0x01ea2f00,8083,0x03f26000,66215936
271137,0x01ea2f10,8084,0x03f28000,66224128
271138,0x01ea2f20,8085,0x03f2a000,66232320
271140,0x01ea2f30,8086,0x03f2c000,66240512
271142,0x01ea2f40,8087,0x03f2e000,66248704
271148,0x01ea2f50,8088,0x03f30000,66256896
271149,0x01ea2f60,8089,0x03f32000,66265088
271155,0x01ea2f70,8090,0x03f34000,66273280
271156,0x01ea2f80,8091,0x03f36000,66281472
271157,0x01ea2f90,8092,0x03f38000,66289664
271160,0x01ea2fa0,8093,0x03f3a000,66297856
271163,0x01ea2fb0,8094,0x03f3c000,66306048
271169,0x01ea2fc0,8095,0x03f3e000,66314240
271171,0x01ea2fd0,8096,0x03f40000,66322432
271172,0x01ea2fe0,8097,0x03f42000,66330624
271175,0x01ea2ff0,8098,0x03f44000,66338816
271184,0x01fa3000,8100,0x03f48000,66355200
271190,0x01fa3010,8101,0x03f4a000,66363392
271191,0x01fa3020,8102,0x03f4c000,66371584
271192,0x01fa3030,8103,0x03f4e000,66379776
271194,0x01fa3040,8104,0x03f50000,66387968
271195,0x01fa3050,8105,0x03f52000,66396160
271197,0x01fa3060,8106,0x03f54000,66404352
271198,0x01fa3070,8107,0x03f56000,66412544
271203,0x01fa3080,8108,0x03f58000,66420736
271205,0x01fa3090,8109,0x03f5a000,66428928
271211,0x01fa30a0,8110,0x03f5c000,66437120
271213,0x01fa30b0,8111,0x03f5e000,66445312
271216,0x01fa30c0,8112,0x03f60000,66453504
271219,0x01fa30d0,8113,0x03f62000,66461696
271223,0x01fa30e0,8114,0x03f64000,66469888
271224,0x01fa30f0,8115,0x03f66000,66478080
271233,0x01fa3100,8116,0x03f68000,66486272
271234,0x01fa3110,8117,0x03f6a000,66494464
271236,0x01fa3120,8118,0x03f6c000,66502656
271237,0x01fa3130,8119,0x03f6e000,66510848
271239,0x01fa3140,8120,0x03f70000,66519040
110075,0x01fa3150,8121,0x03f72000,66527232
110076,0x01fa3160,8122,0x03f74000,66535424
110077,0x01fa3170,8123,0x03f76000,66543616
110081,0x01fa3180,8124,0x03f78000,66551808
110084,0x01fa3190,8125,0x03f7a000,66560000
110085,0x01fa31a0,8126,0x03f7c000,66568192
110086,0x01fa31b0,8127,0x03f7e000,66576384
110087,0x01fa31c0,8128,0x03f80000,66584576
110090,0x01fa31d0,8129,0x03f82000,66592768
110092,0x01fa31e0,8130,0x03f84000,66600960
110093,0x01fa31f0,8131,0x03f86000,66609152
110095,0x01fa3200,8132,0x03f88000,66617344
110097,0x01fa3210,8133,0x03f8a000,66625536
110098,0x01fa3220,8134,0x03f8c000,66633728
110099,0x01fa3230,8135,0x03f8e000,66641920
110100,0x01fa3240,8136,0x03f90000,66650112
110101,0x01fa3250,8137,0x03f92000,66658304
110102,0x01fa3260,8138,0x03f94000,66666496
110103,0x01fa3270,8139,0x03f96000,66674688
111000,0x01fa3280,8140,0x03f98000,66682880
111002,0x01fa3290,8141,0x03f9a000,66691072
111003,0x01fa32a0,8142,0x03f9c000,66699264
111004,0x01fa32b0,8143,0x03f9e000,66707456
111009,0x01fa32c0,8144,0x03fa0000,66715648
111012,0x01fa32d0,8145,0x03fa2000,66723840
111014,0x01fa32e0,8146,0x03fa4000,66732032
111015,0x01fa32f0,8147,0x03fa6000,66740224
111017,0x01fa3300,8148,0x03fa8000,66748416
111018,0x01fa3310,8149,0x03faa000,66756608
111020,0x01fa3320,8150,0x03fac000,66764800
111021,0x01fa3330,8151,0x03fae000,66772992
111022,0x01fa3340,8152,0x03fb0000,66781184
111024,0x01fa3350,8153,0x03fb2000,66789376
111025,0x01fa3360,8154,0x03fb4000,66797568
111026,0x01fa3370,8155,0x03fb6000,66805760
113042,0x01fa3380,8156,0x03fb8000,66813952
113043,0x01fa3390,8157,0x03fba000,66822144
113046,0x01fa33a0,8158,0x03fbc000,66830336
113048,0x01fa33b0,8159,0x03fbe000,66838528
113049,0x01fa33c0,8160,0x03fc0000,66846720
113051,0x01fa33d0,8161,0x03fc2000,66854912
113052,0x01fa33e0,8162,0x03fc4000,66863104
113053,0x01fa33f0,8163,0x03fc6000,66871296
113054,0x01fa3400,8164,0x03fc8000,66879488
113056,0x01fa3410,8165,0x03fca000,66887680
113058,0x01fa3420,8166,0x03fcc000,66895872
113059,0x01fa3430,8167,0x03fce000,66904064
113062,0x01fa3440,8168,0x03fd0000,66912256
113066,0x01fa3450,8169,0x03fd2000,66920448
113067,0x01fa3460,8170,0x03fd4000,66928640
113070,0x01fa3470,8171,0x03fd6000,66936832
113575,0x01fa3480,8172,0x03fd8000,66945024
113605,0x01fa3490,8173,0x03fda000,66953216
113610,0x01fa34a0,8174,0x03fdc000,66961408
113615,0x01fa34b0,8175,0x03fde000,66969600
113616,0x01fa34c0,8176,0x03fe0000,66977792
113625,0x01fa34d0,8177,0x03fe2000,66985984
113627,0x01fa34e0,8178,0x03fe4000,66994176
113631,0x01fa34f0,8179,0x03fe6000,67002368
113633,0x01fa3500,8180,0x03fe8000,67010560
113634,0x01fa3510,8181,0x03fea000,67018752
113636,0x01fa3520,8182,0x03fec000,67026944
113638,0x01fa3530,8183,0x03fee000,67035136
113640,0x01fa3540,8184,0x03ff0000,67043328
113643,0x01fa3550,8185,0x03ff2000,67051520
113646,0x01fa3560,8186,0x03ff4000,67059712
113647,0x01fa3570,8187,0x03ff6000,67067904
113648,0x01fa3580,8188,0x03ff8000,67076096
113649,0x01fa3590,8189,0x03ffa000,67084288
113650,0x01fa35a0,8190,0x03ffc000,67092480
113652,0x01fa35b0,8191,0x03ffe000,67100672
113655,0x01fa35c0,8192,0x04000000,67108864
113656,0x01fa35d0,8193,0x04002000,67117056
113659,0x01fa35e0,8194,0x04004000,67125248
113660,0x01fa35f0,8195,0x04006000,67133440
113661,0x01fa3600,8196,0x04008000,67141632
113665,0x01fa3610,8197,0x0400a000,67149824
113666,0x01fa3620,8198,0x0400c000,67158016
113667,0x01fa3630,8199,0x0400e000,67166208
113670,0x01fa3640,8200,0x04010000,67174400
113671,0x01fa3650,8201,0x04012000,67182592
113673,0x01fa3660,8202,0x04014000,67190784
113674,0x01fa3670,8203,0x04016000,67198976
113677,0x01fa3680,8204,0x04018000,67207168
113678,0x01fa3690,8205,0x0401a000,67215360
113679,0x01fa36a0,8206,0x0401c000,67223552
113680,0x01fa36b0,8207,0x0401e000,67231744
113681,0x01fa36c0,8208,0x04020000,67239936
113682,0x01fa36d0,8209,0x04022000,67248128
113686,0x01fa36e0,8210,0x04024000,67256320
113688,0x01fa36f0,8211,0x04026000,67264512
113691,0x01fa3700,8212,0x04028000,67272704
113692,0x01fa3710,8213,0x0402a000,67280896
113693,0x01fa3720,8214,0x0402c000,67289088
113694,0x01fa3730,8215,0x0402e000,67297280
113695,0x01fa3740,8216,0x04030000,67305472
113696,0x01fa3750,8217,0x04032000,67313664
113697,0x01fa3760,8218,0x04034000,67321856
113698,0x01fa3770,8219,0x04036000,67330048
113699,0x01fa3780,8220,0x04038000,67338240
113700,0x01fa3790,8221,0x0403a000,67346432
113701,0x01fa37a0,8222,0x0403c000,67354624
113702,0x01fa37b0,8223,0x0403e000,67362816
113703,0x01fa37c0,8224,0x04040000,67371008
113704,0x01fa37d0,8225,0x04042000,67379200
113705,0x01fa37e0,8226,0x04044000,67387392
113706,0x01fa37f0,8227,0x04046000,67395584
113707,0x01fa3800,8228,0x04048000,67403776
113708,0x01fa3810,8229,0x0404a000,67411968
113709,0x01fa3820,8230,0x0404c000,67420160
118005,0x01fa3830,8231,0x0404e000,67428352
118007,0x01fa3840,8232,0x04050000,67436544
118010,0x01fa3850,8233,0x04052000,67444736
118012,0x01fa3860,8234,0x04054000,67452928
118013,0x01fa3870,8235,0x04056000,67461120
118015,0x01fa3880,8236,0x04058000,67469312
118016,0x01fa3890,8237,0x0405a000,67477504
118020,0x01fa38a0,8238,0x0405c000,67485696
118022,0x01fa38b0,8239,0x0405e000,67493888
118024,0x01fa38c0,8240,0x04060000,67502080
118027,0x01fa38d0,8241,0x04062000,67510272
118030,0x01fa38e0,8242,0x04064000,67518464
118031,0x01fa38f0,8243,0x04066000,67526656
118032,0x01fa3900,8244,0x04068000,67534848
118034,0x01fa3910,8245,0x0406a000,67543040
118035,0x01fa3920,8246,0x0406c000,67551232
118036,0x01fa3930,8247,0x0406e000,67559424
118037,0x01fa3940,8248,0x04070000,67567616
118039,0x01fa3950,8249,0x04072000,67575808
118042,0x01fa3960,8250,0x04074000,67584000
118044,0x01fa3970,8251,0x04076000,67592192
118050,0x01fa3980,8252,0x04078000,67600384
118051,0x01fa3990,8253,0x0407a000,67608576
118052,0x01fa39a0,8254,0x0407c000,67616768
118056,0x01fa39b0,8255,0x0407e000,67624960
118058,0x01fa39c0,8256,0x04080000,67633152
118059,0x01fa39d0,8257,0x04082000,67641344
118060,0x01fa39e0,8258,0x04084000,67649536
118061,0x01fa39f0,8259,0x04086000,67657728
118062,0x01fa3a00,8260,0x04088000,67665920
118063,0x01fa3a10,8261,0x0408a000,67674112
118064,0x01fa3a20,8262,0x0408c000,67682304
118065,0x01fa3a30,8263,0x0408e000,67690496
118066,0x01fa3a40,8264,0x04090000,67698688
118067,0x01fa3a50,8265,0x04092000,67706880
118068,0x01fa3a60,8266,0x04094000,67715072
118069,0x01fa3a70,8267,0x04096000,67723264
118070,0x01fa3a80,8268,0x04098000,67731456
118071,0x01fa3a90,8269,0x0409a000,67739648
118072,0x01fa3aa0,8270,0x0409c000,67747840
118073,0x01fa3ab0,8271,0x0409e000,67756032
118074,0x01fa3ac0,8272,0x040a0000,67764224
118075,0x01fa3ad0,8273,0x040a2000,67772416
204001,0x01fa3ae0,8274,0x040a4000,67780608
204002,0x01fa3af0,8275,0x040a6000,67788800
204003,0x01fa3b00,8276,0x040a8000,67796992
204004,0x01fa3b10,8277,0x040aa000,67805184
204007,0x01fa3b20,8278,0x040ac000,67813376
204014,0x01fa3b30,8279,0x040ae000,67821568
204028,0x01fa3b40,8280,0x040b0000,67829760
204091,0x01fa3b50,8281,0x040b2000,67837952
204182,0x01fa3b60,8282,0x040b4000,67846144
510010,0x01fa3b70,8283,0x040b6000,67854336
510020,0x01fa3b80,8284,0x040b8000,67862528
510030,0x01fa3b90,8285,0x040ba000,67870720
510040,0x01fa3ba0,8286,0x040bc000,67878912
510050,0x01fa3bb0,8287,0x040be000,67887104
510060,0x01fa3bc0,8288,0x040c0000,67895296
510090,0x01fa3bd0,8289,0x040c2000,67903488
510100,0x01fa3be0,8290,0x040c4000,67911680
510130,0x01fa3bf0,8291,0x040c6000,67919872
510140,0x01fa3c00,8292,0x040c8000,67928064
510150,0x01fa3c10,8293,0x040ca000,67936256
510160,0x01fa3c20,8294,0x040cc000,67944448
510170,0x01fa3c30,8295,0x040ce000,67952640
510180,0x01fa3c40,8296,0x040d0000,67960832
510190,0x01fa3c50,8297,0x040d2000,67969024
510200,0x01fa3c60,8298,0x040d4000,67977216
510210,0x01fa3c70,8299,0x040d6000,67985408
510230,0x01fa3c80,8300,0x040d8000,67993600
510270,0x01fa3c90,8301,0x040da000,68001792
510290,0x01fa3ca0,8302,0x040dc000,68009984
510300,0x01fa3cb0,8303,0x040de000,68018176
510310,0x01fa3cc0,8304,0x040e0000,68026368
510320,0x01fa3cd0,8305,0x040e2000,68034560
510330,0x01fa3ce0,8306,0x040e4000,68042752
510350,0x01fa3cf0,8307,0x040e6000,68050944
510360,0x01fa3d00,8308,0x040e8000,68059136
510370,0x01fa3d10,8309,0x040ea000,68067328
510380,0x01fa3d20,8310,0x040ec000,68075520
510390,0x01fa3d30,8311,0x040ee000,68083712
510410,0x01fa3d40,8312,0x040f0000,68091904
510500,0x01fa3d50,8313,0x040f2000,68100096
510510,0x01fa3d60,8314,0x040f4000,68108288
510530,0x01fa3d70,8315,0x040f6000,68116480
510550,0x01fa3d80,8316,0x040f8000,68124672
510560,0x01fa3d90,8317,0x040fa000,68132864
510570,0x01fa3da0,8318,0x040fc000,68141056
510580,0x01fa3db0,8319,0x040fe000,68149248
510590,0x01fa3dc0,8320,0x04100000,68157440
510600,0x01fa3dd0,8321,0x04102000,68165632
510630,0x01fa3de0,8322,0x04104000,68173824
510650,0x01fa3df0,8323,0x04106000,68182016
510660,0x01fa3e00,8324,0x04108000,68190208
510670,0x01fa3e10,8325,0x0410a000,68198400
510680,0x01fa3e20,8326,0x0410c000,68206592
510710,0x01fa3e30,8327,0x0410e000,68214784
510720,0x01fa3e40,8328,0x04110000,68222976
510760,0x01fa3e50,8329,0x04112000,68231168
510770,0x01fa3e60,8330,0x04114000,68239360
510800,0x01fa3e70,8331,0x04116000,68247552
510810,0x01fa3e80,8332,0x04118000,68255744
510850,0x01fa3e90,8333,0x0411a000,68263936
510880,0x01fa3ea0,8334,0x0411c000,68272128
510900,0x01fa3eb0,8335,0x0411e000,68280320
510910,0x01fa3ec0,8336,0x04120000,68288512
510950,0x01fa3ed0,8337,0x04122000,68296704
510980,0x01fa3ee0,8338,0x04124000,68304896
510990,0x01fa3ef0,8339,0x04126000,68313088
511010,0x01fa3f00,8340,0x04128000,68321280
511020,0x01fa3f10,8341,0x0412a000,68329472
511030,0x01fa3f20,8342,0x0412c000,68337664
511060,0x01fa3f30,8343,0x0412e000,68345856
511070,0x01fa3f40,8344,0x04130000,68354048
511090,0x01fa3f50,8345,0x04132000,68362240
511100,0x01fa3f60,8346,0x04134000,68370432
511110,0x01fa3f70,8347,0x04136000,68378624
511120,0x01fa3f80,8348,0x04138000,68386816
511130,0x01fa3f90,8349,0x0413a000,68395008
511150,0x01fa3fa0,8350,0x0413c000,68403200
511160,0x01fa3fb0,8351,0x0413e000,68411392
511180,0x01fa3fc0,8352,0x04140000,68419584
511190,0x01fa3fd0,8353,0x04142000,68427776
511200,0x01fa3fe0,8354,0x04144000,68435968
511220,0x01fa3ff0,8355,0x04146000,68444160
511260,0x020a4000,8357,0x0414a000,68460544
511270,0x020a4010,8358,0x0414c000,68468736
511360,0x020a4020,8359,0x0414e000,68476928
511380,0x020a4030,8360,0x04150000,68485120
511520,0x020a4040,8361,0x04152000,68493312
511580,0x020a4050,8362,0x04154000,68501504
511600,0x020a4060,8363,0x04156000,68509696
511620,0x020a4070,8364,0x04158000,68517888
511650,0x020a4080,8365,0x0415a000,68526080
511660,0x020a4090,8366,0x0415c000,68534272
511670,0x020a40a0,8367,0x0415e000,68542464
511690,0x020a40b0,8368,0x04160000,68550656
511700,0x020a40c0,8369,0x04162000,68558848
511770,0x020a40d0,8370,0x04164000,68567040
511800,0x020a40e0,8371,0x04166000,68575232
511810,0x020a40f0,8372,0x04168000,68583424
511820,0x020a4100,8373,0x0416a000,68591616
511830,0x020a4110,8374,0x0416c000,68599808
511850,0x020a4120,8375,0x0416e000,68608000
511860,0x020a4130,8376,0x04170000,68616192
511880,0x020a4140,8377,0x04172000,68624384
511900,0x020a4150,8378,0x04174000,68632576
511910,0x020a4160,8379,0x04176000,68640768
512220,0x020a4170,8380,0x04178000,68648960
512240,0x020a4180,8381,0x0417a000,68657152
512250,0x020a4190,8382,0x0417c000,68665344
512260,0x020a41a0,8383,0x0417e000,68673536
512290,0x020a41b0,8384,0x04180000,68681728
512370,0x020a41c0,8385,0x04182000,68689920
512330,0x020a41d0,8386,0x04184000,68698112
512360,0x020a41e0,8387,0x04186000,68706304
512390,0x020a41f0,8388,0x04188000,68714496
512380,0x020a4200,8389,0x0418a000,68722688
512400,0x020a4210,8390,0x0418c000,68730880
512410,0x020a4220,8391,0x0418e000,68739072
512420,0x020a4230,8392,0x04190000,68747264
512430,0x020a4240,8393,0x04192000,68755456
512450,0x020a4250,8394,0x04194000,68763648
512460,0x020a4260,8395,0x04196000,68771840
512480,0x020a4270,8396,0x04198000,68780032
512510,0x020a4280,8397,0x0419a000,68788224
512500,0x020a4290,8398,0x0419c000,68796416
512520,0x020a42a0,8399,0x0419e000,68804608
512530,0x020a42b0,8400,0x041a0000,68812800
512550,0x020a42c0,8401,0x041a2000,68820992
512560,0x020a42d0,8402,0x041a4000,68829184
512570,0x020a42e0,8403,0x041a6000,68837376
512580,0x020a42f0,8404,0x041a8000,68845568
512600,0x020a4300,8405,0x041aa000,68853760
512620,0x020a4310,8406,0x041ac000,68861952
512630,0x020a4320,8407,0x041ae000,68870144
512650,0x020a4330,8408,0x041b0000,68878336
512660,0x020a4340,8409,0x041b2000,68886528
512640,0x020a4350,8410,0x041b4000,68894720
512670,0x020a4360,8411,0x041b6000,68902912
512690,0x020a4370,8412,0x041b8000,68911104
512680,0x020a4380,8413,0x041ba000,68919296
512700,0x020a4390,8414,0x041bc000,68927488
512710,0x020a43a0,8415,0x041be000,68935680
512720,0x020a43b0,8416,0x041c0000,68943872
512730,0x020a43c0,8417,0x041c2000,68952064
512760,0x020a43d0,8418,0x041c4000,68960256
512750,0x020a43e0,8419,0x041c6000,68968448
512770,0x020a43f0,8420,0x041c8000,68976640
512800,0x020a4400,8421,0x041ca000,68984832
512810,0x020a4410,8422,0x041cc000,68993024
512820,0x020a4420,8423,0x041ce000,69001216
512870,0x020a4430,8424,0x041d0000,69009408
512880,0x020a4440,8425,0x041d2000,69017600
512890,0x020a4450,8426,0x041d4000,69025792
512900,0x020a4460,8427,0x041d6000,69033984
512910,0x020a4470,8428,0x041d8000,69042176
512930,0x020a4480,8429,0x041da000,69050368
512940,0x020a4490,8430,0x041dc000,69058560
512950,0x020a44a0,8431,0x041de000,69066752
512960,0x020a44b0,8432,0x041e0000,69074944
512970,0x020a44c0,8433,0x041e2000,69083136
512980,0x020a44d0,8434,0x041e4000,69091328
512990,0x020a44e0,8435,0x041e6000,69099520
513000,0x020a44f0,8436,0x041e8000,69107712
513010,0x020a4500,8437,0x041ea000,69115904
513020,0x020a4510,8438,0x041ec000,69124096
513030,0x020a4520,8439,0x041ee000,69132288
513040,0x020a4530,8440,0x041f0000,69140480
513050,0x020a4540,8441,0x041f2000,69148672
513060,0x020a4550,8442,0x041f4000,69156864
513070,0x020a4560,8443,0x041f6000,69165056
513080,0x020a4570,8444,0x041f8000,69173248
513090,0x020a4580,8445,0x041fa000,69181440
513100,0x020a4590,8446,0x041fc000,69189632
513110,0x020a45a0,8447,0x041fe000,69197824
513120,0x020a45b0,8448,0x04200000,69206016
513130,0x020a45c0,8449,0x04202000,69214208
513140,0x020a45d0,8450,0x04204000,69222400
513150,0x020a45e0,8451,0x04206000,69230592
513160,0x020a45f0,8452,0x04208000,69238784
513170,0x020a4600,8453,0x0420a000,69246976
513180,0x020a4610,8454,0x0420c000,69255168
513190,0x020a4620,8455,0x0420e000,69263360
513200,0x020a4630,8456,0x04210000,69271552
513210,0x020a4640,8457,0x04212000,69279744
513220,0x020a4650,8458,0x04214000,69287936
513230,0x020a4660,8459,0x04216000,69296128
513240,0x020a4670,8460,0x04218000,69304320
513260,0x020a4680,8461,0x0421a000,69312512
513280,0x020a4690,8462,0x0421c000,69320704
513290,0x020a46a0,8463,0x0421e000,69328896
513300,0x020a46b0,8464,0x04220000,69337088
513310,0x020a46c0,8465,0x04222000,69345280
513320,0x020a46d0,8466,0x04224000,69353472
513330,0x020a46e0,8467,0x04226000,69361664
513350,0x020a46f0,8468,0x04228000,69369856
513360,0x020a4700,8469,0x0422a000,69378048
513380,0x020a4710,8470,0x0422c000,69386240
513390,0x020a4720,8471,0x0422e000,69394432
513400,0x020a4730,8472,0x04230000,69402624
513500,0x020a4740,8473,0x04232000,69410816
513520,0x020a4750,8474,0x04234000,69419008
513530,0x020a4760,8475,0x04236000,69427200
513550,0x020a4770,8476,0x04238000,69435392
513560,0x020a4780,8477,0x0423a000,69443584
513580,0x020a4790,8478,0x0423c000,69451776
513590,0x020a47a0,8479,0x0423e000,69459968
513600,0x020a47b0,8480,0x04240000,69468160
513620,0x020a47c0,8481,0x04242000,69476352
513630,0x020a47d0,8482,0x04244000,69484544
513650,0x020a47e0,8483,0x04246000,69492736
513660,0x020a47f0,8484,0x04248000,69500928
513690,0x020a4800,8485,0x0424a000,69509120
513700,0x020a4810,8486,0x0424c000,69517312
513720,0x020a4820,8487,0x0424e000,69525504
513730,0x020a4830,8488,0x04250000,69533696
513750,0x020a4840,8489,0x04252000,69541888
513770,0x020a4850,8490,0x04254000,69550080
513780,0x020a4860,8491,0x04256000,69558272
513800,0x020a4870,8492,0x04258000,69566464
513810,0x020a4880,8493,0x0425a000,69574656
513820,0x020a4890,8494,0x0425c000,69582848
513830,0x020a48a0,8495,0x0425e000,69591040
513850,0x020a48b0,8496,0x04260000,69599232
513860,0x020a48c0,8497,0x04262000,69607424
513870,0x020a48d0,8498,0x04264000,69615616
513880,0x020a48e0,8499,0x04266000,69623808
513890,0x020a48f0,8500,0x04268000,69632000
513900,0x020a4900,8501,0x0426a000,69640192
513910,0x020a4910,8502,0x0426c000,69648384
513920,0x020a4920,8503,0x0426e000,69656576
513930,0x020a4930,8504,0x04270000,69664768
513950,0x020a4940,8505,0x04272000,69672960
513970,0x020a4950,8506,0x04274000,69681152
513980,0x020a4960,8507,0x04276000,69689344
513990,0x020a4970,8508,0x04278000,69697536
515000,0x020a4980,8509,0x0427a000,69705728
515010,0x020a4990,8510,0x0427c000,69713920
515020,0x020a49a0,8511,0x0427e000,69722112
515030,0x020a49b0,8512,0x04280000,69730304
515040,0x020a49c0,8513,0x04282000,69738496
515050,0x020a49d0,8514,0x04284000,69746688
515060,0x020a49e0,8515,0x04286000,69754880
515070,0x020a49f0,8516,0x04288000,69763072
515080,0x020a4a00,8517,0x0428a000,69771264
515090,0x020a4a10,8518,0x0428c000,69779456
515100,0x020a4a20,8519,0x0428e000,69787648
515110,0x020a4a30,8520,0x04290000,69795840
515120,0x020a4a40,8521,0x04292000,69804032
515130,0x020a4a50,8522,0x04294000,69812224
515150,0x020a4a60,8523,0x04296000,69820416
515160,0x020a4a70,8524,0x04298000,69828608
515170,0x020a4a80,8525,0x0429a000,69836800
515180,0x020a4a90,8526,0x0429c000,69844992
515190,0x020a4aa0,8527,0x0429e000,69853184
515200,0x020a4ab0,8528,0x042a0000,69861376
515210,0x020a4ac0,8529,0x042a2000,69869568
515220,0x020a4ad0,8530,0x042a4000,69877760
515230,0x020a4ae0,8531,0x042a6000,69885952
515250,0x020a4af0,8532,0x042a8000,69894144
515260,0x020a4b00,8533,0x042aa000,69902336
515290,0x020a4b10,8534,0x042ac000,69910528
515300,0x020a4b20,8535,0x042ae000,69918720
515310,0x020a4b30,8536,0x042b0000,69926912
515320,0x020a4b40,8537,0x042b2000,69935104
515330,0x020a4b50,8538,0x042b4000,69943296
515350,0x020a4b60,8539,0x042b6000,69951488
515360,0x020a4b70,8540,0x042b8000,69959680
515370,0x020a4b80,8541,0x042ba000,69967872
515380,0x020a4b90,8542,0x042bc000,69976064
515390,0x020a4ba0,8543,0x042be000,69984256
515400,0x020a4bb0,8544,0x042c0000,69992448
515450,0x020a4bc0,8545,0x042c2000,70000640
515460,0x020a4bd0,8546,0x042c4000,70008832
515480,0x020a4be0,8547,0x042c6000,70017024
515530,0x020a4bf0,8548,0x042c8000,70025216
515550,0x020a4c00,8549,0x042ca000,70033408
515560,0x020a4c10,8550,0x042cc000,70041600
515580,0x020a4c20,8551,0x042ce000,70049792
515590,0x020a4c30,8552,0x042d0000,70057984
515600,0x020a4c40,8553,0x042d2000,70066176
515630,0x020a4c50,8554,0x042d4000,70074368
515640,0x020a4c60,8555,0x042d6000,70082560
515650,0x020a4c70,8556,0x042d8000,70090752
515660,0x020a4c80,8557,0x042da000,70098944
515680,0x020a4c90,8558,0x042dc000,70107136
515700,0x020a4ca0,8559,0x042de000,70115328
515710,0x020a4cb0,8560,0x042e0000,70123520
515720,0x020a4cc0,8561,0x042e2000,70131712
515730,0x020a4cd0,8562,0x042e4000,70139904
515750,0x020a4ce0,8563,0x042e6000,70148096
515760,0x020a4cf0,8564,0x042e8000,70156288
515770,0x020a4d00,8565,0x042ea000,70164480
515790,0x020a4d10,8566,0x042ec000,70172672
515800,0x020a4d20,8567,0x042ee000,70180864
515810,0x020a4d30,8568,0x042f0000,70189056
515840,0x020a4d40,8569,0x042f2000,70197248
515850,0x020a4d50,8570,0x042f4000,70205440
515860,0x020a4d60,8571,0x042f6000,70213632
515880,0x020a4d70,8572,0x042f8000,70221824
515890,0x020a4d80,8573,0x042fa000,70230016
515900,0x020a4d90,8574,0x042fc000,70238208
515910,0x020a4da0,8575,0x042fe000,70246400
515920,0x020a4db0,8576,0x04300000,70254592
515950,0x020a4dc0,8577,0x04302000,70262784
515960,0x020a4dd0,8578,0x04304000,70270976
515970,0x020a4de0,8579,0x04306000,70279168
515980,0x020a4df0,8580,0x04308000,70287360
515990,0x020a4e00,8581,0x0430a000,70295552
516000,0x020a4e10,8582,0x0430c000,70303744
516010,0x020a4e20,8583,0x0430e000,70311936
516020,0x020a4e30,8584,0x04310000,70320128
516050,0x020a4e40,8585,0x04312000,70328320
516060,0x020a4e50,8586,0x04314000,70336512
516070,0x020a4e60,8587,0x04316000,70344704
516080,0x020a4e70,8588,0x04318000,70352896
516090,0x020a4e80,8589,0x0431a000,70361088
516100,0x020a4e90,8590,0x0431c000,70369280
516110,0x020a4ea0,8591,0x0431e000,70377472
516120,0x020a4eb0,8592,0x04320000,70385664
516130,0x020a4ec0,8593,0x04322000,70393856
516150,0x020a4ed0,8594,0x04324000,70402048
516160,0x020a4ee0,8595,0x04326000,70410240
516180,0x020a4ef0,8596,0x04328000,70418432
516190,0x020a4f00,8597,0x0432a000,70426624
516200,0x020a4f10,8598,0x0432c000,70434816
516210,0x020a4f20,8599,0x0432e000,70443008
516220,0x020a4f30,8600,0x04330000,70451200
516230,0x020a4f40,8601,0x04332000,70459392
516250,0x020a4f50,8602,0x04334000,70467584
516260,0x020a4f60,8603,0x04336000,70475776
516270,0x020a4f70,8604,0x04338000,70483968
516290,0x020a4f80,8605,0x0433a000,70492160
516300,0x020a4f90,8606,0x0433c000,70500352
516310,0x020a4fa0,8607,0x0433e000,70508544
516320,0x020a4fb0,8608,0x04340000,70516736
516330,0x020a4fc0,8609,0x04342000,70524928
516350,0x020a4fd0,8610,0x04344000,70533120
516360,0x020a4fe0,8611,0x04346000,70541312
516370,0x020a4ff0,8612,0x04348000,70549504
516380,0x021a5000,8614,0x0434c000,70565888
516390,0x021a5010,8615,0x0434e000,70574080
516440,0x021a5020,8616,0x04350000,70582272
516460,0x021a5030,8617,0x04352000,70590464
516500,0x021a5040,8618,0x04354000,70598656
516510,0x021a5050,8619,0x04356000,70606848
516520,0x021a5060,8620,0x04358000,70615040
516530,0x021a5070,8621,0x0435a000,70623232
516550,0x021a5080,8622,0x0435c000,70631424
516560,0x021a5090,8623,0x0435e000,70639616
516570,0x021a50a0,8624,0x04360000,70647808
516580,0x021a50b0,8625,0x04362000,70656000
516590,0x021a50c0,8626,0x04364000,70664192
516600,0x021a50d0,8627,0x04366000,70672384
516610,0x021a50e0,8628,0x04368000,70680576
516620,0x021a50f0,8629,0x0436a000,70688768
516630,0x021a5100,8630,0x0436c000,70696960
516640,0x021a5110,8631,0x0436e000,70705152
516650,0x021a5120,8632,0x04370000,70713344
516660,0x021a5130,8633,0x04372000,70721536
516670,0x021a5140,8634,0x04374000,70729728
516700,0x021a5150,8635,0x04376000,70737920
516710,0x021a5160,8636,0x04378000,70746112
516720,0x021a5170,8637,0x0437a000,70754304
516730,0x021a5180,8638,0x0437c000,70762496
516750,0x021a5190,8639,0x0437e000,70770688
516760,0x021a51a0,8640,0x04380000,70778880
516770,0x021a51b0,8641,0x04382000,70787072
516780,0x021a51c0,8642,0x04384000,70795264
516790,0x021a51d0,8643,0x04386000,70803456
516800,0x021a51e0,8644,0x04388000,70811648
516810,0x021a51f0,8645,0x0438a000,70819840
516820,0x021a5200,8646,0x0438c000,70828032
516830,0x021a5210,8647,0x0438e000,70836224
516840,0x021a5220,8648,0x04390000,70844416
516850,0x021a5230,8649,0x04392000,70852608
516860,0x021a5240,8650,0x04394000,70860800
516880,0x021a5250,8651,0x04396000,70868992
516890,0x021a5260,8652,0x04398000,70877184
516900,0x021a5270,8653,0x0439a000,70885376
516910,0x021a5280,8654,0x0439c000,70893568
516920,0x021a5290,8655,0x0439e000,70901760
516930,0x021a52a0,8656,0x043a0000,70909952
516950,0x021a52b0,8657,0x043a2000,70918144
516960,0x021a52c0,8658,0x043a4000,70926336
516970,0x021a52d0,8659,0x043a6000,70934528
516980,0x021a52e0,8660,0x043a8000,70942720
517000,0x021a52f0,8661,0x043aa000,70950912
517010,0x021a5300,8662,0x043ac000,70959104
517030,0x021a5310,8663,0x043ae000,70967296
517050,0x021a5320,8664,0x043b0000,70975488
517080,0x021a5330,8665,0x043b2000,70983680
517090,0x021a5340,8666,0x043b4000,70991872
517100,0x021a5350,8667,0x043b6000,71000064
517110,0x021a5360,8668,0x043b8000,71008256
517120,0x021a5370,8669,0x043ba000,71016448
517130,0x021a5380,8670,0x043bc000,71024640
517160,0x021a5390,8671,0x043be000,71032832
517170,0x021a53a0,8672,0x043c0000,71041024
517180,0x021a53b0,8673,0x043c2000,71049216
517200,0x021a53c0,8674,0x043c4000,71057408
517230,0x021a53d0,8675,0x043c6000,71065600
517300,0x021a53e0,8676,0x043c8000,71073792
517330,0x021a53f0,8677,0x043ca000,71081984
517350,0x021a5400,8678,0x043cc000,71090176
517360,0x021a5410,8679,0x043ce000,71098368
517380,0x021a5420,8680,0x043d0000,71106560
517390,0x021a5430,8681,0x043d2000,71114752
517400,0x021a5440,8682,0x043d4000,71122944
517520,0x021a5450,8683,0x043d6000,71131136
517550,0x021a5460,8684,0x043d8000,71139328
517660,0x021a5470,8685,0x043da000,71147520
517770,0x021a5480,8686,0x043dc000,71155712
517800,0x021a5490,8687,0x043de000,71163904
517850,0x021a54a0,8688,0x043e0000,71172096
517880,0x021a54b0,8689,0x043e2000,71180288
517900,0x021a54c0,8690,0x043e4000,71188480
517950,0x021a54d0,8691,0x043e6000,71196672
517990,0x021a54e0,8692,0x043e8000,71204864
518600,0x021a54f0,8693,0x043ea000,71213056
518660,0x021a5500,8694,0x043ec000,71221248
518680,0x021a5510,8695,0x043ee000,71229440
518800,0x021a5520,8696,0x043f0000,71237632
518850,0x021a5530,8697,0x043f2000,71245824
518860,0x021a5540,8698,0x043f4000,71254016
518880,0x021a5550,8699,0x043f6000,71262208
518890,0x021a5560,8700,0x043f8000,71270400
520500,0x021a5570,8701,0x043fa000,71278592
520510,0x021a5580,8702,0x043fc000,71286784
520520,0x021a5590,8703,0x043fe000,71294976
520530,0x021a55a0,8704,0x04400000,71303168
520550,0x021a55b0,8705,0x04402000,71311360
520560,0x021a55c0,8706,0x04404000,71319552
520570,0x021a55d0,8707,0x04406000,71327744
520580,0x021a55e0,8708,0x04408000,71335936
520590,0x021a55f0,8709,0x0440a000,71344128
520600,0x021a5600,8710,0x0440c000,71352320
520610,0x021a5610,8711,0x0440e000,71360512
520620,0x021a5620,8712,0x04410000,71368704
520630,0x021a5630,8713,0x04412000,71376896
520650,0x021a5640,8714,0x04414000,71385088
520660,0x021a5650,8715,0x04416000,71393280
520670,0x021a5660,8716,0x04418000,71401472
520680,0x021a5670,8717,0x0441a000,71409664
520690,0x021a5680,8718,0x0441c000,71417856
520700,0x021a5690,8719,0x0441e000,71426048
520710,0x021a56a0,8720,0x04420000,71434240
520720,0x021a56b0,8721,0x04422000,71442432
520730,0x021a56c0,8722,0x04424000,71450624
520740,0x021a56d0,8723,0x04426000,71458816
520750,0x021a56e0,8724,0x04428000,71467008
520760,0x021a56f0,8725,0x0442a000,71475200
520770,0x021a5700,8726,0x0442c000,71483392
520780,0x021a5710,8727,0x0442e000,71491584
520790,0x021a5720,8728,0x04430000,71499776
520810,0x021a5730,8729,0x04432000,71507968
520820,0x021a5740,8730,0x04434000,71516160
520830,0x021a5750,8731,0x04436000,71524352
520840,0x021a5760,8732,0x04438000,71532544
520850,0x021a5770,8733,0x0443a000,71540736
520860,0x021a5780,8734,0x0443c000,71548928
520870,0x021a5790,8735,0x0443e000,71557120
520880,0x021a57a0,8736,0x04440000,71565312
520890,0x021a57b0,8737,0x04442000,71573504
520900,0x021a57c0,8738,0x04444000,71581696
520910,0x021a57d0,8739,0x04446000,71589888
520920,0x021a57e0,8740,0x04448000,71598080
520930,0x021a57f0,8741,0x0444a000,71606272
520940,0x021a5800,8742,0x0444c000,71614464
520950,0x021a5810,8743,0x0444e000,71622656
520960,0x021a5820,8744,0x04450000,71630848
520970,0x021a5830,8745,0x04452000,71639040
520980,0x021a5840,8746,0x04454000,71647232
520990,0x021a5850,8747,0x04456000,71655424
526000,0x021a5860,8748,0x04458000,71663616
526010,0x021a5870,8749,0x0445a000,71671808
526030,0x021a5880,8750,0x0445c000,71680000
526050,0x021a5890,8751,0x0445e000,71688192
526070,0x021a58a0,8752,0x04460000,71696384
530000,0x021a58b0,8753,0x04462000,71704576
530050,0x021a58c0,8754,0x04464000,71712768
530060,0x021a58d0,8755,0x04466000,71720960
530080,0x021a58e0,8756,0x04468000,71729152
530100,0x021a58f0,8757,0x0446a000,71737344
530180,0x021a5900,8758,0x0446c000,71745536
530280,0x021a5910,8759,0x0446e000,71753728
530300,0x021a5920,8760,0x04470000,71761920
530380,0x021a5930,8761,0x04472000,71770112
530530,0x021a5940,8762,0x04474000,71778304
530580,0x021a5950,8763,0x04476000,71786496
530680,0x021a5960,8764,0x04478000,71794688
530800,0x021a5970,8765,0x0447a000,71802880
530880,0x021a5980,8766,0x0447c000,71811072
551000,0x021a5990,8767,0x0447e000,71819264
551030,0x021a59a0,8768,0x04480000,71827456
551060,0x021a59b0,8769,0x04482000,71835648
551300,0x021a59c0,8770,0x04484000,71843840
551500,0x021a59d0,8771,0x04486000,71852032
551510,0x021a59e0,8772,0x04488000,71860224
551520,0x021a59f0,8773,0x0448a000,71868416
551550,0x021a5a00,8774,0x0448c000,71876608
551560,0x021a5a10,8775,0x0448e000,71884800
551580,0x021a5a20,8776,0x04490000,71892992
551800,0x021a5a30,8777,0x04492000,71901184
551900,0x021a5a40,8778,0x04494000,71909376
560010,0x021a5a50,8779,0x04496000,71917568
560020,0x021a5a60,8780,0x04498000,71925760
560030,0x021a5a70,8781,0x0449a000,71933952
560050,0x021a5a80,8782,0x0449c000,71942144
560060,0x021a5a90,8783,0x0449e000,71950336
560070,0x021a5aa0,8784,0x044a0000,71958528
560080,0x021a5ab0,8785,0x044a2000,71966720
560090,0x021a5ac0,8786,0x044a4000,71974912
560100,0x021a5ad0,8787,0x044a6000,71983104
560110,0x021a5ae0,8788,0x044a8000,71991296
560120,0x021a5af0,8789,0x044aa000,71999488
560130,0x021a5b00,8790,0x044ac000,72007680
560150,0x021a5b10,8791,0x044ae000,72015872
560160,0x021a5b20,8792,0x044b0000,72024064
560170,0x021a5b30,8793,0x044b2000,72032256
560180,0x021a5b40,8794,0x044b4000,72040448
560190,0x021a5b50,8795,0x044b6000,72048640
560210,0x021a5b60,8796,0x044b8000,72056832
560220,0x021a5b70,8797,0x044ba000,72065024
560230,0x021a5b80,8798,0x044bc000,72073216
560250,0x021a5b90,8799,0x044be000,72081408
560260,0x021a5ba0,8800,0x044c0000,72089600
560270,0x021a5bb0,8801,0x044c2000,72097792
560280,0x021a5bc0,8802,0x044c4000,72105984
560290,0x021a5bd0,8803,0x044c6000,72114176
560300,0x021a5be0,8804,0x044c8000,72122368
560310,0x021a5bf0,8805,0x044ca000,72130560
560320,0x021a5c00,8806,0x044cc000,72138752
560330,0x021a5c10,8807,0x044ce000,72146944
560350,0x021a5c20,8808,0x044d0000,72155136
560360,0x021a5c30,8809,0x044d2000,72163328
560370,0x021a5c40,8810,0x044d4000,72171520
560380,0x021a5c50,8811,0x044d6000,72179712
560390,0x021a5c60,8812,0x044d8000,72187904
560400,0x021a5c70,8813,0x044da000,72196096
560410,0x021a5c80,8814,0x044dc000,72204288
560420,0x021a5c90,8815,0x044de000,72212480
560450,0x021a5ca0,8816,0x044e0000,72220672
560460,0x021a5cb0,8817,0x044e2000,72228864
560470,0x021a5cc0,8818,0x044e4000,72237056
560480,0x021a5cd0,8819,0x044e6000,72245248
560490,0x021a5ce0,8820,0x044e8000,72253440
560500,0x021a5cf0,8821,0x044ea000,72261632
560510,0x021a5d00,8822,0x044ec000,72269824
560520,0x021a5d10,8823,0x044ee000,72278016
560530,0x021a5d20,8824,0x044f0000,72286208
560550,0x021a5d30,8825,0x044f2000,72294400
560560,0x021a5d40,8826,0x044f4000,72302592
560570,0x021a5d50,8827,0x044f6000,72310784
560580,0x021a5d60,8828,0x044f8000,72318976
560590,0x021a5d70,8829,0x044fa000,72327168
560610,0x021a5d80,8830,0x044fc000,72335360
560620,0x021a5d90,8831,0x044fe000,72343552
560630,0x021a5da0,8832,0x04500000,72351744
560660,0x021a5db0,8833,0x04502000,72359936
560670,0x021a5dc0,8834,0x04504000,72368128
560680,0x021a5dd0,8835,0x04506000,72376320
560690,0x021a5de0,8836,0x04508000,72384512
560700,0x021a5df0,8837,0x0450a000,72392704
560710,0x021a5e00,8838,0x0450c000,72400896
560720,0x021a5e10,8839,0x0450e000,72409088
560730,0x021a5e20,8840,0x04510000,72417280
560750,0x021a5e30,8841,0x04512000,72425472
560770,0x021a5e40,8842,0x04514000,72433664
560780,0x021a5e50,8843,0x04516000,72441856
560790,0x021a5e60,8844,0x04518000,72450048
560800,0x021a5e70,8845,0x0451a000,72458240
560810,0x021a5e80,8846,0x0451c000,72466432
560820,0x021a5e90,8847,0x0451e000,72474624
560830,0x021a5ea0,8848,0x04520000,72482816
560850,0x021a5eb0,8849,0x04522000,72491008
560860,0x021a5ec0,8850,0x04524000,72499200
560870,0x021a5ed0,8851,0x04526000,72507392
560880,0x021a5ee0,8852,0x04528000,72515584
560900,0x021a5ef0,8853,0x0452a000,72523776
560910,0x021a5f00,8854,0x0452c000,72531968
560920,0x021a5f10,8855,0x0452e000,72540160
560930,0x021a5f20,8856,0x04530000,72548352
560950,0x021a5f30,8857,0x04532000,72556544
560970,0x021a5f40,8858,0x04534000,72564736
560980,0x021a5f50,8859,0x04536000,72572928
560990,0x021a5f60,8860,0x04538000,72581120
561000,0x021a5f70,8861,0x0453a000,72589312
561010,0x021a5f80,8862,0x0453c000,72597504
561020,0x021a5f90,8863,0x0453e000,72605696
561030,0x021a5fa0,8864,0x04540000,72613888
561050,0x021a5fb0,8865,0x04542000,72622080
561060,0x021a5fc0,8866,0x04544000,72630272
561080,0x021a5fd0,8867,0x04546000,72638464
561090,0x021a5fe0,8868,0x04548000,72646656
561100,0x021a5ff0,8869,0x0454a000,72654848
561120,0x022a6000,8871,0x0454e000,72671232
561130,0x022a6010,8872,0x04550000,72679424
561160,0x022a6020,8873,0x04552000,72687616
561170,0x022a6030,8874,0x04554000,72695808
561180,0x022a6040,8875,0x04556000,72704000
561190,0x022a6050,8876,0x04558000,72712192
561200,0x022a6060,8877,0x0455a000,72720384
561220,0x022a6070,8878,0x0455c000,72728576
561230,0x022a6080,8879,0x0455e000,72736768
561250,0x022a6090,8880,0x04560000,72744960
561260,0x022a60a0,8881,0x04562000,72753152
561280,0x022a60b0,8882,0x04564000,72761344
561300,0x022a60c0,8883,0x04566000,72769536
561310,0x022a60d0,8884,0x04568000,72777728
561320,0x022a60e0,8885,0x0456a000,72785920
561330,0x022a60f0,8886,0x0456c000,72794112
561350,0x022a6100,8887,0x0456e000,72802304
561360,0x022a6110,8888,0x04570000,72810496
561370,0x022a6120,8889,0x04572000,72818688
561380,0x022a6130,8890,0x04574000,72826880
561390,0x022a6140,8891,0x04576000,72835072
561400,0x022a6150,8892,0x04578000,72843264
561410,0x022a6160,8893,0x0457a000,72851456
561420,0x022a6170,8894,0x0457c000,72859648
561430,0x022a6180,8895,0x0457e000,72867840
561450,0x022a6190,8896,0x04580000,72876032
561460,0x022a61a0,8897,0x04582000,72884224
561470,0x022a61b0,8898,0x04584000,72892416
561490,0x022a61c0,8899,0x04586000,72900608
561500,0x022a61d0,8900,0x04588000,72908800
561510,0x022a61e0,8901,0x0458a000,72916992
561550,0x022a61f0,8902,0x0458c000,72925184
561560,0x022a6200,8903,0x0458e000,72933376
561570,0x022a6210,8904,0x04590000,72941568
561580,0x022a6220,8905,0x04592000,72949760
561590,0x022a6230,8906,0x04594000,72957952
561600,0x022a6240,8907,0x04596000,72966144
561620,0x022a6250,8908,0x04598000,72974336
561630,0x022a6260,8909,0x0459a000,72982528
561660,0x022a6270,8910,0x0459c000,72990720
561680,0x022a6280,8911,0x0459e000,72998912
561700,0x022a6290,8912,0x045a0000,73007104
561750,0x022a62a0,8913,0x045a2000,73015296
561760,0x022a62b0,8914,0x045a4000,73023488
561770,0x022a62c0,8915,0x045a6000,73031680
561780,0x022a62d0,8916,0x045a8000,73039872
561790,0x022a62e0,8917,0x045aa000,73048064
561800,0x022a62f0,8918,0x045ac000,73056256
561810,0x022a6300,8919,0x045ae000,73064448
561870,0x022a6310,8920,0x045b0000,73072640
561880,0x022a6320,8921,0x045b2000,73080832
561890,0x022a6330,8922,0x045b4000,73089024
561900,0x022a6340,8923,0x045b6000,73097216
561910,0x022a6350,8924,0x045b8000,73105408
561920,0x022a6360,8925,0x045ba000,73113600
561930,0x022a6370,8926,0x045bc000,73121792
561950,0x022a6380,8927,0x045be000,73129984
561960,0x022a6390,8928,0x045c0000,73138176
561980,0x022a63a0,8929,0x045c2000,73146368
561990,0x022a63b0,8930,0x045c4000,73154560
562000,0x022a63c0,8931,0x045c6000,73162752
562010,0x022a63d0,8932,0x045c8000,73170944
562030,0x022a63e0,8933,0x045ca000,73179136
562050,0x022a63f0,8934,0x045cc000,73187328
562060,0x022a6400,8935,0x045ce000,73195520
562070,0x022a6410,8936,0x045d0000,73203712
562080,0x022a6420,8937,0x045d2000,73211904
562300,0x022a6430,8938,0x045d4000,73220096
562310,0x022a6440,8939,0x045d6000,73228288
562320,0x022a6450,8940,0x045d8000,73236480
562330,0x022a6460,8941,0x045da000,73244672
562340,0x022a6470,8942,0x045dc000,73252864
562350,0x022a6480,8943,0x045de000,73261056
562360,0x022a6490,8944,0x045e0000,73269248
562380,0x022a64a0,8945,0x045e2000,73277440
562390,0x022a64b0,8946,0x045e4000,73285632
562500,0x022a64c0,8947,0x045e6000,73293824
562510,0x022a64d0,8948,0x045e8000,73302016
562520,0x022a64e0,8949,0x045ea000,73310208
562530,0x022a64f0,8950,0x045ec000,73318400
562550,0x022a6500,8951,0x045ee000,73326592
562560,0x022a6510,8952,0x045f0000,73334784
562570,0x022a6520,8953,0x045f2000,73342976
562580,0x022a6530,8954,0x045f4000,73351168
562590,0x022a6540,8955,0x045f6000,73359360
562600,0x022a6550,8956,0x045f8000,73367552
562660,0x022a6560,8957,0x045fa000,73375744
562700,0x022a6570,8958,0x045fc000,73383936
562800,0x022a6580,8959,0x045fe000,73392128
562810,0x022a6590,8960,0x04600000,73400320
562820,0x022a65a0,8961,0x04602000,73408512
562850,0x022a65b0,8962,0x04604000,73416704
562860,0x022a65c0,8963,0x04606000,73424896
562870,0x022a65d0,8964,0x04608000,73433088
562880,0x022a65e0,8965,0x0460a000,73441280
562890,0x022a65f0,8966,0x0460c000,73449472
562900,0x022a6600,8967,0x0460e000,73457664
562910,0x022a6610,8968,0x04610000,73465856
562920,0x022a6620,8969,0x04612000,73474048
562930,0x022a6630,8970,0x04614000,73482240
562950,0x022a6640,8971,0x04616000,73490432
562960,0x022a6650,8972,0x04618000,73498624
562970,0x022a6660,8973,0x0461a000,73506816
562990,0x022a6670,8974,0x0461c000,73515008
563000,0x022a6680,8975,0x0461e000,73523200
563010,0x022a6690,8976,0x04620000,73531392
563020,0x022a66a0,8977,0x04622000,73539584
563030,0x022a66b0,8978,0x04624000,73547776
563050,0x022a66c0,8979,0x04626000,73555968
563060,0x022a66d0,8980,0x04628000,73564160
563080,0x022a66e0,8981,0x0462a000,73572352
563090,0x022a66f0,8982,0x0462c000,73580544
563150,0x022a6700,8983,0x0462e000,73588736
563180,0x022a6710,8984,0x04630000,73596928
563200,0x022a6720,8985,0x04632000,73605120
563210,0x022a6730,8986,0x04634000,73613312
563220,0x022a6740,8987,0x04636000,73621504
563230,0x022a6750,8988,0x04638000,73629696
563280,0x022a6760,8989,0x0463a000,73637888
563300,0x022a6770,8990,0x0463c000,73646080
563320,0x022a6780,8991,0x0463e000,73654272
563330,0x022a6790,8992,0x04640000,73662464
563350,0x022a67a0,8993,0x04642000,73670656
563360,0x022a67b0,8994,0x04644000,73678848
563380,0x022a67c0,8995,0x04646000,73687040
563390,0x022a67d0,8996,0x04648000,73695232
563500,0x022a67e0,8997,0x0464a000,73703424
563510,0x022a67f0,8998,0x0464c000,73711616
563520,0x022a6800,8999,0x0464e000,73719808
563530,0x022a6810,9000,0x04650000,73728000
563550,0x022a6820,9001,0x04652000,73736192
563560,0x022a6830,9002,0x04654000,73744384
563570,0x022a6840,9003,0x04656000,73752576
563580,0x022a6850,9004,0x04658000,73760768
563590,0x022a6860,9005,0x0465a000,73768960
563600,0x022a6870,9006,0x0465c000,73777152
563620,0x022a6880,9007,0x0465e000,73785344
563630,0x022a6890,9008,0x04660000,73793536
563650,0x022a68a0,9009,0x04662000,73801728
563660,0x022a68b0,9010,0x04664000,73809920
563670,0x022a68c0,9011,0x04666000,73818112
563680,0x022a68d0,9012,0x04668000,73826304
563690,0x022a68e0,9013,0x0466a000,73834496
563700,0x022a68f0,9014,0x0466c000,73842688
563750,0x022a6900,9015,0x0466e000,73850880
563760,0x022a6910,9016,0x04670000,73859072
563770,0x022a6920,9017,0x04672000,73867264
563780,0x022a6930,9018,0x04674000,73875456
563790,0x022a6940,9019,0x04676000,73883648
563800,0x022a6950,9020,0x04678000,73891840
563830,0x022a6960,9021,0x0467a000,73900032
563850,0x022a6970,9022,0x0467c000,73908224
563860,0x022a6980,9023,0x0467e000,73916416
563870,0x022a6990,9024,0x04680000,73924608
563880,0x022a69a0,9025,0x04682000,73932800
563890,0x022a69b0,9026,0x04684000,73940992
563900,0x022a69c0,9027,0x04686000,73949184
563930,0x022a69d0,9028,0x04688000,73957376
563960,0x022a69e0,9029,0x0468a000,73965568
563980,0x022a69f0,9030,0x0468c000,73973760
563990,0x022a6a00,9031,0x0468e000,73981952
588000,0x022a6a10,9032,0x04690000,73990144
588010,0x022a6a20,9033,0x04692000,73998336
588020,0x022a6a30,9034,0x04694000,74006528
588030,0x022a6a40,9035,0x04696000,74014720
588040,0x022a6a50,9036,0x04698000,74022912
588050,0x022a6a60,9037,0x0469a000,74031104
588060,0x022a6a70,9038,0x0469c000,74039296
588070,0x022a6a80,9039,0x0469e000,74047488
588080,0x022a6a90,9040,0x046a0000,74055680
588090,0x022a6aa0,9041,0x046a2000,74063872
588100,0x022a6ab0,9042,0x046a4000,74072064
588110,0x022a6ac0,9043,0x046a6000,74080256
588120,0x022a6ad0,9044,0x046a8000,74088448
588130,0x022a6ae0,9045,0x046aa000,74096640
588140,0x022a6af0,9046,0x046ac000,74104832
588150,0x022a6b00,9047,0x046ae000,74113024
588160,0x022a6b10,9048,0x046b0000,74121216
588170,0x022a6b20,9049,0x046b2000,74129408
588180,0x022a6b30,9050,0x046b4000,74137600
588190,0x022a6b40,9051,0x046b6000,74145792
588200,0x022a6b50,9052,0x046b8000,74153984
588210,0x022a6b60,9053,0x046ba000,74162176
588220,0x022a6b70,9054,0x046bc000,74170368
588230,0x022a6b80,9055,0x046be000,74178560
588240,0x022a6b90,9056,0x046c0000,74186752
588250,0x022a6ba0,9057,0x046c2000,74194944
588260,0x022a6bb0,9058,0x046c4000,74203136
588270,0x022a6bc0,9059,0x046c6000,74211328
588280,0x022a6bd0,9060,0x046c8000,74219520
588290,0x022a6be0,9061,0x046ca000,74227712
588300,0x022a6bf0,9062,0x046cc000,74235904
588310,0x022a6c00,9063,0x046ce000,74244096
588320,0x022a6c10,9064,0x046d0000,74252288
588330,0x022a6c20,9065,0x046d2000,74260480
588350,0x022a6c30,9066,0x046d4000,74268672
588360,0x022a6c40,9067,0x046d6000,74276864
588370,0x022a6c50,9068,0x046d8000,74285056
588380,0x022a6c60,9069,0x046da000,74293248
588390,0x022a6c70,9070,0x046dc000,74301440
588400,0x022a6c80,9071,0x046de000,74309632
588410,0x022a6c90,9072,0x046e0000,74317824
588420,0x022a6ca0,9073,0x046e2000,74326016
588430,0x022a6cb0,9074,0x046e4000,74334208
588450,0x022a6cc0,9075,0x046e6000,74342400
588460,0x022a6cd0,9076,0x046e8000,74350592
588470,0x022a6ce0,9077,0x046ea000,74358784
588480,0x022a6cf0,9078,0x046ec000,74366976
588500,0x022a6d00,9079,0x046ee000,74375168
588510,0x022a6d10,9080,0x046f0000,74383360
588520,0x022a6d20,9081,0x046f2000,74391552
588530,0x022a6d30,9082,0x046f4000,74399744
588550,0x022a6d40,9083,0x046f6000,74407936
588660,0x022a6d50,9084,0x046f8000,74416128
588670,0x022a6d60,9085,0x046fa000,74424320
588680,0x022a6d70,9086,0x046fc000,74432512
588690,0x022a6d80,9087,0x046fe000,74440704
588700,0x022a6d90,9088,0x04700000,74448896
588710,0x022a6da0,9089,0x04702000,74457088
588720,0x022a6db0,9090,0x04704000,74465280
588730,0x022a6dc0,9091,0x04706000,74473472
588750,0x022a6dd0,9092,0x04708000,74481664
588760,0x022a6de0,9093,0x0470a000,74489856
588770,0x022a6df0,9094,0x0470c000,74498048
588780,0x022a6e00,9095,0x0470e000,74506240
588790,0x022a6e10,9096,0x04710000,74514432
588800,0x022a6e20,9097,0x04712000,74522624
588810,0x022a6e30,9098,0x04714000,74530816
588820,0x022a6e40,9099,0x04716000,74539008
588830,0x022a6e50,9100,0x04718000,74547200
588840,0x022a6e60,9101,0x0471a000,74555392
588850,0x022a6e70,9102,0x0471c000,74563584
588860,0x022a6e80,9103,0x0471e000,74571776
588870,0x022a6e90,9104,0x04720000,74579968
588880,0x022a6ea0,9105,0x04722000,74588160
588890,0x022a6eb0,9106,0x04724000,74596352
588900,0x022a6ec0,9107,0x04726000,74604544
588910,0x022a6ed0,9108,0x04728000,74612736
588920,0x022a6ee0,9109,0x0472a000,74620928
588930,0x022a6ef0,9110,0x0472c000,74629120
588940,0x022a6f00,9111,0x0472e000,74637312
588950,0x022a6f10,9112,0x04730000,74645504
588960,0x022a6f20,9113,0x04732000,74653696
588980,0x022a6f30,9114,0x04734000,74661888
588990,0x022a6f40,9115,0x04736000,74670080
589000,0x022a6f50,9116,0x04738000,74678272
589010,0x022a6f60,9117,0x0473a000,74686464
589020,0x022a6f70,9118,0x0473c000,74694656
589030,0x022a6f80,9119,0x0473e000,74702848
589050,0x022a6f90,9120,0x04740000,74711040
589060,0x022a6fa0,9121,0x04742000,74719232
589070,0x022a6fb0,9122,0x04744000,74727424
589080,0x022a6fc0,9123,0x04746000,74735616
589090,0x022a6fd0,9124,0x04748000,74743808
589100,0x022a6fe0,9125,0x0474a000,74752000
589110,0x022a6ff0,9126,0x0474c000,74760192
589120,0x023a7000,9128,0x04750000,74776576
589130,0x023a7010,9129,0x04752000,74784768
589150,0x023a7020,9130,0x04754000,74792960
589160,0x023a7030,9131,0x04756000,74801152
589170,0x023a7040,9132,0x04758000,74809344
589180,0x023a7050,9133,0x0475a000,74817536
589190,0x023a7060,9134,0x0475c000,74825728
589200,0x023a7070,9135,0x0475e000,74833920
589210,0x023a7080,9136,0x04760000,74842112
589220,0x023a7090,9137,0x04762000,74850304
589230,0x023a70a0,9138,0x04764000,74858496
589250,0x023a70b0,9139,0x04766000,74866688
589260,0x023a70c0,9140,0x04768000,74874880
589270,0x023a70d0,9141,0x0476a000,74883072
589280,0x023a70e0,9142,0x0476c000,74891264
589290,0x023a70f0,9143,0x0476e000,74899456
589300,0x023a7100,9144,0x04770000,74907648
589310,0x023a7110,9145,0x04772000,74915840
589320,0x023a7120,9146,0x04774000,74924032
589330,0x023a7130,9147,0x04776000,74932224
589350,0x023a7140,9148,0x04778000,74940416
589360,0x023a7150,9149,0x0477a000,74948608
589380,0x023a7160,9150,0x0477c000,74956800
589390,0x023a7170,9151,0x0477e000,74964992
589400,0x023a7180,9152,0x04780000,74973184
589410,0x023a7190,9153,0x04782000,74981376
589420,0x023a71a0,9154,0x04784000,74989568
589460,0x023a71b0,9155,0x04786000,74997760
589500,0x023a71c0,9156,0x04788000,75005952
589520,0x023a71d0,9157,0x0478a000,75014144
589550,0x023a71e0,9158,0x0478c000,75022336
589560,0x023a71f0,9159,0x0478e000,75030528
589580,0x023a7200,9160,0x04790000,75038720
589600,0x023a7210,9161,0x04792000,75046912
589630,0x023a7220,9162,0x04794000,75055104
589660,0x023a7230,9163,0x04796000,75063296
589680,0x023a7240,9164,0x04798000,75071488
589700,0x023a7250,9165,0x0479a000,75079680
589720,0x023a7260,9166,0x0479c000,75087872
589770,0x023a7270,9167,0x0479e000,75096064
589780,0x023a7280,9168,0x047a0000,75104256
589800,0x023a7290,9169,0x047a2000,75112448
589820,0x023a72a0,9170,0x047a4000,75120640
589850,0x023a72b0,9171,0x047a6000,75128832
589860,0x023a72c0,9172,0x047a8000,75137024
589880,0x023a72d0,9173,0x047aa000,75145216
589890,0x023a72e0,9174,0x047ac000,75153408
589900,0x023a72f0,9175,0x047ae000,75161600
589950,0x023a7300,9176,0x047b0000,75169792
589960,0x023a7310,9177,0x047b2000,75177984
589980,0x023a7320,9178,0x047b4000,75186176
589990,0x023a7330,9179,0x047b6000,75194368
751034,0x023a7340,9180,0x047b8000,75202560
751091,0x023a7350,9181,0x047ba000,75210752
751095,0x023a7360,9182,0x047bc000,75218944
751099,0x023a7370,9183,0x047be000,75227136
751115,0x023a7380,9184,0x047c0000,75235328
751900,0x023a7390,9185,0x047c2000,75243520
751906,0x023a73a0,9186,0x047c4000,75251712
751930,0x023a73b0,9187,0x047c6000,75259904
751936,0x023a73c0,9188,0x047c8000,75268096
751941,0x023a73d0,9189,0x047ca000,75276288
751975,0x023a73e0,9190,0x047cc000,75284480
751976,0x023a73f0,9191,0x047ce000,75292672
751977,0x023a7400,9192,0x047d0000,75300864
751979,0x023a7410,9193,0x047d2000,75309056
751980,0x023a7420,9194,0x047d4000,75317248
751981,0x023a7430,9195,0x047d6000,75325440
751984,0x023a7440,9196,0x047d8000,75333632
751985,0x023a7450,9197,0x047da000,75341824
751987,0x023a7460,9198,0x047dc000,75350016
751989,0x023a7470,9199,0x047de000,75358208
000300,0x023a7480,9200,0x047e0000,75366400
000901,0x023a7490,9201,0x047e2000,75374592
000903,0x023a74a0,9202,0x047e4000,75382784
000905,0x023a74b0,9203,0x047e6000,75390976
000906,0x023a74c0,9204,0x047e8000,75399168
000913,0x023a74d0,9205,0x047ea000,75407360
000914,0x023a74e0,9206,0x047ec000,75415552
000928,0x023a74f0,9207,0x047ee000,75423744
000932,0x023a7500,9208,0x047f0000,75431936
000933,0x023a7510,9209,0x047f2000,75440128
000934,0x023a7520,9210,0x047f4000,75448320
000935,0x023a7530,9211,0x047f6000,75456512
000974,0x023a7540,9212,0x047f8000,75464704
000982,0x023a7550,9213,0x047fa000,75472896
000986,0x023a7560,9214,0x047fc000,75481088
000987,0x023a7570,9215,0x047fe000,75489280
000989,0x023a7580,9216,0x04800000,75497472
000991,0x023a7590,9217,0x04802000,75505664
000992,0x023a75a0,9218,0x04804000,75513856
000993,0x023a75b0,9219,0x04806000,75522048
501001,0x023a75c0,9220,0x04808000,75530240
501005,0x023a75d0,9221,0x0480a000,75538432
501007,0x023a75e0,9222,0x0480c000,75546624
501008,0x023a75f0,9223,0x0480e000,75554816
501009,0x023a7600,9224,0x04810000,75563008
501010,0x023a7610,9225,0x04812000,75571200
501011,0x023a7620,9226,0x04814000,75579392
501012,0x023a7630,9227,0x04816000,75587584
501015,0x023a7640,9228,0x04818000,75595776
501016,0x023a7650,9229,0x0481a000,75603968
501017,0x023a7660,9230,0x0481c000,75612160
501018,0x023a7670,9231,0x0481e000,75620352
501019,0x023a7680,9232,0x04820000,75628544
501021,0x023a7690,9233,0x04822000,75636736
501022,0x023a76a0,9234,0x04824000,75644928
501023,0x023a76b0,9235,0x04826000,75653120
501025,0x023a76c0,9236,0x04828000,75661312
501026,0x023a76d0,9237,0x0482a000,75669504
501028,0x023a76e0,9238,0x0482c000,75677696
501029,0x023a76f0,9239,0x0482e000,75685888
501030,0x023a7700,9240,0x04830000,75694080
501031,0x023a7710,9241,0x04832000,75702272
501032,0x023a7720,9242,0x04834000,75710464
501036,0x023a7730,9243,0x04836000,75718656
501037,0x023a7740,9244,0x04838000,75726848
501038,0x023a7750,9245,0x0483a000,75735040
501043,0x023a7760,9246,0x0483c000,75743232
501045,0x023a7770,9247,0x0483e000,75751424
501046,0x023a7780,9248,0x04840000,75759616
501047,0x023a7790,9249,0x04842000,75767808
501048,0x023a77a0,9250,0x04844000,75776000
501050,0x023a77b0,9251,0x04846000,75784192
501051,0x023a77c0,9252,0x04848000,75792384
501053,0x023a77d0,9253,0x0484a000,75800576
501057,0x023a77e0,9254,0x0484c000,75808768
501058,0x023a77f0,9255,0x0484e000,75816960
501059,0x023a7800,9256,0x04850000,75825152
501060,0x023a7810,9257,0x04852000,75833344
501061,0x023a7820,9258,0x04854000,75841536
501062,0x023a7830,9259,0x04856000,75849728
501064,0x023a7840,9260,0x04858000,75857920
501065,0x023a7850,9261,0x0485a000,75866112
501070,0x023a7860,9262,0x0485c000,75874304
501071,0x023a7870,9263,0x0485e000,75882496
501073,0x023a7880,9264,0x04860000,75890688
501075,0x023a7890,9265,0x04862000,75898880
501076,0x023a78a0,9266,0x04864000,75907072
501077,0x023a78b0,9267,0x04866000,75915264
501078,0x023a78c0,9268,0x04868000,75923456
501079,0x023a78d0,9269,0x0486a000,75931648
501080,0x023a78e0,9270,0x0486c000,75939840
501081,0x023a78f0,9271,0x0486e000,75948032
501082,0x023a7900,9272,0x04870000,75956224
501083,0x023a7910,9273,0x04872000,75964416
501085,0x023a7920,9274,0x04874000,75972608
501087,0x023a7930,9275,0x04876000,75980800
501088,0x023a7940,9276,0x04878000,75988992
501089,0x023a7950,9277,0x0487a000,75997184
501090,0x023a7960,9278,0x0487c000,76005376
501091,0x023a7970,9279,0x0487e000,76013568
501092,0x023a7980,9280,0x04880000,76021760
501093,0x023a7990,9281,0x04882000,76029952
501095,0x023a79a0,9282,0x04884000,76038144
501096,0x023a79b0,9283,0x04886000,76046336
501097,0x023a79c0,9284,0x04888000,76054528
501098,0x023a79d0,9285,0x0488a000,76062720
501099,0x023a79e0,9286,0x0488c000,76070912
501186,0x023a79f0,9287,0x0488e000,76079104
501188,0x023a7a00,9288,0x04890000,76087296
501189,0x023a7a10,9289,0x04892000,76095488
501200,0x023a7a20,9290,0x04894000,76103680
501201,0x023a7a30,9291,0x04896000,76111872
501202,0x023a7a40,9292,0x04898000,76120064
501203,0x023a7a50,9293,0x0489a000,76128256
501205,0x023a7a60,9294,0x0489c000,76136448
501206,0x023a7a70,9295,0x0489e000,76144640
501207,0x023a7a80,9296,0x048a0000,76152832
501208,0x023a7a90,9297,0x048a2000,76161024
501209,0x023a7aa0,9298,0x048a4000,76169216
501210,0x023a7ab0,9299,0x048a6000,76177408
501211,0x023a7ac0,9300,0x048a8000,76185600
501212,0x023a7ad0,9301,0x048aa000,76193792
501213,0x023a7ae0,9302,0x048ac000,76201984
501215,0x023a7af0,9303,0x048ae000,76210176
501216,0x023a7b00,9304,0x048b0000,76218368
501217,0x023a7b10,9305,0x048b2000,76226560
501218,0x023a7b20,9306,0x048b4000,76234752
501219,0x023a7b30,9307,0x048b6000,76242944
501220,0x023a7b40,9308,0x048b8000,76251136
501222,0x023a7b50,9309,0x048ba000,76259328
501225,0x023a7b60,9310,0x048bc000,76267520
501227,0x023a7b70,9311,0x048be000,76275712
501300,0x023a7b80,9312,0x048c0000,76283904
501301,0x023a7b90,9313,0x048c2000,76292096
501302,0x023a7ba0,9314,0x048c4000,76300288
501303,0x023a7bb0,9315,0x048c6000,76308480
501305,0x023a7bc0,9316,0x048c8000,76316672
501306,0x023a7bd0,9317,0x048ca000,76324864
501307,0x023a7be0,9318,0x048cc000,76333056
501310,0x023a7bf0,9319,0x048ce000,76341248
501311,0x023a7c00,9320,0x048d0000,76349440
501312,0x023a7c10,9321,0x048d2000,76357632
502000,0x023a7c20,9322,0x048d4000,76365824
502003,0x023a7c30,9323,0x048d6000,76374016
502006,0x023a7c40,9324,0x048d8000,76382208
502010,0x023a7c50,9325,0x048da000,76390400
502013,0x023a7c60,9326,0x048dc000,76398592
502023,0x023a7c70,9327,0x048de000,76406784
502048,0x023a7c80,9328,0x048e0000,76414976
502053,0x023a7c90,9329,0x048e2000,76423168
502056,0x023a7ca0,9330,0x048e4000,76431360
506000,0x023a7cb0,9331,0x048e6000,76439552
506001,0x023a7cc0,9332,0x048e8000,76447744
506002,0x023a7cd0,9333,0x048ea000,76455936
506003,0x023a7ce0,9334,0x048ec000,76464128
506005,0x023a7cf0,9335,0x048ee000,76472320
506006,0x023a7d00,9336,0x048f0000,76480512
506008,0x023a7d10,9337,0x048f2000,76488704
508000,0x023a7d20,9338,0x048f4000,76496896
508001,0x023a7d30,9339,0x048f6000,76505088
508002,0x023a7d40,9340,0x048f8000,76513280
508003,0x023a7d50,9341,0x048fa000,76521472
508005,0x023a7d60,9342,0x048fc000,76529664
508006,0x023a7d70,9343,0x048fe000,76537856
508007,0x023a7d80,9344,0x04900000,76546048
508008,0x023a7d90,9345,0x04902000,76554240
508009,0x023a7da0,9346,0x04904000,76562432
508010,0x023a7db0,9347,0x04906000,76570624
508011,0x023a7dc0,9348,0x04908000,76578816
508012,0x023a7dd0,9349,0x0490a000,76587008
508015,0x023a7de0,9350,0x0490c000,76595200
508016,0x023a7df0,9351,0x0490e000,76603392
508017,0x023a7e00,9352,0x04910000,76611584
508018,0x023a7e10,9353,0x04912000,76619776
508019,0x023a7e20,9354,0x04914000,76627968
508020,0x023a7e30,9355,0x04916000,76636160
508021,0x023a7e40,9356,0x04918000,76644352
508022,0x023a7e50,9357,0x0491a000,76652544
508026,0x023a7e60,9358,0x0491c000,76660736
508027,0x023a7e70,9359,0x0491e000,76668928
508028,0x023a7e80,9360,0x04920000,76677120
508029,0x023a7e90,9361,0x04922000,76685312
508030,0x023a7ea0,9362,0x04924000,76693504
508031,0x023a7eb0,9363,0x04926000,76701696
508033,0x023a7ec0,9364,0x04928000,76709888
508036,0x023a7ed0,9365,0x0492a000,76718080
508039,0x023a7ee0,9366,0x0492c000,76726272
508048,0x023a7ef0,9367,0x0492e000,76734464
508050,0x023a7f00,9368,0x04930000,76742656
508055,0x023a7f10,9369,0x04932000,76750848
508056,0x023a7f20,9370,0x04934000,76759040
508058,0x023a7f30,9371,0x04936000,76767232
508059,0x023a7f40,9372,0x04938000,76775424
508060,0x023a7f50,9373,0x0493a000,76783616
508066,0x023a7f60,9374,0x0493c000,76791808
508068,0x023a7f70,9375,0x0493e000,76800000
508069,0x023a7f80,9376,0x04940000,76808192
508077,0x023a7f90,9377,0x04942000,76816384
508078,0x023a7fa0,9378,0x04944000,76824576
508080,0x023a7fb0,9379,0x04946000,76832768
508082,0x023a7fc0,9380,0x04948000,76840960
508084,0x023a7fd0,9381,0x0494a000,76849152
508085,0x023a7fe0,9382,0x0494c000,76857344
508086,0x023a7ff0,9383,0x0494e000,76865536
508087,0x024a8000,9385,0x04952000,76881920
508088,0x024a8010,9386,0x04954000,76890112
508089,0x024a8020,9387,0x04956000,76898304
508090,0x024a8030,9388,0x04958000,76906496
508091,0x024a8040,9389,0x0495a000,76914688
508092,0x024a8050,9390,0x0495c000,76922880
508093,0x024a8060,9391,0x0495e000,76931072
508096,0x024a8070,9392,0x04960000,76939264
508097,0x024a8080,9393,0x04962000,76947456
508098,0x024a8090,9394,0x04964000,76955648
508099,0x024a80a0,9395,0x04966000,76963840
508600,0x024a80b0,9396,0x04968000,76972032
508601,0x024a80c0,9397,0x0496a000,76980224
508602,0x024a80d0,9398,0x0496c000,76988416
508603,0x024a80e0,9399,0x0496e000,76996608
511920,0x024a80f0,9400,0x04970000,77004800
511930,0x024a8100,9401,0x04972000,77012992
511950,0x024a8110,9402,0x04974000,77021184
511960,0x024a8120,9403,0x04976000,77029376
511970,0x024a8130,9404,0x04978000,77037568
511980,0x024a8140,9405,0x0497a000,77045760
511990,0x024a8150,9406,0x0497c000,77053952
512000,0x024a8160,9407,0x0497e000,77062144
512010,0x024a8170,9408,0x04980000,77070336
512020,0x024a8180,9409,0x04982000,77078528
512030,0x024a8190,9410,0x04984000,77086720
512040,0x024a81a0,9411,0x04986000,77094912
512050,0x024a81b0,9412,0x04988000,77103104
512060,0x024a81c0,9413,0x0498a000,77111296
512070,0x024a81d0,9414,0x0498c000,77119488
512080,0x024a81e0,9415,0x0498e000,77127680
512090,0x024a81f0,9416,0x04990000,77135872
512100,0x024a8200,9417,0x04992000,77144064
512120,0x024a8210,9418,0x04994000,77152256
512130,0x024a8220,9419,0x04996000,77160448
512140,0x024a8230,9420,0x04998000,77168640
512150,0x024a8240,9421,0x0499a000,77176832
512160,0x024a8250,9422,0x0499c000,77185024
512170,0x024a8260,9423,0x0499e000,77193216
512180,0x024a8270,9424,0x049a0000,77201408
512190,0x024a8280,9425,0x049a2000,77209600
512200,0x024a8290,9426,0x049a4000,77217792
