code,file_offset_hex,block_no,block_offset_hex,block_offset_bytes
516200,0x00006000,8391,0x0418e000,68739072
603995,0x00006080,1783,0x00dee000,14606336
240354,0x00006090,4934,0x0268c000,40419328
243105,0x000060a0,6498,0x032c4000,53231616
232468,0x00006100,4601,0x023f2000,37691392
243106,0x00006110,6499,0x032c6000,53239808
603997,0x00006180,1784,0x00df0000,14614528
243107,0x00006190,6500,0x032c8000,53248000
603998,0x00006200,1785,0x00df2000,14622720
188289,0x00006210,4441,0x022b2000,36380672
243108,0x00006220,6501,0x032ca000,53256192
603999,0x00006280,1786,0x00df4000,14630912
240358,0x00006290,4935,0x0268e000,40427520
243060,0x000062a0,6474,0x03294000,53035008
243109,0x000062b0,6502,0x032cc000,53264384
240359,0x00006300,4936,0x02690000,40435712
243061,0x00006310,6475,0x03296000,53043200
516160,0x00006480,8388,0x04188000,68714496
600250,0x00006500,370,0x002e4000,3031040
243065,0x00006510,6476,0x03298000,53051392
600251,0x00006580,371,0x002e6000,3039232
243066,0x00006590,6477,0x0329a000,53059584
600252,0x00006600,372,0x002e8000,3047424
171511,0x00006610,3793,0x01da2000,31072256
233550,0x00006680,4648,0x02450000,38076416
688500,0x00006700,2290,0x011e4000,18759680
152981,0x00006710,3597,0x01c1a000,29466624
600255,0x00006780,373,0x002ea000,3055616
688501,0x00006790,2291,0x011e6000,18767872
152982,0x000067a0,3598,0x01c1c000,29474816
600256,0x00006800,374,0x002ec000,3063808
603000,0x00006810,1169,0x00922000,9576448
688502,0x00006820,2292,0x011e8000,18776064
173090,0x00006830,3800,0x01db0000,31129600
241440,0x00006840,5603,0x02bc6000,45899776
000300,0x00006850,9219,0x04806000,75522048
600257,0x00006880,375,0x002ee000,3072000
603001,0x00006890,1170,0x00924000,9584640
688503,0x000068a0,2293,0x011ea000,18784256
241441,0x000068b0,5604,0x02bc8000,45907968
600258,0x00006900,376,0x002f0000,3080192
603002,0x00006910,1171,0x00926000,9592832
562340,0x00006920,8733,0x0443a000,71540736
600259,0x00006980,377,0x002f2000,3088384
603003,0x00006990,1172,0x00928000,9601024
688505,0x000069a0,2294,0x011ec000,18792448
152986,0x000069b0,3599,0x01c1e000,29483008
603004,0x00006a00,1173,0x0092a000,9609216
688506,0x00006a10,2295,0x011ee000,18800640
163625,0x00006a20,3766,0x01d6c000,30851072
241444,0x00006a30,5605,0x02bca000,45916160
603005,0x00006a80,1174,0x0092c000,9617408
688507,0x00006a90,2296,0x011f0000,18808832
152988,0x00006aa0,3600,0x01c20000,29491200
155739,0x00006ab0,3660,0x01c98000,29982720
241445,0x00006ac0,5606,0x02bcc000,45924352
603006,0x00006b00,1175,0x0092e000,9625600
688508,0x00006b10,2297,0x011f2000,18817024
241446,0x00006b20,5607,0x02bce000,45932544
560720,0x00006b30,8631,0x0436e000,70705152
603007,0x00006b80,1176,0x00930000,9633792
688509,0x00006b90,2298,0x011f4000,18825216
241447,0x00006ba0,5608,0x02bd0000,45940736
603008,0x00006c00,1177,0x00932000,9641984
173098,0x00006c10,3801,0x01db2000,31137792
241448,0x00006c20,5609,0x02bd2000,45948928
244150,0x00006c30,7012,0x036c8000,57442304
603009,0x00006c80,1178,0x00934000,9650176
241449,0x00006c90,5610,0x02bd4000,45957120
244152,0x00006d00,7013,0x036ca000,57450496
512880,0x00006d10,8218,0x04034000,67321856
231891,0x00006d80,4566,0x023ac000,37404672
244153,0x00006d90,7014,0x036cc000,57458688
688466,0x00006e80,2274,0x011c4000,18628608
242531,0x00006e90,6201,0x03072000,50798592
244155,0x00006ea0,7015,0x036ce000,57466880
588410,0x00006eb0,8863,0x0453e000,72605696
244156,0x00006f00,7016,0x036d0000,57475072
688468,0x00006f80,2275,0x011c6000,18636800
231895,0x00006f90,4567,0x023ae000,37412864
242533,0x00006fa0,6202,0x03074000,50806784
560680,0x00006fb0,8627,0x04366000,70672384
000001,0x00007000,8,0x00010000,65536
000002,0x00007010,9,0x00012000,73728
000003,0x00007020,10,0x00014000,81920
000004,0x00007030,11,0x00016000,90112
000005,0x00007040,12,0x00018000,98304
000006,0x00007050,13,0x0001a000,106496
000007,0x00007060,14,0x0001c000,114688
000008,0x00007070,15,0x0001e000,122880
000009,0x00007080,16,0x00020000,131072
000010,0x00007090,17,0x00022000,139264
000011,0x000070a0,18,0x00024000,147456
000012,0x000070b0,19,0x00026000,155648
000015,0x000070c0,20,0x00028000,163840
000016,0x000070d0,21,0x0002a000,172032
000017,0x000070e0,22,0x0002c000,180224
000018,0x000070f0,23,0x0002e000,188416
000019,0x00007100,24,0x00030000,196608
000020,0x00007110,25,0x00032000,204800
000021,0x00007120,26,0x00034000,212992
000022,0x00007130,27,0x00036000,221184
000025,0x00007140,28,0x00038000,229376
000026,0x00007150,29,0x0003a000,237568
000027,0x00007160,30,0x0003c000,245760
000028,0x00007170,31,0x0003e000,253952
000029,0x00007180,32,0x00040000,262144
000030,0x00007190,33,0x00042000,270336
000031,0x000071a0,34,0x00044000,278528
000032,0x000071b0,35,0x00046000,286720
000033,0x000071c0,36,0x00048000,294912
000034,0x000071d0,37,0x0004a000,303104
000035,0x000071e0,38,0x0004c000,311296
000036,0x000071f0,39,0x0004e000,319488
000037,0x00007200,40,0x00050000,327680
000038,0x00007210,41,0x00052000,335872
000039,0x00007220,42,0x00054000,344064
000040,0x00007230,43,0x00056000,352256
000041,0x00007240,44,0x00058000,360448
000042,0x00007250,45,0x0005a000,368640
000043,0x00007260,46,0x0005c000,376832
000044,0x00007270,47,0x0005e000,385024
000045,0x00007280,48,0x00060000,393216
000046,0x00007290,49,0x00062000,401408
000047,0x000072a0,50,0x00064000,409600
000048,0x000072b0,51,0x00066000,417792
000049,0x000072c0,52,0x00068000,425984
000050,0x000072d0,53,0x0006a000,434176
000051,0x000072e0,54,0x0006c000,442368
000052,0x000072f0,55,0x0006e000,450560
000053,0x00007300,56,0x00070000,458752
000054,0x00007310,57,0x00072000,466944
000055,0x00007320,58,0x00074000,475136
000056,0x00007330,59,0x00076000,483328
000057,0x00007340,60,0x00078000,491520
000058,0x00007350,61,0x0007a000,499712
000059,0x00007360,62,0x0007c000,507904
000060,0x00007370,63,0x0007e000,516096
000061,0x00007380,64,0x00080000,524288
000062,0x00007390,65,0x00082000,532480
000063,0x000073a0,66,0x00084000,540672
000064,0x000073b0,67,0x00086000,548864
000065,0x000073c0,68,0x00088000,557056
000066,0x000073d0,69,0x0008a000,565248
000067,0x000073e0,70,0x0008c000,573440
000068,0x000073f0,71,0x0008e000,581632
000069,0x00007400,72,0x00090000,589824
000070,0x00007410,73,0x00092000,598016
000071,0x00007420,74,0x00094000,606208
000072,0x00007430,75,0x00096000,614400
000073,0x00007440,76,0x00098000,622592
000074,0x00007450,77,0x0009a000,630784
000075,0x00007460,78,0x0009c000,638976
000076,0x00007470,79,0x0009e000,647168
000077,0x00007480,80,0x000a0000,655360
000078,0x00007490,81,0x000a2000,663552
000079,0x000074a0,82,0x000a4000,671744
000090,0x000074b0,83,0x000a6000,679936
000091,0x000074c0,84,0x000a8000,688128
000092,0x000074d0,85,0x000aa000,696320
000093,0x000074e0,86,0x000ac000,704512
000094,0x000074f0,87,0x000ae000,712704
000095,0x00007500,88,0x000b0000,720896
000096,0x00007510,89,0x000b2000,729088
000097,0x00007520,90,0x000b4000,737280
000098,0x00007530,91,0x000b6000,745472
000099,0x00007540,92,0x000b8000,753664
000100,0x00007550,93,0x000ba000,761856
000101,0x00007560,94,0x000bc000,770048
000102,0x00007570,95,0x000be000,778240
000103,0x00007580,96,0x000c0000,786432
000104,0x00007590,97,0x000c2000,794624
000105,0x000075a0,98,0x000c4000,802816
000106,0x000075b0,99,0x000c6000,811008
000107,0x000075c0,100,0x000c8000,819200
000108,0x000075d0,101,0x000ca000,827392
000109,0x000075e0,102,0x000cc000,835584
000110,0x000075f0,103,0x000ce000,843776
000111,0x00007600,104,0x000d0000,851968
000112,0x00007610,105,0x000d2000,860160
000113,0x00007620,106,0x000d4000,868352
000114,0x00007630,107,0x000d6000,876544
000115,0x00007640,108,0x000d8000,884736
000116,0x00007650,109,0x000da000,892928
000117,0x00007660,110,0x000dc000,901120
000118,0x00007670,111,0x000de000,909312
000119,0x00007680,112,0x000e0000,917504
000120,0x00007690,113,0x000e2000,925696
000121,0x000076a0,114,0x000e4000,933888
000122,0x000076b0,115,0x000e6000,942080
000123,0x000076c0,116,0x000e8000,950272
000125,0x000076d0,117,0x000ea000,958464
000126,0x000076e0,118,0x000ec000,966656
000128,0x000076f0,119,0x000ee000,974848
000129,0x00007700,120,0x000f0000,983040
000130,0x00007710,121,0x000f2000,991232
000131,0x00007720,122,0x000f4000,999424
000132,0x00007730,123,0x000f6000,1007616
000133,0x00007740,124,0x000f8000,1015808
000134,0x00007750,125,0x000fa000,1024000
000135,0x00007760,126,0x000fc000,1032192
000136,0x00007770,127,0x000fe000,1040384
000137,0x00007780,128,0x00100000,1048576
000138,0x00007790,129,0x00102000,1056768
000139,0x000077a0,130,0x00104000,1064960
000141,0x000077b0,131,0x00106000,1073152
000142,0x000077c0,132,0x00108000,1081344
000145,0x000077d0,133,0x0010a000,1089536
000146,0x000077e0,134,0x0010c000,1097728
000147,0x000077f0,135,0x0010e000,1105920
000148,0x00007800,136,0x00110000,1114112
000149,0x00007810,137,0x00112000,1122304
000150,0x00007820,138,0x00114000,1130496
000151,0x00007830,139,0x00116000,1138688
000152,0x00007840,140,0x00118000,1146880
000153,0x00007850,141,0x0011a000,1155072
000155,0x00007860,142,0x0011c000,1163264
000158,0x00007870,143,0x0011e000,1171456
000159,0x00007880,144,0x00120000,1179648
000160,0x00007890,145,0x00122000,1187840
000161,0x000078a0,146,0x00124000,1196032
000162,0x000078b0,147,0x00126000,1204224
000170,0x000078c0,148,0x00128000,1212416
000510,0x000078d0,149,0x0012a000,1220608
000680,0x000078e0,150,0x0012c000,1228800
000681,0x000078f0,151,0x0012e000,1236992
000682,0x00007900,152,0x00130000,1245184
000683,0x00007910,153,0x00132000,1253376
000685,0x00007920,154,0x00134000,1261568
000687,0x00007930,155,0x00136000,1269760
000688,0x00007940,156,0x00138000,1277952
000689,0x00007950,157,0x0013a000,1286144
000690,0x00007960,158,0x0013c000,1294336
000691,0x00007970,161,0x00142000,1318912
000692,0x00007980,162,0x00144000,1327104
000693,0x00007990,163,0x00146000,1335296
000695,0x000079a0,164,0x00148000,1343488
000697,0x000079b0,165,0x0014a000,1351680
000698,0x000079c0,166,0x0014c000,1359872
000699,0x000079d0,167,0x0014e000,1368064
000802,0x000079e0,168,0x00150000,1376256
000814,0x000079f0,169,0x00152000,1384448
000819,0x00007a00,170,0x00154000,1392640
000823,0x00007a10,171,0x00156000,1400832
000827,0x00007a20,172,0x00158000,1409024
000847,0x00007a30,173,0x0015a000,1417216
000849,0x00007a40,174,0x0015c000,1425408
000851,0x00007a50,175,0x0015e000,1433600
000852,0x00007a60,176,0x00160000,1441792
000853,0x00007a70,177,0x00162000,1449984
000854,0x00007a80,178,0x00164000,1458176
000855,0x00007a90,179,0x00166000,1466368
000856,0x00007aa0,180,0x00168000,1474560
000857,0x00007ab0,181,0x0016a000,1482752
000858,0x00007ac0,182,0x0016c000,1490944
000860,0x00007ad0,183,0x0016e000,1499136
000863,0x00007ae0,184,0x00170000,1507328
000865,0x00007af0,185,0x00172000,1515520
000867,0x00007b00,186,0x00174000,1523712
000869,0x00007b10,187,0x00176000,1531904
000888,0x00007b20,188,0x00178000,1540096
000891,0x00007b30,189,0x0017a000,1548288
600000,0x00007b40,190,0x0017c000,1556480
600004,0x00007b50,191,0x0017e000,1564672
600006,0x00007b60,192,0x00180000,1572864
600007,0x00007b70,193,0x00182000,1581056
600008,0x00007b80,194,0x00184000,1589248
600009,0x00007b90,195,0x00186000,1597440
600010,0x00007ba0,196,0x00188000,1605632
600011,0x00007bb0,197,0x0018a000,1613824
600012,0x00007bc0,198,0x0018c000,1622016
600015,0x00007bd0,199,0x0018e000,1630208
600016,0x00007be0,200,0x00190000,1638400
600017,0x00007bf0,201,0x00192000,1646592
600018,0x00007c00,202,0x00194000,1654784
600019,0x00007c10,203,0x00196000,1662976
600020,0x00007c20,204,0x00198000,1671168
600021,0x00007c30,205,0x0019a000,1679360
600022,0x00007c40,206,0x0019c000,1687552
600023,0x00007c50,207,0x0019e000,1695744
600025,0x00007c60,208,0x001a0000,1703936
600026,0x00007c70,209,0x001a2000,1712128
600027,0x00007c80,210,0x001a4000,1720320
600028,0x00007c90,211,0x001a6000,1728512
600029,0x00007ca0,212,0x001a8000,1736704
600030,0x00007cb0,213,0x001aa000,1744896
600031,0x00007cc0,214,0x001ac000,1753088
600032,0x00007cd0,215,0x001ae000,1761280
600033,0x00007ce0,216,0x001b0000,1769472
600035,0x00007cf0,217,0x001b2000,1777664
600036,0x00007d00,218,0x001b4000,1785856
600037,0x00007d10,219,0x001b6000,1794048
600038,0x00007d20,220,0x001b8000,1802240
600039,0x00007d30,221,0x001ba000,1810432
600048,0x00007d40,222,0x001bc000,1818624
600050,0x00007d50,223,0x001be000,1826816
600051,0x00007d60,224,0x001c0000,1835008
600052,0x00007d70,225,0x001c2000,1843200
600053,0x00007d80,226,0x001c4000,1851392
600054,0x00007d90,227,0x001c6000,1859584
600055,0x00007da0,228,0x001c8000,1867776
600056,0x00007db0,229,0x001ca000,1875968
600057,0x00007dc0,230,0x001cc000,1884160
600058,0x00007dd0,231,0x001ce000,1892352
600059,0x00007de0,232,0x001d0000,1900544
600060,0x00007df0,233,0x001d2000,1908736
600061,0x00007e00,234,0x001d4000,1916928
600062,0x00007e10,235,0x001d6000,1925120
600063,0x00007e20,236,0x001d8000,1933312
600064,0x00007e30,237,0x001da000,1941504
600066,0x00007e40,238,0x001dc000,1949696
600067,0x00007e50,239,0x001de000,1957888
600070,0x00007e60,240,0x001e0000,1966080
600071,0x00007e70,241,0x001e2000,1974272
600072,0x00007e80,242,0x001e4000,1982464
600073,0x00007e90,245,0x001ea000,2007040
600075,0x00007ea0,246,0x001ec000,2015232
600076,0x00007eb0,247,0x001ee000,2023424
600078,0x00007ec0,248,0x001f0000,2031616
600079,0x00007ed0,249,0x001f2000,2039808
600080,0x00007ee0,250,0x001f4000,2048000
600081,0x00007ef0,251,0x001f6000,2056192
600082,0x00007f00,252,0x001f8000,2064384
600084,0x00007f10,253,0x001fa000,2072576
600085,0x00007f20,254,0x001fc000,2080768
600088,0x00007f30,255,0x001fe000,2088960
600089,0x00007f40,256,0x00200000,2097152
600094,0x00007f50,257,0x00202000,2105344
600095,0x00007f60,258,0x00204000,2113536
600096,0x00007f70,259,0x00206000,2121728
600097,0x00007f80,260,0x00208000,2129920
600098,0x00007f90,261,0x0020a000,2138112
600099,0x00007fa0,262,0x0020c000,2146304
600100,0x00007fb0,263,0x0020e000,2154496
600101,0x00007fc0,264,0x00210000,2162688
600103,0x00007fd0,265,0x00212000,2170880
600104,0x00007fe0,266,0x00214000,2179072
600105,0x00007ff0,267,0x00216000,2187264
688469,0x0009f000,2276,0x011c8000,18644992
244158,0x0009f010,7017,0x036d2000,57483264
515630,0x0009f020,8347,0x04136000,68378624
231899,0x0009f180,4568,0x023b0000,37421056
242538,0x0009f200,6203,0x03076000,50814976
188840,0x0009f280,4498,0x02324000,36847616
242539,0x0009f290,6204,0x03078000,50823168
588370,0x0009f300,8859,0x04536000,72572928
184010,0x0009f380,3891,0x01e66000,31875072
240910,0x0009f390,5257,0x02912000,43065344
242492,0x0009f3a0,6177,0x03042000,50601984
184011,0x0009f400,3892,0x01e68000,31883264
240912,0x0009f480,5258,0x02914000,43073536
242494,0x0009f490,6178,0x03044000,50610176
515590,0x0009f4a0,8345,0x04132000,68362240
561810,0x0009f4b0,8710,0x0440c000,71352320
188845,0x0009f500,4499,0x02326000,36855808
240913,0x0009f510,5259,0x02916000,43081728
184014,0x0009f580,3893,0x01e6a000,31891456
188846,0x0009f590,4500,0x02328000,36864000
240914,0x0009f5a0,5260,0x02918000,43089920
242496,0x0009f5b0,6179,0x03046000,50618368
184015,0x0009f600,3894,0x01e6c000,31899648
188847,0x0009f610,4501,0x0232a000,36872192
240915,0x0009f620,5261,0x0291a000,43098112
242497,0x0009f630,6180,0x03048000,50626560
232980,0x0009f680,4626,0x02424000,37896192
240916,0x0009f690,5262,0x0291c000,43106304
242498,0x0009f6a0,6181,0x0304a000,50634752
513970,0x0009f6b0,8299,0x040d6000,67985408
240917,0x0009f700,5263,0x0291e000,43114496
242499,0x0009f710,6182,0x0304c000,50642944
245243,0x0009f720,7570,0x03b24000,62013440
563390,0x0009f730,8787,0x044a6000,71983104
184018,0x0009f780,3895,0x01e6e000,31907840
240918,0x0009f790,5264,0x02920000,43122688
243620,0x0009f7a0,6762,0x034d4000,55394304
240870,0x0009f800,5234,0x028e4000,42876928
243621,0x0009f810,6763,0x034d6000,55402496
245245,0x0009f820,7571,0x03b26000,62021632
589500,0x0009f830,8946,0x045e4000,73285632
240871,0x0009f880,5235,0x028e6000,42885120
245246,0x0009f890,7572,0x03b28000,62029824
243623,0x0009f900,6764,0x034d8000,55410688
561770,0x0009f910,8706,0x04404000,71319552
245248,0x0009f980,7573,0x03b2a000,62038016
516720,0x0009f990,8429,0x041da000,69050368
600810,0x0009fa00,808,0x00650000,6619136
175317,0x0009fa10,3859,0x01e26000,31612928
240874,0x0009fa20,5236,0x028e8000,42893312
245249,0x0009fa30,7574,0x03b2c000,62046208
600811,0x0009fa80,809,0x00652000,6627328
240875,0x0009fa90,5237,0x028ea000,42901504
600812,0x0009fb00,810,0x00654000,6635520
240876,0x0009fb10,5238,0x028ec000,42909696
600814,0x0009fc00,811,0x00656000,6643712
240878,0x0009fc10,5239,0x028ee000,42917888
243580,0x0009fc20,6742,0x034ac000,55230464
600815,0x0009fc80,812,0x00658000,6651904
240879,0x0009fc90,5240,0x028f0000,42926080
243581,0x0009fca0,6743,0x034ae000,55238656
270000,0x0009fcb0,7815,0x03d0e000,64020480
589460,0x0009fcc0,8945,0x045e2000,73277440
600816,0x0009fd00,813,0x0065a000,6660096
600817,0x0009fd80,814,0x0065c000,6668288
600818,0x0009fe00,815,0x0065e000,6676480
185102,0x0009fe10,4226,0x02104000,34619392
562900,0x0009fe20,8758,0x0446c000,71745536
600770,0x0009fe80,774,0x0060c000,6340608
600819,0x0009fe90,816,0x00660000,6684672
185103,0x0009fea0,4227,0x02106000,34627584
243585,0x0009feb0,6744,0x034b0000,55246848
751372,0x0009fec0,9161,0x04792000,75046912
600771,0x0009ff00,775,0x0060e000,6348800
751373,0x0009ff10,9162,0x04794000,75055104
243587,0x0009ff80,6745,0x034b2000,55255040
600773,0x000a0000,776,0x00610000,6356992
270007,0x000a0010,7816,0x03d10000,64028672
600774,0x000a0080,777,0x00612000,6365184
751376,0x000a0090,9163,0x04796000,75063296
600775,0x000a0100,778,0x00614000,6373376
244710,0x000a0110,7295,0x038fe000,59760640
510230,0x000a0120,8093,0x03f3a000,66297856
751377,0x000a0130,9164,0x04798000,75071488
600776,0x000a0180,779,0x00616000,6381568
603520,0x000a0190,1531,0x00bf6000,12541952
241960,0x000a01a0,5894,0x02e0c000,48283648
600777,0x000a0200,780,0x00618000,6389760
244712,0x000a0210,7296,0x03900000,59768832
600778,0x000a0280,781,0x0061a000,6397952
562860,0x000a0290,8754,0x04464000,71712768
000823,0x000a0300,161,0x00142000,1318912
600779,0x000a0310,782,0x0061c000,6406144
244714,0x000a0320,7297,0x03902000,59777024
601900,0x000a0380,1137,0x008e2000,9314304
185064,0x000a0390,4219,0x020f6000,34562048
601901,0x000a0400,1138,0x008e4000,9322496
244716,0x000a0410,7298,0x03904000,59785216
517770,0x000a0420,8478,0x0423c000,69451776
241966,0x000a0480,5895,0x02e0e000,48291840
000827,0x000a0500,162,0x00144000,1327104
603527,0x000a0510,1532,0x00bf8000,12550144
241967,0x000a0520,5896,0x02e10000,48300032
603528,0x000a0580,1533,0x00bfa000,12558336
688981,0x000a0590,2515,0x013a6000,20602880
241968,0x000a05a0,5897,0x02e12000,48308224
244670,0x000a05b0,7272,0x038d0000,59572224
244719,0x000a05c0,7299,0x03906000,59793408
510190,0x000a05d0,8090,0x03f34000,66273280
603529,0x000a0600,1534,0x00bfc000,12566528
019813,0x000a0610,2729,0x01552000,22355968
241969,0x000a0620,5898,0x02e14000,48316416
601908,0x000a0780,1139,0x008e6000,9330688
236780,0x000a0790,4749,0x0251a000,38903808
244674,0x000a07a0,7273,0x038d2000,59580416
601860,0x000a0800,1121,0x008c2000,9183232
160400,0x000a0810,3699,0x01ce6000,30302208
236781,0x000a0820,4750,0x0251c000,38912000
244675,0x000a0830,7274,0x038d4000,59588608
588930,0x000a0840,8901,0x0458a000,72916992
603486,0x000a0900,1514,0x00bd4000,12402688
244677,0x000a0910,7275,0x038d6000,59596800
603488,0x000a0a00,1515,0x00bd6000,12410880
152510,0x000a0a10,3438,0x01adc000,28164096
236785,0x000a0a20,4751,0x0251e000,38920192
244679,0x000a0a30,7276,0x038d8000,59604992
601865,0x000a0a80,1122,0x008c4000,9191424
603489,0x000a0a90,1516,0x00bd8000,12419072
236786,0x000a0aa0,4752,0x02520000,38928384
601866,0x000a0b00,1123,0x008c6000,9199616
152512,0x000a0b10,3439,0x01ade000,28172288
245801,0x000a0b20,7795,0x03ce6000,63856640
601868,0x000a0c00,1124,0x008c8000,9207808
152514,0x000a0c10,3440,0x01ae0000,28180480
601869,0x000a0c80,1125,0x008ca000,9216000
019770,0x000a0c90,2703,0x0151e000,22142976
152515,0x000a0ca0,3441,0x01ae2000,28188672
588890,0x000a0cb0,8897,0x04582000,72884224
019771,0x000a0d00,2704,0x01520000,22151168
136735,0x000a0d10,3083,0x01816000,25255936
019772,0x000a0d80,2705,0x01522000,22159360
271056,0x000a0d90,7862,0x03d6c000,64405504
518860,0x000a0da0,8490,0x04254000,69550080
152518,0x000a0e00,3442,0x01ae4000,28196864
019774,0x000a0e80,2706,0x01524000,22167552
152470,0x000a0e90,3425,0x01ac2000,28057600
245808,0x000a0ea0,7796,0x03ce8000,63864832
019775,0x000a0f00,2707,0x01526000,22175744
152471,0x000a0f10,3426,0x01ac4000,28065792
245809,0x000a0f20,7797,0x03cea000,63873024
019776,0x000a0f80,2708,0x01528000,22183936
184535,0x000a0f90,4111,0x0201e000,33677312
245761,0x000a0fa0,7783,0x03cce000,63758336
019778,0x000f3080,2709,0x0152a000,22192128
152474,0x000f3090,3427,0x01ac6000,28073984
163112,0x000f30a0,3719,0x01d0e000,30466048
512410,0x000f30b0,8184,0x03ff0000,67043328
019779,0x000f3100,2710,0x0152c000,22200320
152476,0x000f3180,3428,0x01ac8000,28082176
184539,0x000f3190,4112,0x02020000,33685504
163115,0x000f3200,3720,0x01d10000,30474240
184491,0x000f3210,4092,0x01ff8000,33521664
751930,0x000f3280,9180,0x047b8000,75202560
155181,0x000f3300,3619,0x01c46000,29646848
560210,0x000f3310,8588,0x04318000,70352896
136699,0x000f3380,3078,0x0180c000,25214976
175837,0x000f3390,3878,0x01e4c000,31768576
184497,0x000f3500,4093,0x01ffa000,33529856
512370,0x000f3510,8180,0x03fe8000,67010560
751936,0x000f3580,9181,0x047ba000,75210752
184499,0x000f3600,4094,0x01ffc000,33538048
589980,0x000f3610,8968,0x04610000,73465856
137827,0x000f3780,3166,0x018bc000,25935872
560170,0x000f3790,8585,0x04312000,70328320
515120,0x000f3800,8314,0x040f4000,68108288
185625,0x000f3900,4334,0x021dc000,35504128
242020,0x000f3980,5928,0x02e50000,48562176
137783,0x000f3a00,3161,0x018b2000,25894912
242021,0x000f3a10,5929,0x02e52000,48570368
513500,0x000f3a20,8266,0x04094000,67715072
232511,0x000f3a80,4604,0x023f8000,37715968
242022,0x000f3a90,5930,0x02e54000,48578560
232512,0x000f3b00,4605,0x023fa000,37724160
242023,0x000f3b10,5931,0x02e56000,48586752
242024,0x000f3b80,5932,0x02e58000,48594944
115550,0x000f3c00,2845,0x0163a000,23306240
185582,0x000f3c10,4324,0x021c8000,35422208
240401,0x000f3c20,4956,0x026b8000,40599552
137788,0x000f3c80,3162,0x018b4000,25903104
185583,0x000f3c90,4325,0x021ca000,35430400
240402,0x000f3ca0,4957,0x026ba000,40607744
515080,0x000f3cb0,8310,0x040ec000,68075520
561300,0x000f3cc0,8674,0x043c4000,71057408
115552,0x000f3d00,2846,0x0163c000,23314432
185584,0x000f3d10,4326,0x021cc000,35438592
530050,0x000f3d20,8546,0x042c4000,70008832
240404,0x000f3d80,4958,0x026bc000,40615936
242028,0x000f3d90,5933,0x02e5a000,48603136
185586,0x000f3e00,4327,0x021ce000,35446784
242029,0x000f3e10,5934,0x02e5c000,48611328
115557,0x000f3f80,2847,0x0163e000,23322624
240408,0x000f3f90,4959,0x026be000,40624128
243110,0x000f3fa0,6503,0x032ce000,53272576
240360,0x000f4000,4937,0x02692000,40443904
240409,0x000f4010,4960,0x026c0000,40632320
115559,0x000f4080,2848,0x01640000,23330816
138916,0x000f4090,3238,0x0194c000,26525696
240361,0x000f40a0,4938,0x02694000,40452096
240362,0x000f4100,4939,0x02696000,40460288
561260,0x000f4110,8672,0x043c0000,71041024
243114,0x000f4180,6504,0x032d0000,53280768
516210,0x000f4190,8392,0x04190000,68747264
600300,0x000f4200,405,0x0032a000,3317760
186714,0x000f4210,4428,0x02298000,36274176
240364,0x000f4220,4940,0x02698000,40468480
243115,0x000f4230,6505,0x032d2000,53288960
600301,0x000f4280,406,0x0032c000,3325952
600302,0x000f4300,407,0x0032e000,3334144
240366,0x000f4310,4941,0x0269a000,40476672
243117,0x000f4320,6506,0x032d4000,53297152
600303,0x000f4380,408,0x00330000,3342336
240367,0x000f4390,4942,0x0269c000,40484864
243118,0x000f43a0,6507,0x032d6000,53305344
240368,0x000f4400,4943,0x0269e000,40493056
243119,0x000f4410,6508,0x032d8000,53313536
600305,0x000f4480,409,0x00332000,3350528
243071,0x000f4490,6478,0x0329c000,53067776
243072,0x000f4500,6479,0x0329e000,53075968
600307,0x000f4580,410,0x00334000,3358720
600308,0x000f4600,411,0x00336000,3366912
243074,0x000f4610,6480,0x032a0000,53084160
600309,0x000f4680,412,0x00338000,3375104
600261,0x000f4700,378,0x002f4000,3096576
230856,0x000f4710,4541,0x0237a000,37199872
243076,0x000f4720,6481,0x032a2000,53092352
600262,0x000f4780,379,0x002f6000,3104768
243077,0x000f4790,6482,0x032a4000,53100544
243078,0x000f4800,6483,0x032a6000,53108736
526000,0x000f4810,8540,0x042b8000,69959680
688510,0x000f4880,2299,0x011f6000,18833408
152991,0x000f4890,3601,0x01c22000,29499392
243079,0x000f48a0,6484,0x032a8000,53116928
600265,0x000f4900,380,0x002f8000,3112960
688511,0x000f4910,2300,0x011f8000,18841600
152992,0x000f4920,3602,0x01c24000,29507584
600266,0x000f4980,381,0x002fa000,3121152
603010,0x000f4990,1179,0x00936000,9658368
688512,0x000f49a0,2301,0x011fa000,18849792
152993,0x000f49b0,3603,0x01c26000,29515776
173149,0x000f49c0,3805,0x01dba000,31170560
241450,0x000f49d0,5611,0x02bd6000,45965312
600267,0x000f4a00,382,0x002fc000,3129344
603011,0x000f4a10,1180,0x00938000,9666560
688513,0x000f4a20,2302,0x011fc000,18857984
152994,0x000f4a30,3604,0x01c28000,29523968
157369,0x000f4a40,3682,0x01cc4000,30162944
241451,0x000f4a50,5612,0x02bd8000,45973504
512930,0x000f4a60,8222,0x0403c000,67354624
600268,0x000f4a80,383,0x002fe000,3137536
603012,0x000f4a90,1181,0x0093a000,9674752
152995,0x000f4aa0,3605,0x01c2a000,29532160
241452,0x000f4ab0,5613,0x02bda000,45981696
562350,0x000f4ac0,8734,0x0443c000,71548928
600269,0x000f4b00,384,0x00300000,3145728
603013,0x000f4b10,1182,0x0093c000,9682944
688515,0x000f4b20,2303,0x011fe000,18866176
127240,0x000f4b30,3012,0x01788000,24674304
244204,0x000f4b40,7041,0x03702000,57679872
517300,0x000f4b50,8468,0x04228000,69369856
603014,0x000f4b80,1183,0x0093e000,9691136
688516,0x000f4b90,2304,0x01200000,18874368
603015,0x000f4c00,1184,0x00940000,9699328
688517,0x000f4c10,2305,0x01202000,18882560
603016,0x000f4c80,1185,0x00942000,9707520
688518,0x000f4c90,2306,0x01204000,18890752
233569,0x000f4ca0,4649,0x02452000,38084608
560730,0x000f4cb0,8632,0x04370000,70713344
603017,0x000f4d00,1186,0x00944000,9715712
688519,0x000f4d10,2307,0x01206000,18898944
147857,0x000f4d20,3309,0x019da000,27107328
603018,0x000f4d80,1187,0x00946000,9723904
241458,0x000f4d90,5614,0x02bdc000,45989888
603019,0x000f4e00,1188,0x00948000,9732096
688472,0x000f4e10,2277,0x011ca000,18653184
163592,0x000f4e80,3765,0x01d6a000,30842880
244162,0x000f4e90,7018,0x036d4000,57491456
512890,0x000f4ea0,8219,0x04036000,67330048
688475,0x000f4f80,2278,0x011cc000,18661376
242540,0x000f4f90,6205,0x0307a000,50831360
244164,0x000f4fa0,7019,0x036d6000,57499648
600106,0x0010c000,269,0x0021a000,2203648
600107,0x0010c010,270,0x0021c000,2211840
600108,0x0010c020,271,0x0021e000,2220032
600109,0x0010c030,272,0x00220000,2228224
600110,0x0010c040,273,0x00222000,2236416
600111,0x0010c050,274,0x00224000,2244608
600113,0x0010c060,275,0x00226000,2252800
600114,0x0010c070,276,0x00228000,2260992
600115,0x0010c080,277,0x0022a000,2269184
600116,0x0010c090,278,0x0022c000,2277376
600117,0x0010c0a0,279,0x0022e000,2285568
600118,0x0010c0b0,280,0x00230000,2293760
600119,0x0010c0c0,281,0x00232000,2301952
600120,0x0010c0d0,282,0x00234000,2310144
600121,0x0010c0e0,283,0x00236000,2318336
600123,0x0010c0f0,284,0x00238000,2326528
600125,0x0010c100,285,0x0023a000,2334720
600126,0x0010c110,289,0x00242000,2367488
600127,0x0010c120,290,0x00244000,2375680
600128,0x0010c130,291,0x00246000,2383872
600129,0x0010c140,292,0x00248000,2392064
600130,0x0010c150,293,0x0024a000,2400256
600131,0x0010c160,294,0x0024c000,2408448
600132,0x0010c170,295,0x0024e000,2416640
600133,0x0010c180,296,0x00250000,2424832
600135,0x0010c190,297,0x00252000,2433024
600136,0x0010c1a0,298,0x00254000,2441216
600137,0x0010c1b0,299,0x00256000,2449408
600138,0x0010c1c0,300,0x00258000,2457600
600141,0x0010c1d0,301,0x0025a000,2465792
600143,0x0010c1e0,302,0x0025c000,2473984
600148,0x0010c1f0,303,0x0025e000,2482176
600149,0x0010c200,304,0x00260000,2490368
600150,0x0010c210,305,0x00262000,2498560
600151,0x0010c220,306,0x00264000,2506752
600152,0x0010c230,307,0x00266000,2514944
600153,0x0010c240,308,0x00268000,2523136
600155,0x0010c250,309,0x0026a000,2531328
600156,0x0010c260,310,0x0026c000,2539520
600157,0x0010c270,311,0x0026e000,2547712
600158,0x0010c280,312,0x00270000,2555904
600159,0x0010c290,313,0x00272000,2564096
600160,0x0010c2a0,314,0x00274000,2572288
600161,0x0010c2b0,315,0x00276000,2580480
600162,0x0010c2c0,316,0x00278000,2588672
600163,0x0010c2d0,317,0x0027a000,2596864
600165,0x0010c2e0,318,0x0027c000,2605056
600166,0x0010c2f0,319,0x0027e000,2613248
600167,0x0010c300,320,0x00280000,2621440
600168,0x0010c310,321,0x00282000,2629632
600169,0x0010c320,322,0x00284000,2637824
600170,0x0010c330,323,0x00286000,2646016
600171,0x0010c340,324,0x00288000,2654208
600172,0x0010c350,325,0x0028a000,2662400
600173,0x0010c360,326,0x0028c000,2670592
600176,0x0010c370,327,0x0028e000,2678784
600177,0x0010c380,328,0x00290000,2686976
600178,0x0010c390,329,0x00292000,2695168
600179,0x0010c3a0,330,0x00294000,2703360
600180,0x0010c3b0,331,0x00296000,2711552
600182,0x0010c3c0,332,0x00298000,2719744
600183,0x0010c3d0,333,0x0029a000,2727936
600184,0x0010c3e0,334,0x0029c000,2736128
600185,0x0010c3f0,335,0x0029e000,2744320
600186,0x0010c400,336,0x002a0000,2752512
600187,0x0010c410,337,0x002a2000,2760704
600188,0x0010c420,338,0x002a4000,2768896
600189,0x0010c430,339,0x002a6000,2777088
600190,0x0010c440,340,0x002a8000,2785280
600191,0x0010c450,341,0x002aa000,2793472
600192,0x0010c460,342,0x002ac000,2801664
600193,0x0010c470,343,0x002ae000,2809856
600195,0x0010c480,344,0x002b0000,2818048
600196,0x0010c490,345,0x002b2000,2826240
600197,0x0010c4a0,346,0x002b4000,2834432
600198,0x0010c4b0,347,0x002b6000,2842624
600199,0x0010c4c0,348,0x002b8000,2850816
600200,0x0010c4d0,349,0x002ba000,2859008
600201,0x0010c4e0,350,0x002bc000,2867200
600202,0x0010c4f0,351,0x002be000,2875392
600203,0x0010c500,352,0x002c0000,2883584
600206,0x0010c510,353,0x002c2000,2891776
600207,0x0010c520,354,0x002c4000,2899968
600208,0x0010c530,355,0x002c6000,2908160
600210,0x0010c540,356,0x002c8000,2916352
600211,0x0010c550,357,0x002ca000,2924544
600212,0x0010c560,358,0x002cc000,2932736
600215,0x0010c570,359,0x002ce000,2940928
600216,0x0010c580,360,0x002d0000,2949120
600217,0x0010c590,361,0x002d2000,2957312
600218,0x0010c5a0,362,0x002d4000,2965504
600219,0x0010c5b0,363,0x002d6000,2973696
600221,0x0010c5c0,364,0x002d8000,2981888
600222,0x0010c5d0,365,0x002da000,2990080
600223,0x0010c5e0,366,0x002dc000,2998272
600226,0x0010c5f0,367,0x002de000,3006464
600227,0x0010c600,368,0x002e0000,3014656
600228,0x0010c610,369,0x002e2000,3022848
600229,0x0010c620,370,0x002e4000,3031040
600230,0x0010c630,371,0x002e6000,3039232
600231,0x0010c640,372,0x002e8000,3047424
600232,0x0010c650,373,0x002ea000,3055616
600233,0x0010c660,375,0x002ee000,3072000
600234,0x0010c670,376,0x002f0000,3080192
600235,0x0010c680,377,0x002f2000,3088384
600236,0x0010c690,378,0x002f4000,3096576
600237,0x0010c6a0,379,0x002f6000,3104768
600238,0x0010c6b0,380,0x002f8000,3112960
600239,0x0010c6c0,381,0x002fa000,3121152
600241,0x0010c6d0,382,0x002fc000,3129344
600243,0x0010c6e0,387,0x00306000,3170304
600246,0x0010c6f0,388,0x00308000,3178496
600248,0x0010c700,389,0x0030a000,3186688
600249,0x0010c710,390,0x0030c000,3194880
600250,0x0010c720,391,0x0030e000,3203072
600251,0x0010c730,392,0x00310000,3211264
600252,0x0010c740,393,0x00312000,3219456
600255,0x0010c750,394,0x00314000,3227648
600256,0x0010c760,395,0x00316000,3235840
600257,0x0010c770,396,0x00318000,3244032
600258,0x0010c780,397,0x0031a000,3252224
600259,0x0010c790,398,0x0031c000,3260416
600261,0x0010c7a0,399,0x0031e000,3268608
600262,0x0010c7b0,400,0x00320000,3276800
600265,0x0010c7c0,401,0x00322000,3284992
600266,0x0010c7d0,402,0x00324000,3293184
600267,0x0010c7e0,403,0x00326000,3301376
600268,0x0010c7f0,404,0x00328000,3309568
600269,0x0010c800,405,0x0032a000,3317760
600271,0x0010c810,406,0x0032c000,3325952
600272,0x0010c820,407,0x0032e000,3334144
600273,0x0010c830,408,0x00330000,3342336
600276,0x0010c840,409,0x00332000,3350528
600278,0x0010c850,410,0x00334000,3358720
600279,0x0010c860,411,0x00336000,3366912
600280,0x0010c870,412,0x00338000,3375104
600281,0x0010c880,413,0x0033a000,3383296
600282,0x0010c890,414,0x0033c000,3391488
600283,0x0010c8a0,415,0x0033e000,3399680
600284,0x0010c8b0,416,0x00340000,3407872
600285,0x0010c8c0,417,0x00342000,3416064
600287,0x0010c8d0,418,0x00344000,3424256
600288,0x0010c8e0,419,0x00346000,3432448
600289,0x0010c8f0,420,0x00348000,3440640
600292,0x0010c900,421,0x0034a000,3448832
600293,0x0010c910,422,0x0034c000,3457024
600295,0x0010c920,423,0x0034e000,3465216
600298,0x0010c930,424,0x00350000,3473408
600299,0x0010c940,425,0x00352000,3481600
600300,0x0010c950,426,0x00354000,3489792
600301,0x0010c960,427,0x00356000,3497984
600302,0x0010c970,428,0x00358000,3506176
600303,0x0010c980,429,0x0035a000,3514368
600305,0x0010c990,430,0x0035c000,3522560
600307,0x0010c9a0,431,0x0035e000,3530752
600308,0x0010c9b0,432,0x00360000,3538944
600309,0x0010c9c0,433,0x00362000,3547136
600310,0x0010c9d0,434,0x00364000,3555328
600312,0x0010c9e0,435,0x00366000,3563520
600313,0x0010c9f0,436,0x00368000,3571712
600315,0x0010ca00,437,0x0036a000,3579904
600316,0x0010ca10,438,0x0036c000,3588096
600318,0x0010ca20,439,0x0036e000,3596288
600319,0x0010ca30,440,0x00370000,3604480
600320,0x0010ca40,441,0x00372000,3612672
600322,0x0010ca50,442,0x00374000,3620864
600323,0x0010ca60,443,0x00376000,3629056
600325,0x0010ca70,444,0x00378000,3637248
600326,0x0010ca80,445,0x0037a000,3645440
600327,0x0010ca90,446,0x0037c000,3653632
600328,0x0010caa0,447,0x0037e000,3661824
600329,0x0010cab0,448,0x00380000,3670016
600330,0x0010cac0,449,0x00382000,3678208
600331,0x0010cad0,450,0x00384000,3686400
600332,0x0010cae0,451,0x00386000,3694592
600333,0x0010caf0,452,0x00388000,3702784
600335,0x0010cb00,453,0x0038a000,3710976
600336,0x0010cb10,454,0x0038c000,3719168
600337,0x0010cb20,455,0x0038e000,3727360
600338,0x0010cb30,456,0x00390000,3735552
600339,0x0010cb40,457,0x00392000,3743744
600340,0x0010cb50,458,0x00394000,3751936
600343,0x0010cb60,459,0x00396000,3760128
600345,0x0010cb70,460,0x00398000,3768320
600346,0x0010cb80,461,0x0039a000,3776512
600348,0x0010cb90,462,0x0039c000,3784704
600350,0x0010cba0,463,0x0039e000,3792896
600351,0x0010cbb0,464,0x003a0000,3801088
600352,0x0010cbc0,465,0x003a2000,3809280
600353,0x0010cbd0,466,0x003a4000,3817472
600354,0x0010cbe0,467,0x003a6000,3825664
600355,0x0010cbf0,468,0x003a8000,3833856
600356,0x0010cc00,469,0x003aa000,3842048
600358,0x0010cc10,470,0x003ac000,3850240
600359,0x0010cc20,471,0x003ae000,3858432
600360,0x0010cc30,472,0x003b0000,3866624
600361,0x0010cc40,473,0x003b2000,3874816
600362,0x0010cc50,474,0x003b4000,3883008
600363,0x0010cc60,475,0x003b6000,3891200
600365,0x0010cc70,476,0x003b8000,3899392
600366,0x0010cc80,477,0x003ba000,3907584
600367,0x0010cc90,478,0x003bc000,3915776
600368,0x0010cca0,479,0x003be000,3923968
600369,0x0010ccb0,480,0x003c0000,3932160
600370,0x0010ccc0,481,0x003c2000,3940352
600371,0x0010ccd0,482,0x003c4000,3948544
600372,0x0010cce0,483,0x003c6000,3956736
600373,0x0010ccf0,484,0x003c8000,3964928
600375,0x0010cd00,485,0x003ca000,3973120
600376,0x0010cd10,486,0x003cc000,3981312
600377,0x0010cd20,487,0x003ce000,3989504
600378,0x0010cd30,488,0x003d0000,3997696
600379,0x0010cd40,489,0x003d2000,4005888
600380,0x0010cd50,490,0x003d4000,4014080
600381,0x0010cd60,491,0x003d6000,4022272
600382,0x0010cd70,492,0x003d8000,4030464
600383,0x0010cd80,493,0x003da000,4038656
600386,0x0010cd90,494,0x003dc000,4046848
600387,0x0010cda0,495,0x003de000,4055040
600388,0x0010cdb0,496,0x003e0000,4063232
600389,0x0010cdc0,497,0x003e2000,4071424
600390,0x0010cdd0,498,0x003e4000,4079616
600391,0x0010cde0,499,0x003e6000,4087808
600392,0x0010cdf0,500,0x003e8000,4096000
600395,0x0010ce00,501,0x003ea000,4104192
600396,0x0010ce10,502,0x003ec000,4112384
600397,0x0010ce20,503,0x003ee000,4120576
600398,0x0010ce30,504,0x003f0000,4128768
600399,0x0010ce40,505,0x003f2000,4136960
600400,0x0010ce50,506,0x003f4000,4145152
600403,0x0010ce60,507,0x003f6000,4153344
600405,0x0010ce70,508,0x003f8000,4161536
600406,0x0010ce80,509,0x003fa000,4169728
600408,0x0010ce90,510,0x003fc000,4177920
600409,0x0010cea0,511,0x003fe000,4186112
600410,0x0010ceb0,512,0x00400000,4194304
600415,0x0010cec0,513,0x00402000,4202496
600416,0x0010ced0,514,0x00404000,4210688
600418,0x0010cee0,515,0x00406000,4218880
600419,0x0010cef0,516,0x00408000,4227072
600420,0x0010cf00,517,0x0040a000,4235264
600421,0x0010cf10,518,0x0040c000,4243456
600422,0x0010cf20,519,0x0040e000,4251648
600423,0x0010cf30,520,0x00410000,4259840
600425,0x0010cf40,521,0x00412000,4268032
600426,0x0010cf50,522,0x00414000,4276224
600428,0x0010cf60,523,0x00416000,4284416
600429,0x0010cf70,524,0x00418000,4292608
600433,0x0010cf80,525,0x0041a000,4300800
600435,0x0010cf90,526,0x0041c000,4308992
600436,0x0010cfa0,527,0x0041e000,4317184
600438,0x0010cfb0,528,0x00420000,4325376
600439,0x0010cfc0,529,0x00422000,4333568
600444,0x0010cfd0,530,0x00424000,4341760
600446,0x0010cfe0,531,0x00426000,4349952
600448,0x0010cff0,532,0x00428000,4358144
242541,0x0011e000,6206,0x0307c000,50839552
244165,0x0011e010,7020,0x036d8000,57507840
588420,0x0011e020,8864,0x04540000,72613888
242542,0x0011e080,6207,0x0307e000,50847744
244166,0x0011e090,7021,0x036da000,57516032
688478,0x0011e100,2279,0x011ce000,18669568
560690,0x0011e110,8628,0x04368000,70680576
688479,0x0011e180,2280,0x011d0000,18677760
244168,0x0011e190,7022,0x036dc000,57524224
515640,0x0011e1a0,8348,0x04138000,68386816
242546,0x0011e280,6208,0x03080000,50855936
242547,0x0011e300,6209,0x03082000,50864128
501300,0x0011e310,9332,0x048e8000,76447744
242548,0x0011e380,6210,0x03084000,50872320
501301,0x0011e390,9333,0x048ea000,76455936
242549,0x0011e400,6211,0x03086000,50880512
501302,0x0011e410,9334,0x048ec000,76464128
019309,0x0011e480,2589,0x0143a000,21209088
588380,0x0011e490,8860,0x04538000,72581120
501303,0x0011e4a0,9335,0x048ee000,76472320
184021,0x0011e580,3896,0x01e70000,31916032
501305,0x0011e590,9336,0x048f0000,76480512
184022,0x0011e600,3897,0x01e72000,31924224
240922,0x0011e610,5265,0x02922000,43130880
501306,0x0011e620,9337,0x048f2000,76488704
240923,0x0011e680,5266,0x02924000,43139072
501307,0x0011e690,9338,0x048f4000,76496896
240924,0x0011e700,5267,0x02926000,43147264
245250,0x0011e710,7575,0x03b2e000,62054400
240926,0x0011e800,5268,0x02928000,43155456
513980,0x0011e810,8300,0x040d8000,67993600
184027,0x0011e880,3898,0x01e74000,31932416
240927,0x0011e890,5269,0x0292a000,43163648
184028,0x0011e900,3899,0x01e76000,31940608
240928,0x0011e910,5270,0x0292c000,43171840
243630,0x0011e920,6765,0x034da000,55418880
245254,0x0011e930,7576,0x03b30000,62062592
243631,0x0011e980,6766,0x034dc000,55427072
243632,0x0011ea00,6767,0x034de000,55435264
232995,0x0011ea80,4627,0x02426000,37904384
245257,0x0011ea90,7577,0x03b32000,62070784
561780,0x0011eaa0,8707,0x04406000,71327744
240883,0x0011eb00,5241,0x028f2000,42934272
245258,0x0011eb10,7578,0x03b34000,62078976
516730,0x0011eb20,8430,0x041dc000,69058560
600820,0x0011eb80,817,0x00662000,6692864
243635,0x0011eb90,6768,0x034e0000,55443456
245259,0x0011eba0,7579,0x03b36000,62087168
600821,0x0011ec00,818,0x00664000,6701056
600822,0x0011ec80,819,0x00666000,6709248
240887,0x0011ed00,5242,0x028f4000,42942464
600824,0x0011ed80,820,0x00668000,6717440
240888,0x0011ed90,5243,0x028f6000,42950656
243590,0x0011eda0,6746,0x034b4000,55263232
243639,0x0011edb0,6769,0x034e2000,55451648
600825,0x0011ee00,821,0x0066a000,6725632
605151,0x0011ee10,1829,0x00e4a000,14983168
240889,0x0011ee20,5244,0x028f8000,42958848
243591,0x0011ee30,6747,0x034b6000,55271424
600826,0x0011ee80,822,0x0066c000,6733824
270011,0x0011ee90,7817,0x03d12000,64036864
600827,0x0011ef00,823,0x0066e000,6742016
243593,0x0011ef10,6748,0x034b8000,55279616
751380,0x0011ef20,9165,0x0479a000,75079680
600828,0x0011ef80,824,0x00670000,6750208
243594,0x0011ef90,6749,0x034ba000,55287808
562910,0x0011efa0,8759,0x0446e000,71753728
751381,0x0011efb0,9166,0x0479c000,75087872
600780,0x0011f000,783,0x0061e000,6414336
600829,0x0011f010,825,0x00672000,6758400
605155,0x0011f020,1830,0x00e4c000,14991360
243595,0x0011f030,6750,0x034bc000,55296000
270015,0x0011f080,7818,0x03d14000,64045056
600782,0x0011f100,784,0x00620000,6422528
127802,0x0011f110,3029,0x017aa000,24813568
243597,0x0011f120,6751,0x034be000,55304192
751384,0x0011f130,9167,0x0479e000,75096064
600783,0x0011f180,785,0x00622000,6430720
605158,0x0011f190,1831,0x00e4e000,14999552
185116,0x0011f1a0,4228,0x02108000,34635776
243598,0x0011f1b0,6752,0x034c0000,55312384
270017,0x0011f1c0,7819,0x03d16000,64053248
751385,0x0011f1d0,9168,0x047a0000,75104256
600784,0x0011f200,786,0x00624000,6438912
185117,0x0011f210,4229,0x0210a000,34643968
243599,0x0011f220,6753,0x034c2000,55320576
270018,0x0011f230,7820,0x03d18000,64061440
600785,0x0011f280,787,0x00626000,6447104
232001,0x0011f290,4575,0x023be000,37478400
244720,0x0011f2a0,7300,0x03908000,59801600
603530,0x0011f300,1535,0x00bfe000,12574720
185119,0x0011f310,4230,0x0210c000,34652160
600787,0x0011f380,788,0x00628000,6455296
115040,0x0011f400,2779,0x015b6000,22765568
241972,0x0011f410,5899,0x02e16000,48324608
244723,0x0011f420,7301,0x0390a000,59809792
562870,0x0011f430,8755,0x04466000,71720960
600789,0x0011f480,789,0x0062a000,6463488
603533,0x0011f490,1536,0x00c00000,12582912
115041,0x0011f4a0,2780,0x015b8000,22773760
185073,0x0011f4b0,4220,0x020f8000,34570240
241973,0x0011f4c0,5900,0x02e18000,48332800
244724,0x0011f4d0,7302,0x0390c000,59817984
185074,0x0011f500,4221,0x020fa000,34578432
603535,0x0011f580,1537,0x00c02000,12591104
241975,0x0011f590,5901,0x02e1a000,48340992
603536,0x0011f600,1538,0x00c04000,12599296
019820,0x0011f610,2730,0x01554000,22364160
241976,0x0011f620,5902,0x02e1c000,48349184
244727,0x0011f630,7303,0x0390e000,59826176
185077,0x0011f680,4222,0x020fc000,34586624
241977,0x0011f690,5903,0x02e1e000,48357376
244728,0x0011f6a0,7304,0x03910000,59834368
603538,0x0011f700,1539,0x00c06000,12607488
244680,0x0011f710,7277,0x038da000,59613184
244729,0x0011f720,7305,0x03912000,59842560
244681,0x0011f780,7278,0x038dc000,59621376
601916,0x0011f800,1140,0x008e8000,9338880
115048,0x0011f810,2781,0x015ba000,22781952
244682,0x0011f820,7279,0x038de000,59629568
244683,0x0011f880,7280,0x038e0000,59637760
601918,0x0011f900,1141,0x008ea000,9347072
127769,0x0011f910,3026,0x017a4000,24788992
601919,0x0011f980,1142,0x008ec000,9355264
019827,0x0011f990,2731,0x01556000,22372352
244685,0x0011f9a0,7281,0x038e2000,59645952
588940,0x0011f9b0,8902,0x0458c000,72925184
019828,0x0011fa00,2732,0x01558000,22380544
601872,0x0011fa80,1126,0x008cc000,9224192
603496,0x0011fa90,1517,0x00bda000,12427264
019829,0x0011faa0,2733,0x0155a000,22388736
244687,0x0011fab0,7282,0x038e4000,59654144
244688,0x0011fb00,7283,0x038e6000,59662336
271107,0x0011fb10,7867,0x03d76000,64446464
186207,0x0011fb80,4423,0x0228e000,36233216
603499,0x0011fc00,1518,0x00bdc000,12435456
152522,0x0011fc80,3443,0x01ae6000,28205056
245811,0x0011fc90,7798,0x03cec000,63881216
601877,0x0011fd00,1127,0x008ce000,9232384
601878,0x0011fd80,1128,0x008d0000,9240576
563960,0x0011fd90,8820,0x044e8000,72253440
019780,0x0011fe00,2711,0x0152e000,22208512
122401,0x0011fe10,2987,0x01756000,24469504
152525,0x0011fe20,3444,0x01ae8000,28213248
160370,0x0011fe30,3698,0x01ce4000,30294016
245814,0x0011fe40,7799,0x03cee000,63889408
271064,0x0011fe50,7863,0x03d6e000,64413696
019781,0x0011fe80,2712,0x01530000,22216704
152526,0x0011fe90,3445,0x01aea000,28221440
245815,0x0011fea0,7800,0x03cf0000,63897600
019782,0x0011ff00,2713,0x01532000,22224896
184541,0x0011ff10,4113,0x02022000,33693696
019783,0x0011ff80,2714,0x01534000,22233088
152528,0x0011ff90,3446,0x01aec000,28229632
184542,0x0011ffa0,4114,0x02024000,33701888
019784,0x00120000,2715,0x01536000,22241280
122405,0x00120010,2988,0x01758000,24477696
688001,0x00120100,1900,0x00ed8000,15564800
019786,0x00120110,2716,0x01538000,22249472
688002,0x00120180,1901,0x00eda000,15572992
019787,0x00120190,2717,0x0153a000,22257664
688003,0x00120200,1902,0x00edc000,15581184
019788,0x00120210,2718,0x0153c000,22265856
512420,0x00120220,8185,0x03ff2000,67051520
688004,0x00120280,1903,0x00ede000,15589376
019789,0x00120290,2719,0x0153e000,22274048
163123,0x001202a0,3721,0x01d12000,30482432
184548,0x001202b0,4115,0x02026000,33710080
245774,0x001202c0,7784,0x03cd0000,63766528
688005,0x00120300,1904,0x00ee0000,15597568
184549,0x00120310,4116,0x02028000,33718272
688006,0x00120380,1905,0x00ee2000,15605760
688007,0x00120400,1906,0x00ee4000,15613952
152488,0x00120410,3429,0x01aca000,28090368
510800,0x00120420,8124,0x03f78000,66551808
751940,0x00120430,9182,0x047bc000,75218944
688008,0x00120480,1907,0x00ee6000,15622144
245778,0x00120490,7785,0x03cd2000,63774720
560220,0x001204a0,8589,0x0431a000,70361088
751941,0x001204b0,9183,0x047be000,75227136
688009,0x00120500,1908,0x00ee8000,15630336
231436,0x00120510,4551,0x0238e000,37281792
245779,0x00120520,7786,0x03cd4000,63782912
137830,0x00120580,3167,0x018be000,25944064
137832,0x00120680,3168,0x018c0000,25952256
155195,0x00120690,3620,0x01c48000,29655040
512380,0x001206a0,8181,0x03fea000,67018752
155197,0x00120780,3621,0x01c4a000,29663232
589990,0x00120790,8969,0x04612000,73474048
137835,0x00120800,3169,0x018c2000,25960448
751948,0x00120810,9184,0x047c0000,75235328
510760,0x00120880,8122,0x03f74000,66535424
751949,0x00120890,9185,0x047c2000,75243520
560180,0x00120900,8586,0x04314000,70336512
185633,0x00120980,4335,0x021de000,35512320
515130,0x00120990,8315,0x040f6000,68116480
185634,0x00120a00,4336,0x021e0000,35520512
530100,0x00120a10,8549,0x042ca000,70033408
242032,0x00120c00,5935,0x02e5e000,48619520
185639,0x00120c80,4337,0x021e2000,35528704
242033,0x00120c90,5936,0x02e60000,48627712
115608,0x00120d00,2856,0x01650000,23396352
185591,0x00120d10,4328,0x021d0000,35454976
242034,0x00120d20,5937,0x02e62000,48635904
240411,0x00120d80,4961,0x026c2000,40640512
137798,0x00120e00,3163,0x018b6000,25911296
515090,0x00120e10,8311,0x040ee000,68083712
561310,0x00120e20,8675,0x043c6000,71065600
530060,0x00120e80,8547,0x042c6000,70017024
115563,0x00120f00,2849,0x01642000,23339008
242038,0x00120f10,5938,0x02e64000,48644096
240415,0x00120f80,4962,0x026c4000,40648704
242039,0x00120f90,5939,0x02e66000,48652288
240416,0x00176000,4963,0x026c6000,40656896
240417,0x00176080,4964,0x026c8000,40665088
240418,0x00176100,4965,0x026ca000,40673280
243120,0x00176110,6509,0x032da000,53321728
240370,0x00176180,4944,0x026a0000,40501248
243121,0x00176190,6510,0x032dc000,53329920
589000,0x001761a0,8907,0x04596000,72966144
240371,0x00176200,4945,0x026a2000,40509440
243122,0x00176210,6511,0x032de000,53338112
511850,0x00176220,8167,0x03fce000,66904064
551800,0x00176230,8569,0x042f2000,70197248
243123,0x00176280,6512,0x032e0000,53346304
520550,0x00176290,8497,0x04262000,69607424
240373,0x00176300,4946,0x026a4000,40517632
243124,0x00176310,6513,0x032e2000,53354496
516220,0x00176320,8393,0x04192000,68755456
600310,0x00176380,413,0x0033a000,3383296
230905,0x00176390,4544,0x02380000,37224448
243125,0x001763a0,6514,0x032e4000,53362688
186725,0x00176400,4429,0x0229a000,36282368
600312,0x00176480,414,0x0033c000,3391488
240376,0x00176490,4947,0x026a6000,40525824
243127,0x001764a0,6515,0x032e6000,53370880
600313,0x00176500,415,0x0033e000,3399680
243128,0x00176510,6516,0x032e8000,53379072
240378,0x00176580,4948,0x026a8000,40534016
600315,0x00176600,416,0x00340000,3407872
240379,0x00176610,4949,0x026aa000,40542208
243081,0x00176620,6485,0x032aa000,53125120
600316,0x00176680,417,0x00342000,3416064
138886,0x00176690,3235,0x01946000,26501120
241500,0x001766a0,5643,0x02c16000,46227456
243082,0x001766b0,6486,0x032ac000,53133312
157370,0x00176700,3683,0x01cc6000,30171136
243083,0x00176710,6487,0x032ae000,53141504
600318,0x00176780,418,0x00344000,3424256
241502,0x00176790,5644,0x02c18000,46235648
516180,0x001767a0,8389,0x0418a000,68722688
600319,0x00176800,419,0x00346000,3432448
241503,0x00176810,5645,0x02c1a000,46243840
600271,0x00176880,385,0x00302000,3153920
241504,0x00176890,5646,0x02c1c000,46252032
243086,0x001768a0,6488,0x032b0000,53149696
600272,0x00176900,386,0x00304000,3162112
241505,0x00176910,5647,0x02c1e000,46260224
243087,0x00176920,6489,0x032b2000,53157888
600273,0x00176980,387,0x00306000,3170304
243088,0x00176990,6490,0x032b4000,53166080
526010,0x001769a0,8541,0x042ba000,69967872
688520,0x00176a00,2308,0x01208000,18907136
243089,0x00176a10,6491,0x032b6000,53174272
688521,0x00176a80,2309,0x0120a000,18915328
241508,0x00176a90,5648,0x02c20000,46268416
600276,0x00176b00,388,0x00308000,3178496
603020,0x00176b10,1189,0x0094a000,9740288
688522,0x00176b20,2310,0x0120c000,18923520
233573,0x00176b30,4650,0x02454000,38092800
603021,0x00176b80,1190,0x0094c000,9748480
688523,0x00176b90,2311,0x0120e000,18931712
241461,0x00176ba0,5615,0x02bde000,45998080
512940,0x00176bb0,8223,0x0403e000,67362816
600278,0x00176c00,389,0x0030a000,3186688
603022,0x00176c10,1191,0x0094e000,9756672
241462,0x00176c20,5616,0x02be0000,46006272
244213,0x00176c30,7042,0x03704000,57688064
562360,0x00176c40,8735,0x0443e000,71557120
600279,0x00176c80,390,0x0030c000,3194880
603023,0x00176c90,1192,0x00950000,9764864
688525,0x00176ca0,2312,0x01210000,18939904
163644,0x00176cb0,3767,0x01d6e000,30859264
241463,0x00176cc0,5617,0x02be2000,46014464
688526,0x00176d00,2313,0x01212000,18948096
241464,0x00176d10,5618,0x02be4000,46022656
603025,0x00176d80,1193,0x00952000,9773056
603026,0x00176e00,1194,0x00954000,9781248
688528,0x00176e10,2314,0x01214000,18956288
231955,0x00176e20,4572,0x023b8000,37453824
244217,0x00176e30,7043,0x03706000,57696256
603027,0x00176e80,1195,0x00956000,9789440
688480,0x00176e90,2281,0x011d2000,18685952
688529,0x00176ea0,2315,0x01216000,18964480
244218,0x00176eb0,7044,0x03708000,57704448
603028,0x00176f00,1196,0x00958000,9797632
231957,0x00176f10,4573,0x023ba000,37462016
241468,0x00176f20,5619,0x02be6000,46030848
244219,0x00176f30,7045,0x0370a000,57712640
603029,0x00176f80,1197,0x0095a000,9805824
241469,0x00176f90,5620,0x02be8000,46039040
244171,0x00176fa0,7023,0x036de000,57532416
688484,0x0017f080,2282,0x011d4000,18694144
127258,0x0017f090,3013,0x0178a000,24682496
688485,0x0017f100,2283,0x011d6000,18702336
242550,0x0017f110,6212,0x03088000,50888704
601360,0x0017f180,1042,0x00824000,8536064
688486,0x0017f190,2284,0x011d8000,18710528
019310,0x0017f1a0,2590,0x0143c000,21217280
588430,0x0017f1b0,8865,0x04542000,72622080
688488,0x0017f280,2285,0x011da000,18718720
688489,0x0017f300,2286,0x011dc000,18726912
242554,0x0017f310,6213,0x0308a000,50896896
244178,0x0017f320,7024,0x036e0000,57540608
515650,0x0017f330,8349,0x0413a000,68395008
152010,0x0017f380,3311,0x019de000,27123712
242555,0x0017f390,6214,0x0308c000,50905088
152011,0x0017f400,3312,0x019e0000,27131904
245300,0x0017f410,7593,0x03b52000,62201856
601366,0x0017f480,1043,0x00826000,8544256
019316,0x0017f490,2591,0x0143e000,21225472
242557,0x0017f4a0,6215,0x0308e000,50913280
501310,0x0017f4b0,9339,0x048f6000,76505088
501311,0x0017f500,9340,0x048f8000,76513280
601368,0x0017f580,1044,0x00828000,8552448
188860,0x0017f590,4502,0x0232c000,36880384
188909,0x0017f5a0,4510,0x0233c000,36945920
242559,0x0017f5b0,6216,0x03090000,50921472
501312,0x0017f5c0,9341,0x048fa000,76521472
601369,0x0017f600,1045,0x0082a000,8560640
019319,0x0017f610,2592,0x01440000,21233664
588390,0x0017f620,8861,0x0453a000,72589312
184030,0x0017f680,3900,0x01e78000,31948800
240930,0x0017f690,5271,0x0292e000,43180032
240932,0x0017f780,5272,0x02930000,43188224
184033,0x0017f800,3901,0x01e7a000,31956992
530580,0x0017f810,8555,0x042d6000,70082560
184034,0x0017f880,3902,0x01e7c000,31965184
188866,0x0017f890,4503,0x0232e000,36888576
245260,0x0017f8a0,7580,0x03b38000,62095360
245309,0x0017f8b0,7594,0x03b54000,62210048
240935,0x0017f900,5273,0x02932000,43196416
136192,0x0017f980,3054,0x017dc000,25018368
240936,0x0017f990,5274,0x02934000,43204608
513990,0x0017f9a0,8301,0x040da000,68001792
188869,0x0017fa00,4504,0x02330000,36896768
240937,0x0017fa10,5275,0x02936000,43212800
240938,0x0017fa80,5276,0x02938000,43220992
184039,0x0017fb00,3903,0x01e7e000,31973376
245265,0x0017fb10,7581,0x03b3a000,62103552
589520,0x0017fb20,8947,0x045e6000,73293824
245266,0x0017fb80,7582,0x03b3c000,62111744
561790,0x0017fc00,8708,0x04408000,71335936
240893,0x0017fc80,5245,0x028fa000,42967040
243644,0x0017fc90,6770,0x034e4000,55459840
245268,0x0017fca0,7583,0x03b3e000,62119936
600830,0x0017fd00,826,0x00674000,6766592
600831,0x0017fd80,827,0x00676000,6774784
240895,0x0017fd90,5246,0x028fc000,42975232
240896,0x0017fe00,5247,0x028fe000,42983424
243647,0x0017fe10,6771,0x034e6000,55468032
600833,0x0017fe80,828,0x00678000,6782976
605208,0x0017fe90,1848,0x00e70000,15138816
243648,0x0017fea0,6772,0x034e8000,55476224
600834,0x0017ff00,829,0x0067a000,6791168
240898,0x0017ff10,5248,0x02900000,42991616
600835,0x0017ff80,830,0x0067c000,6799360
240899,0x0017ff90,5249,0x02902000,42999808
270020,0x0017ffa0,7821,0x03d1a000,64069632
605162,0x00180000,1832,0x00e50000,15007744
270021,0x00180010,7822,0x03d1c000,64077824
600838,0x00180100,831,0x0067e000,6807552
562920,0x00180110,8760,0x04470000,71761920
600790,0x00180180,790,0x0062c000,6471680
600839,0x00180190,832,0x00680000,6815744
600791,0x00180200,791,0x0062e000,6479872
605166,0x00180210,1833,0x00e52000,15015936
270025,0x00180220,7823,0x03d1e000,64086016
600792,0x00180280,792,0x00630000,6488064
605167,0x00180290,1834,0x00e54000,15024128
600793,0x00180300,793,0x00632000,6496256
605168,0x00180310,1835,0x00e56000,15032320
600794,0x00180380,794,0x00634000,6504448
605169,0x00180390,1836,0x00e58000,15040512
270028,0x001803a0,7824,0x03d20000,64094208
513000,0x001803b0,8229,0x0404a000,67411968
600795,0x00180400,795,0x00636000,6512640
244730,0x00180410,7306,0x03914000,59850752
600796,0x00180480,796,0x00638000,6520832
173679,0x00180490,3834,0x01df4000,31408128
241980,0x001804a0,5904,0x02e20000,48365568
244731,0x001804b0,7307,0x03916000,59858944
600797,0x00180500,797,0x0063a000,6529024
241981,0x00180510,5905,0x02e22000,48373760
244732,0x00180520,7308,0x03918000,59867136
600798,0x00180580,798,0x0063c000,6537216
143550,0x00180590,3276,0x01998000,26836992
562880,0x001805a0,8756,0x04468000,71729152
115051,0x00180600,2782,0x015bc000,22790144
143551,0x00180610,3277,0x0199a000,26845184
244734,0x00180620,7309,0x0391a000,59875328
601921,0x00180700,1143,0x008ee000,9363456
241985,0x00180710,5906,0x02e24000,48381952
019830,0x00180780,2734,0x0155c000,22396928
127773,0x00180790,3027,0x017a6000,24797184
244737,0x001807a0,7310,0x0391c000,59883520
000847,0x00180800,163,0x00146000,1335296
019831,0x00180810,2735,0x0155e000,22405120
241987,0x00180820,5907,0x02e26000,48390144
019832,0x00180880,2736,0x01560000,22413312
244690,0x00180890,7284,0x038e8000,59670528
244739,0x001808a0,7311,0x0391e000,59891712
000849,0x00180900,164,0x00148000,1343488
019833,0x00180910,2737,0x01562000,22421504
244691,0x00180920,7285,0x038ea000,59678720
019834,0x00180980,2738,0x01564000,22429696
244692,0x00180990,7286,0x038ec000,59686912
019835,0x00180a00,2739,0x01566000,22437888
115059,0x00180a10,2783,0x015be000,22798336
601928,0x00180a80,1144,0x008f0000,9371648
019836,0x00180a90,2740,0x01568000,22446080
244694,0x00180aa0,7287,0x038ee000,59695104
271113,0x00180ab0,7868,0x03d78000,64454656
601880,0x00180b00,1129,0x008d2000,9248768
601929,0x00180b10,1145,0x008f2000,9379840
019837,0x00180b20,2741,0x0156a000,22454272
244695,0x00180b30,7288,0x038f0000,59703296
271114,0x00180b40,7869,0x03d7a000,64462848
588950,0x00180b50,8903,0x0458e000,72933376
601881,0x00180b80,1130,0x008d4000,9256960
019838,0x00180b90,2742,0x0156c000,22462464
601882,0x00180c00,1131,0x008d6000,9265152
019839,0x00180c10,2743,0x0156e000,22470656
244698,0x00180c80,7289,0x038f2000,59711488
271117,0x00180c90,7870,0x03d7c000,64471040
271118,0x00180d00,7871,0x03d7e000,64479232
271119,0x00180d80,7872,0x03d80000,64487424
601886,0x00180e00,1132,0x008d8000,9273344
601888,0x00180f00,1133,0x008da000,9281536
271073,0x00180f10,7864,0x03d70000,64421888
019790,0x00180f80,2720,0x01540000,22282240
019791,0x00181000,2721,0x01542000,22290432
184550,0x00181010,4117,0x0202a000,33726464
019792,0x00181080,2722,0x01544000,22298624
136756,0x00181090,3084,0x01818000,25264128
184551,0x001810a0,4118,0x0202c000,33734656
245826,0x001810b0,7801,0x03cf2000,63905792
518880,0x001810c0,8491,0x04256000,69558272
019793,0x00181100,2723,0x01546000,22306816
184552,0x00181110,4119,0x0202e000,33742848
152490,0x00181180,3430,0x01acc000,28098560
184553,0x00181190,4120,0x02030000,33751040
198896,0x001811a0,4531,0x02366000,37117952
688010,0x00181200,1909,0x00eea000,15638528
019795,0x00181210,2724,0x01548000,22315008
136759,0x00181220,3085,0x0181a000,25272320
184554,0x00181230,4121,0x02032000,33759232
245780,0x00181240,7787,0x03cd6000,63791104
688011,0x00181280,1910,0x00eec000,15646720
019796,0x00181290,2725,0x0154a000,22323200
122417,0x001812a0,2989,0x0175a000,24485888
245781,0x001812b0,7788,0x03cd8000,63799296
688012,0x00181300,1911,0x00eee000,15654912
019797,0x00181310,2726,0x0154c000,22331392
245782,0x00181320,7789,0x03cda000,63807488
688013,0x00181380,1912,0x00ef0000,15663104
019798,0x00181390,2727,0x0154e000,22339584
152494,0x001813a0,3431,0x01ace000,28106752
512430,0x001813b0,8186,0x03ff4000,67059712
184558,0x00181400,4122,0x02034000,33767424
245784,0x00181410,7790,0x03cdc000,63815680
688015,0x00181480,1913,0x00ef2000,15671296
688016,0x00181500,1914,0x00ef4000,15679488
152497,0x00181510,3432,0x01ad0000,28114944
245786,0x00181520,7791,0x03cde000,63823872
688017,0x00181580,1915,0x00ef6000,15687680
510810,0x00181590,8125,0x03f7a000,66560000
688018,0x00181600,1916,0x00ef8000,15695872
560230,0x00181610,8590,0x0431c000,70369280
688019,0x00181680,1917,0x00efa000,15704064
512390,0x00181800,8182,0x03fec000,67026944
751956,0x00181880,9186,0x047c4000,75251712
185640,0x00181980,4338,0x021e4000,35536896
185641,0x00181a00,4339,0x021e6000,35545088
510770,0x00181a10,8123,0x03f76000,66543616
560190,0x00181a80,8587,0x04316000,70344704
137848,0x00181b00,3170,0x018c4000,25968640
242040,0x00181c80,5940,0x02e68000,48660480
242041,0x00181d00,5941,0x02e6a000,48668672
513520,0x00181d10,8267,0x04096000,67723264
115619,0x00181f00,2857,0x01652000,23404544
242045,0x00181f10,5942,0x02e6c000,48676864
511900,0x00181f20,8170,0x03fd4000,66928640
115571,0x00181f80,2850,0x01644000,23347200
232535,0x00181f90,4606,0x023fc000,37732352
242046,0x00181fa0,5943,0x02e6e000,48685056
520600,0x00181fb0,8502,0x0426c000,69648384
561320,0x00181fc0,8676,0x043c8000,71073792
242048,0x00182080,5944,0x02e70000,48693248
240425,0x00182100,4966,0x026cc000,40681472
242049,0x00182110,5945,0x02e72000,48701440
240426,0x00182180,4967,0x026ce000,40689664
115576,0x00182200,2851,0x01646000,23355392
240427,0x00182210,4968,0x026d0000,40697856
138934,0x00182280,3239,0x0194e000,26533888
240428,0x00182290,4969,0x026d2000,40706048
240380,0x00182300,4950,0x026ac000,40550400
243131,0x00182310,6517,0x032ea000,53387264
589010,0x00182320,8908,0x04598000,72974336
115579,0x00182380,2852,0x01648000,23363584
138936,0x00182390,3240,0x01950000,26542080
243132,0x001823a0,6518,0x032ec000,53395456
511860,0x001823b0,8168,0x03fd0000,66912256
243133,0x00182400,6519,0x032ee000,53403648
520560,0x00182410,8498,0x04264000,69615616
561280,0x00182420,8673,0x043c2000,71049216
173202,0x00182480,3814,0x01dcc000,31244288
516230,0x00182490,8394,0x04194000,68763648
600320,0x00182500,420,0x00348000,3440640
243135,0x00182510,6520,0x032f0000,53411840
243136,0x00182580,6521,0x032f2000,53420032
600322,0x00182600,421,0x0034a000,3448832
240386,0x00182610,4951,0x026ae000,40558592
600323,0x00182680,422,0x0034c000,3457024
138893,0x00182690,3236,0x01948000,26509312
243138,0x001826a0,6522,0x032f4000,53428224
243139,0x00182700,6523,0x032f6000,53436416
600325,0x00182780,423,0x0034e000,3465216
240389,0x00182790,4952,0x026b0000,40566784
600326,0x00182800,424,0x00350000,3473408
243092,0x00182810,6492,0x032b8000,53182464
600327,0x00182880,425,0x00352000,3481600
600328,0x00182900,426,0x00354000,3489792
516190,0x00182910,8390,0x0418c000,68730880
600280,0x00182980,391,0x0030e000,3203072
600329,0x00182990,427,0x00356000,3497984
138899,0x001829a0,3237,0x0194a000,26517504
241513,0x001829b0,5649,0x02c22000,46276608
243095,0x001829c0,6493,0x032ba000,53190656
600281,0x00182a00,392,0x00310000,3211264
243096,0x00182a10,6494,0x032bc000,53198848
600282,0x00182a80,393,0x00312000,3219456
230877,0x00182a90,4542,0x0237c000,37208064
600283,0x00182b00,394,0x00314000,3227648
155761,0x00182b10,3661,0x01c9a000,29990912
241516,0x00182b20,5650,0x02c24000,46284800
243098,0x00182b30,6495,0x032be000,53207040
600284,0x00182b80,395,0x00316000,3235840
688530,0x00182b90,2316,0x01218000,18972672
173167,0x00182ba0,3806,0x01dbc000,31178752
241517,0x00182bb0,5651,0x02c26000,46292992
600285,0x00182c00,396,0x00318000,3244032
688531,0x00182c10,2317,0x0121a000,18980864
233582,0x00182c20,4651,0x02456000,38100992
603030,0x00182c80,1198,0x0095c000,9814016
241519,0x00182c90,5652,0x02c28000,46301184
600287,0x00182d00,397,0x0031a000,3252224
603031,0x00182d10,1199,0x0095e000,9822208
688533,0x00182d20,2318,0x0121c000,18989056
233584,0x00182d30,4652,0x02458000,38109184
241471,0x00182d40,5621,0x02bea000,46047232
512950,0x00182d50,8224,0x04040000,67371008
600288,0x00182d80,398,0x0031c000,3260416
603032,0x00182d90,1200,0x00960000,9830400
143040,0x00182da0,3259,0x01976000,26697728
241472,0x00182db0,5622,0x02bec000,46055424
244223,0x00182dc0,7046,0x0370c000,57720832
600289,0x00182e00,399,0x0031e000,3268608
603033,0x00182e10,1201,0x00962000,9838592
688535,0x00182e20,2319,0x0121e000,18997248
147873,0x00182e30,3310,0x019dc000,27115520
244224,0x00182e40,7047,0x0370e000,57729024
688536,0x00182e80,2320,0x01220000,19005440
241474,0x00182e90,5623,0x02bee000,46063616
603035,0x00182f00,1202,0x00964000,9846784
241475,0x00182f10,5624,0x02bf0000,46071808
603036,0x00182f80,1203,0x00966000,9854976
688538,0x00182f90,2321,0x01222000,19013632
242603,0x00182fa0,6234,0x030b4000,51068928
560750,0x00182fb0,8633,0x04372000,70721536
600449,0x00215000,534,0x0042c000,4374528
600452,0x00215010,535,0x0042e000,4382720
600455,0x00215020,536,0x00430000,4390912
600456,0x00215030,537,0x00432000,4399104
600458,0x00215040,538,0x00434000,4407296
600459,0x00215050,539,0x00436000,4415488
600460,0x00215060,540,0x00438000,4423680
600461,0x00215070,541,0x0043a000,4431872
600462,0x00215080,542,0x0043c000,4440064
600463,0x00215090,543,0x0043e000,4448256
600467,0x002150a0,544,0x00440000,4456448
600468,0x002150b0,545,0x00442000,4464640
600469,0x002150c0,546,0x00444000,4472832
600470,0x002150d0,547,0x00446000,4481024
600475,0x002150e0,548,0x00448000,4489216
600476,0x002150f0,549,0x0044a000,4497408
600477,0x00215100,550,0x0044c000,4505600
600478,0x00215110,551,0x0044e000,4513792
600479,0x00215120,552,0x00450000,4521984
600480,0x00215130,553,0x00452000,4530176
600481,0x00215140,554,0x00454000,4538368
600482,0x00215150,555,0x00456000,4546560
600483,0x00215160,556,0x00458000,4554752
600486,0x00215170,557,0x0045a000,4562944
600487,0x00215180,558,0x0045c000,4571136
600488,0x00215190,559,0x0045e000,4579328
600489,0x002151a0,560,0x00460000,4587520
600490,0x002151b0,561,0x00462000,4595712
600491,0x002151c0,562,0x00464000,4603904
600493,0x002151d0,563,0x00466000,4612096
600495,0x002151e0,564,0x00468000,4620288
600496,0x002151f0,565,0x0046a000,4628480
600497,0x00215200,566,0x0046c000,4636672
600498,0x00215210,567,0x0046e000,4644864
600499,0x00215220,568,0x00470000,4653056
600500,0x00215230,569,0x00472000,4661248
600501,0x00215240,570,0x00474000,4669440
600502,0x00215250,571,0x00476000,4677632
600503,0x00215260,572,0x00478000,4685824
600505,0x00215270,573,0x0047a000,4694016
600506,0x00215280,574,0x0047c000,4702208
600507,0x00215290,575,0x0047e000,4710400
600508,0x002152a0,576,0x00480000,4718592
600509,0x002152b0,577,0x00482000,4726784
600510,0x002152c0,578,0x00484000,4734976
600511,0x002152d0,579,0x00486000,4743168
600512,0x002152e0,580,0x00488000,4751360
600513,0x002152f0,581,0x0048a000,4759552
600515,0x00215300,582,0x0048c000,4767744
600516,0x00215310,583,0x0048e000,4775936
600517,0x00215320,584,0x00490000,4784128
600518,0x00215330,585,0x00492000,4792320
600519,0x00215340,586,0x00494000,4800512
600520,0x00215350,587,0x00496000,4808704
600521,0x00215360,588,0x00498000,4816896
600522,0x00215370,589,0x0049a000,4825088
600523,0x00215380,590,0x0049c000,4833280
600525,0x00215390,591,0x0049e000,4841472
600526,0x002153a0,592,0x004a0000,4849664
600527,0x002153b0,593,0x004a2000,4857856
600528,0x002153c0,594,0x004a4000,4866048
600529,0x002153d0,595,0x004a6000,4874240
600530,0x002153e0,596,0x004a8000,4882432
600531,0x002153f0,597,0x004aa000,4890624
600533,0x00215400,598,0x004ac000,4898816
600535,0x00215410,599,0x004ae000,4907008
600536,0x00215420,600,0x004b0000,4915200
600537,0x00215430,601,0x004b2000,4923392
600538,0x00215440,602,0x004b4000,4931584
600539,0x00215450,603,0x004b6000,4939776
600540,0x00215460,604,0x004b8000,4947968
600543,0x00215470,605,0x004ba000,4956160
600545,0x00215480,606,0x004bc000,4964352
600546,0x00215490,607,0x004be000,4972544
600547,0x002154a0,608,0x004c0000,4980736
600548,0x002154b0,609,0x004c2000,4988928
600549,0x002154c0,610,0x004c4000,4997120
600550,0x002154d0,611,0x004c6000,5005312
600551,0x002154e0,612,0x004c8000,5013504
600552,0x002154f0,613,0x004ca000,5021696
600556,0x00215500,614,0x004cc000,5029888
600557,0x00215510,615,0x004ce000,5038080
600558,0x00215520,616,0x004d0000,5046272
600559,0x00215530,617,0x004d2000,5054464
600560,0x00215540,618,0x004d4000,5062656
600561,0x00215550,619,0x004d6000,5070848
600562,0x00215560,620,0x004d8000,5079040
600563,0x00215570,621,0x004da000,5087232
600566,0x00215580,622,0x004dc000,5095424
600567,0x00215590,623,0x004de000,5103616
600568,0x002155a0,624,0x004e0000,5111808
600569,0x002155b0,625,0x004e2000,5120000
600570,0x002155c0,626,0x004e4000,5128192
600571,0x002155d0,627,0x004e6000,5136384
600572,0x002155e0,628,0x004e8000,5144576
600573,0x002155f0,629,0x004ea000,5152768
600575,0x00215600,630,0x004ec000,5160960
600576,0x00215610,631,0x004ee000,5169152
600577,0x00215620,632,0x004f0000,5177344
600578,0x00215630,633,0x004f2000,5185536
600579,0x00215640,634,0x004f4000,5193728
600580,0x00215650,635,0x004f6000,5201920
600581,0x00215660,636,0x004f8000,5210112
600582,0x00215670,637,0x004fa000,5218304
600583,0x00215680,638,0x004fc000,5226496
600584,0x00215690,639,0x004fe000,5234688
600585,0x002156a0,640,0x00500000,5242880
600586,0x002156b0,641,0x00502000,5251072
600587,0x002156c0,642,0x00504000,5259264
600588,0x002156d0,643,0x00506000,5267456
600589,0x002156e0,644,0x00508000,5275648
600590,0x002156f0,645,0x0050a000,5283840
600592,0x00215700,646,0x0050c000,5292032
600593,0x00215710,647,0x0050e000,5300224
600594,0x00215720,648,0x00510000,5308416
600595,0x00215730,649,0x00512000,5316608
600596,0x00215740,650,0x00514000,5324800
600597,0x00215750,651,0x00516000,5332992
600598,0x00215760,652,0x00518000,5341184
600599,0x00215770,653,0x0051a000,5349376
600600,0x00215780,654,0x0051c000,5357568
600601,0x00215790,655,0x0051e000,5365760
600602,0x002157a0,656,0x00520000,5373952
600603,0x002157b0,657,0x00522000,5382144
600604,0x002157c0,658,0x00524000,5390336
600605,0x002157d0,659,0x00526000,5398528
600606,0x002157e0,660,0x00528000,5406720
600608,0x002157f0,661,0x0052a000,5414912
600609,0x00215800,662,0x0052c000,5423104
600610,0x00215810,663,0x0052e000,5431296
600611,0x00215820,664,0x00530000,5439488
600612,0x00215830,665,0x00532000,5447680
600613,0x00215840,666,0x00534000,5455872
600615,0x00215850,667,0x00536000,5464064
600616,0x00215860,668,0x00538000,5472256
600617,0x00215870,669,0x0053a000,5480448
600618,0x00215880,670,0x0053c000,5488640
600619,0x00215890,671,0x0053e000,5496832
600620,0x002158a0,672,0x00540000,5505024
600621,0x002158b0,673,0x00542000,5513216
600622,0x002158c0,674,0x00544000,5521408
600623,0x002158d0,675,0x00546000,5529600
600624,0x002158e0,676,0x00548000,5537792
600626,0x002158f0,677,0x0054a000,5545984
600628,0x00215900,678,0x0054c000,5554176
600629,0x00215910,679,0x0054e000,5562368
600630,0x00215920,680,0x00550000,5570560
600633,0x00215930,681,0x00552000,5578752
600635,0x00215940,682,0x00554000,5586944
600636,0x00215950,683,0x00556000,5595136
600637,0x00215960,684,0x00558000,5603328
600638,0x00215970,685,0x0055a000,5611520
600639,0x00215980,686,0x0055c000,5619712
600640,0x00215990,687,0x0055e000,5627904
600641,0x002159a0,688,0x00560000,5636096
600642,0x002159b0,689,0x00562000,5644288
600643,0x002159c0,690,0x00564000,5652480
600644,0x002159d0,691,0x00566000,5660672
600645,0x002159e0,692,0x00568000,5668864
600648,0x002159f0,693,0x0056a000,5677056
600649,0x00215a00,694,0x0056c000,5685248
600650,0x00215a10,695,0x0056e000,5693440
600651,0x00215a20,696,0x00570000,5701632
600653,0x00215a30,697,0x00572000,5709824
600654,0x00215a40,698,0x00574000,5718016
600655,0x00215a50,699,0x00576000,5726208
600657,0x00215a60,700,0x00578000,5734400
600658,0x00215a70,701,0x0057a000,5742592
600660,0x00215a80,702,0x0057c000,5750784
600661,0x00215a90,703,0x0057e000,5758976
600662,0x00215aa0,704,0x00580000,5767168
600663,0x00215ab0,705,0x00582000,5775360
600664,0x00215ac0,706,0x00584000,5783552
600665,0x00215ad0,707,0x00586000,5791744
600666,0x00215ae0,708,0x00588000,5799936
600667,0x00215af0,709,0x0058a000,5808128
600668,0x00215b00,710,0x0058c000,5816320
600671,0x00215b10,711,0x0058e000,5824512
600673,0x00215b20,712,0x00590000,5832704
600674,0x00215b30,713,0x00592000,5840896
600675,0x00215b40,714,0x00594000,5849088
600676,0x00215b50,715,0x00596000,5857280
600678,0x00215b60,716,0x00598000,5865472
600679,0x00215b70,717,0x0059a000,5873664
600681,0x00215b80,718,0x0059c000,5881856
600682,0x00215b90,719,0x0059e000,5890048
600683,0x00215ba0,720,0x005a0000,5898240
600684,0x00215bb0,721,0x005a2000,5906432
600685,0x00215bc0,722,0x005a4000,5914624
600686,0x00215bd0,723,0x005a6000,5922816
600688,0x00215be0,724,0x005a8000,5931008
600689,0x00215bf0,725,0x005aa000,5939200
600690,0x00215c00,726,0x005ac000,5947392
600691,0x00215c10,727,0x005ae000,5955584
600692,0x00215c20,728,0x005b0000,5963776
600693,0x00215c30,729,0x005b2000,5971968
600694,0x00215c40,730,0x005b4000,5980160
600696,0x00215c50,731,0x005b6000,5988352
600697,0x00215c60,732,0x005b8000,5996544
600698,0x00215c70,733,0x005ba000,6004736
600699,0x00215c80,734,0x005bc000,6012928
600702,0x00215c90,735,0x005be000,6021120
600703,0x00215ca0,736,0x005c0000,6029312
600704,0x00215cb0,737,0x005c2000,6037504
600705,0x00215cc0,738,0x005c4000,6045696
600706,0x00215cd0,739,0x005c6000,6053888
600707,0x00215ce0,740,0x005c8000,6062080
600708,0x00215cf0,741,0x005ca000,6070272
600710,0x00215d00,742,0x005cc000,6078464
600711,0x00215d10,743,0x005ce000,6086656
600712,0x00215d20,744,0x005d0000,6094848
600713,0x00215d30,745,0x005d2000,6103040
600714,0x00215d40,746,0x005d4000,6111232
600715,0x00215d50,747,0x005d6000,6119424
600716,0x00215d60,748,0x005d8000,6127616
600717,0x00215d70,749,0x005da000,6135808
600718,0x00215d80,750,0x005dc000,6144000
600719,0x00215d90,751,0x005de000,6152192
600720,0x00215da0,752,0x005e0000,6160384
600721,0x00215db0,753,0x005e2000,6168576
600722,0x00215dc0,754,0x005e4000,6176768
600724,0x00215dd0,755,0x005e6000,6184960
600725,0x00215de0,756,0x005e8000,6193152
600726,0x00215df0,757,0x005ea000,6201344
600727,0x00215e00,758,0x005ec000,6209536
600728,0x00215e10,759,0x005ee000,6217728
600729,0x00215e20,760,0x005f0000,6225920
600730,0x00215e30,761,0x005f2000,6234112
600731,0x00215e40,762,0x005f4000,6242304
600732,0x00215e50,763,0x005f6000,6250496
600733,0x00215e60,764,0x005f8000,6258688
600734,0x00215e70,765,0x005fa000,6266880
600735,0x00215e80,766,0x005fc000,6275072
600736,0x00215e90,767,0x005fe000,6283264
600737,0x00215ea0,768,0x00600000,6291456
600738,0x00215eb0,769,0x00602000,6299648
600739,0x00215ec0,770,0x00604000,6307840
600740,0x00215ed0,771,0x00606000,6316032
600741,0x00215ee0,772,0x00608000,6324224
600742,0x00215ef0,773,0x0060a000,6332416
600743,0x00215f00,774,0x0060c000,6340608
600744,0x00215f10,775,0x0060e000,6348800
600745,0x00215f20,776,0x00610000,6356992
600746,0x00215f30,777,0x00612000,6365184
600748,0x00215f40,778,0x00614000,6373376
600749,0x00215f50,779,0x00616000,6381568
600750,0x00215f60,780,0x00618000,6389760
600751,0x00215f70,781,0x0061a000,6397952
600753,0x00215f80,782,0x0061c000,6406144
600754,0x00215f90,783,0x0061e000,6414336
600755,0x00215fa0,784,0x00620000,6422528
600756,0x00215fb0,785,0x00622000,6430720
600757,0x00215fc0,786,0x00624000,6438912
600758,0x00215fd0,787,0x00626000,6447104
600759,0x00215fe0,788,0x00628000,6455296
600760,0x00215ff0,789,0x0062a000,6463488
600761,0x00316000,791,0x0062e000,6479872
600763,0x00316010,792,0x00630000,6488064
600764,0x00316020,793,0x00632000,6496256
600765,0x00316030,794,0x00634000,6504448
600768,0x00316040,795,0x00636000,6512640
600769,0x00316050,796,0x00638000,6520832
600770,0x00316060,797,0x0063a000,6529024
600771,0x00316070,798,0x0063c000,6537216
600773,0x00316080,799,0x0063e000,6545408
600774,0x00316090,800,0x00640000,6553600
600775,0x003160a0,801,0x00642000,6561792
600776,0x003160b0,802,0x00644000,6569984
600777,0x003160c0,803,0x00646000,6578176
600778,0x003160d0,804,0x00648000,6586368
600779,0x003160e0,805,0x0064a000,6594560
600780,0x003160f0,806,0x0064c000,6602752
600782,0x00316100,807,0x0064e000,6610944
600783,0x00316110,808,0x00650000,6619136
600784,0x00316120,809,0x00652000,6627328
600785,0x00316130,810,0x00654000,6635520
600787,0x00316140,811,0x00656000,6643712
600789,0x00316150,812,0x00658000,6651904
600790,0x00316160,813,0x0065a000,6660096
600791,0x00316170,814,0x0065c000,6668288
600792,0x00316180,815,0x0065e000,6676480
600793,0x00316190,816,0x00660000,6684672
600794,0x003161a0,817,0x00662000,6692864
600795,0x003161b0,818,0x00664000,6701056
600796,0x003161c0,819,0x00666000,6709248
600797,0x003161d0,820,0x00668000,6717440
600798,0x003161e0,821,0x0066a000,6725632
600800,0x003161f0,822,0x0066c000,6733824
600801,0x00316200,823,0x0066e000,6742016
600802,0x00316210,824,0x00670000,6750208
600803,0x00316220,825,0x00672000,6758400
600804,0x00316230,826,0x00674000,6766592
600805,0x00316240,827,0x00676000,6774784
600807,0x00316250,828,0x00678000,6782976
600808,0x00316260,829,0x0067a000,6791168
600809,0x00316270,830,0x0067c000,6799360
600810,0x00316280,831,0x0067e000,6807552
600811,0x00316290,832,0x00680000,6815744
600812,0x003162a0,833,0x00682000,6823936
600814,0x003162b0,834,0x00684000,6832128
600815,0x003162c0,835,0x00686000,6840320
600816,0x003162d0,836,0x00688000,6848512
600817,0x003162e0,837,0x0068a000,6856704
600818,0x003162f0,838,0x0068c000,6864896
600819,0x00316300,839,0x0068e000,6873088
600820,0x00316310,840,0x00690000,6881280
600821,0x00316320,841,0x00692000,6889472
600822,0x00316330,842,0x00694000,6897664
600824,0x00316340,843,0x00696000,6905856
600825,0x00316350,844,0x00698000,6914048
600826,0x00316360,845,0x0069a000,6922240
600827,0x00316370,846,0x0069c000,6930432
600828,0x00316380,847,0x0069e000,6938624
600829,0x00316390,848,0x006a0000,6946816
600830,0x003163a0,849,0x006a2000,6955008
600831,0x003163b0,850,0x006a4000,6963200
600833,0x003163c0,851,0x006a6000,6971392
600834,0x003163d0,852,0x006a8000,6979584
600835,0x003163e0,853,0x006aa000,6987776
600838,0x003163f0,854,0x006ac000,6995968
600839,0x00316400,855,0x006ae000,7004160
600841,0x00316410,856,0x006b0000,7012352
600843,0x00316420,857,0x006b2000,7020544
600844,0x00316430,858,0x006b4000,7028736
600845,0x00316440,859,0x006b6000,7036928
600846,0x00316450,860,0x006b8000,7045120
600847,0x00316460,861,0x006ba000,7053312
600848,0x00316470,862,0x006bc000,7061504
600850,0x00316480,863,0x006be000,7069696
600851,0x00316490,864,0x006c0000,7077888
600853,0x003164a0,865,0x006c2000,7086080
600854,0x003164b0,866,0x006c4000,7094272
600855,0x003164c0,867,0x006c6000,7102464
600857,0x003164d0,868,0x006c8000,7110656
600858,0x003164e0,869,0x006ca000,7118848
600859,0x003164f0,870,0x006cc000,7127040
600860,0x00316500,871,0x006ce000,7135232
600861,0x00316510,872,0x006d0000,7143424
600862,0x00316520,873,0x006d2000,7151616
600863,0x00316530,874,0x006d4000,7159808
600864,0x00316540,875,0x006d6000,7168000
600865,0x00316550,876,0x006d8000,7176192
600866,0x00316560,877,0x006da000,7184384
600867,0x00316570,878,0x006dc000,7192576
600868,0x00316580,879,0x006de000,7200768
600869,0x00316590,880,0x006e0000,7208960
600871,0x003165a0,881,0x006e2000,7217152
600872,0x003165b0,882,0x006e4000,7225344
600873,0x003165c0,883,0x006e6000,7233536
600874,0x003165d0,884,0x006e8000,7241728
600875,0x003165e0,885,0x006ea000,7249920
600876,0x003165f0,886,0x006ec000,7258112
600877,0x00316600,887,0x006ee000,7266304
600879,0x00316610,888,0x006f0000,7274496
600880,0x00316620,889,0x006f2000,7282688
600881,0x00316630,890,0x006f4000,7290880
600882,0x00316640,891,0x006f6000,7299072
600883,0x00316650,892,0x006f8000,7307264
600884,0x00316660,893,0x006fa000,7315456
600885,0x00316670,894,0x006fc000,7323648
600886,0x00316680,895,0x006fe000,7331840
600887,0x00316690,896,0x00700000,7340032
600888,0x003166a0,897,0x00702000,7348224
600889,0x003166b0,898,0x00704000,7356416
600892,0x003166c0,899,0x00706000,7364608
600893,0x003166d0,900,0x00708000,7372800
600894,0x003166e0,901,0x0070a000,7380992
600895,0x003166f0,902,0x0070c000,7389184
600897,0x00316700,903,0x0070e000,7397376
600900,0x00316710,904,0x00710000,7405568
600901,0x00316720,905,0x00712000,7413760
600903,0x00316730,906,0x00714000,7421952
600905,0x00316740,907,0x00716000,7430144
600906,0x00316750,908,0x00718000,7438336
600908,0x00316760,909,0x0071a000,7446528
600909,0x00316770,910,0x0071c000,7454720
600916,0x00316780,911,0x0071e000,7462912
600917,0x00316790,912,0x00720000,7471104
600918,0x003167a0,913,0x00722000,7479296
600919,0x003167b0,914,0x00724000,7487488
600925,0x003167c0,915,0x00726000,7495680
600926,0x003167d0,916,0x00728000,7503872
600927,0x003167e0,917,0x0072a000,7512064
600928,0x003167f0,918,0x0072c000,7520256
600929,0x00316800,919,0x0072e000,7528448
600930,0x00316810,920,0x00730000,7536640
600933,0x00316820,921,0x00732000,7544832
600935,0x00316830,922,0x00734000,7553024
600936,0x00316840,923,0x00736000,7561216
600938,0x00316850,924,0x00738000,7569408
600939,0x00316860,925,0x0073a000,7577600
600941,0x00316870,926,0x0073c000,7585792
600955,0x00316880,927,0x0073e000,7593984
600956,0x00316890,928,0x00740000,7602176
600958,0x003168a0,929,0x00742000,7610368
600959,0x003168b0,930,0x00744000,7618560
600960,0x003168c0,931,0x00746000,7626752
600961,0x003168d0,932,0x00748000,7634944
600962,0x003168e0,933,0x0074a000,7643136
600963,0x003168f0,934,0x0074c000,7651328
600965,0x00316900,935,0x0074e000,7659520
600966,0x00316910,936,0x00750000,7667712
600967,0x00316920,937,0x00752000,7675904
600968,0x00316930,938,0x00754000,7684096
600969,0x00316940,939,0x00756000,7692288
600970,0x00316950,940,0x00758000,7700480
600971,0x00316960,941,0x0075a000,7708672
600973,0x00316970,942,0x0075c000,7716864
600975,0x00316980,943,0x0075e000,7725056
600976,0x00316990,944,0x00760000,7733248
600977,0x003169a0,945,0x00762000,7741440
600979,0x003169b0,946,0x00764000,7749632
600980,0x003169c0,947,0x00766000,7757824
600981,0x003169d0,948,0x00768000,7766016
600982,0x003169e0,949,0x0076a000,7774208
600983,0x003169f0,950,0x0076c000,7782400
600984,0x00316a00,951,0x0076e000,7790592
600985,0x00316a10,952,0x00770000,7798784
600986,0x00316a20,953,0x00772000,7806976
600987,0x00316a30,954,0x00774000,7815168
600988,0x00316a40,955,0x00776000,7823360
600989,0x00316a50,956,0x00778000,7831552
600990,0x00316a60,957,0x0077a000,7839744
600992,0x00316a70,958,0x0077c000,7847936
600993,0x00316a80,959,0x0077e000,7856128
600995,0x00316a90,960,0x00780000,7864320
600996,0x00316aa0,961,0x00782000,7872512
600997,0x00316ab0,962,0x00784000,7880704
600998,0x00316ac0,963,0x00786000,7888896
600999,0x00316ad0,964,0x00788000,7897088
601000,0x00316ae0,965,0x0078a000,7905280
601001,0x00316af0,966,0x0078c000,7913472
601002,0x00316b00,967,0x0078e000,7921664
601003,0x00316b10,968,0x00790000,7929856
601005,0x00316b20,969,0x00792000,7938048
601006,0x00316b30,970,0x00794000,7946240
601007,0x00316b40,971,0x00796000,7954432
601008,0x00316b50,972,0x00798000,7962624
601009,0x00316b60,973,0x0079a000,7970816
601010,0x00316b70,974,0x0079c000,7979008
601011,0x00316b80,975,0x0079e000,7987200
601012,0x00316b90,976,0x007a0000,7995392
601015,0x00316ba0,977,0x007a2000,8003584
601016,0x00316bb0,978,0x007a4000,8011776
601018,0x00316bc0,979,0x007a6000,8019968
601019,0x00316bd0,980,0x007a8000,8028160
601020,0x00316be0,981,0x007aa000,8036352
601021,0x00316bf0,982,0x007ac000,8044544
601022,0x00316c00,986,0x007b4000,8077312
601026,0x00316c10,987,0x007b6000,8085504
601028,0x00316c20,988,0x007b8000,8093696
601033,0x00316c30,989,0x007ba000,8101888
601038,0x00316c40,990,0x007bc000,8110080
601058,0x00316c50,991,0x007be000,8118272
601059,0x00316c60,992,0x007c0000,8126464
601061,0x00316c70,993,0x007c2000,8134656
601065,0x00316c80,994,0x007c4000,8142848
601066,0x00316c90,995,0x007c6000,8151040
601068,0x00316ca0,996,0x007c8000,8159232
601069,0x00316cb0,997,0x007ca000,8167424
601077,0x00316cc0,998,0x007cc000,8175616
601083,0x00316cd0,999,0x007ce000,8183808
601086,0x00316ce0,1000,0x007d0000,8192000
601088,0x00316cf0,1001,0x007d2000,8200192
601089,0x00316d00,1002,0x007d4000,8208384
601096,0x00316d10,1003,0x007d6000,8216576
601098,0x00316d20,1004,0x007d8000,8224768
601099,0x00316d30,1005,0x007da000,8232960
601100,0x00316d40,1006,0x007dc000,8241152
601101,0x00316d50,1007,0x007de000,8249344
601106,0x00316d60,1008,0x007e0000,8257536
601107,0x00316d70,1009,0x007e2000,8265728
601108,0x00316d80,1010,0x007e4000,8273920
601111,0x00316d90,1011,0x007e6000,8282112
601112,0x00316da0,1012,0x007e8000,8290304
601113,0x00316db0,1013,0x007ea000,8298496
601116,0x00316dc0,1014,0x007ec000,8306688
601117,0x00316dd0,1015,0x007ee000,8314880
601118,0x00316de0,1016,0x007f0000,8323072
601121,0x00316df0,1017,0x007f2000,8331264
601126,0x00316e00,1018,0x007f4000,8339456
601127,0x00316e10,1019,0x007f6000,8347648
601128,0x00316e20,1020,0x007f8000,8355840
601133,0x00316e30,1021,0x007fa000,8364032
601136,0x00316e40,1022,0x007fc000,8372224
601137,0x00316e50,1023,0x007fe000,8380416
601138,0x00316e60,1024,0x00800000,8388608
601139,0x00316e70,1025,0x00802000,8396800
601155,0x00316e80,1026,0x00804000,8404992
601156,0x00316e90,1027,0x00806000,8413184
601158,0x00316ea0,1028,0x00808000,8421376
601162,0x00316eb0,1029,0x0080a000,8429568
601163,0x00316ec0,1030,0x0080c000,8437760
601166,0x00316ed0,1031,0x0080e000,8445952
601168,0x00316ee0,1032,0x00810000,8454144
601169,0x00316ef0,1033,0x00812000,8462336
601177,0x00316f00,1034,0x00814000,8470528
601179,0x00316f10,1035,0x00816000,8478720
601186,0x00316f20,1036,0x00818000,8486912
601187,0x00316f30,1037,0x0081a000,8495104
601188,0x00316f40,1038,0x0081c000,8503296
601198,0x00316f50,1039,0x0081e000,8511488
601199,0x00316f60,1040,0x00820000,8519680
601200,0x00316f70,1041,0x00822000,8527872
601208,0x00316f80,1042,0x00824000,8536064
601211,0x00316f90,1043,0x00826000,8544256
601212,0x00316fa0,1044,0x00828000,8552448
601216,0x00316fb0,1045,0x0082a000,8560640
601218,0x00316fc0,1046,0x0082c000,8568832
601222,0x00316fd0,1047,0x0082e000,8577024
601225,0x00316fe0,1048,0x00830000,8585216
601226,0x00316ff0,1049,0x00832000,8593408
603037,0x003d7000,1204,0x00968000,9863168
688539,0x003d7010,2322,0x01224000,19021824
242604,0x003d7020,6235,0x030b6000,51077120
515700,0x003d7030,8352,0x04140000,68419584
603038,0x003d7080,1205,0x0096a000,9871360
163659,0x003d7090,3768,0x01d70000,30867456
241478,0x003d70a0,5625,0x02bf2000,46080000
242605,0x003d70b0,6236,0x030b8000,51085312
244180,0x003d70c0,7025,0x036e2000,57548800
603039,0x003d7100,1206,0x0096c000,9879552
242606,0x003d7110,6237,0x030ba000,51093504
244181,0x003d7120,7026,0x036e4000,57556992
242608,0x003d7200,6238,0x030bc000,51101696
244183,0x003d7210,7027,0x036e6000,57565184
242560,0x003d7280,6217,0x03092000,50929664
242609,0x003d7290,6239,0x030be000,51109888
244184,0x003d72a0,7028,0x036e8000,57573376
563500,0x003d72b0,8788,0x044a8000,71991296
688496,0x003d7300,2287,0x011de000,18735104
188911,0x003d7310,4511,0x0233e000,36954112
242561,0x003d7320,6218,0x03094000,50937856
244185,0x003d7330,7029,0x036ea000,57581568
188912,0x003d7380,4512,0x02340000,36962304
244186,0x003d7390,7030,0x036ec000,57589760
688498,0x003d7400,2288,0x011e0000,18743296
688499,0x003d7480,2289,0x011e2000,18751488
242564,0x003d7490,6219,0x03096000,50946048
244188,0x003d74a0,7031,0x036ee000,57597952
515660,0x003d74b0,8350,0x0413c000,68403200
019324,0x003d7500,2593,0x01442000,21241856
244189,0x003d7510,7032,0x036f0000,57606144
601375,0x003d7580,1046,0x0082c000,8568832
019325,0x003d7590,2594,0x01444000,21250048
152021,0x003d75a0,3313,0x019e2000,27140096
242566,0x003d75b0,6220,0x03098000,50954240
188917,0x003d7600,4513,0x02342000,36970496
242567,0x003d7610,6221,0x0309a000,50962432
245311,0x003d7620,7595,0x03b56000,62218240
601377,0x003d7680,1047,0x0082e000,8577024
245312,0x003d7690,7596,0x03b58000,62226432
152024,0x003d7700,3314,0x019e4000,27148288
242569,0x003d7710,6222,0x0309c000,50970624
136244,0x003d7780,3055,0x017de000,25026560
240940,0x003d7800,5277,0x0293a000,43229184
245315,0x003d7810,7597,0x03b5a000,62234624
184041,0x003d7880,3904,0x01e80000,31981568
188873,0x003d7890,4505,0x02332000,36904960
245316,0x003d78a0,7598,0x03b5c000,62242816
245317,0x003d7900,7599,0x03b5e000,62251008
184043,0x003d7980,3905,0x01e82000,31989760
188875,0x003d7990,4506,0x02334000,36913152
245318,0x003d79a0,7600,0x03b60000,62259200
184044,0x003d7a00,3906,0x01e84000,31997952
184045,0x003d7a80,3907,0x01e86000,32006144
184046,0x003d7b00,3908,0x01e88000,32014336
240946,0x003d7b10,5278,0x0293c000,43237376
245272,0x003d7b20,7584,0x03b40000,62128128
240947,0x003d7b80,5279,0x0293e000,43245568
235805,0x003d7c00,4695,0x024ae000,38461440
240949,0x003d7c80,5280,0x02940000,43253760
245275,0x003d7c90,7585,0x03b42000,62136320
245276,0x003d7d00,7586,0x03b44000,62144512
235808,0x003d7d80,4696,0x024b0000,38469632
245277,0x003d7d90,7587,0x03b46000,62152704
243654,0x003d7e00,6773,0x034ea000,55484416
245278,0x003d7e10,7588,0x03b48000,62160896
516750,0x003d7e20,8431,0x041de000,69066752
243655,0x003d7e80,6774,0x034ec000,55492608
600841,0x003d7f00,833,0x00682000,6823936
243656,0x003d7f10,6775,0x034ee000,55500800
600843,0x003d8000,834,0x00684000,6832128
605218,0x003d8010,1849,0x00e72000,15147008
600844,0x003d8080,835,0x00686000,6840320
600845,0x003d8100,836,0x00688000,6848512
510300,0x003d8110,8096,0x03f40000,66322432
600846,0x003d8180,837,0x0068a000,6856704
270031,0x003d8190,7825,0x03d22000,64102400
600847,0x003d8200,838,0x0068c000,6864896
600848,0x003d8280,839,0x0068e000,6873088
173682,0x003d8290,3835,0x01df6000,31416320
562930,0x003d82a0,8761,0x04472000,71770112
270034,0x003d8300,7826,0x03d24000,64110592
185134,0x003d8380,4231,0x0210e000,34660352
270035,0x003d8390,7827,0x03d26000,64118784
605177,0x003d8400,1837,0x00e5a000,15048704
605178,0x003d8480,1838,0x00e5c000,15056896
270037,0x003d8490,7828,0x03d28000,64126976
605179,0x003d8500,1839,0x00e5e000,15065088
513010,0x003d8510,8230,0x0404c000,67420160
143606,0x003d8580,3279,0x0199e000,26861568
185138,0x003d8590,4232,0x02110000,34668544
185090,0x003d8600,4223,0x020fe000,34594816
241990,0x003d8610,5908,0x02e28000,48398336
000851,0x003d8680,165,0x0014a000,1351680
603551,0x003d8690,1540,0x00c08000,12615680
115108,0x003d86a0,2788,0x015c8000,22839296
241991,0x003d86b0,5909,0x02e2a000,48406528
000852,0x003d8700,166,0x0014c000,1359872
562890,0x003d8710,8757,0x0446a000,71737344
000853,0x003d8780,167,0x0014e000,1368064
244744,0x003d8790,7312,0x03920000,59899904
000854,0x003d8800,168,0x00150000,1376256
115062,0x003d8810,2784,0x015c0000,22806528
185094,0x003d8820,4224,0x02100000,34603008
000855,0x003d8880,169,0x00152000,1384448
241995,0x003d8890,5910,0x02e2c000,48414720
244746,0x003d88a0,7313,0x03922000,59908096
000856,0x003d8900,170,0x00154000,1392640
603556,0x003d8910,1541,0x00c0a000,12623872
019840,0x003d8920,2744,0x01570000,22478848
185096,0x003d8930,4225,0x02102000,34611200
241996,0x003d8940,5911,0x02e2e000,48422912
000857,0x003d8980,171,0x00156000,1400832
601933,0x003d8990,1146,0x008f4000,9388032
603557,0x003d89a0,1542,0x00c0c000,12632064
143565,0x003d89b0,3278,0x0199c000,26853376
241997,0x003d89c0,5912,0x02e30000,48431104
244748,0x003d89d0,7314,0x03924000,59916288
000858,0x003d8a00,172,0x00158000,1409024
603558,0x003d8a10,1543,0x00c0e000,12640256
241998,0x003d8a20,5913,0x02e32000,48439296
603559,0x003d8a80,1544,0x00c10000,12648448
019843,0x003d8a90,2745,0x01572000,22487040
241999,0x003d8aa0,5914,0x02e34000,48447488
271120,0x003d8ab0,7873,0x03d82000,64495616
019844,0x003d8b00,2746,0x01574000,22495232
019845,0x003d8b80,2747,0x01576000,22503424
127788,0x003d8b90,3028,0x017a8000,24805376
551300,0x003d8ba0,8562,0x042e4000,70139904
019846,0x003d8c00,2748,0x01578000,22511616
136803,0x003d8c10,3092,0x01828000,25329664
601890,0x003d8c80,1134,0x008dc000,9289728
601939,0x003d8c90,1147,0x008f6000,9396224
019847,0x003d8ca0,2749,0x0157a000,22519808
588960,0x003d8cb0,8904,0x04590000,72941568
019848,0x003d8d00,2750,0x0157c000,22528000
184600,0x003d8d10,4146,0x02064000,33964032
019849,0x003d8d80,2751,0x0157e000,22536192
152540,0x003d8e80,3447,0x01aee000,28237824
271128,0x003d8e90,7874,0x03d84000,64503808
152541,0x003d8f00,3448,0x01af0000,28246016
271129,0x003d8f10,7875,0x03d86000,64512000
136762,0x003d9000,3086,0x0181c000,25280512
241000,0x003d9010,5316,0x02988000,43548672
601898,0x003d9080,1135,0x008de000,9297920
184607,0x003d9090,4147,0x02066000,33972224
241001,0x003d90a0,5317,0x0298a000,43556864
245833,0x003d90b0,7802,0x03cf4000,63913984
563980,0x003d90c0,8821,0x044ea000,72261632
601899,0x003d9100,1136,0x008e0000,9306112
152545,0x003d9110,3449,0x01af2000,28254208
184608,0x003d9120,4148,0x02068000,33980416
152546,0x003d9180,3450,0x01af4000,28262400
184560,0x003d9190,4123,0x02036000,33775616
152547,0x003d9200,3451,0x01af6000,28270592
184561,0x003d9210,4124,0x02038000,33783808
518890,0x003d9220,8492,0x04258000,69566464
122424,0x003d9280,2990,0x0175c000,24494080
155250,0x003d9290,3624,0x01c50000,29687808
184562,0x003d92a0,4125,0x0203a000,33792000
241005,0x003d92b0,5318,0x0298c000,43565056
245837,0x003d92c0,7803,0x03cf6000,63922176
152549,0x003d9300,3452,0x01af8000,28278784
245838,0x003d9310,7804,0x03cf8000,63930368
688020,0x003d9380,1918,0x00efc000,15712256
688021,0x003d9400,1919,0x00efe000,15720448
163140,0x003d9410,3722,0x01d14000,30490624
688022,0x003d9480,1920,0x00f00000,15728640
163141,0x003d9490,3723,0x01d16000,30498816
688023,0x003d9500,1921,0x00f02000,15736832
155255,0x003d9510,3625,0x01c52000,29696000
163142,0x003d9520,3724,0x01d18000,30507008
245793,0x003d9530,7792,0x03ce0000,63832064
155256,0x003d9580,3626,0x01c54000,29704192
171037,0x003d9590,3778,0x01d84000,30949376
184568,0x003d95a0,4126,0x0203c000,33800192
688025,0x003d9600,1922,0x00f04000,15745024
233076,0x003d9610,4631,0x0242e000,37937152
688026,0x003d9680,1923,0x00f06000,15753216
245796,0x003d9690,7793,0x03ce2000,63840256
688027,0x003d9700,1924,0x00f08000,15761408
245797,0x003d9710,7794,0x03ce4000,63848448
688028,0x003d9780,1925,0x00f0a000,15769600
688029,0x003d9800,1926,0x00f0c000,15777792
137851,0x003d9900,3171,0x018c6000,25976832
137852,0x003d9980,3172,0x018c8000,25985024
234206,0x003d9b00,4663,0x0246e000,38199296
751968,0x003d9b10,9187,0x047c6000,75259904
137856,0x003d9b80,3173,0x018ca000,25993216
137858,0x003d9c80,3174,0x018cc000,26001408
515150,0x003d9c90,8316,0x040f8000,68124672
115622,0x003d9d00,2858,0x01654000,23412736
115623,0x003d9d80,2859,0x01656000,23420928
234163,0x003d9e00,4662,0x0246c000,38191104
242050,0x003d9e10,5946,0x02e74000,48709632
242051,0x003d9e80,5947,0x02e76000,48717824
513530,0x003d9e90,8268,0x04098000,67731456
115626,0x003d9f00,2860,0x01658000,23429120
232542,0x003d9f80,4607,0x023fe000,37740544
601228,0x0041a000,1051,0x00836000,8609792
601229,0x0041a010,1052,0x00838000,8617984
601231,0x0041a020,1053,0x0083a000,8626176
601233,0x0041a030,1054,0x0083c000,8634368
601236,0x0041a040,1055,0x0083e000,8642560
601238,0x0041a050,1056,0x00840000,8650752
601279,0x0041a060,1057,0x00842000,8658944
601288,0x0041a070,1058,0x00844000,8667136
601298,0x0041a080,1059,0x00846000,8675328
601311,0x0041a090,1060,0x00848000,8683520
601318,0x0041a0a0,1061,0x0084a000,8691712
601319,0x0041a0b0,1062,0x0084c000,8699904
601326,0x0041a0c0,1063,0x0084e000,8708096
601328,0x0041a0d0,1064,0x00850000,8716288
601330,0x0041a0e0,1065,0x00852000,8724480
601333,0x0041a0f0,1066,0x00854000,8732672
601336,0x0041a100,1067,0x00856000,8740864
601339,0x0041a110,1068,0x00858000,8749056
601360,0x0041a120,1069,0x0085a000,8757248
601366,0x0041a130,1070,0x0085c000,8765440
601368,0x0041a140,1071,0x0085e000,8773632
601369,0x0041a150,1072,0x00860000,8781824
601375,0x0041a160,1073,0x00862000,8790016
601377,0x0041a170,1074,0x00864000,8798208
601388,0x0041a180,1075,0x00866000,8806400
601390,0x0041a190,1076,0x00868000,8814592
601398,0x0041a1a0,1077,0x0086a000,8822784
601399,0x0041a1b0,1078,0x0086c000,8830976
601456,0x0041a1c0,1079,0x0086e000,8839168
601500,0x0041a1d0,1080,0x00870000,8847360
601512,0x0041a1e0,1081,0x00872000,8855552
601515,0x0041a1f0,1082,0x00874000,8863744
601518,0x0041a200,1083,0x00876000,8871936
601519,0x0041a210,1084,0x00878000,8880128
601528,0x0041a220,1085,0x0087a000,8888320
601555,0x0041a230,1086,0x0087c000,8896512
601566,0x0041a240,1087,0x0087e000,8904704
601567,0x0041a250,1088,0x00880000,8912896
601568,0x0041a260,1089,0x00882000,8921088
601577,0x0041a270,1090,0x00884000,8929280
601579,0x0041a280,1091,0x00886000,8937472
601588,0x0041a290,1092,0x00888000,8945664
601595,0x0041a2a0,1093,0x0088a000,8953856
601598,0x0041a2b0,1094,0x0088c000,8962048
601599,0x0041a2c0,1095,0x0088e000,8970240
601600,0x0041a2d0,1096,0x00890000,8978432
601601,0x0041a2e0,1097,0x00892000,8986624
601606,0x0041a2f0,1098,0x00894000,8994816
601607,0x0041a300,1099,0x00896000,9003008
601608,0x0041a310,1100,0x00898000,9011200
601609,0x0041a320,1101,0x0089a000,9019392
601611,0x0041a330,1102,0x0089c000,9027584
601615,0x0041a340,1103,0x0089e000,9035776
601616,0x0041a350,1104,0x008a0000,9043968
601618,0x0041a360,1105,0x008a2000,9052160
601619,0x0041a370,1106,0x008a4000,9060352
601628,0x0041a380,1107,0x008a6000,9068544
601633,0x0041a390,1108,0x008a8000,9076736
601636,0x0041a3a0,1109,0x008aa000,9084928
601658,0x0041a3b0,1110,0x008ac000,9093120
601665,0x0041a3c0,1111,0x008ae000,9101312
601666,0x0041a3d0,1112,0x008b0000,9109504
601668,0x0041a3e0,1113,0x008b2000,9117696
601669,0x0041a3f0,1114,0x008b4000,9125888
601677,0x0041a400,1115,0x008b6000,9134080
601678,0x0041a410,1116,0x008b8000,9142272
601686,0x0041a420,1117,0x008ba000,9150464
601688,0x0041a430,1118,0x008bc000,9158656
601689,0x0041a440,1119,0x008be000,9166848
601696,0x0041a450,1120,0x008c0000,9175040
601698,0x0041a460,1121,0x008c2000,9183232
601699,0x0041a470,1122,0x008c4000,9191424
601700,0x0041a480,1123,0x008c6000,9199616
601702,0x0041a490,1124,0x008c8000,9207808
601717,0x0041a4a0,1125,0x008ca000,9216000
601718,0x0041a4b0,1126,0x008cc000,9224192
601727,0x0041a4c0,1127,0x008ce000,9232384
601728,0x0041a4d0,1128,0x008d0000,9240576
601766,0x0041a4e0,1129,0x008d2000,9248768
601777,0x0041a4f0,1130,0x008d4000,9256960
601778,0x0041a500,1131,0x008d6000,9265152
601788,0x0041a510,1132,0x008d8000,9273344
601789,0x0041a520,1133,0x008da000,9281536
601798,0x0041a530,1134,0x008dc000,9289728
601799,0x0041a540,1135,0x008de000,9297920
601800,0x0041a550,1136,0x008e0000,9306112
601801,0x0041a560,1137,0x008e2000,9314304
601808,0x0041a570,1138,0x008e4000,9322496
601811,0x0041a580,1139,0x008e6000,9330688
601816,0x0041a590,1140,0x008e8000,9338880
601818,0x0041a5a0,1141,0x008ea000,9347072
601825,0x0041a5b0,1142,0x008ec000,9355264
601827,0x0041a5c0,1143,0x008ee000,9363456
601828,0x0041a5d0,1144,0x008f0000,9371648
601838,0x0041a5e0,1145,0x008f2000,9379840
601857,0x0041a5f0,1146,0x008f4000,9388032
601858,0x0041a600,1147,0x008f6000,9396224
601860,0x0041a610,1148,0x008f8000,9404416
601865,0x0041a620,1149,0x008fa000,9412608
601866,0x0041a630,1150,0x008fc000,9420800
601868,0x0041a640,1151,0x008fe000,9428992
601869,0x0041a650,1152,0x00900000,9437184
601872,0x0041a660,1153,0x00902000,9445376
601877,0x0041a670,1154,0x00904000,9453568
601878,0x0041a680,1155,0x00906000,9461760
601880,0x0041a690,1156,0x00908000,9469952
601881,0x0041a6a0,1157,0x0090a000,9478144
601882,0x0041a6b0,1158,0x0090c000,9486336
601886,0x0041a6c0,1159,0x0090e000,9494528
601888,0x0041a6d0,1160,0x00910000,9502720
601890,0x0041a6e0,1161,0x00912000,9510912
601898,0x0041a6f0,1162,0x00914000,9519104
601899,0x0041a700,1163,0x00916000,9527296
601900,0x0041a710,1164,0x00918000,9535488
601901,0x0041a720,1165,0x0091a000,9543680
601908,0x0041a730,1166,0x0091c000,9551872
601916,0x0041a740,1167,0x0091e000,9560064
601918,0x0041a750,1168,0x00920000,9568256
601919,0x0041a760,1169,0x00922000,9576448
601921,0x0041a770,1170,0x00924000,9584640
601928,0x0041a780,1171,0x00926000,9592832
601929,0x0041a790,1172,0x00928000,9601024
601933,0x0041a7a0,1173,0x0092a000,9609216
601939,0x0041a7b0,1174,0x0092c000,9617408
601949,0x0041a7c0,1175,0x0092e000,9625600
601952,0x0041a7d0,1176,0x00930000,9633792
601956,0x0041a7e0,1177,0x00932000,9641984
601958,0x0041a7f0,1178,0x00934000,9650176
601963,0x0041a800,1179,0x00936000,9658368
601965,0x0041a810,1180,0x00938000,9666560
601966,0x0041a820,1181,0x0093a000,9674752
601968,0x0041a830,1182,0x0093c000,9682944
601969,0x0041a840,1183,0x0093e000,9691136
601975,0x0041a850,1184,0x00940000,9699328
601985,0x0041a860,1185,0x00942000,9707520
601988,0x0041a870,1186,0x00944000,9715712
601989,0x0041a880,1187,0x00946000,9723904
601990,0x0041a890,1188,0x00948000,9732096
601991,0x0041a8a0,1189,0x0094a000,9740288
601992,0x0041a8b0,1190,0x0094c000,9748480
601995,0x0041a8c0,1191,0x0094e000,9756672
601996,0x0041a8d0,1192,0x00950000,9764864
601997,0x0041a8e0,1193,0x00952000,9773056
601998,0x0041a8f0,1194,0x00954000,9781248
601999,0x0041a900,1195,0x00956000,9789440
603000,0x0041a910,1197,0x0095a000,9805824
603001,0x0041a920,1198,0x0095c000,9814016
603002,0x0041a930,1199,0x0095e000,9822208
603003,0x0041a940,1200,0x00960000,9830400
603004,0x0041a950,1201,0x00962000,9838592
603005,0x0041a960,1202,0x00964000,9846784
603006,0x0041a970,1203,0x00966000,9854976
603007,0x0041a980,1204,0x00968000,9863168
603008,0x0041a990,1205,0x0096a000,9871360
603009,0x0041a9a0,1206,0x0096c000,9879552
603010,0x0041a9b0,1207,0x0096e000,9887744
603011,0x0041a9c0,1208,0x00970000,9895936
603012,0x0041a9d0,1209,0x00972000,9904128
603013,0x0041a9e0,1210,0x00974000,9912320
603014,0x0041a9f0,1211,0x00976000,9920512
603015,0x0041aa00,1212,0x00978000,9928704
603016,0x0041aa10,1213,0x0097a000,9936896
603017,0x0041aa20,1214,0x0097c000,9945088
603018,0x0041aa30,1215,0x0097e000,9953280
603019,0x0041aa40,1216,0x00980000,9961472
603020,0x0041aa50,1217,0x00982000,9969664
603021,0x0041aa60,1218,0x00984000,9977856
603022,0x0041aa70,1219,0x00986000,9986048
603023,0x0041aa80,1220,0x00988000,9994240
603025,0x0041aa90,1221,0x0098a000,10002432
603026,0x0041aaa0,1222,0x0098c000,10010624
603027,0x0041aab0,1223,0x0098e000,10018816
603028,0x0041aac0,1224,0x00990000,10027008
603029,0x0041aad0,1225,0x00992000,10035200
603030,0x0041aae0,1226,0x00994000,10043392
603031,0x0041aaf0,1227,0x00996000,10051584
603032,0x0041ab00,1228,0x00998000,10059776
603033,0x0041ab10,1229,0x0099a000,10067968
603035,0x0041ab20,1230,0x0099c000,10076160
603036,0x0041ab30,1231,0x0099e000,10084352
603037,0x0041ab40,1232,0x009a0000,10092544
603038,0x0041ab50,1233,0x009a2000,10100736
603039,0x0041ab60,1234,0x009a4000,10108928
603040,0x0041ab70,1235,0x009a6000,10117120
603041,0x0041ab80,1236,0x009a8000,10125312
603042,0x0041ab90,1237,0x009aa000,10133504
603043,0x0041aba0,1238,0x009ac000,10141696
603045,0x0041abb0,1239,0x009ae000,10149888
603048,0x0041abc0,1240,0x009b0000,10158080
603049,0x0041abd0,1241,0x009b2000,10166272
603050,0x0041abe0,1242,0x009b4000,10174464
603051,0x0041abf0,1243,0x009b6000,10182656
603052,0x0041ac00,1244,0x009b8000,10190848
603053,0x0041ac10,1245,0x009ba000,10199040
603055,0x0041ac20,1246,0x009bc000,10207232
603056,0x0041ac30,1247,0x009be000,10215424
603057,0x0041ac40,1248,0x009c0000,10223616
603058,0x0041ac50,1249,0x009c2000,10231808
603059,0x0041ac60,1250,0x009c4000,10240000
603060,0x0041ac70,1251,0x009c6000,10248192
603061,0x0041ac80,1252,0x009c8000,10256384
603062,0x0041ac90,1253,0x009ca000,10264576
603063,0x0041aca0,1254,0x009cc000,10272768
603065,0x0041acb0,1255,0x009ce000,10280960
603066,0x0041acc0,1256,0x009d0000,10289152
603067,0x0041acd0,1257,0x009d2000,10297344
603068,0x0041ace0,1258,0x009d4000,10305536
603069,0x0041acf0,1259,0x009d6000,10313728
603070,0x0041ad00,1260,0x009d8000,10321920
603071,0x0041ad10,1261,0x009da000,10330112
603072,0x0041ad20,1262,0x009dc000,10338304
603073,0x0041ad30,1263,0x009de000,10346496
603075,0x0041ad40,1264,0x009e0000,10354688
603076,0x0041ad50,1265,0x009e2000,10362880
603077,0x0041ad60,1266,0x009e4000,10371072
603078,0x0041ad70,1267,0x009e6000,10379264
603079,0x0041ad80,1268,0x009e8000,10387456
603080,0x0041ad90,1269,0x009ea000,10395648
603081,0x0041ada0,1270,0x009ec000,10403840
603082,0x0041adb0,1271,0x009ee000,10412032
603083,0x0041adc0,1272,0x009f0000,10420224
603085,0x0041add0,1273,0x009f2000,10428416
603086,0x0041ade0,1274,0x009f4000,10436608
603087,0x0041adf0,1275,0x009f6000,10444800
603088,0x0041ae00,1276,0x009f8000,10452992
603089,0x0041ae10,1277,0x009fa000,10461184
603090,0x0041ae20,1278,0x009fc000,10469376
603091,0x0041ae30,1279,0x009fe000,10477568
603092,0x0041ae40,1280,0x00a00000,10485760
603093,0x0041ae50,1281,0x00a02000,10493952
603095,0x0041ae60,1282,0x00a04000,10502144
603096,0x0041ae70,1283,0x00a06000,10510336
603097,0x0041ae80,1284,0x00a08000,10518528
603098,0x0041ae90,1285,0x00a0a000,10526720
603099,0x0041aea0,1286,0x00a0c000,10534912
603100,0x0041aeb0,1287,0x00a0e000,10543104
603101,0x0041aec0,1288,0x00a10000,10551296
603102,0x0041aed0,1289,0x00a12000,10559488
603103,0x0041aee0,1290,0x00a14000,10567680
603105,0x0041aef0,1291,0x00a16000,10575872
603106,0x0041af00,1292,0x00a18000,10584064
603107,0x0041af10,1293,0x00a1a000,10592256
603108,0x0041af20,1294,0x00a1c000,10600448
603109,0x0041af30,1295,0x00a1e000,10608640
603110,0x0041af40,1296,0x00a20000,10616832
603111,0x0041af50,1297,0x00a22000,10625024
603112,0x0041af60,1298,0x00a24000,10633216
603113,0x0041af70,1299,0x00a26000,10641408
603115,0x0041af80,1300,0x00a28000,10649600
603116,0x0041af90,1301,0x00a2a000,10657792
603117,0x0041afa0,1302,0x00a2c000,10665984
603118,0x0041afb0,1303,0x00a2e000,10674176
603119,0x0041afc0,1304,0x00a30000,10682368
603120,0x0041afd0,1305,0x00a32000,10690560
603121,0x0041afe0,1306,0x00a34000,10698752
603122,0x0041aff0,1307,0x00a36000,10706944
240430,0x004ac000,4970,0x026d4000,40714240
511910,0x004ac080,8171,0x03fd6000,66936832
188364,0x004ac100,4446,0x022bc000,36421632
242056,0x004ac110,5948,0x02e78000,48726016
520610,0x004ac120,8503,0x0426e000,69656576
561330,0x004ac130,8677,0x043ca000,71081984
115582,0x004ac180,2853,0x0164a000,23371776
240433,0x004ac190,4971,0x026d6000,40722432
242057,0x004ac1a0,5949,0x02e7a000,48734208
530080,0x004ac1b0,8548,0x042c8000,70025216
242059,0x004ac280,5950,0x02e7c000,48742400
115586,0x004ac380,2854,0x0164c000,23379968
115587,0x004ac400,2855,0x0164e000,23388160
240390,0x004ac480,4953,0x026b2000,40574976
243141,0x004ac490,6524,0x032f8000,53444608
589020,0x004ac4a0,8909,0x0459a000,72982528
124603,0x004ac500,3004,0x01778000,24608768
173210,0x004ac510,3815,0x01dce000,31252480
243142,0x004ac520,6525,0x032fa000,53452800
138947,0x004ac580,3241,0x01952000,26550272
240392,0x004ac590,4954,0x026b4000,40583168
520570,0x004ac5a0,8499,0x04266000,69623808
600330,0x004ac680,428,0x00358000,3506176
243145,0x004ac690,6526,0x032fc000,53460992
600331,0x004ac700,429,0x0035a000,3514368
160952,0x004ac710,3707,0x01cf6000,30367744
243146,0x004ac720,6527,0x032fe000,53469184
600332,0x004ac780,430,0x0035c000,3522560
600333,0x004ac800,431,0x0035e000,3530752
240397,0x004ac810,4955,0x026b6000,40591360
243149,0x004ac880,6528,0x03300000,53477376
600335,0x004ac900,432,0x00360000,3538944
600336,0x004ac980,433,0x00362000,3547136
600337,0x004aca00,434,0x00364000,3555328
600338,0x004aca80,435,0x00366000,3563520
241522,0x004aca90,5653,0x02c2a000,46309376
600339,0x004acb00,436,0x00368000,3571712
241523,0x004acb10,5654,0x02c2c000,46317568
155818,0x004acb80,3662,0x01c9c000,29999104
600292,0x004acc00,400,0x00320000,3276800
173175,0x004acc10,3807,0x01dbe000,31186944
241525,0x004acc20,5655,0x02c2e000,46325760
600293,0x004acc80,401,0x00322000,3284992
241526,0x004acc90,5656,0x02c30000,46333952
526030,0x004acca0,8542,0x042bc000,69976064
560800,0x004accb0,8637,0x0437a000,70754304
173177,0x004acd00,3808,0x01dc0000,31195136
600295,0x004acd80,402,0x00324000,3293184
173178,0x004acd90,3809,0x01dc2000,31203328
241528,0x004acda0,5657,0x02c32000,46342144
244230,0x004acdb0,7048,0x03710000,57737216
603040,0x004ace00,1207,0x0096e000,9887744
241480,0x004ace10,5626,0x02bf4000,46088192
244231,0x004ace20,7049,0x03712000,57745408
603041,0x004ace80,1208,0x00970000,9895936
688543,0x004ace90,2323,0x01226000,19030016
241481,0x004acea0,5627,0x02bf6000,46096384
244232,0x004aceb0,7050,0x03714000,57753600
512960,0x004acec0,8225,0x04042000,67379200
600298,0x004acf00,403,0x00326000,3301376
603042,0x004acf10,1209,0x00972000,9904128
241482,0x004acf20,5628,0x02bf8000,46104576
244233,0x004acf30,7051,0x03716000,57761792
562380,0x004acf40,8736,0x04440000,71565312
600299,0x004acf80,404,0x00328000,3309568
603043,0x004acf90,1210,0x00974000,9912320
688545,0x004acfa0,2324,0x01228000,19038208
241483,0x004acfb0,5629,0x02bfa000,46112768
242610,0x004acfc0,6240,0x030c0000,51118080
244234,0x004acfd0,7052,0x03718000,57769984
517330,0x004acfe0,8469,0x0422a000,69378048
603123,0x0051c000,1309,0x00a3a000,10723328
603124,0x0051c010,1310,0x00a3c000,10731520
603125,0x0051c020,1311,0x00a3e000,10739712
603126,0x0051c030,1312,0x00a40000,10747904
603127,0x0051c040,1313,0x00a42000,10756096
603128,0x0051c050,1314,0x00a44000,10764288
603129,0x0051c060,1315,0x00a46000,10772480
603130,0x0051c070,1316,0x00a48000,10780672
603131,0x0051c080,1317,0x00a4a000,10788864
603132,0x0051c090,1318,0x00a4c000,10797056
603135,0x0051c0a0,1319,0x00a4e000,10805248
603136,0x0051c0b0,1320,0x00a50000,10813440
603137,0x0051c0c0,1321,0x00a52000,10821632
603138,0x0051c0d0,1322,0x00a54000,10829824
603139,0x0051c0e0,1323,0x00a56000,10838016
603150,0x0051c0f0,1324,0x00a58000,10846208
603151,0x0051c100,1325,0x00a5a000,10854400
603153,0x0051c110,1326,0x00a5c000,10862592
603155,0x0051c120,1327,0x00a5e000,10870784
603156,0x0051c130,1328,0x00a60000,10878976
603158,0x0051c140,1329,0x00a62000,10887168
603159,0x0051c150,1330,0x00a64000,10895360
603160,0x0051c160,1331,0x00a66000,10903552
603161,0x0051c170,1332,0x00a68000,10911744
603162,0x0051c180,1333,0x00a6a000,10919936
603163,0x0051c190,1334,0x00a6c000,10928128
603165,0x0051c1a0,1335,0x00a6e000,10936320
603166,0x0051c1b0,1336,0x00a70000,10944512
603167,0x0051c1c0,1337,0x00a72000,10952704
603168,0x0051c1d0,1338,0x00a74000,10960896
603169,0x0051c1e0,1339,0x00a76000,10969088
603170,0x0051c1f0,1340,0x00a78000,10977280
603171,0x0051c200,1341,0x00a7a000,10985472
603172,0x0051c210,1342,0x00a7c000,10993664
603173,0x0051c220,1343,0x00a7e000,11001856
603175,0x0051c230,1344,0x00a80000,11010048
603176,0x0051c240,1345,0x00a82000,11018240
603177,0x0051c250,1346,0x00a84000,11026432
603178,0x0051c260,1347,0x00a86000,11034624
603179,0x0051c270,1348,0x00a88000,11042816
603180,0x0051c280,1349,0x00a8a000,11051008
603181,0x0051c290,1350,0x00a8c000,11059200
603182,0x0051c2a0,1351,0x00a8e000,11067392
603183,0x0051c2b0,1352,0x00a90000,11075584
603185,0x0051c2c0,1353,0x00a92000,11083776
603186,0x0051c2d0,1354,0x00a94000,11091968
603187,0x0051c2e0,1355,0x00a96000,11100160
603188,0x0051c2f0,1356,0x00a98000,11108352
603189,0x0051c300,1357,0x00a9a000,11116544
603190,0x0051c310,1358,0x00a9c000,11124736
603191,0x0051c320,1359,0x00a9e000,11132928
603192,0x0051c330,1360,0x00aa0000,11141120
603193,0x0051c340,1361,0x00aa2000,11149312
603194,0x0051c350,1362,0x00aa4000,11157504
603195,0x0051c360,1363,0x00aa6000,11165696
603196,0x0051c370,1364,0x00aa8000,11173888
603197,0x0051c380,1365,0x00aaa000,11182080
603198,0x0051c390,1366,0x00aac000,11190272
603199,0x0051c3a0,1367,0x00aae000,11198464
603200,0x0051c3b0,1368,0x00ab0000,11206656
603201,0x0051c3c0,1369,0x00ab2000,11214848
603202,0x0051c3d0,1370,0x00ab4000,11223040
603203,0x0051c3e0,1371,0x00ab6000,11231232
603205,0x0051c3f0,1372,0x00ab8000,11239424
603206,0x0051c400,1373,0x00aba000,11247616
603207,0x0051c410,1374,0x00abc000,11255808
603208,0x0051c420,1375,0x00abe000,11264000
603209,0x0051c430,1376,0x00ac0000,11272192
603210,0x0051c440,1377,0x00ac2000,11280384
603211,0x0051c450,1378,0x00ac4000,11288576
603212,0x0051c460,1379,0x00ac6000,11296768
603213,0x0051c470,1380,0x00ac8000,11304960
603214,0x0051c480,1381,0x00aca000,11313152
603215,0x0051c490,1382,0x00acc000,11321344
603216,0x0051c4a0,1383,0x00ace000,11329536
603217,0x0051c4b0,1384,0x00ad0000,11337728
603218,0x0051c4c0,1385,0x00ad2000,11345920
603219,0x0051c4d0,1386,0x00ad4000,11354112
603220,0x0051c4e0,1387,0x00ad6000,11362304
603221,0x0051c4f0,1388,0x00ad8000,11370496
603222,0x0051c500,1389,0x00ada000,11378688
603223,0x0051c510,1390,0x00adc000,11386880
603225,0x0051c520,1391,0x00ade000,11395072
603226,0x0051c530,1392,0x00ae0000,11403264
603227,0x0051c540,1393,0x00ae2000,11411456
603228,0x0051c550,1394,0x00ae4000,11419648
603229,0x0051c560,1395,0x00ae6000,11427840
603230,0x0051c570,1396,0x00ae8000,11436032
603231,0x0051c580,1397,0x00aea000,11444224
603232,0x0051c590,1398,0x00aec000,11452416
603233,0x0051c5a0,1399,0x00aee000,11460608
603235,0x0051c5b0,1400,0x00af0000,11468800
603236,0x0051c5c0,1401,0x00af2000,11476992
603237,0x0051c5d0,1402,0x00af4000,11485184
603238,0x0051c5e0,1403,0x00af6000,11493376
603239,0x0051c5f0,1404,0x00af8000,11501568
603248,0x0051c600,1405,0x00afa000,11509760
603255,0x0051c610,1406,0x00afc000,11517952
603256,0x0051c620,1407,0x00afe000,11526144
603257,0x0051c630,1408,0x00b00000,11534336
603258,0x0051c640,1409,0x00b02000,11542528
603259,0x0051c650,1410,0x00b04000,11550720
603260,0x0051c660,1411,0x00b06000,11558912
603261,0x0051c670,1412,0x00b08000,11567104
603262,0x0051c680,1413,0x00b0a000,11575296
603266,0x0051c690,1414,0x00b0c000,11583488
603267,0x0051c6a0,1415,0x00b0e000,11591680
603268,0x0051c6b0,1416,0x00b10000,11599872
603269,0x0051c6c0,1417,0x00b12000,11608064
603270,0x0051c6d0,1418,0x00b14000,11616256
603271,0x0051c6e0,1419,0x00b16000,11624448
603272,0x0051c6f0,1420,0x00b18000,11632640
603273,0x0051c700,1421,0x00b1a000,11640832
603275,0x0051c710,1422,0x00b1c000,11649024
603276,0x0051c720,1423,0x00b1e000,11657216
603277,0x0051c730,1424,0x00b20000,11665408
603278,0x0051c740,1425,0x00b22000,11673600
603279,0x0051c750,1426,0x00b24000,11681792
603280,0x0051c760,1427,0x00b26000,11689984
603281,0x0051c770,1428,0x00b28000,11698176
603282,0x0051c780,1429,0x00b2a000,11706368
603283,0x0051c790,1430,0x00b2c000,11714560
603284,0x0051c7a0,1431,0x00b2e000,11722752
603285,0x0051c7b0,1432,0x00b30000,11730944
603286,0x0051c7c0,1433,0x00b32000,11739136
603288,0x0051c7d0,1434,0x00b34000,11747328
603289,0x0051c7e0,1435,0x00b36000,11755520
603290,0x0051c7f0,1436,0x00b38000,11763712
603291,0x0051c800,1437,0x00b3a000,11771904
603293,0x0051c810,1438,0x00b3c000,11780096
603296,0x0051c820,1439,0x00b3e000,11788288
603297,0x0051c830,1440,0x00b40000,11796480
603298,0x0051c840,1441,0x00b42000,11804672
603299,0x0051c850,1442,0x00b44000,11812864
603300,0x0051c860,1443,0x00b46000,11821056
603301,0x0051c870,1444,0x00b48000,11829248
603303,0x0051c880,1445,0x00b4a000,11837440
603305,0x0051c890,1446,0x00b4c000,11845632
603306,0x0051c8a0,1447,0x00b4e000,11853824
603307,0x0051c8b0,1448,0x00b50000,11862016
603308,0x0051c8c0,1449,0x00b52000,11870208
603309,0x0051c8d0,1450,0x00b54000,11878400
603310,0x0051c8e0,1451,0x00b56000,11886592
603311,0x0051c8f0,1452,0x00b58000,11894784
603312,0x0051c900,1453,0x00b5a000,11902976
603313,0x0051c910,1454,0x00b5c000,11911168
603315,0x0051c920,1455,0x00b5e000,11919360
603316,0x0051c930,1456,0x00b60000,11927552
603317,0x0051c940,1457,0x00b62000,11935744
603318,0x0051c950,1458,0x00b64000,11943936
603319,0x0051c960,1459,0x00b66000,11952128
603320,0x0051c970,1460,0x00b68000,11960320
603321,0x0051c980,1461,0x00b6a000,11968512
603322,0x0051c990,1462,0x00b6c000,11976704
603323,0x0051c9a0,1463,0x00b6e000,11984896
603324,0x0051c9b0,1464,0x00b70000,11993088
603325,0x0051c9c0,1465,0x00b72000,12001280
603326,0x0051c9d0,1466,0x00b74000,12009472
603327,0x0051c9e0,1467,0x00b76000,12017664
603328,0x0051c9f0,1468,0x00b78000,12025856
603329,0x0051ca00,1469,0x00b7a000,12034048
603330,0x0051ca10,1470,0x00b7c000,12042240
603331,0x0051ca20,1471,0x00b7e000,12050432
603332,0x0051ca30,1472,0x00b80000,12058624
603333,0x0051ca40,1473,0x00b82000,12066816
603334,0x0051ca50,1474,0x00b84000,12075008
603335,0x0051ca60,1475,0x00b86000,12083200
603336,0x0051ca70,1476,0x00b88000,12091392
603337,0x0051ca80,1477,0x00b8a000,12099584
603338,0x0051ca90,1478,0x00b8c000,12107776
603339,0x0051caa0,1479,0x00b8e000,12115968
603341,0x0051cab0,1480,0x00b90000,12124160
603344,0x0051cac0,1481,0x00b92000,12132352
603345,0x0051cad0,1482,0x00b94000,12140544
603348,0x0051cae0,1483,0x00b96000,12148736
603350,0x0051caf0,1484,0x00b98000,12156928
603351,0x0051cb00,1485,0x00b9a000,12165120
603352,0x0051cb10,1486,0x00b9c000,12173312
603353,0x0051cb20,1487,0x00b9e000,12181504
603355,0x0051cb30,1488,0x00ba0000,12189696
603356,0x0051cb40,1489,0x00ba2000,12197888
603357,0x0051cb50,1490,0x00ba4000,12206080
603358,0x0051cb60,1491,0x00ba6000,12214272
603359,0x0051cb70,1492,0x00ba8000,12222464
603360,0x0051cb80,1493,0x00baa000,12230656
603363,0x0051cb90,1494,0x00bac000,12238848
603365,0x0051cba0,1495,0x00bae000,12247040
603366,0x0051cbb0,1496,0x00bb0000,12255232
603367,0x0051cbc0,1497,0x00bb2000,12263424
603368,0x0051cbd0,1498,0x00bb4000,12271616
603369,0x0051cbe0,1499,0x00bb6000,12279808
603370,0x0051cbf0,1500,0x00bb8000,12288000
603373,0x0051cc00,1501,0x00bba000,12296192
603375,0x0051cc10,1502,0x00bbc000,12304384
603376,0x0051cc20,1503,0x00bbe000,12312576
603377,0x0051cc30,1504,0x00bc0000,12320768
603378,0x0051cc40,1505,0x00bc2000,12328960
603379,0x0051cc50,1506,0x00bc4000,12337152
603380,0x0051cc60,1507,0x00bc6000,12345344
603381,0x0051cc70,1508,0x00bc8000,12353536
603382,0x0051cc80,1509,0x00bca000,12361728
603383,0x0051cc90,1510,0x00bcc000,12369920
603385,0x0051cca0,1511,0x00bce000,12378112
603386,0x0051ccb0,1512,0x00bd0000,12386304
603387,0x0051ccc0,1513,0x00bd2000,12394496
603388,0x0051ccd0,1514,0x00bd4000,12402688
603389,0x0051cce0,1515,0x00bd6000,12410880
603390,0x0051ccf0,1516,0x00bd8000,12419072
603391,0x0051cd00,1517,0x00bda000,12427264
603392,0x0051cd10,1518,0x00bdc000,12435456
603393,0x0051cd20,1519,0x00bde000,12443648
603395,0x0051cd30,1520,0x00be0000,12451840
603396,0x0051cd40,1521,0x00be2000,12460032
603398,0x0051cd50,1522,0x00be4000,12468224
603399,0x0051cd60,1523,0x00be6000,12476416
603400,0x0051cd70,1524,0x00be8000,12484608
603402,0x0051cd80,1525,0x00bea000,12492800
603406,0x0051cd90,1526,0x00bec000,12500992
603407,0x0051cda0,1527,0x00bee000,12509184
603408,0x0051cdb0,1528,0x00bf0000,12517376
603409,0x0051cdc0,1529,0x00bf2000,12525568
603416,0x0051cdd0,1530,0x00bf4000,12533760
603418,0x0051cde0,1531,0x00bf6000,12541952
603421,0x0051cdf0,1532,0x00bf8000,12550144
603429,0x0051ce00,1533,0x00bfa000,12558336
603435,0x0051ce10,1534,0x00bfc000,12566528
603439,0x0051ce20,1535,0x00bfe000,12574720
603444,0x0051ce30,1536,0x00c00000,12582912
603456,0x0051ce40,1537,0x00c02000,12591104
603458,0x0051ce50,1538,0x00c04000,12599296
603459,0x0051ce60,1539,0x00c06000,12607488
603466,0x0051ce70,1540,0x00c08000,12615680
603468,0x0051ce80,1541,0x00c0a000,12623872
603477,0x0051ce90,1542,0x00c0c000,12632064
603486,0x0051cea0,1543,0x00c0e000,12640256
603488,0x0051ceb0,1544,0x00c10000,12648448
603489,0x0051cec0,1545,0x00c12000,12656640
603496,0x0051ced0,1546,0x00c14000,12664832
603499,0x0051cee0,1547,0x00c16000,12673024
603500,0x0051cef0,1548,0x00c18000,12681216
603501,0x0051cf00,1549,0x00c1a000,12689408
603505,0x0051cf10,1550,0x00c1c000,12697600
603506,0x0051cf20,1551,0x00c1e000,12705792
603507,0x0051cf30,1552,0x00c20000,12713984
603508,0x0051cf40,1553,0x00c22000,12722176
603511,0x0051cf50,1554,0x00c24000,12730368
603515,0x0051cf60,1555,0x00c26000,12738560
603516,0x0051cf70,1556,0x00c28000,12746752
603517,0x0051cf80,1557,0x00c2a000,12754944
603518,0x0051cf90,1558,0x00c2c000,12763136
603519,0x0051cfa0,1559,0x00c2e000,12771328
603520,0x0051cfb0,1562,0x00c34000,12795904
603527,0x0051cfc0,1563,0x00c36000,12804096
603528,0x0051cfd0,1564,0x00c38000,12812288
603529,0x0051cfe0,1565,0x00c3a000,12820480
603530,0x0051cff0,1566,0x00c3c000,12828672
241484,0x00618000,5630,0x02bfc000,46120960
603045,0x00618080,1211,0x00976000,9920512
241485,0x00618090,5631,0x02bfe000,46129152
242612,0x006180a0,6241,0x030c2000,51126272
244236,0x006180b0,7053,0x0371a000,57778176
688548,0x00618100,2325,0x0122a000,19046400
241486,0x00618110,5632,0x02c00000,46137344
244237,0x00618120,7054,0x0371c000,57786368
688549,0x00618180,2326,0x0122c000,19054592
143055,0x00618190,3260,0x01978000,26705920
244238,0x006181a0,7055,0x0371e000,57794560
515710,0x006181b0,8353,0x04142000,68427776
603048,0x00618200,1212,0x00978000,9928704
241488,0x00618210,5633,0x02c02000,46145536
244190,0x00618220,7033,0x036f2000,57614336
244239,0x00618230,7056,0x03720000,57802752
603049,0x00618280,1213,0x0097a000,9936896
241489,0x00618290,5634,0x02c04000,46153728
244191,0x006182a0,7034,0x036f4000,57622528
242617,0x00618300,6242,0x030c4000,51134464
244192,0x00618310,7035,0x036f6000,57630720
242618,0x00618380,6243,0x030c6000,51142656
244193,0x00618390,7036,0x036f8000,57638912
244194,0x00618400,7037,0x036fa000,57647104
563510,0x00618410,8789,0x044aa000,71999488
588450,0x00618480,8866,0x04544000,72630272
242572,0x00618500,6223,0x0309e000,50978816
244196,0x00618510,7038,0x036fc000,57655296
242573,0x00618580,6224,0x030a0000,50987008
244197,0x00618590,7039,0x036fe000,57663488
244199,0x00618680,7040,0x03700000,57671680
152031,0x00618700,3315,0x019e6000,27156480
245320,0x00618710,7601,0x03b62000,62267392
188927,0x00618780,4514,0x02344000,36978688
242578,0x00618800,6225,0x030a2000,50995200
601388,0x00618880,1048,0x00830000,8585216
188929,0x00618890,4515,0x02346000,36986880
243700,0x00618900,6798,0x0351c000,55689216
184050,0x00618980,3909,0x01e8a000,32022528
188882,0x00618990,4507,0x02336000,36921344
240950,0x006189a0,5281,0x02942000,43261952
240951,0x00618a00,5282,0x02944000,43270144
243702,0x00618a10,6799,0x0351e000,55697408
245327,0x00618a80,7602,0x03b64000,62275584
184053,0x00618b00,3910,0x01e8c000,32030720
240953,0x00618b10,5283,0x02946000,43278336
243704,0x00618b20,6800,0x03520000,55705600
245328,0x00618b30,7603,0x03b66000,62283776
516800,0x00618b40,8436,0x041e8000,69107712
184054,0x00618b80,3911,0x01e8e000,32038912
188886,0x00618b90,4508,0x02338000,36929536
240954,0x00618ba0,5284,0x02948000,43286528
245329,0x00618bb0,7604,0x03b68000,62291968
184055,0x00618c00,3912,0x01e90000,32047104
240955,0x00618c10,5285,0x0294a000,43294720
243706,0x00618c20,6801,0x03522000,55713792
184056,0x00618c80,3913,0x01e92000,32055296
243707,0x00618c90,6802,0x03524000,55721984
184057,0x00618d00,3914,0x01e94000,32063488
243708,0x00618d10,6803,0x03526000,55730176
240958,0x00618d80,5286,0x0294c000,43302912
140903,0x00618e00,3254,0x0196c000,26656768
605222,0x00618e80,1850,0x00e74000,15155200
175354,0x00618e90,3860,0x01e28000,31621120
243662,0x00618ea0,6776,0x034f0000,55508992
245286,0x00618eb0,7589,0x03b4a000,62169088
243663,0x00618f00,6777,0x034f2000,55517184
245287,0x00618f10,7590,0x03b4c000,62177280
235770,0x00618f80,4693,0x024aa000,38445056
245288,0x00618f90,7591,0x03b4e000,62185472
516760,0x00618fa0,8432,0x041e0000,69074944
600850,0x00619000,840,0x00690000,6881280
600851,0x00619080,841,0x00692000,6889472
600853,0x00619180,842,0x00694000,6897664
605228,0x00619190,1851,0x00e76000,15163392
173736,0x006191a0,3837,0x01dfa000,31432704
243668,0x006191b0,6778,0x034f4000,55525376
600854,0x00619200,843,0x00696000,6905856
605180,0x00619210,1840,0x00e60000,15073280
235775,0x00619220,4694,0x024ac000,38453248
243669,0x00619230,6779,0x034f6000,55533568
600855,0x00619280,844,0x00698000,6914048
510310,0x00619290,8097,0x03f42000,66330624
603600,0x00619300,1565,0x00c3a000,12820480
185140,0x00619310,4233,0x02112000,34676736
600857,0x00619380,845,0x0069a000,6922240
603601,0x00619390,1566,0x00c3c000,12828672
605183,0x006193a0,1841,0x00e62000,15081472
000901,0x006193b0,9220,0x04808000,75530240
600858,0x00619400,846,0x0069c000,6930432
603602,0x00619410,1567,0x00c3e000,12836864
600859,0x00619480,847,0x0069e000,6938624
127830,0x00619490,3030,0x017ac000,24821760
000903,0x006194a0,9221,0x0480a000,75538432
605186,0x00619500,1842,0x00e64000,15089664
603605,0x00619580,1568,0x00c40000,12845056
517850,0x00619590,8480,0x04240000,69468160
000905,0x006195a0,9222,0x0480c000,75546624
603606,0x00619600,1569,0x00c42000,12853248
605188,0x00619610,1843,0x00e66000,15097856
270047,0x00619620,7829,0x03d2a000,64135168
000906,0x00619630,9223,0x0480e000,75554816
603607,0x00619680,1570,0x00c44000,12861440
605189,0x00619690,1844,0x00e68000,15106048
185147,0x006196a0,4234,0x02114000,34684928
513020,0x006196b0,8231,0x0404e000,67428352
603608,0x00619700,1571,0x00c46000,12869632
185148,0x00619710,4235,0x02116000,34693120
244750,0x00619720,7315,0x03926000,59924480
270049,0x00619730,7830,0x03d2c000,64143360
510270,0x00619740,8094,0x03f3c000,66306048
000860,0x00619780,173,0x0015a000,1417216
603609,0x00619790,1572,0x00c48000,12877824
173699,0x006197a0,3836,0x01df8000,31424512
127837,0x00619800,3031,0x017ae000,24829952
244753,0x00619880,7316,0x03928000,59932672
000863,0x00619900,174,0x0015c000,1425408
244754,0x00619910,7317,0x0392a000,59940864
115072,0x00619980,2785,0x015c2000,22814720
232036,0x00619990,4576,0x023c0000,37486592
000865,0x00619a00,175,0x0015e000,1433600
603565,0x00619a10,1545,0x00c12000,12656640
603566,0x00619a80,1546,0x00c14000,12664832
019850,0x00619a90,2752,0x01580000,22544384
198952,0x00619aa0,4532,0x02368000,37126144
244757,0x00619ab0,7318,0x0392c000,59949056
000867,0x00619b00,176,0x00160000,1441792
603567,0x00619b10,1547,0x00c16000,12673024
244758,0x00619b20,7319,0x0392e000,59957248
603568,0x00619b80,1548,0x00c18000,12681216
000869,0x00619c00,177,0x00162000,1449984
603569,0x00619c10,1549,0x00c1a000,12689408
511360,0x00619d00,8151,0x03fae000,66772992
601949,0x00619e00,1148,0x008f8000,9404416
271134,0x00619e10,7876,0x03d88000,64520192
271136,0x00619f00,7877,0x03d8a000,64528384
271137,0x00619f80,7878,0x03d8c000,64536576
603533,0x0061f000,1568,0x00c40000,12845056
603535,0x0061f010,1569,0x00c42000,12853248
603536,0x0061f020,1570,0x00c44000,12861440
603538,0x0061f030,1571,0x00c46000,12869632
603551,0x0061f040,1572,0x00c48000,12877824
603556,0x0061f050,1573,0x00c4a000,12886016
603557,0x0061f060,1574,0x00c4c000,12894208
603558,0x0061f070,1575,0x00c4e000,12902400
603559,0x0061f080,1576,0x00c50000,12910592
603565,0x0061f090,1577,0x00c52000,12918784
603566,0x0061f0a0,1578,0x00c54000,12926976
603567,0x0061f0b0,1579,0x00c56000,12935168
603568,0x0061f0c0,1580,0x00c58000,12943360
603569,0x0061f0d0,1581,0x00c5a000,12951552
603577,0x0061f0e0,1582,0x00c5c000,12959744
603578,0x0061f0f0,1583,0x00c5e000,12967936
603579,0x0061f100,1584,0x00c60000,12976128
603580,0x0061f110,1585,0x00c62000,12984320
603583,0x0061f120,1586,0x00c64000,12992512
603585,0x0061f130,1587,0x00c66000,13000704
603586,0x0061f140,1588,0x00c68000,13008896
603587,0x0061f150,1589,0x00c6a000,13017088
603588,0x0061f160,1590,0x00c6c000,13025280
603589,0x0061f170,1591,0x00c6e000,13033472
603590,0x0061f180,1592,0x00c70000,13041664
603595,0x0061f190,1593,0x00c72000,13049856
603596,0x0061f1a0,1594,0x00c74000,13058048
603598,0x0061f1b0,1595,0x00c76000,13066240
603599,0x0061f1c0,1596,0x00c78000,13074432
603600,0x0061f1d0,1597,0x00c7a000,13082624
603601,0x0061f1e0,1598,0x00c7c000,13090816
603602,0x0061f1f0,1599,0x00c7e000,13099008
603605,0x0061f200,1600,0x00c80000,13107200
603606,0x0061f210,1601,0x00c82000,13115392
603607,0x0061f220,1602,0x00c84000,13123584
603608,0x0061f230,1603,0x00c86000,13131776
603609,0x0061f240,1604,0x00c88000,13139968
603610,0x0061f250,1605,0x00c8a000,13148160
603611,0x0061f260,1606,0x00c8c000,13156352
603612,0x0061f270,1607,0x00c8e000,13164544
603613,0x0061f280,1608,0x00c90000,13172736
603615,0x0061f290,1609,0x00c92000,13180928
603616,0x0061f2a0,1610,0x00c94000,13189120
603617,0x0061f2b0,1611,0x00c96000,13197312
603618,0x0061f2c0,1612,0x00c98000,13205504
603619,0x0061f2d0,1613,0x00c9a000,13213696
603626,0x0061f2e0,1614,0x00c9c000,13221888
603628,0x0061f2f0,1615,0x00c9e000,13230080
603629,0x0061f300,1616,0x00ca0000,13238272
603630,0x0061f310,1617,0x00ca2000,13246464
603633,0x0061f320,1618,0x00ca4000,13254656
603636,0x0061f330,1619,0x00ca6000,13262848
603637,0x0061f340,1620,0x00ca8000,13271040
603638,0x0061f350,1621,0x00caa000,13279232
603639,0x0061f360,1622,0x00cac000,13287424
603648,0x0061f370,1623,0x00cae000,13295616
603650,0x0061f380,1624,0x00cb0000,13303808
603655,0x0061f390,1625,0x00cb2000,13312000
603656,0x0061f3a0,1626,0x00cb4000,13320192
603657,0x0061f3b0,1627,0x00cb6000,13328384
603658,0x0061f3c0,1628,0x00cb8000,13336576
603659,0x0061f3d0,1629,0x00cba000,13344768
603660,0x0061f3e0,1630,0x00cbc000,13352960
603661,0x0061f3f0,1631,0x00cbe000,13361152
603662,0x0061f400,1632,0x00cc0000,13369344
603663,0x0061f410,1633,0x00cc2000,13377536
603665,0x0061f420,1634,0x00cc4000,13385728
603666,0x0061f430,1635,0x00cc6000,13393920
603667,0x0061f440,1636,0x00cc8000,13402112
603668,0x0061f450,1637,0x00cca000,13410304
603669,0x0061f460,1638,0x00ccc000,13418496
603676,0x0061f470,1639,0x00cce000,13426688
603677,0x0061f480,1640,0x00cd0000,13434880
603678,0x0061f490,1641,0x00cd2000,13443072
603679,0x0061f4a0,1642,0x00cd4000,13451264
603680,0x0061f4b0,1643,0x00cd6000,13459456
603681,0x0061f4c0,1644,0x00cd8000,13467648
603682,0x0061f4d0,1645,0x00cda000,13475840
603683,0x0061f4e0,1646,0x00cdc000,13484032
603685,0x0061f4f0,1647,0x00cde000,13492224
603686,0x0061f500,1648,0x00ce0000,13500416
603687,0x0061f510,1649,0x00ce2000,13508608
603688,0x0061f520,1650,0x00ce4000,13516800
603689,0x0061f530,1651,0x00ce6000,13524992
603690,0x0061f540,1652,0x00ce8000,13533184
603693,0x0061f550,1653,0x00cea000,13541376
603696,0x0061f560,1654,0x00cec000,13549568
603697,0x0061f570,1655,0x00cee000,13557760
603698,0x0061f580,1656,0x00cf0000,13565952
603699,0x0061f590,1657,0x00cf2000,13574144
603700,0x0061f5a0,1658,0x00cf4000,13582336
603701,0x0061f5b0,1659,0x00cf6000,13590528
603703,0x0061f5c0,1660,0x00cf8000,13598720
603706,0x0061f5d0,1661,0x00cfa000,13606912
603707,0x0061f5e0,1662,0x00cfc000,13615104
603708,0x0061f5f0,1663,0x00cfe000,13623296
603709,0x0061f600,1664,0x00d00000,13631488
603711,0x0061f610,1665,0x00d02000,13639680
603712,0x0061f620,1666,0x00d04000,13647872
603713,0x0061f630,1667,0x00d06000,13656064
603716,0x0061f640,1668,0x00d08000,13664256
603717,0x0061f650,1669,0x00d0a000,13672448
603718,0x0061f660,1670,0x00d0c000,13680640
603719,0x0061f670,1671,0x00d0e000,13688832
603721,0x0061f680,1672,0x00d10000,13697024
603722,0x0061f690,1673,0x00d12000,13705216
603725,0x0061f6a0,1674,0x00d14000,13713408
603726,0x0061f6b0,1675,0x00d16000,13721600
603727,0x0061f6c0,1676,0x00d18000,13729792
603728,0x0061f6d0,1677,0x00d1a000,13737984
603729,0x0061f6e0,1678,0x00d1c000,13746176
603730,0x0061f6f0,1679,0x00d1e000,13754368
603733,0x0061f700,1680,0x00d20000,13762560
603737,0x0061f710,1681,0x00d22000,13770752
603738,0x0061f720,1682,0x00d24000,13778944
603739,0x0061f730,1683,0x00d26000,13787136
603755,0x0061f740,1684,0x00d28000,13795328
603757,0x0061f750,1685,0x00d2a000,13803520
603758,0x0061f760,1686,0x00d2c000,13811712
603759,0x0061f770,1687,0x00d2e000,13819904
603766,0x0061f780,1688,0x00d30000,13828096
603767,0x0061f790,1689,0x00d32000,13836288
603768,0x0061f7a0,1690,0x00d34000,13844480
603773,0x0061f7b0,1691,0x00d36000,13852672
603776,0x0061f7c0,1692,0x00d38000,13860864
603777,0x0061f7d0,1693,0x00d3a000,13869056
603778,0x0061f7e0,1694,0x00d3c000,13877248
603779,0x0061f7f0,1695,0x00d3e000,13885440
603786,0x0061f800,1696,0x00d40000,13893632
603787,0x0061f810,1697,0x00d42000,13901824
603788,0x0061f820,1698,0x00d44000,13910016
603789,0x0061f830,1699,0x00d46000,13918208
603790,0x0061f840,1700,0x00d48000,13926400
603797,0x0061f850,1701,0x00d4a000,13934592
603798,0x0061f860,1702,0x00d4c000,13942784
603799,0x0061f870,1703,0x00d4e000,13950976
603800,0x0061f880,1704,0x00d50000,13959168
603801,0x0061f890,1705,0x00d52000,13967360
603803,0x0061f8a0,1706,0x00d54000,13975552
603806,0x0061f8b0,1707,0x00d56000,13983744
603808,0x0061f8c0,1708,0x00d58000,13991936
603809,0x0061f8d0,1709,0x00d5a000,14000128
603810,0x0061f8e0,1710,0x00d5c000,14008320
603811,0x0061f8f0,1711,0x00d5e000,14016512
603813,0x0061f900,1712,0x00d60000,14024704
603815,0x0061f910,1713,0x00d62000,14032896
603816,0x0061f920,1714,0x00d64000,14041088
603817,0x0061f930,1715,0x00d66000,14049280
603818,0x0061f940,1716,0x00d68000,14057472
603819,0x0061f950,1717,0x00d6a000,14065664
603822,0x0061f960,1718,0x00d6c000,14073856
603823,0x0061f970,1719,0x00d6e000,14082048
603825,0x0061f980,1720,0x00d70000,14090240
603826,0x0061f990,1721,0x00d72000,14098432
603828,0x0061f9a0,1722,0x00d74000,14106624
603829,0x0061f9b0,1723,0x00d76000,14114816
603833,0x0061f9c0,1724,0x00d78000,14123008
603836,0x0061f9d0,1725,0x00d7a000,14131200
603838,0x0061f9e0,1726,0x00d7c000,14139392
603839,0x0061f9f0,1727,0x00d7e000,14147584
603843,0x0061fa00,1728,0x00d80000,14155776
603848,0x0061fa10,1729,0x00d82000,14163968
603855,0x0061fa20,1730,0x00d84000,14172160
603856,0x0061fa30,1731,0x00d86000,14180352
603858,0x0061fa40,1732,0x00d88000,14188544
603859,0x0061fa50,1733,0x00d8a000,14196736
603860,0x0061fa60,1734,0x00d8c000,14204928
603861,0x0061fa70,1735,0x00d8e000,14213120
603863,0x0061fa80,1736,0x00d90000,14221312
603866,0x0061fa90,1737,0x00d92000,14229504
603867,0x0061faa0,1738,0x00d94000,14237696
603868,0x0061fab0,1739,0x00d96000,14245888
603869,0x0061fac0,1740,0x00d98000,14254080
603871,0x0061fad0,1741,0x00d9a000,14262272
603876,0x0061fae0,1742,0x00d9c000,14270464
603877,0x0061faf0,1743,0x00d9e000,14278656
603878,0x0061fb00,1744,0x00da0000,14286848
603879,0x0061fb10,1745,0x00da2000,14295040
603880,0x0061fb20,1746,0x00da4000,14303232
603881,0x0061fb30,1747,0x00da6000,14311424
603882,0x0061fb40,1748,0x00da8000,14319616
603883,0x0061fb50,1749,0x00daa000,14327808
603885,0x0061fb60,1750,0x00dac000,14336000
603886,0x0061fb70,1751,0x00dae000,14344192
603887,0x0061fb80,1752,0x00db0000,14352384
603888,0x0061fb90,1753,0x00db2000,14360576
603889,0x0061fba0,1754,0x00db4000,14368768
603890,0x0061fbb0,1755,0x00db6000,14376960
603893,0x0061fbc0,1756,0x00db8000,14385152
603895,0x0061fbd0,1757,0x00dba000,14393344
603896,0x0061fbe0,1758,0x00dbc000,14401536
603897,0x0061fbf0,1759,0x00dbe000,14409728
603898,0x0061fc00,1760,0x00dc0000,14417920
603899,0x0061fc10,1761,0x00dc2000,14426112
603900,0x0061fc20,1762,0x00dc4000,14434304
603901,0x0061fc30,1763,0x00dc6000,14442496
603903,0x0061fc40,1764,0x00dc8000,14450688
603906,0x0061fc50,1765,0x00dca000,14458880
603908,0x0061fc60,1766,0x00dcc000,14467072
603909,0x0061fc70,1767,0x00dce000,14475264
603912,0x0061fc80,1768,0x00dd0000,14483456
603915,0x0061fc90,1769,0x00dd2000,14491648
603916,0x0061fca0,1770,0x00dd4000,14499840
603917,0x0061fcb0,1771,0x00dd6000,14508032
603918,0x0061fcc0,1772,0x00dd8000,14516224
603919,0x0061fcd0,1773,0x00dda000,14524416
603920,0x0061fce0,1774,0x00ddc000,14532608
603922,0x0061fcf0,1775,0x00dde000,14540800
603926,0x0061fd00,1776,0x00de0000,14548992
603927,0x0061fd10,1777,0x00de2000,14557184
603928,0x0061fd20,1778,0x00de4000,14565376
603929,0x0061fd30,1779,0x00de6000,14573568
603931,0x0061fd40,1780,0x00de8000,14581760
603933,0x0061fd50,1781,0x00dea000,14589952
603936,0x0061fd60,1782,0x00dec000,14598144
603937,0x0061fd70,1783,0x00dee000,14606336
603938,0x0061fd80,1784,0x00df0000,14614528
603939,0x0061fd90,1785,0x00df2000,14622720
603948,0x0061fda0,1786,0x00df4000,14630912
603949,0x0061fdb0,1787,0x00df6000,14639104
603950,0x0061fdc0,1788,0x00df8000,14647296
603955,0x0061fdd0,1789,0x00dfa000,14655488
603956,0x0061fde0,1790,0x00dfc000,14663680
603958,0x0061fdf0,1791,0x00dfe000,14671872
603959,0x0061fe00,1792,0x00e00000,14680064
603960,0x0061fe10,1793,0x00e02000,14688256
603966,0x0061fe20,1794,0x00e04000,14696448
603967,0x0061fe30,1795,0x00e06000,14704640
603968,0x0061fe40,1796,0x00e08000,14712832
603969,0x0061fe50,1797,0x00e0a000,14721024
603970,0x0061fe60,1798,0x00e0c000,14729216
603976,0x0061fe70,1799,0x00e0e000,14737408
603977,0x0061fe80,1800,0x00e10000,14745600
603978,0x0061fe90,1801,0x00e12000,14753792
603979,0x0061fea0,1802,0x00e14000,14761984
603980,0x0061feb0,1803,0x00e16000,14770176
603982,0x0061fec0,1804,0x00e18000,14778368
603983,0x0061fed0,1805,0x00e1a000,14786560
603985,0x0061fee0,1806,0x00e1c000,14794752
603986,0x0061fef0,1807,0x00e1e000,14802944
603987,0x0061ff00,1808,0x00e20000,14811136
603988,0x0061ff10,1809,0x00e22000,14819328
603989,0x0061ff20,1810,0x00e24000,14827520
603990,0x0061ff30,1811,0x00e26000,14835712
603991,0x0061ff40,1812,0x00e28000,14843904
603992,0x0061ff50,1813,0x00e2a000,14852096
603993,0x0061ff60,1814,0x00e2c000,14860288
603995,0x0061ff70,1815,0x00e2e000,14868480
603997,0x0061ff80,1816,0x00e30000,14876672
603998,0x0061ff90,1817,0x00e32000,14884864
603999,0x0061ffa0,1818,0x00e34000,14893056
605001,0x0061ffb0,1819,0x00e36000,14901248
605003,0x0061ffc0,1820,0x00e38000,14909440
605005,0x0061ffd0,1821,0x00e3a000,14917632
605006,0x0061ffe0,1822,0x00e3c000,14925824
605007,0x0061fff0,1823,0x00e3e000,14934016
271138,0x00720000,7879,0x03d8e000,64544768
136819,0x00720080,3093,0x0182a000,25337856
152551,0x00720090,3453,0x01afa000,28286976
152552,0x00720100,3454,0x01afc000,28295168
186190,0x00720110,4422,0x0228c000,36225024
155304,0x00720180,3629,0x01c5a000,29728768
241010,0x00720190,5319,0x0298e000,43573248
241011,0x00720200,5320,0x02990000,43581440
271093,0x00720210,7865,0x03d72000,64430080
563990,0x00720220,8822,0x044ec000,72269824
241012,0x00720280,5321,0x02992000,43589632
152556,0x00720300,3455,0x01afe000,28303360
184570,0x00720310,4127,0x0203e000,33808384
184619,0x00720320,4149,0x0206a000,33988608
241013,0x00720330,5322,0x02994000,43597824
241015,0x00720400,5323,0x02996000,43606016
147416,0x00720480,3295,0x019be000,26992640
184573,0x00720490,4128,0x02040000,33816576
688030,0x00720500,1927,0x00f0e000,15785984
184574,0x00720510,4129,0x02042000,33824768
241017,0x00720520,5324,0x02998000,43614208
271099,0x00720530,7866,0x03d74000,64438272
688031,0x00720580,1928,0x00f10000,15794176
184575,0x00720590,4130,0x02044000,33832960
241018,0x007205a0,5325,0x0299a000,43622400
688032,0x00720600,1929,0x00f12000,15802368
184576,0x00720610,4131,0x02046000,33841152
241019,0x00720620,5326,0x0299c000,43630592
688033,0x00720680,1930,0x00f14000,15810560
512450,0x00720690,8187,0x03ff6000,67067904
184578,0x00720700,4132,0x02048000,33849344
688035,0x00720780,1931,0x00f16000,15818752
688036,0x00720800,1932,0x00f18000,15826944
122393,0x00720810,2985,0x01752000,24453120
688037,0x00720880,1933,0x00f1a000,15835136
137906,0x00720890,3182,0x018dc000,26066944
751970,0x007208a0,9188,0x047c8000,75268096
688038,0x00720900,1934,0x00f1c000,15843328
137907,0x00720910,3183,0x018de000,26075136
560250,0x00720920,8591,0x0431e000,70377472
751971,0x00720930,9189,0x047ca000,75276288
688039,0x00720980,1935,0x00f1e000,15851520
515200,0x00720990,8321,0x04102000,68165632
751972,0x007209a0,9190,0x047cc000,75284480
122397,0x00720a00,2986,0x01754000,24461312
137860,0x00720a10,3175,0x018ce000,26009600
185704,0x00720a20,4346,0x021f4000,35602432
751973,0x00720a30,9191,0x047ce000,75292672
751974,0x00720a80,9192,0x047d0000,75300864
231469,0x00720b00,4552,0x02390000,37289984
751975,0x00720b10,9193,0x047d2000,75309056
751976,0x00720b80,9194,0x047d4000,75317248
563000,0x00720c00,8766,0x0447c000,71811072
751977,0x00720c10,9195,0x047d6000,75325440
751978,0x00720c80,9196,0x047d8000,75333632
185661,0x00720d00,4340,0x021e8000,35553280
242104,0x00720d10,5972,0x02ea8000,48922624
751979,0x00720d20,9197,0x047da000,75341824
242106,0x00720e00,5973,0x02eaa000,48930816
515160,0x00720e10,8317,0x040fa000,68132864
242107,0x00720e80,5974,0x02eac000,48939008
242108,0x00720f00,5975,0x02eae000,48947200
242060,0x00720f80,5951,0x02e7e000,48750592
115635,0x00721000,2861,0x0165a000,23437312
242063,0x00721100,5952,0x02e80000,48758784
242064,0x00721180,5953,0x02e82000,48766976
511920,0x00721200,8172,0x03fd8000,66945024
242066,0x00721280,5954,0x02e84000,48775168
520620,0x00721290,8504,0x04270000,69664768
242067,0x00721300,5955,0x02e86000,48783360
240444,0x00721380,4972,0x026d8000,40730624
242068,0x00721390,5956,0x02e88000,48791552
232558,0x00721400,4608,0x02400000,37748736
240445,0x00721410,4973,0x026da000,40738816
242069,0x00721420,5957,0x02e8a000,48799744
138954,0x00721580,3242,0x01954000,26558464
240449,0x00721600,4974,0x026dc000,40747008
243151,0x00721610,6529,0x03302000,53485568
589030,0x00721620,8910,0x0459c000,72990720
511880,0x00721680,8169,0x03fd2000,66920448
173221,0x00721700,3816,0x01dd0000,31260672
520580,0x00721710,8500,0x04268000,69632000
516250,0x00721780,8395,0x04196000,68771840
600340,0x00721800,437,0x0036a000,3579904
600343,0x00721980,438,0x0036c000,3588096
140351,0x00721990,3248,0x01960000,26607616
173227,0x00721a00,3817,0x01dd2000,31268864
243159,0x00721a10,6530,0x03304000,53493760
600345,0x00721a80,439,0x0036e000,3596288
600346,0x00721b00,440,0x00370000,3604480
235267,0x00721b10,4683,0x02496000,38363136
241530,0x00721b20,5658,0x02c34000,46350336
241531,0x00721b80,5659,0x02c36000,46358528
600348,0x00721c00,441,0x00372000,3612672
241532,0x00721c10,5660,0x02c38000,46366720
241535,0x00721d80,5661,0x02c3a000,46374912
173186,0x00721e00,3810,0x01dc4000,31211520
230898,0x00721e10,4543,0x0237e000,37216256
241536,0x00721e20,5662,0x02c3c000,46383104
560810,0x00721e30,8638,0x0437c000,70762496
688550,0x00721e80,2327,0x0122e000,19062784
173187,0x00721e90,3811,0x01dc6000,31219712
241537,0x00721ea0,5663,0x02c3e000,46391296
688551,0x00721f00,2328,0x01230000,19070976
143106,0x00721f10,3262,0x0197c000,26722304
244240,0x00721f20,7057,0x03722000,57810944
603050,0x00721f80,1214,0x0097c000,9945088
688552,0x00721f90,2329,0x01232000,19079168
173189,0x00721fa0,3812,0x01dc8000,31227904
241490,0x00721fb0,5635,0x02c06000,46161920
244241,0x00721fc0,7058,0x03724000,57819136
603051,0x00722000,1215,0x0097e000,9953280
688553,0x00722010,2330,0x01234000,19087360
241491,0x00722020,5636,0x02c08000,46170112
512970,0x00722030,8226,0x04044000,67387392
603052,0x00722080,1216,0x00980000,9961472
241492,0x00722090,5637,0x02c0a000,46178304
244243,0x007220a0,7059,0x03726000,57827328
562390,0x007220b0,8737,0x04442000,71573504
603053,0x00722100,1217,0x00982000,9969664
241493,0x00722110,5638,0x02c0c000,46186496
688556,0x00722180,2331,0x01236000,19095552
241494,0x00722190,5639,0x02c0e000,46194688
242621,0x007221a0,6244,0x030c8000,51150848
588500,0x007221b0,8870,0x0454c000,72663040
603055,0x00722200,1218,0x00984000,9977856
688557,0x00722210,2332,0x01238000,19103744
241495,0x00722220,5640,0x02c10000,46202880
242622,0x00722230,6245,0x030ca000,51159040
244246,0x00722240,7060,0x03728000,57835520
603056,0x00722280,1219,0x00986000,9986048
688558,0x00722290,2333,0x0123a000,19111936
241496,0x007222a0,5641,0x02c12000,46211072
242623,0x007222b0,6246,0x030cc000,51167232
244247,0x007222c0,7061,0x0372a000,57843712
560770,0x007222d0,8634,0x04374000,70729728
603057,0x00722300,1220,0x00988000,9994240
688559,0x00722310,2334,0x0123c000,19120128
244248,0x00722320,7062,0x0372c000,57851904
515720,0x00722330,8354,0x04144000,68435968
603058,0x00722380,1221,0x0098a000,10002432
242625,0x00722390,6247,0x030ce000,51175424
244249,0x007223a0,7063,0x0372e000,57860096
603059,0x00722400,1222,0x0098c000,10010624
241499,0x00722410,5642,0x02c14000,46219264
242580,0x00722580,6226,0x030a4000,51003392
563520,0x00722590,8790,0x044ac000,72007680
601390,0x00722600,1049,0x00832000,8593408
588460,0x00722610,8867,0x04546000,72638464
184100,0x00722680,3936,0x01ec0000,32243712
184101,0x00722700,3937,0x01ec2000,32251904
515680,0x00722780,8351,0x0413e000,68411392
561900,0x00722790,8714,0x04414000,71385088
136308,0x00722800,3057,0x017e2000,25042944
188935,0x00722810,4516,0x02348000,36995072
184105,0x00722900,3938,0x01ec4000,32260096
242587,0x00722910,6227,0x030a6000,51011584
245331,0x00722920,7605,0x03b6a000,62300160
152043,0x00722980,3316,0x019e8000,27164672
245332,0x00722990,7606,0x03b6c000,62308352
601398,0x00722a00,1050,0x00834000,8601600
184107,0x00722a10,3939,0x01ec6000,32268288
242589,0x00722a20,6228,0x030a8000,51019776
601399,0x00722a80,1051,0x00836000,8609792
184108,0x00722a90,3940,0x01ec8000,32276480
243710,0x00722aa0,6804,0x03528000,55738368
184060,0x00722b00,3915,0x01e96000,32071680
184109,0x00722b10,3941,0x01eca000,32284672
240960,0x00722b20,5287,0x0294e000,43311104
243711,0x00722b30,6805,0x0352a000,55746560
184061,0x00722b80,3916,0x01e98000,32079872
240961,0x00722b90,5288,0x02950000,43319296
243712,0x00722ba0,6806,0x0352c000,55754752
240962,0x00722c00,5289,0x02952000,43327488
245337,0x00722c10,7607,0x03b6e000,62316544
188895,0x00722c80,4509,0x0233a000,36937728
240963,0x00722c90,5290,0x02954000,43335680
516810,0x00722ca0,8437,0x041ea000,69115904
600900,0x00722d00,881,0x006e2000,7217152
600901,0x00722d80,882,0x006e4000,7225344
184065,0x00722d90,3917,0x01e9a000,32088064
240965,0x00722da0,5291,0x02956000,43343872
243716,0x00722db0,6807,0x0352e000,55762944
184066,0x00722e00,3918,0x01e9c000,32096256
600903,0x00722e80,883,0x006e6000,7233536
175362,0x00722f00,3861,0x01e2a000,31629312
184068,0x00722f10,3919,0x01e9e000,32104448
240968,0x00722f20,5292,0x02958000,43352064
243670,0x00722f30,6780,0x034f8000,55541760
600905,0x00722f80,884,0x006e8000,7241728
184069,0x00722f90,3920,0x01ea0000,32112640
240969,0x00722fa0,5293,0x0295a000,43360256
243671,0x00722fb0,6781,0x034fa000,55549952
245295,0x00722fc0,7592,0x03b50000,62193664
589550,0x00722fd0,8948,0x045e8000,73302016
600906,0x00723000,885,0x006ea000,7249920
600908,0x00723100,886,0x006ec000,7258112
120303,0x00723110,2982,0x0174c000,24428544
175366,0x00723120,3862,0x01e2c000,31637504
243674,0x00723130,6782,0x034fc000,55558144
516770,0x00723140,8433,0x041e2000,69083136
600860,0x00723180,848,0x006a0000,6946816
600909,0x00723190,887,0x006ee000,7266304
600861,0x00723200,849,0x006a2000,6955008
600862,0x00723280,850,0x006a4000,6963200
243677,0x00723290,6783,0x034fe000,55566336
517900,0x007232a0,8482,0x04244000,69484544
600863,0x00723300,851,0x006a6000,6971392
600864,0x00723380,852,0x006a8000,6979584
600865,0x00723400,853,0x006aa000,6987776
510320,0x00723410,8098,0x03f44000,66338816
600866,0x00723480,854,0x006ac000,6995968
603610,0x00723490,1573,0x00c4a000,12886016
244801,0x007234a0,7340,0x03958000,60129280
600867,0x00723500,855,0x006ae000,7004160
603611,0x00723510,1574,0x00c4c000,12894208
244802,0x00723520,7341,0x0395a000,60137472
270052,0x00723530,7831,0x03d2e000,64151552
600868,0x00723580,856,0x006b0000,7012352
603612,0x00723590,1575,0x00c4e000,12902400
185152,0x007235a0,4236,0x02118000,34701312
244803,0x007235b0,7342,0x0395c000,60145664
562950,0x007235c0,8762,0x04474000,71778304
600869,0x00723600,857,0x006b2000,7020544
603613,0x00723610,1576,0x00c50000,12910592
244804,0x00723620,7343,0x0395e000,60153856
000913,0x00723630,9224,0x04810000,75563008
605196,0x00723680,1845,0x00e6a000,15114240
000914,0x00723690,9225,0x04812000,75571200
603615,0x00723700,1577,0x00c52000,12918784
244806,0x00723710,7344,0x03960000,60162048
270056,0x00723720,7832,0x03d30000,64159744
603616,0x00723780,1578,0x00c54000,12926976
605198,0x00723790,1846,0x00e6c000,15122432
185156,0x007237a0,4237,0x0211a000,34709504
244807,0x007237b0,7345,0x03962000,60170240
603617,0x00723800,1579,0x00c56000,12935168
605199,0x00723810,1847,0x00e6e000,15130624
244808,0x00723820,7346,0x03964000,60178432
513030,0x00723830,8232,0x04050000,67436544
603618,0x00723880,1580,0x00c58000,12943360
019902,0x00723890,2753,0x01582000,22552576
603619,0x00723900,1581,0x00c5a000,12951552
185159,0x00723910,4238,0x0211c000,34717696
019905,0x00723a00,2754,0x01584000,22560768
244763,0x00723a10,7320,0x03930000,59965440
244764,0x00723a80,7321,0x03932000,59973632
115082,0x00723b00,2786,0x015c4000,22822912
244766,0x00723b80,7322,0x03934000,59981824
601952,0x00723c00,1149,0x008fa000,9412608
603577,0x00723c80,1550,0x00c1c000,12697600
244768,0x00723c90,7323,0x03936000,59990016
603578,0x00723d00,1551,0x00c1e000,12705792
152600,0x00723d10,3476,0x01b28000,28475392
603579,0x00723d80,1552,0x00c20000,12713984
198965,0x00723d90,4533,0x0236a000,37134336
271140,0x00723da0,7880,0x03d90000,64552960
601956,0x00723e00,1150,0x008fc000,9420800
010706,0x00723e10,2560,0x01400000,20971520
271142,0x00723e80,7881,0x03d92000,64561152
601958,0x00723f00,1151,0x008fe000,9428992
588980,0x00723f80,8905,0x04592000,72949760
152606,0x00724000,3477,0x01b2a000,28483584
184620,0x00724010,4150,0x0206c000,33996800
152560,0x00724180,3456,0x01b00000,28311552
271148,0x00724190,7882,0x03d94000,64569344
136780,0x00724200,3087,0x0181e000,25288704
152561,0x00724210,3457,0x01b02000,28319744
160455,0x00724220,3700,0x01ce8000,30310400
271149,0x00724230,7883,0x03d96000,64577536
184626,0x00724300,4151,0x0206e000,34004992
241020,0x00724310,5327,0x0299e000,43638784
245852,0x00724320,7805,0x03cfa000,63938560
152564,0x00724380,3458,0x01b04000,28327936
241021,0x00724390,5328,0x029a0000,43646976
512500,0x007243a0,8190,0x03ffc000,67092480
152566,0x00724480,3459,0x01b06000,28336128
241023,0x00724490,5329,0x029a2000,43655168
136786,0x00724500,3088,0x01820000,25296896
152567,0x00724510,3460,0x01b08000,28344320
184581,0x00724520,4133,0x0204a000,33857536
241024,0x00724530,5330,0x029a4000,43663360
245856,0x00724540,7806,0x03cfc000,63946752
152568,0x00724580,3461,0x01b0a000,28352512
184582,0x00724590,4134,0x0204c000,33865728
241025,0x007245a0,5331,0x029a6000,43671552
155271,0x00724600,3627,0x01c56000,29712384
184583,0x00724610,4135,0x0204e000,33873920
241026,0x00724620,5332,0x029a8000,43679744
560300,0x00724630,8596,0x04328000,70418432
136789,0x00724680,3089,0x01822000,25305088
163208,0x00724690,3731,0x01d26000,30564352
175927,0x007246a0,3881,0x01e52000,31793152
184584,0x007246b0,4136,0x02050000,33882112
245859,0x007246c0,7807,0x03cfe000,63954944
688041,0x00724700,1936,0x00f20000,15859712
155273,0x00724710,3628,0x01c58000,29720576
241028,0x00724720,5333,0x029aa000,43687936
163161,0x00724780,3725,0x01d1a000,30515200
241029,0x00724790,5334,0x029ac000,43696128
101024,0x00724800,2758,0x0158c000,22593536
512460,0x00724810,8188,0x03ff8000,67076096
137913,0x00724880,3184,0x018e0000,26083328
688045,0x00724900,1937,0x00f22000,15867904
688046,0x00724980,1938,0x00f24000,15876096
137915,0x00724990,3185,0x018e2000,26091520
175884,0x007249a0,3879,0x01e4e000,31776768
688047,0x00724a00,1939,0x00f26000,15884288
751980,0x00724a10,9198,0x047dc000,75350016
688048,0x00724a80,1940,0x00f28000,15892480
175886,0x00724a90,3880,0x01e50000,31784960
185712,0x00724aa0,4347,0x021f6000,35610624
560260,0x00724ab0,8592,0x04320000,70385664
751981,0x00724ac0,9199,0x047de000,75358208
688049,0x00724b00,1941,0x00f2a000,15900672
185713,0x00724b10,4348,0x021f8000,35618816
515210,0x00724b20,8322,0x04104000,68173824
751982,0x00724b30,9200,0x047e0000,75366400
137870,0x00724b80,3176,0x018d0000,26017792
751983,0x00724b90,9201,0x047e2000,75374592
137871,0x00724c00,3177,0x018d2000,26025984
185715,0x00724c10,4349,0x021fa000,35627008
751984,0x00724c20,9202,0x047e4000,75382784
242110,0x00724c80,5976,0x02eb0000,48955392
751985,0x00724c90,9203,0x047e6000,75390976
751986,0x00724d00,9204,0x047e8000,75399168
242112,0x00724d80,5977,0x02eb2000,48963584
563010,0x00724d90,8767,0x0447e000,71819264
751987,0x00724da0,9205,0x047ea000,75407360
137875,0x00724e00,3178,0x018d4000,26034176
242113,0x00724e10,5978,0x02eb4000,48971776
751988,0x00724e20,9206,0x047ec000,75415552
242114,0x00724e80,5979,0x02eb6000,48979968
751989,0x00724e90,9207,0x047ee000,75423744
242115,0x00724f00,5980,0x02eb8000,48988160
242116,0x00724f80,5981,0x02eba000,48996352
515170,0x00724f90,8318,0x040fc000,68141056
115643,0x00725080,2862,0x0165c000,23445504
115644,0x00725100,2863,0x0165e000,23453696
242119,0x00725110,5982,0x02ebc000,49004544
115645,0x00725180,2864,0x01660000,23461888
242071,0x00725190,5958,0x02e8c000,48807936
513550,0x007251a0,8269,0x0409a000,67739648
185679,0x00725280,4341,0x021ea000,35561472
243200,0x00725290,6549,0x0332a000,53649408
240450,0x00725300,4975,0x026de000,40755200
242074,0x00725310,5959,0x02e8e000,48816128
243201,0x00725320,6550,0x0332c000,53657600
240451,0x00725380,4976,0x026e0000,40763392
511930,0x00725390,9419,0x04996000,77160448
243203,0x00725400,6551,0x0332e000,53665792
520630,0x00725410,8505,0x04272000,69672960
561350,0x00725420,8678,0x043cc000,71090176
242077,0x00725480,5960,0x02e90000,48824320
516300,0x00725490,8399,0x0419e000,68804608
240454,0x00725500,4977,0x026e2000,40771584
242079,0x00725580,5961,0x02e92000,48832512
243208,0x00725680,6552,0x03330000,53673984
240458,0x00725700,4978,0x026e4000,40779776
243160,0x00725710,6531,0x03306000,53501952
240459,0x00725780,4979,0x026e6000,40787968
243163,0x00725880,6532,0x03308000,53510144
520590,0x00725890,8501,0x0426a000,69640192
243164,0x00725900,6533,0x0330a000,53518336
516260,0x00725910,8396,0x04198000,68780032
600350,0x00725980,442,0x00374000,3620864
173233,0x00725990,3818,0x01dd4000,31277056
230945,0x007259a0,4545,0x02382000,37232640
600351,0x00725a00,443,0x00376000,3629056
230946,0x00725a10,4546,0x02384000,37240832
600352,0x00725a80,444,0x00378000,3637248
160973,0x00725a90,3708,0x01cf8000,30375936
600353,0x00725b00,445,0x0037a000,3645440
155831,0x00725b10,3663,0x01c9e000,30007296
600354,0x00725b80,446,0x0037c000,3653632
688600,0x00725b90,2370,0x01284000,19415040
155832,0x00725ba0,3664,0x01ca0000,30015488
600355,0x00725c00,447,0x0037e000,3661824
688601,0x00725c10,2371,0x01286000,19423232
600356,0x00725c80,448,0x00380000,3670016
603100,0x00725c90,1259,0x009d6000,10313728
688602,0x00725ca0,2372,0x01288000,19431424
160977,0x00725cb0,3709,0x01cfa000,30384128
173239,0x00725cc0,3819,0x01dd6000,31285248
241540,0x00725cd0,5664,0x02c40000,46399488
603101,0x00725d00,1260,0x009d8000,10321920
688603,0x00725d10,2373,0x0128a000,19439616
163722,0x00725d20,3770,0x01d74000,30883840
241541,0x00725d30,5665,0x02c42000,46407680
600358,0x00725d80,449,0x00382000,3678208
603102,0x00725d90,1261,0x009da000,10330112
600359,0x00725e00,450,0x00384000,3686400
603103,0x00725e10,1262,0x009dc000,10338304
688605,0x00725e20,2374,0x0128c000,19447808
688606,0x00725e80,2375,0x0128e000,19456000
143112,0x00725e90,3263,0x0197e000,26730496
603105,0x00725f00,1263,0x009de000,10346496
688607,0x00725f10,2376,0x01290000,19464192
171571,0x00725f20,3794,0x01da4000,31080448
241545,0x00725f30,5666,0x02c44000,46415872
603106,0x00725f80,1264,0x009e0000,10354688
688608,0x00725f90,2377,0x01292000,19472384
233659,0x00725fa0,4653,0x0245a000,38117376
241546,0x00725fb0,5667,0x02c46000,46424064
526050,0x00725fc0,8543,0x042be000,69984256
560820,0x00725fd0,8639,0x0437e000,70770688
603107,0x00726000,1265,0x009e2000,10362880
688560,0x00726010,2335,0x0123e000,19128320
688609,0x00726020,2378,0x01294000,19480576
241547,0x00726030,5668,0x02c48000,46432256
603108,0x00726080,1266,0x009e4000,10371072
688561,0x00726090,2336,0x01240000,19136512
241548,0x007260a0,5669,0x02c4a000,46440448
244250,0x007260b0,7064,0x03730000,57868288
603060,0x00726100,1223,0x0098e000,10018816
603109,0x00726110,1267,0x009e6000,10379264
688562,0x00726120,2337,0x01242000,19144704
163681,0x00726130,3769,0x01d72000,30875648
173199,0x00726140,3813,0x01dca000,31236096
241549,0x00726150,5670,0x02c4c000,46448640
244251,0x00726160,7065,0x03732000,57876480
603061,0x00726180,1224,0x00990000,10027008
688563,0x00726190,2338,0x01244000,19152896
244252,0x007261a0,7066,0x03734000,57884672
512980,0x007261b0,8227,0x04046000,67395584
603062,0x00726200,1225,0x00992000,10035200
231991,0x00726210,4574,0x023bc000,37470208
603063,0x00726280,1226,0x00994000,10043392
688565,0x00726290,2339,0x01246000,19161088
236360,0x007262a0,4727,0x024ee000,38723584
517350,0x007262b0,8470,0x0422c000,69386240
688566,0x00726300,2340,0x01248000,19169280
588510,0x00726310,8871,0x0454e000,72671232
603065,0x00726380,1227,0x00996000,10051584
688567,0x00726390,2341,0x0124a000,19177472
242632,0x007263a0,6248,0x030d0000,51183616
244256,0x007263b0,7067,0x03736000,57892864
603066,0x00726400,1228,0x00998000,10059776
688568,0x00726410,2342,0x0124c000,19185664
560780,0x00726420,8635,0x04376000,70737920
603067,0x00726480,1229,0x0099a000,10067968
688569,0x00726490,2343,0x0124e000,19193856
242634,0x007264a0,6249,0x030d2000,51191808
515730,0x007264b0,8355,0x04146000,68444160
603068,0x00726500,1230,0x0099c000,10076160
242635,0x00726510,6250,0x030d4000,51200000
244259,0x00726520,7068,0x03738000,57901056
603069,0x00726580,1231,0x0099e000,10084352
242638,0x00726680,6251,0x030d6000,51208192
242639,0x00726700,6252,0x030d8000,51216384
563530,0x00726710,8791,0x044ae000,72015872
242591,0x00726780,6229,0x030aa000,51027968
588470,0x00726790,8868,0x04548000,72646656
184110,0x00726800,3942,0x01ecc000,32292864
188942,0x00726810,4517,0x0234a000,37003264
242592,0x00726820,6230,0x030ac000,51036160
188943,0x00726880,4518,0x0234c000,37011456
184112,0x00726900,3943,0x01ece000,32301056
188944,0x00726910,4519,0x0234e000,37019648
561910,0x00726920,8715,0x04416000,71393280
184113,0x00726980,3944,0x01ed0000,32309248
242595,0x00726990,6231,0x030ae000,51044352
152051,0x00726a00,3317,0x019ea000,27172864
188946,0x00726a10,4520,0x02350000,37027840
242596,0x00726a20,6232,0x030b0000,51052544
245340,0x00726a30,7608,0x03b70000,62324736
136273,0x00726b80,3056,0x017e0000,25034752
242599,0x00726b90,6233,0x030b2000,51060736
184118,0x00726c00,3945,0x01ed2000,32317440
243720,0x00726c10,6808,0x03530000,55771136
184070,0x00726c80,3921,0x01ea2000,32120832
240970,0x00726c90,5294,0x0295c000,43368448
245345,0x00726ca0,7609,0x03b72000,62332928
589600,0x00726cb0,8951,0x045ee000,73326592
245346,0x00726d00,7610,0x03b74000,62341120
184072,0x00726d80,3922,0x01ea4000,32129024
240972,0x00726d90,5295,0x0295e000,43376640
245347,0x00726da0,7611,0x03b76000,62349312
561870,0x00726db0,8711,0x0440e000,71360512
243724,0x00726e00,6809,0x03532000,55779328
245348,0x00726e10,7612,0x03b78000,62357504
516820,0x00726e20,8438,0x041ec000,69124096
240974,0x00726e80,5296,0x02960000,43384832
243725,0x00726e90,6810,0x03534000,55787520
184075,0x00726f00,3923,0x01ea6000,32137216
240975,0x00726f10,5297,0x02962000,43393024
235833,0x00726f80,4697,0x024b2000,38477824
240976,0x00726f90,5298,0x02964000,43401216
605008,0x00727000,1832,0x00e50000,15007744
605009,0x00727010,1833,0x00e52000,15015936
605011,0x00727020,1834,0x00e54000,15024128
605016,0x00727030,1835,0x00e56000,15032320
605018,0x00727040,1840,0x00e60000,15073280
605020,0x00727050,1841,0x00e62000,15081472
605028,0x00727060,1842,0x00e64000,15089664
605033,0x00727070,1843,0x00e66000,15097856
605050,0x00727080,1844,0x00e68000,15106048
605055,0x00727090,1845,0x00e6a000,15114240
605056,0x007270a0,1846,0x00e6c000,15122432
605058,0x007270b0,1847,0x00e6e000,15130624
605060,0x007270c0,1848,0x00e70000,15138816
605066,0x007270d0,1849,0x00e72000,15147008
605068,0x007270e0,1850,0x00e74000,15155200
605069,0x007270f0,1851,0x00e76000,15163392
605077,0x00727100,1852,0x00e78000,15171584
605080,0x00727110,1853,0x00e7a000,15179776
605081,0x00727120,1854,0x00e7c000,15187968
605086,0x00727130,1855,0x00e7e000,15196160
605088,0x00727140,1856,0x00e80000,15204352
605089,0x00727150,1857,0x00e82000,15212544
605090,0x00727160,1858,0x00e84000,15220736
605098,0x00727170,1859,0x00e86000,15228928
605099,0x00727180,1860,0x00e88000,15237120
605100,0x00727190,1861,0x00e8a000,15245312
605108,0x007271a0,1862,0x00e8c000,15253504
605111,0x007271b0,1863,0x00e8e000,15261696
605116,0x007271c0,1864,0x00e90000,15269888
605117,0x007271d0,1865,0x00e92000,15278080
605118,0x007271e0,1866,0x00e94000,15286272
605122,0x007271f0,1867,0x00e96000,15294464
605123,0x00727200,1868,0x00e98000,15302656
605128,0x00727210,1869,0x00e9a000,15310848
605133,0x00727220,1870,0x00e9c000,15319040
605136,0x00727230,1871,0x00e9e000,15327232
605138,0x00727240,1872,0x00ea0000,15335424
605151,0x00727250,1873,0x00ea2000,15343616
605155,0x00727260,1874,0x00ea4000,15351808
605158,0x00727270,1875,0x00ea6000,15360000
605162,0x00727280,1876,0x00ea8000,15368192
605166,0x00727290,1877,0x00eaa000,15376384
605167,0x007272a0,1878,0x00eac000,15384576
605168,0x007272b0,1879,0x00eae000,15392768
605169,0x007272c0,1880,0x00eb0000,15400960
605177,0x007272d0,1881,0x00eb2000,15409152
605178,0x007272e0,1882,0x00eb4000,15417344
605179,0x007272f0,1883,0x00eb6000,15425536
605180,0x00727300,1884,0x00eb8000,15433728
605183,0x00727310,1885,0x00eba000,15441920
605186,0x00727320,1886,0x00ebc000,15450112
605188,0x00727330,1887,0x00ebe000,15458304
605189,0x00727340,1888,0x00ec0000,15466496
605196,0x00727350,1889,0x00ec2000,15474688
605198,0x00727360,1890,0x00ec4000,15482880
605199,0x00727370,1891,0x00ec6000,15491072
605208,0x00727380,1892,0x00ec8000,15499264
605218,0x00727390,1893,0x00eca000,15507456
605222,0x007273a0,1894,0x00ecc000,15515648
605228,0x007273b0,1895,0x00ece000,15523840
605255,0x007273c0,1897,0x00ed2000,15540224
605258,0x007273d0,1898,0x00ed4000,15548416
605259,0x007273e0,1899,0x00ed6000,15556608
605266,0x007273f0,1900,0x00ed8000,15564800
605268,0x00727400,1901,0x00eda000,15572992
605277,0x00727410,1902,0x00edc000,15581184
605286,0x00727420,1903,0x00ede000,15589376
605287,0x00727430,1904,0x00ee0000,15597568
605288,0x00727440,1905,0x00ee2000,15605760
605289,0x00727450,1906,0x00ee4000,15613952
605296,0x00727460,1907,0x00ee6000,15622144
605298,0x00727470,1908,0x00ee8000,15630336
605299,0x00727480,1909,0x00eea000,15638528
605300,0x00727490,1910,0x00eec000,15646720
605303,0x007274a0,1911,0x00eee000,15654912
605305,0x007274b0,1912,0x00ef0000,15663104
605318,0x007274c0,1913,0x00ef2000,15671296
605319,0x007274d0,1914,0x00ef4000,15679488
605333,0x007274e0,1915,0x00ef6000,15687680
605336,0x007274f0,1916,0x00ef8000,15695872
605337,0x00727500,1917,0x00efa000,15704064
605338,0x00727510,1918,0x00efc000,15712256
605339,0x00727520,1919,0x00efe000,15720448
605358,0x00727530,1920,0x00f00000,15728640
605365,0x00727540,1921,0x00f02000,15736832
605366,0x00727550,1922,0x00f04000,15745024
605368,0x00727560,1923,0x00f06000,15753216
605369,0x00727570,1924,0x00f08000,15761408
605376,0x00727580,1925,0x00f0a000,15769600
605377,0x00727590,1926,0x00f0c000,15777792
605378,0x007275a0,1927,0x00f0e000,15785984
605388,0x007275b0,1928,0x00f10000,15794176
605389,0x007275c0,1929,0x00f12000,15802368
605398,0x007275d0,1930,0x00f14000,15810560
605399,0x007275e0,1931,0x00f16000,15818752
605488,0x007275f0,1932,0x00f18000,15826944
605499,0x00727600,1933,0x00f1a000,15835136
605500,0x00727610,1934,0x00f1c000,15843328
605507,0x00727620,1935,0x00f1e000,15851520
605555,0x00727630,1936,0x00f20000,15859712
605566,0x00727640,1937,0x00f22000,15867904
605567,0x00727650,1938,0x00f24000,15876096
605577,0x00727660,1939,0x00f26000,15884288
605580,0x00727670,1940,0x00f28000,15892480
605588,0x00727680,1941,0x00f2a000,15900672
605589,0x00727690,1942,0x00f2c000,15908864
605598,0x007276a0,1943,0x00f2e000,15917056
605599,0x007276b0,1944,0x00f30000,15925248
688001,0x007276c0,1945,0x00f32000,15933440
688002,0x007276d0,1946,0x00f34000,15941632
688003,0x007276e0,1947,0x00f36000,15949824
688004,0x007276f0,1948,0x00f38000,15958016
688005,0x00727700,1949,0x00f3a000,15966208
688006,0x00727710,1950,0x00f3c000,15974400
688007,0x00727720,1951,0x00f3e000,15982592
688008,0x00727730,1952,0x00f40000,15990784
688009,0x00727740,1953,0x00f42000,15998976
688010,0x00727750,1954,0x00f44000,16007168
688011,0x00727760,1955,0x00f46000,16015360
688012,0x00727770,1956,0x00f48000,16023552
688013,0x00727780,1957,0x00f4a000,16031744
688015,0x00727790,1958,0x00f4c000,16039936
688016,0x007277a0,1959,0x00f4e000,16048128
688017,0x007277b0,1960,0x00f50000,16056320
688018,0x007277c0,1961,0x00f52000,16064512
688019,0x007277d0,1962,0x00f54000,16072704
688020,0x007277e0,1963,0x00f56000,16080896
688021,0x007277f0,1964,0x00f58000,16089088
688022,0x00727800,1965,0x00f5a000,16097280
688023,0x00727810,1966,0x00f5c000,16105472
688025,0x00727820,1967,0x00f5e000,16113664
688026,0x00727830,1968,0x00f60000,16121856
688027,0x00727840,1969,0x00f62000,16130048
688028,0x00727850,1970,0x00f64000,16138240
688029,0x00727860,1971,0x00f66000,16146432
688030,0x00727870,1972,0x00f68000,16154624
688031,0x00727880,1973,0x00f6a000,16162816
688032,0x00727890,1974,0x00f6c000,16171008
688033,0x007278a0,1975,0x00f6e000,16179200
688035,0x007278b0,1976,0x00f70000,16187392
688036,0x007278c0,1977,0x00f72000,16195584
688037,0x007278d0,1978,0x00f74000,16203776
688038,0x007278e0,1979,0x00f76000,16211968
688039,0x007278f0,1980,0x00f78000,16220160
688041,0x00727900,1981,0x00f7a000,16228352
688045,0x00727910,1982,0x00f7c000,16236544
688046,0x00727920,1983,0x00f7e000,16244736
688047,0x00727930,1984,0x00f80000,16252928
688048,0x00727940,1985,0x00f82000,16261120
688049,0x00727950,1986,0x00f84000,16269312
688050,0x00727960,1987,0x00f86000,16277504
688051,0x00727970,1988,0x00f88000,16285696
688052,0x00727980,1989,0x00f8a000,16293888
688053,0x00727990,1990,0x00f8c000,16302080
688055,0x007279a0,1991,0x00f8e000,16310272
688056,0x007279b0,1992,0x00f90000,16318464
688057,0x007279c0,1993,0x00f92000,16326656
688058,0x007279d0,1994,0x00f94000,16334848
688059,0x007279e0,1995,0x00f96000,16343040
688060,0x007279f0,1996,0x00f98000,16351232
688061,0x00727a00,1997,0x00f9a000,16359424
688062,0x00727a10,1998,0x00f9c000,16367616
688063,0x00727a20,1999,0x00f9e000,16375808
688065,0x00727a30,2000,0x00fa0000,16384000
688066,0x00727a40,2001,0x00fa2000,16392192
688067,0x00727a50,2002,0x00fa4000,16400384
688068,0x00727a60,2003,0x00fa6000,16408576
688069,0x00727a70,2004,0x00fa8000,16416768
688070,0x00727a80,2005,0x00faa000,16424960
688071,0x00727a90,2006,0x00fac000,16433152
688072,0x00727aa0,2007,0x00fae000,16441344
688073,0x00727ab0,2008,0x00fb0000,16449536
688075,0x00727ac0,2009,0x00fb2000,16457728
688076,0x00727ad0,2010,0x00fb4000,16465920
688077,0x00727ae0,2011,0x00fb6000,16474112
688078,0x00727af0,2012,0x00fb8000,16482304
688079,0x00727b00,2013,0x00fba000,16490496
688080,0x00727b10,2014,0x00fbc000,16498688
688081,0x00727b20,2015,0x00fbe000,16506880
688082,0x00727b30,2016,0x00fc0000,16515072
688083,0x00727b40,2017,0x00fc2000,16523264
688084,0x00727b50,2018,0x00fc4000,16531456
688085,0x00727b60,2019,0x00fc6000,16539648
688087,0x00727b70,2020,0x00fc8000,16547840
688088,0x00727b80,2021,0x00fca000,16556032
688089,0x00727b90,2022,0x00fcc000,16564224
688090,0x00727ba0,2023,0x00fce000,16572416
688091,0x00727bb0,2024,0x00fd0000,16580608
688092,0x00727bc0,2025,0x00fd2000,16588800
688093,0x00727bd0,2026,0x00fd4000,16596992
688095,0x00727be0,2027,0x00fd6000,16605184
688096,0x00727bf0,2028,0x00fd8000,16613376
688097,0x00727c00,2029,0x00fda000,16621568
688098,0x00727c10,2030,0x00fdc000,16629760
688099,0x00727c20,2031,0x00fde000,16637952
688100,0x00727c30,2032,0x00fe0000,16646144
688101,0x00727c40,2033,0x00fe2000,16654336
688102,0x00727c50,2034,0x00fe4000,16662528
688103,0x00727c60,2035,0x00fe6000,16670720
688105,0x00727c70,2036,0x00fe8000,16678912
688106,0x00727c80,2037,0x00fea000,16687104
688107,0x00727c90,2038,0x00fec000,16695296
688108,0x00727ca0,2039,0x00fee000,16703488
688109,0x00727cb0,2040,0x00ff0000,16711680
688110,0x00727cc0,2041,0x00ff2000,16719872
688111,0x00727cd0,2042,0x00ff4000,16728064
688112,0x00727ce0,2043,0x00ff6000,16736256
688113,0x00727cf0,2044,0x00ff8000,16744448
688114,0x00727d00,2045,0x00ffa000,16752640
688115,0x00727d10,2046,0x00ffc000,16760832
688116,0x00727d20,2047,0x00ffe000,16769024
688117,0x00727d30,2048,0x01000000,16777216
688118,0x00727d40,2049,0x01002000,16785408
688119,0x00727d50,2050,0x01004000,16793600
688120,0x00727d60,2051,0x01006000,16801792
688121,0x00727d70,2052,0x01008000,16809984
688122,0x00727d80,2053,0x0100a000,16818176
688123,0x00727d90,2054,0x0100c000,16826368
688125,0x00727da0,2055,0x0100e000,16834560
688126,0x00727db0,2056,0x01010000,16842752
688127,0x00727dc0,2057,0x01012000,16850944
688128,0x00727dd0,2058,0x01014000,16859136
688129,0x00727de0,2059,0x01016000,16867328
688130,0x00727df0,2060,0x01018000,16875520
688131,0x00727e00,2061,0x0101a000,16883712
688132,0x00727e10,2062,0x0101c000,16891904
688133,0x00727e20,2063,0x0101e000,16900096
688135,0x00727e30,2064,0x01020000,16908288
688136,0x00727e40,2065,0x01022000,16916480
688137,0x00727e50,2066,0x01024000,16924672
688138,0x00727e60,2067,0x01026000,16932864
688139,0x00727e70,2068,0x01028000,16941056
688141,0x00727e80,2069,0x0102a000,16949248
688143,0x00727e90,2070,0x0102c000,16957440
688146,0x00727ea0,2071,0x0102e000,16965632
688147,0x00727eb0,2072,0x01030000,16973824
688148,0x00727ec0,2073,0x01032000,16982016
688150,0x00727ed0,2074,0x01034000,16990208
688151,0x00727ee0,2075,0x01036000,16998400
688152,0x00727ef0,2076,0x01038000,17006592
688153,0x00727f00,2077,0x0103a000,17014784
688155,0x00727f10,2078,0x0103c000,17022976
688156,0x00727f20,2079,0x0103e000,17031168
688157,0x00727f30,2080,0x01040000,17039360
688158,0x00727f40,2081,0x01042000,17047552
688159,0x00727f50,2082,0x01044000,17055744
688160,0x00727f60,2083,0x01046000,17063936
688161,0x00727f70,2084,0x01048000,17072128
688162,0x00727f80,2085,0x0104a000,17080320
688163,0x00727f90,2086,0x0104c000,17088512
688165,0x00727fa0,2087,0x0104e000,17096704
688166,0x00727fb0,2088,0x01050000,17104896
688167,0x00727fc0,2089,0x01052000,17113088
688168,0x00727fd0,2090,0x01054000,17121280
688169,0x00727fe0,2091,0x01056000,17129472
688170,0x00727ff0,2092,0x01058000,17137664
240977,0x0072c000,5299,0x02966000,43409408
243680,0x0072c080,6784,0x03500000,55574528
184079,0x0072c100,3924,0x01ea8000,32145408
240979,0x0072c110,5300,0x02968000,43417600
243681,0x0072c120,6785,0x03502000,55582720
270100,0x0072c130,7846,0x03d4c000,64274432
589560,0x0072c140,8949,0x045ea000,73310208
600916,0x0072c180,888,0x006f0000,7274496
600917,0x0072c200,889,0x006f2000,7282688
235838,0x0072c210,4698,0x024b4000,38486016
243683,0x0072c220,6786,0x03504000,55590912
270102,0x0072c230,7847,0x03d4e000,64282624
600918,0x0072c280,890,0x006f4000,7290880
243684,0x0072c290,6787,0x03506000,55599104
516780,0x0072c2a0,8434,0x041e4000,69091328
600919,0x0072c300,891,0x006f6000,7299072
600871,0x0072c380,858,0x006b4000,7028736
243686,0x0072c390,6788,0x03508000,55607296
600872,0x0072c400,859,0x006b6000,7036928
600873,0x0072c480,860,0x006b8000,7045120
243688,0x0072c490,6789,0x0350a000,55615488
600874,0x0072c500,861,0x006ba000,7053312
243689,0x0072c510,6790,0x0350c000,55623680
270108,0x0072c520,7848,0x03d50000,64290816
600875,0x0072c580,862,0x006bc000,7061504
185208,0x0072c590,4242,0x02124000,34750464
244810,0x0072c5a0,7347,0x03966000,60186624
510330,0x0072c5b0,8099,0x03f46000,66347008
600876,0x0072c600,863,0x006be000,7069696
185209,0x0072c610,4243,0x02126000,34758656
244811,0x0072c620,7348,0x03968000,60194816
270061,0x0072c630,7833,0x03d32000,64167936
600877,0x0072c680,864,0x006c0000,7077888
244812,0x0072c690,7349,0x0396a000,60203008
562960,0x0072c700,8763,0x04476000,71786496
600879,0x0072c780,865,0x006c2000,7086080
115131,0x0072c790,2789,0x015ca000,22847488
244814,0x0072c7a0,7350,0x0396c000,60211200
270064,0x0072c7b0,7834,0x03d34000,64176128
244815,0x0072c800,7351,0x0396e000,60219392
244816,0x0072c880,7352,0x03970000,60227584
603626,0x0072c900,1582,0x00c5c000,12959744
244817,0x0072c910,7353,0x03972000,60235776
513040,0x0072c980,8233,0x04052000,67444736
603628,0x0072ca00,1583,0x00c5e000,12967936
115136,0x0072ca10,2790,0x015cc000,22855680
244770,0x0072ca20,7324,0x03938000,59998208
244819,0x0072ca30,7354,0x03974000,60243968
270069,0x0072ca40,7835,0x03d36000,64184320
510290,0x0072ca50,8095,0x03f3e000,66314240
000928,0x0072ca60,9226,0x04814000,75579392
603580,0x0072ca80,1553,0x00c22000,12722176
603629,0x0072ca90,1584,0x00c60000,12976128
244772,0x0072cb00,7325,0x0393a000,60006400
603583,0x0072cc00,1554,0x00c24000,12730368
115092,0x0072cc80,2787,0x015c6000,22831104
244775,0x0072cc90,7326,0x0393c000,60014592
603585,0x0072cd00,1555,0x00c26000,12738560
244776,0x0072cd10,7327,0x0393e000,60022784
603586,0x0072cd80,1556,0x00c28000,12746752
601963,0x0072ce00,1152,0x00900000,9437184
603587,0x0072ce10,1557,0x00c2a000,12754944
010713,0x0072ce20,2561,0x01402000,20979712
244778,0x0072ce30,7328,0x03940000,60030976
000888,0x0072ce80,178,0x00164000,1458176
603588,0x0072ce90,1558,0x00c2c000,12763136
152610,0x0072cea0,3478,0x01b2c000,28491776
244779,0x0072ceb0,7329,0x03942000,60039168
601965,0x0072cf00,1153,0x00902000,9445376
603589,0x0072cf10,1559,0x00c2e000,12771328
152611,0x0072cf20,3479,0x01b2e000,28499968
601966,0x0072cf80,1154,0x00904000,9453568
152612,0x0072cf90,3480,0x01b30000,28508160
511380,0x0072d000,8152,0x03fb0000,66781184
601968,0x0072d080,1155,0x00906000,9461760
601969,0x0072d100,1156,0x00908000,9469952
588990,0x0072d110,8906,0x04594000,72957952
271155,0x0072d180,7884,0x03d98000,64585728
136836,0x0072d200,3094,0x0182c000,25346048
160462,0x0072d210,3701,0x01cea000,30318592
184631,0x0072d220,4152,0x02070000,34013184
271156,0x0072d230,7885,0x03d9a000,64593920
271157,0x0072d280,7886,0x03d9c000,64602112
152570,0x0072d300,3462,0x01b0c000,28360704
136790,0x0072d380,3090,0x01824000,25313280
152571,0x0072d390,3463,0x01b0e000,28368896
184634,0x0072d3a0,4153,0x02072000,34021376
245860,0x0072d3b0,7808,0x03d00000,63963136
152573,0x0072d480,3464,0x01b10000,28377088
241030,0x0072d490,5335,0x029ae000,43704320
245862,0x0072d4a0,7809,0x03d02000,63971328
152574,0x0072d500,3465,0x01b12000,28385280
241031,0x0072d510,5336,0x029b0000,43712512
512510,0x0072d520,8191,0x03ffe000,67100672
136794,0x0072d580,3091,0x01826000,25321472
152575,0x0072d590,3466,0x01b14000,28393472
184638,0x0072d5a0,4154,0x02074000,34029568
241032,0x0072d5b0,5337,0x029b2000,43720704
152576,0x0072d600,3467,0x01b16000,28401664
184590,0x0072d610,4137,0x02052000,33890304
241033,0x0072d620,5338,0x029b4000,43728896
163215,0x0072d680,3732,0x01d28000,30572544
184591,0x0072d690,4138,0x02054000,33898496
241034,0x0072d6a0,5339,0x029b6000,43737088
245866,0x0072d6b0,7810,0x03d04000,63979520
163216,0x0072d700,3733,0x01d2a000,30580736
184592,0x0072d710,4139,0x02056000,33906688
241035,0x0072d720,5340,0x029b8000,43745280
184593,0x0072d780,4140,0x02058000,33914880
241036,0x0072d790,5341,0x029ba000,43753472
560310,0x0072d7a0,8597,0x0432a000,70426624
688050,0x0072d800,1942,0x00f2c000,15908864
241037,0x0072d810,5342,0x029bc000,43761664
688051,0x0072d880,1943,0x00f2e000,15917056
184595,0x0072d890,4141,0x0205a000,33923072
241038,0x0072d8a0,5343,0x029be000,43769856
688052,0x0072d900,1944,0x00f30000,15925248
184596,0x0072d910,4142,0x0205c000,33931264
241039,0x0072d920,5344,0x029c0000,43778048
688053,0x0072d980,1945,0x00f32000,15933440
184597,0x0072d990,4143,0x0205e000,33939456
184598,0x0072da00,4144,0x02060000,33947648
688055,0x0072da80,1946,0x00f34000,15941632
184599,0x0072da90,4145,0x02062000,33955840
688056,0x0072db00,1947,0x00f36000,15949824
163175,0x0072db10,3726,0x01d1c000,30523392
185720,0x0072db20,4350,0x021fc000,35635200
588000,0x0072db30,8823,0x044ee000,72278016
688057,0x0072db80,1948,0x00f38000,15958016
510850,0x0072db90,8126,0x03f7c000,66568192
751990,0x0072dba0,9208,0x047f0000,75431936
688058,0x0072dc00,1949,0x00f3a000,15966208
560270,0x0072dc10,8593,0x04322000,70393856
751991,0x0072dc20,9209,0x047f2000,75440128
688059,0x0072dc80,1950,0x00f3c000,15974400
515220,0x0072dc90,8323,0x04106000,68182016
751992,0x0072dca0,9210,0x047f4000,75448320
751993,0x0072dd00,9211,0x047f6000,75456512
751994,0x0072dd80,9212,0x047f8000,75464704
751995,0x0072de00,9213,0x047fa000,75472896
242121,0x0072de80,5983,0x02ebe000,49012736
513600,0x0072de90,8273,0x040a2000,67772416
751996,0x0072dea0,9214,0x047fc000,75481088
563020,0x0072df00,8768,0x04480000,71827456
751997,0x0072df10,9215,0x047fe000,75489280
185729,0x0072df80,4351,0x021fe000,35643392
242123,0x0072df90,5984,0x02ec0000,49020928
751998,0x0072dfa0,9216,0x04800000,75497472
242124,0x0072e000,5985,0x02ec2000,49029120
751999,0x0072e010,9217,0x04802000,75505664
115650,0x0072e080,2865,0x01662000,23470080
242125,0x0072e090,5986,0x02ec4000,49037312
240502,0x0072e100,5006,0x0271c000,41009152
515180,0x0072e110,8319,0x040fe000,68149248
561400,0x0072e120,8683,0x043d6000,71131136
115652,0x0072e180,2866,0x01664000,23478272
232616,0x0072e190,4609,0x02402000,37756928
242127,0x0072e1a0,5987,0x02ec6000,49045504
242128,0x0072e200,5988,0x02ec8000,49053696
115654,0x0072e280,2867,0x01666000,23486464
240505,0x0072e290,5007,0x0271e000,41017344
242129,0x0072e2a0,5989,0x02eca000,49061888
185687,0x0072e300,4342,0x021ec000,35569664
240506,0x0072e310,5008,0x02720000,41025536
513560,0x0072e320,8270,0x0409c000,67747840
240507,0x0072e380,5009,0x02722000,41033728
242082,0x0072e390,5962,0x02e94000,48840704
240508,0x0072e400,5010,0x02724000,41041920
242083,0x0072e410,5963,0x02e96000,48848896
243210,0x0072e420,6553,0x03332000,53682176
243211,0x0072e480,6554,0x03334000,53690368
240461,0x0072e500,4980,0x026e8000,40796160
242085,0x0072e510,5964,0x02e98000,48857088
561360,0x0072e580,8679,0x043ce000,71098368
240463,0x0072e600,4981,0x026ea000,40804352
516310,0x0072e610,8400,0x041a0000,68812800
751001,0x0072e620,8972,0x04618000,73498624
600400,0x0072e680,485,0x003ca000,3973120
138970,0x0072e690,3243,0x01956000,26566656
242088,0x0072e6a0,5965,0x02e9a000,48865280
751002,0x0072e6b0,8973,0x0461a000,73506816
138971,0x0072e700,3244,0x01958000,26574848
751003,0x0072e710,8974,0x0461c000,73515008
751004,0x0072e780,8975,0x0461e000,73523200
600403,0x0072e800,486,0x003cc000,3981312
138973,0x0072e810,3245,0x0195a000,26583040
157505,0x0072e820,3684,0x01cc8000,30179328
240467,0x0072e830,4982,0x026ec000,40812544
243218,0x0072e840,6555,0x03336000,53698560
751005,0x0072e850,8976,0x04620000,73531392
751006,0x0072e880,8977,0x04622000,73539584
600405,0x0072e900,487,0x003ce000,3989504
240469,0x0072e910,4983,0x026ee000,40820736
589050,0x0072e920,8911,0x0459e000,72998912
751007,0x0072e930,8978,0x04624000,73547776
600406,0x0072e980,488,0x003d0000,3997696
751008,0x0072e990,8979,0x04626000,73555968
751009,0x0072ea00,8980,0x04628000,73564160
600408,0x0072ea80,489,0x003d2000,4005888
160980,0x0072ea90,3710,0x01cfc000,30392320
243174,0x0072eaa0,6534,0x0330c000,53526528
516270,0x0072eab0,8397,0x0419a000,68788224
600360,0x0072eb00,451,0x00386000,3694592
600409,0x0072eb10,490,0x003d4000,4014080
243175,0x0072eb20,6535,0x0330e000,53534720
600361,0x0072eb80,452,0x00388000,3702784
109668,0x0072eb90,2769,0x015a2000,22683648
600362,0x0072ec00,453,0x0038a000,3710976
600363,0x0072ec80,454,0x0038c000,3719168
233660,0x0072ec90,4654,0x0245c000,38125568
243178,0x0072eca0,6536,0x03310000,53542912
688610,0x0072ed00,2379,0x01296000,19488768
600365,0x0072ed80,455,0x0038e000,3727360
688611,0x0072ed90,2380,0x01298000,19496960
155843,0x0072eda0,3665,0x01ca2000,30023680
600366,0x0072ee00,456,0x00390000,3735552
603110,0x0072ee10,1268,0x009e8000,10387456
688612,0x0072ee20,2381,0x0129a000,19505152
241550,0x0072ee30,5671,0x02c4e000,46456832
600367,0x0072ee80,457,0x00392000,3743744
603111,0x0072ee90,1269,0x009ea000,10395648
688613,0x0072eea0,2382,0x0129c000,19513344
140375,0x0072eeb0,3249,0x01962000,26615808
241551,0x0072eec0,5672,0x02c50000,46465024
600368,0x0072ef00,458,0x00394000,3751936
603112,0x0072ef10,1270,0x009ec000,10403840
241552,0x0072ef20,5673,0x02c52000,46473216
600369,0x0072ef80,459,0x00396000,3760128
603113,0x0072ef90,1271,0x009ee000,10412032
688615,0x0072efa0,2383,0x0129e000,19521536
241553,0x0072efb0,5674,0x02c54000,46481408
517400,0x0072efc0,8474,0x04234000,69419008
688616,0x0072f000,2384,0x012a0000,19529728
241554,0x0072f010,5675,0x02c56000,46489600
244305,0x0072f020,7085,0x0375a000,58040320
603115,0x0072f080,1272,0x009f0000,10420224
688617,0x0072f090,2385,0x012a2000,19537920
241555,0x0072f0a0,5676,0x02c58000,46497792
603116,0x0072f100,1273,0x009f2000,10428416
688618,0x0072f110,2386,0x012a4000,19546112
236413,0x0072f120,4729,0x024f2000,38739968
560830,0x0072f130,8640,0x04380000,70778880
603117,0x0072f180,1274,0x009f4000,10436608
688570,0x0072f190,2344,0x01250000,19202048
688619,0x0072f1a0,2387,0x012a6000,19554304
241557,0x0072f1b0,5677,0x02c5a000,46505984
603118,0x0072f200,1275,0x009f6000,10444800
688571,0x0072f210,2345,0x01252000,19210240
241558,0x0072f220,5678,0x02c5c000,46514176
244260,0x0072f230,7069,0x0373a000,57909248
603070,0x0072f280,1232,0x009a0000,10092544
603119,0x0072f290,1276,0x009f8000,10452992
241559,0x0072f2a0,5679,0x02c5e000,46522368
603071,0x0072f300,1233,0x009a2000,10100736
688573,0x0072f310,2346,0x01254000,19218432
244262,0x0072f320,7070,0x0373c000,57917440
512990,0x0072f330,8228,0x04048000,67403776
603072,0x0072f380,1234,0x009a4000,10108928
143129,0x0072f390,3264,0x01980000,26738688
603073,0x0072f400,1235,0x009a6000,10117120
688575,0x0072f410,2347,0x01256000,19226624
242640,0x0072f420,6253,0x030da000,51224576
244264,0x0072f430,7071,0x0373e000,57925632
517360,0x0072f440,8471,0x0422e000,69394432
688576,0x0072f480,2348,0x01258000,19234816
242641,0x0072f490,6254,0x030dc000,51232768
588520,0x0072f4a0,8872,0x04550000,72679424
603075,0x0072f500,1236,0x009a8000,10125312
688577,0x0072f510,2349,0x0125a000,19243008
244266,0x0072f520,7072,0x03740000,57933824
603076,0x0072f580,1237,0x009aa000,10133504
688578,0x0072f590,2350,0x0125c000,19251200
242643,0x0072f5a0,6255,0x030de000,51240960
560790,0x0072f5b0,8636,0x04378000,70746112
603077,0x0072f600,1238,0x009ac000,10141696
688579,0x0072f610,2351,0x0125e000,19259392
244268,0x0072f620,7073,0x03742000,57942016
603078,0x0072f680,1239,0x009ae000,10149888
244269,0x0072f690,7074,0x03744000,57950208
603079,0x0072f700,1240,0x009b0000,10158080
242646,0x0072f710,6256,0x030e0000,51249152
601456,0x0072f780,1052,0x00838000,8617984
242647,0x0072f790,6257,0x030e2000,51257344
019409,0x0072f900,2595,0x01446000,21258240
588480,0x0072f910,8869,0x0454a000,72654848
188954,0x0072fa80,4521,0x02352000,37036032
561920,0x0072fa90,8716,0x04418000,71401472
184124,0x0072fb80,3946,0x01ed4000,32325632
184125,0x0072fc00,3947,0x01ed6000,32333824
245351,0x0072fc10,7613,0x03b7a000,62365696
152063,0x0072fc80,3318,0x019ec000,27181056
245352,0x0072fc90,7614,0x03b7c000,62373888
184127,0x0072fd00,3948,0x01ed8000,32342016
512000,0x0072fd10,9425,0x049a2000,77209600
245354,0x0072fd80,7615,0x03b7e000,62382080
184080,0x0072fe00,3925,0x01eaa000,32153600
240980,0x0072fe10,5301,0x0296a000,43425792
243731,0x0072fe20,6811,0x03536000,55795712
245355,0x0072fe30,7616,0x03b80000,62390272
240981,0x0072fe80,5302,0x0296c000,43433984
243732,0x0072fe90,6812,0x03538000,55803904
245356,0x0072fea0,7617,0x03b82000,62398464
184082,0x0072ff00,3926,0x01eac000,32161792
240982,0x0072ff10,5303,0x0296e000,43442176
245357,0x0072ff20,7618,0x03b84000,62406656
561880,0x0072ff30,8712,0x04410000,71368704
184083,0x0072ff80,3927,0x01eae000,32169984
240983,0x0072ff90,5304,0x02970000,43450368
245358,0x0072ffa0,7619,0x03b86000,62414848
516830,0x0072ffb0,8439,0x041ee000,69132288
184084,0x00768000,3928,0x01eb0000,32178176
245359,0x00768010,7620,0x03b88000,62423040
240985,0x00768080,5305,0x02972000,43458560
243736,0x00768090,6813,0x0353a000,55812096
184086,0x00768100,3929,0x01eb2000,32186368
240986,0x00768110,5306,0x02974000,43466752
243737,0x00768120,6814,0x0353c000,55820288
243738,0x00768180,6815,0x0353e000,55828480
175382,0x00768200,3863,0x01e2e000,31645696
184088,0x00768210,3930,0x01eb4000,32194560
240988,0x00768220,5307,0x02976000,43474944
600925,0x00768280,892,0x006f8000,7307264
184089,0x00768290,3931,0x01eb6000,32202752
243691,0x007682a0,6791,0x0350e000,55631872
270110,0x007682b0,7849,0x03d52000,64299008
600926,0x00768300,893,0x006fa000,7315456
243692,0x00768310,6792,0x03510000,55640064
600927,0x00768380,894,0x006fc000,7323648
243693,0x00768390,6793,0x03512000,55648256
600928,0x00768400,895,0x006fe000,7331840
270113,0x00768410,7850,0x03d54000,64307200
516790,0x00768420,8435,0x041e6000,69099520
600880,0x00768480,866,0x006c4000,7094272
600929,0x00768490,896,0x00700000,7340032
605255,0x007684a0,1852,0x00e78000,15171584
243695,0x007684b0,6794,0x03514000,55656448
270114,0x007684c0,7851,0x03d56000,64315392
600881,0x00768500,867,0x006c6000,7102464
243696,0x00768510,6795,0x03516000,55664640
600882,0x00768580,868,0x006c8000,7110656
270116,0x00768590,7852,0x03d58000,64323584
600883,0x00768600,869,0x006ca000,7118848
605258,0x00768610,1853,0x00e7a000,15179776
243698,0x00768620,6796,0x03518000,55672832
600884,0x00768680,870,0x006cc000,7127040
605259,0x00768690,1854,0x00e7c000,15187968
173767,0x007686a0,3838,0x01dfc000,31440896
243699,0x007686b0,6797,0x0351a000,55681024
600885,0x00768700,871,0x006ce000,7135232
127905,0x00768710,3032,0x017b0000,24838144
173768,0x00768720,3839,0x01dfe000,31449088
244820,0x00768730,7355,0x03976000,60252160
270119,0x00768740,7853,0x03d5a000,64331776
600886,0x00768780,872,0x006d0000,7143424
603630,0x00768790,1585,0x00c62000,12984320
244821,0x007687a0,7356,0x03978000,60260352
600887,0x00768800,873,0x006d2000,7151616
127907,0x00768810,3033,0x017b2000,24846336
600888,0x00768880,874,0x006d4000,7159808
244823,0x00768890,7357,0x0397a000,60268544
562970,0x007688a0,8764,0x04478000,71794688
000932,0x007688b0,9227,0x04816000,75587584
600889,0x00768900,875,0x006d6000,7168000
603633,0x00768910,1586,0x00c64000,12992512
127909,0x00768920,3034,0x017b4000,24854528
244824,0x00768930,7358,0x0397c000,60276736
000933,0x00768940,9228,0x04818000,75595776
244825,0x00768980,7359,0x0397e000,60284928
270075,0x00768990,7836,0x03d38000,64192512
000934,0x007689a0,9229,0x0481a000,75603968
244826,0x00768a00,7360,0x03980000,60293120
270076,0x00768a10,7837,0x03d3a000,64200704
517880,0x00768a20,8481,0x04242000,69476352
000935,0x00768a30,9230,0x0481c000,75612160
603636,0x00768a80,1587,0x00c66000,13000704
019920,0x00768a90,2755,0x01586000,22568960
244827,0x00768aa0,7361,0x03982000,60301312
603637,0x00768b00,1588,0x00c68000,13008896
244828,0x00768b10,7362,0x03984000,60309504
513050,0x00768b20,8234,0x04054000,67452928
603638,0x00768b80,1589,0x00c6a000,13017088
143646,0x00768b90,3280,0x019a0000,26869760
244780,0x00768ba0,7330,0x03944000,60047360
244829,0x00768bb0,7363,0x03986000,60317696
603590,0x00768c00,1560,0x00c30000,12779520
603639,0x00768c10,1590,0x00c6c000,13025280
138504,0x00768c20,3201,0x01902000,26222592
000891,0x00768c80,179,0x00166000,1466368
138505,0x00768c90,3202,0x01904000,26230784
019925,0x00768d00,2756,0x01588000,22577152
244784,0x00768d80,7331,0x03946000,60055552
271203,0x00768d90,7901,0x03dba000,64724992
603595,0x00768e80,1561,0x00c32000,12787712
244786,0x00768e90,7332,0x03948000,60063744
271205,0x00768ea0,7902,0x03dbc000,64733184
603596,0x00768f00,1562,0x00c34000,12795904
244787,0x00768f10,7333,0x0394a000,60071936
688171,0x0082d000,2094,0x0105c000,17154048
688172,0x0082d010,2095,0x0105e000,17162240
688173,0x0082d020,2096,0x01060000,17170432
688175,0x0082d030,2097,0x01062000,17178624
688176,0x0082d040,2098,0x01064000,17186816
688177,0x0082d050,2099,0x01066000,17195008
688178,0x0082d060,2100,0x01068000,17203200
688179,0x0082d070,2101,0x0106a000,17211392
688180,0x0082d080,2102,0x0106c000,17219584
688181,0x0082d090,2103,0x0106e000,17227776
688182,0x0082d0a0,2104,0x01070000,17235968
688183,0x0082d0b0,2105,0x01072000,17244160
688184,0x0082d0c0,2106,0x01074000,17252352
688185,0x0082d0d0,2107,0x01076000,17260544
688186,0x0082d0e0,2108,0x01078000,17268736
688187,0x0082d0f0,2109,0x0107a000,17276928
688188,0x0082d100,2110,0x0107c000,17285120
688189,0x0082d110,2111,0x0107e000,17293312
688190,0x0082d120,2112,0x01080000,17301504
688191,0x0082d130,2113,0x01082000,17309696
688192,0x0082d140,2114,0x01084000,17317888
688193,0x0082d150,2115,0x01086000,17326080
688195,0x0082d160,2116,0x01088000,17334272
688196,0x0082d170,2117,0x0108a000,17342464
688197,0x0082d180,2118,0x0108c000,17350656
688198,0x0082d190,2119,0x0108e000,17358848
688199,0x0082d1a0,2120,0x01090000,17367040
688200,0x0082d1b0,2121,0x01092000,17375232
688201,0x0082d1c0,2122,0x01094000,17383424
688202,0x0082d1d0,2123,0x01096000,17391616
688203,0x0082d1e0,2124,0x01098000,17399808
688205,0x0082d1f0,2125,0x0109a000,17408000
688206,0x0082d200,2126,0x0109c000,17416192
688207,0x0082d210,2127,0x0109e000,17424384
688208,0x0082d220,2128,0x010a0000,17432576
688209,0x0082d230,2129,0x010a2000,17440768
688210,0x0082d240,2130,0x010a4000,17448960
688211,0x0082d250,2131,0x010a6000,17457152
688212,0x0082d260,2132,0x010a8000,17465344
688213,0x0082d270,2133,0x010aa000,17473536
688215,0x0082d280,2134,0x010ac000,17481728
688216,0x0082d290,2135,0x010ae000,17489920
688217,0x0082d2a0,2136,0x010b0000,17498112
688218,0x0082d2b0,2137,0x010b2000,17506304
688219,0x0082d2c0,2138,0x010b4000,17514496
688220,0x0082d2d0,2139,0x010b6000,17522688
688221,0x0082d2e0,2140,0x010b8000,17530880
688222,0x0082d2f0,2141,0x010ba000,17539072
688223,0x0082d300,2142,0x010bc000,17547264
688225,0x0082d310,2143,0x010be000,17555456
688226,0x0082d320,2144,0x010c0000,17563648
688227,0x0082d330,2145,0x010c2000,17571840
688228,0x0082d340,2146,0x010c4000,17580032
688229,0x0082d350,2147,0x010c6000,17588224
688230,0x0082d360,2148,0x010c8000,17596416
688231,0x0082d370,2149,0x010ca000,17604608
688232,0x0082d380,2150,0x010cc000,17612800
688233,0x0082d390,2151,0x010ce000,17620992
688234,0x0082d3a0,2152,0x010d0000,17629184
688235,0x0082d3b0,2153,0x010d2000,17637376
688236,0x0082d3c0,2154,0x010d4000,17645568
688237,0x0082d3d0,2155,0x010d6000,17653760
688238,0x0082d3e0,2156,0x010d8000,17661952
688239,0x0082d3f0,2157,0x010da000,17670144
688244,0x0082d400,2158,0x010dc000,17678336
688246,0x0082d410,2159,0x010de000,17686528
688247,0x0082d420,2160,0x010e0000,17694720
688248,0x0082d430,2161,0x010e2000,17702912
688249,0x0082d440,2162,0x010e4000,17711104
688251,0x0082d450,2163,0x010e6000,17719296
688252,0x0082d460,2164,0x010e8000,17727488
688253,0x0082d470,2165,0x010ea000,17735680
688255,0x0082d480,2166,0x010ec000,17743872
688256,0x0082d490,2167,0x010ee000,17752064
688257,0x0082d4a0,2168,0x010f0000,17760256
688258,0x0082d4b0,2169,0x010f2000,17768448
688259,0x0082d4c0,2170,0x010f4000,17776640
688260,0x0082d4d0,2171,0x010f6000,17784832
688261,0x0082d4e0,2172,0x010f8000,17793024
688262,0x0082d4f0,2173,0x010fa000,17801216
688265,0x0082d500,2174,0x010fc000,17809408
688266,0x0082d510,2175,0x010fe000,17817600
688267,0x0082d520,2176,0x01100000,17825792
688268,0x0082d530,2177,0x01102000,17833984
688269,0x0082d540,2178,0x01104000,17842176
688270,0x0082d550,2179,0x01106000,17850368
688271,0x0082d560,2180,0x01108000,17858560
688272,0x0082d570,2181,0x0110a000,17866752
688273,0x0082d580,2182,0x0110c000,17874944
688275,0x0082d590,2183,0x0110e000,17883136
688276,0x0082d5a0,2184,0x01110000,17891328
688277,0x0082d5b0,2185,0x01112000,17899520
688278,0x0082d5c0,2186,0x01114000,17907712
688279,0x0082d5d0,2187,0x01116000,17915904
688280,0x0082d5e0,2188,0x01118000,17924096
688281,0x0082d5f0,2189,0x0111a000,17932288
688282,0x0082d600,2190,0x0111c000,17940480
688283,0x0082d610,2191,0x0111e000,17948672
688285,0x0082d620,2192,0x01120000,17956864
688286,0x0082d630,2193,0x01122000,17965056
688287,0x0082d640,2194,0x01124000,17973248
688288,0x0082d650,2195,0x01126000,17981440
688289,0x0082d660,2196,0x01128000,17989632
688290,0x0082d670,2197,0x0112a000,17997824
688291,0x0082d680,2198,0x0112c000,18006016
688292,0x0082d690,2199,0x0112e000,18014208
688293,0x0082d6a0,2200,0x01130000,18022400
688295,0x0082d6b0,2201,0x01132000,18030592
688296,0x0082d6c0,2202,0x01134000,18038784
688297,0x0082d6d0,2203,0x01136000,18046976
688298,0x0082d6e0,2204,0x01138000,18055168
688299,0x0082d6f0,2205,0x0113a000,18063360
688300,0x0082d700,2207,0x0113e000,18079744
688301,0x0082d710,2208,0x01140000,18087936
688302,0x0082d720,2209,0x01142000,18096128
688303,0x0082d730,2210,0x01144000,18104320
688305,0x0082d740,2211,0x01146000,18112512
688306,0x0082d750,2212,0x01148000,18120704
688307,0x0082d760,2213,0x0114a000,18128896
688308,0x0082d770,2214,0x0114c000,18137088
688309,0x0082d780,2215,0x0114e000,18145280
688310,0x0082d790,2216,0x01150000,18153472
688311,0x0082d7a0,2217,0x01152000,18161664
688312,0x0082d7b0,2218,0x01154000,18169856
688313,0x0082d7c0,2219,0x01156000,18178048
688314,0x0082d7d0,2220,0x01158000,18186240
688315,0x0082d7e0,2221,0x0115a000,18194432
688316,0x0082d7f0,2222,0x0115c000,18202624
688317,0x0082d800,2223,0x0115e000,18210816
688318,0x0082d810,2224,0x01160000,18219008
688319,0x0082d820,2225,0x01162000,18227200
688320,0x0082d830,2226,0x01164000,18235392
688321,0x0082d840,2227,0x01166000,18243584
688322,0x0082d850,2228,0x01168000,18251776
688323,0x0082d860,2229,0x0116a000,18259968
688325,0x0082d870,2230,0x0116c000,18268160
688326,0x0082d880,2231,0x0116e000,18276352
688327,0x0082d890,2232,0x01170000,18284544
688328,0x0082d8a0,2233,0x01172000,18292736
688329,0x0082d8b0,2234,0x01174000,18300928
688330,0x0082d8c0,2235,0x01176000,18309120
688331,0x0082d8d0,2236,0x01178000,18317312
688332,0x0082d8e0,2237,0x0117a000,18325504
688333,0x0082d8f0,2238,0x0117c000,18333696
688334,0x0082d900,2239,0x0117e000,18341888
688335,0x0082d910,2240,0x01180000,18350080
688336,0x0082d920,2241,0x01182000,18358272
688337,0x0082d930,2242,0x01184000,18366464
688338,0x0082d940,2243,0x01186000,18374656
688339,0x0082d950,2244,0x01188000,18382848
688343,0x0082d960,2245,0x0118a000,18391040
688345,0x0082d970,2246,0x0118c000,18399232
688347,0x0082d980,2247,0x0118e000,18407424
688348,0x0082d990,2248,0x01190000,18415616
688349,0x0082d9a0,2249,0x01192000,18423808
688350,0x0082d9b0,2250,0x01194000,18432000
688351,0x0082d9c0,2251,0x01196000,18440192
688352,0x0082d9d0,2252,0x01198000,18448384
688353,0x0082d9e0,2253,0x0119a000,18456576
688355,0x0082d9f0,2254,0x0119c000,18464768
688356,0x0082da00,2255,0x0119e000,18472960
688357,0x0082da10,2256,0x011a0000,18481152
688358,0x0082da20,2257,0x011a2000,18489344
688359,0x0082da30,2258,0x011a4000,18497536
688360,0x0082da40,2259,0x011a6000,18505728
688361,0x0082da50,2260,0x011a8000,18513920
688362,0x0082da60,2261,0x011aa000,18522112
688363,0x0082da70,2262,0x011ac000,18530304
688365,0x0082da80,2263,0x011ae000,18538496
688366,0x0082da90,2264,0x011b0000,18546688
688367,0x0082daa0,2265,0x011b2000,18554880
688368,0x0082dab0,2266,0x011b4000,18563072
688369,0x0082dac0,2267,0x011b6000,18571264
688370,0x0082dad0,2268,0x011b8000,18579456
688371,0x0082dae0,2269,0x011ba000,18587648
688372,0x0082daf0,2270,0x011bc000,18595840
688373,0x0082db00,2271,0x011be000,18604032
688375,0x0082db10,2272,0x011c0000,18612224
688376,0x0082db20,2273,0x011c2000,18620416
688377,0x0082db30,2274,0x011c4000,18628608
688378,0x0082db40,2275,0x011c6000,18636800
688379,0x0082db50,2276,0x011c8000,18644992
688380,0x0082db60,2277,0x011ca000,18653184
688381,0x0082db70,2278,0x011cc000,18661376
688382,0x0082db80,2279,0x011ce000,18669568
688383,0x0082db90,2280,0x011d0000,18677760
688385,0x0082dba0,2281,0x011d2000,18685952
688386,0x0082dbb0,2282,0x011d4000,18694144
688387,0x0082dbc0,2283,0x011d6000,18702336
688388,0x0082dbd0,2284,0x011d8000,18710528
688389,0x0082dbe0,2285,0x011da000,18718720
688390,0x0082dbf0,2286,0x011dc000,18726912
688391,0x0082dc00,2287,0x011de000,18735104
688392,0x0082dc10,2288,0x011e0000,18743296
688393,0x0082dc20,2289,0x011e2000,18751488
688395,0x0082dc30,2290,0x011e4000,18759680
688396,0x0082dc40,2291,0x011e6000,18767872
688398,0x0082dc50,2292,0x011e8000,18776064
688399,0x0082dc60,2293,0x011ea000,18784256
688400,0x0082dc70,2294,0x011ec000,18792448
688401,0x0082dc80,2295,0x011ee000,18800640
688403,0x0082dc90,2296,0x011f0000,18808832
688408,0x0082dca0,2297,0x011f2000,18817024
688409,0x0082dcb0,2298,0x011f4000,18825216
688410,0x0082dcc0,2299,0x011f6000,18833408
688411,0x0082dcd0,2300,0x011f8000,18841600
688416,0x0082dce0,2301,0x011fa000,18849792
688418,0x0082dcf0,2302,0x011fc000,18857984
688419,0x0082dd00,2303,0x011fe000,18866176
688420,0x0082dd10,2304,0x01200000,18874368
688425,0x0082dd20,2305,0x01202000,18882560
688426,0x0082dd30,2306,0x01204000,18890752
688428,0x0082dd40,2307,0x01206000,18898944
688429,0x0082dd50,2308,0x01208000,18907136
688432,0x0082dd60,2309,0x0120a000,18915328
688433,0x0082dd70,2310,0x0120c000,18923520
688435,0x0082dd80,2311,0x0120e000,18931712
688439,0x0082dd90,2312,0x01210000,18939904
688443,0x0082dda0,2313,0x01212000,18948096
688448,0x0082ddb0,2314,0x01214000,18956288
688449,0x0082ddc0,2315,0x01216000,18964480
688450,0x0082ddd0,2316,0x01218000,18972672
688455,0x0082dde0,2317,0x0121a000,18980864
688456,0x0082ddf0,2318,0x0121c000,18989056
688458,0x0082de00,2319,0x0121e000,18997248
688459,0x0082de10,2320,0x01220000,19005440
688466,0x0082de20,2321,0x01222000,19013632
688468,0x0082de30,2322,0x01224000,19021824
688469,0x0082de40,2323,0x01226000,19030016
688472,0x0082de50,2324,0x01228000,19038208
688475,0x0082de60,2325,0x0122a000,19046400
688478,0x0082de70,2326,0x0122c000,19054592
688479,0x0082de80,2327,0x0122e000,19062784
688480,0x0082de90,2328,0x01230000,19070976
688484,0x0082dea0,2329,0x01232000,19079168
688485,0x0082deb0,2330,0x01234000,19087360
688486,0x0082dec0,2331,0x01236000,19095552
688488,0x0082ded0,2332,0x01238000,19103744
688489,0x0082dee0,2333,0x0123a000,19111936
688496,0x0082def0,2334,0x0123c000,19120128
688498,0x0082df00,2335,0x0123e000,19128320
688499,0x0082df10,2336,0x01240000,19136512
688500,0x0082df20,2337,0x01242000,19144704
688501,0x0082df30,2338,0x01244000,19152896
688502,0x0082df40,2339,0x01246000,19161088
688503,0x0082df50,2340,0x01248000,19169280
688505,0x0082df60,2341,0x0124a000,19177472
688506,0x0082df70,2342,0x0124c000,19185664
688507,0x0082df80,2343,0x0124e000,19193856
688508,0x0082df90,2344,0x01250000,19202048
688509,0x0082dfa0,2345,0x01252000,19210240
688510,0x0082dfb0,2346,0x01254000,19218432
688511,0x0082dfc0,2347,0x01256000,19226624
688512,0x0082dfd0,2348,0x01258000,19234816
688513,0x0082dfe0,2349,0x0125a000,19243008
688515,0x0082dff0,2350,0x0125c000,19251200
603598,0x0089e000,1563,0x00c36000,12804096
601975,0x0089e080,1157,0x0090a000,9478144
603599,0x0089e090,1564,0x00c38000,12812288
271160,0x0089e0a0,7887,0x03d9e000,64610304
152624,0x0089e200,3481,0x01b32000,28516352
271163,0x0089e210,7888,0x03da0000,64618496
152626,0x0089e300,3482,0x01b34000,28524544
152627,0x0089e380,3483,0x01b36000,28532736
152628,0x0089e400,3484,0x01b38000,28540928
152580,0x0089e480,3468,0x01b18000,28409856
152629,0x0089e490,3485,0x01b3a000,28549120
688100,0x0089e500,1987,0x00f86000,16277504
136849,0x0089e510,3095,0x0182e000,25354240
152581,0x0089e520,3469,0x01b1a000,28418048
184644,0x0089e530,4155,0x02076000,34037760
271169,0x0089e540,7889,0x03da2000,64626688
688101,0x0089e580,1988,0x00f88000,16285696
152582,0x0089e590,3470,0x01b1c000,28426240
184645,0x0089e5a0,4156,0x02078000,34045952
688102,0x0089e600,1989,0x00f8a000,16293888
152583,0x0089e610,3471,0x01b1e000,28434432
688103,0x0089e680,1990,0x00f8c000,16302080
122460,0x0089e690,2991,0x0175e000,24502272
184647,0x0089e6a0,4157,0x0207a000,34054144
241041,0x0089e6b0,5345,0x029c2000,43786240
512520,0x0089e6c0,8192,0x04000000,67108864
245874,0x0089e700,7811,0x03d06000,63987712
688105,0x0089e780,1991,0x00f8e000,16310272
184649,0x0089e790,4158,0x0207c000,34062336
241043,0x0089e7a0,5346,0x029c4000,43794432
688106,0x0089e800,1992,0x00f90000,16318464
152587,0x0089e810,3472,0x01b20000,28442624
688107,0x0089e880,1993,0x00f92000,16326656
241045,0x0089e890,5347,0x029c6000,43802624
510900,0x0089e8a0,8128,0x03f80000,66584576
688108,0x0089e900,1994,0x00f94000,16334848
560320,0x0089e910,8598,0x0432c000,70434816
688060,0x0089e980,1951,0x00f3e000,15982592
688109,0x0089e990,1995,0x00f96000,16343040
241047,0x0089e9a0,5348,0x029c8000,43810816
688061,0x0089ea00,1952,0x00f40000,15990784
241048,0x0089ea10,5349,0x029ca000,43819008
688062,0x0089ea80,1953,0x00f42000,15998976
688063,0x0089eb00,1954,0x00f44000,16007168
163182,0x0089eb10,3727,0x01d1e000,30531584
512480,0x0089eb20,8189,0x03ffa000,67084288
137933,0x0089eb80,3186,0x018e4000,26099712
688065,0x0089ec00,1955,0x00f46000,16015360
688066,0x0089ec80,1956,0x00f48000,16023552
588010,0x0089ec90,8824,0x044f0000,72286208
688067,0x0089ed00,1957,0x00f4a000,16031744
688068,0x0089ed80,1958,0x00f4c000,16039936
185732,0x0089ed90,4352,0x02200000,35651584
560280,0x0089eda0,8594,0x04324000,70402048
688069,0x0089ee00,1959,0x00f4e000,16048128
163188,0x0089ee10,3728,0x01d20000,30539776
515230,0x0089ee20,8324,0x04108000,68190208
137891,0x0089ef00,3179,0x018d6000,26042368
242130,0x0089ef80,5990,0x02ecc000,49070080
688516,0x0092f000,2352,0x01260000,19267584
688517,0x0092f010,2353,0x01262000,19275776
688518,0x0092f020,2354,0x01264000,19283968
688519,0x0092f030,2355,0x01266000,19292160
688520,0x0092f040,2356,0x01268000,19300352
688521,0x0092f050,2357,0x0126a000,19308544
688522,0x0092f060,2358,0x0126c000,19316736
688523,0x0092f070,2359,0x0126e000,19324928
688525,0x0092f080,2360,0x01270000,19333120
688526,0x0092f090,2361,0x01272000,19341312
688528,0x0092f0a0,2362,0x01274000,19349504
688529,0x0092f0b0,2363,0x01276000,19357696
688530,0x0092f0c0,2364,0x01278000,19365888
688531,0x0092f0d0,2365,0x0127a000,19374080
688533,0x0092f0e0,2366,0x0127c000,19382272
688535,0x0092f0f0,2367,0x0127e000,19390464
688536,0x0092f100,2368,0x01280000,19398656
688538,0x0092f110,2369,0x01282000,19406848
688539,0x0092f120,2370,0x01284000,19415040
688543,0x0092f130,2371,0x01286000,19423232
688545,0x0092f140,2372,0x01288000,19431424
688548,0x0092f150,2373,0x0128a000,19439616
688549,0x0092f160,2374,0x0128c000,19447808
688550,0x0092f170,2375,0x0128e000,19456000
688551,0x0092f180,2376,0x01290000,19464192
688552,0x0092f190,2377,0x01292000,19472384
688553,0x0092f1a0,2378,0x01294000,19480576
688556,0x0092f1b0,2379,0x01296000,19488768
688557,0x0092f1c0,2380,0x01298000,19496960
688558,0x0092f1d0,2381,0x0129a000,19505152
688559,0x0092f1e0,2382,0x0129c000,19513344
688560,0x0092f1f0,2383,0x0129e000,19521536
688561,0x0092f200,2384,0x012a0000,19529728
688562,0x0092f210,2385,0x012a2000,19537920
688563,0x0092f220,2386,0x012a4000,19546112
688565,0x0092f230,2387,0x012a6000,19554304
688566,0x0092f240,2388,0x012a8000,19562496
688567,0x0092f250,2389,0x012aa000,19570688
688568,0x0092f260,2390,0x012ac000,19578880
688569,0x0092f270,2391,0x012ae000,19587072
688570,0x0092f280,2392,0x012b0000,19595264
688571,0x0092f290,2393,0x012b2000,19603456
688573,0x0092f2a0,2394,0x012b4000,19611648
688575,0x0092f2b0,2395,0x012b6000,19619840
688576,0x0092f2c0,2396,0x012b8000,19628032
688577,0x0092f2d0,2397,0x012ba000,19636224
688578,0x0092f2e0,2398,0x012bc000,19644416
688579,0x0092f2f0,2399,0x012be000,19652608
688580,0x0092f300,2400,0x012c0000,19660800
688581,0x0092f310,2401,0x012c2000,19668992
688582,0x0092f320,2402,0x012c4000,19677184
688583,0x0092f330,2403,0x012c6000,19685376
688584,0x0092f340,2404,0x012c8000,19693568
688585,0x0092f350,2405,0x012ca000,19701760
688586,0x0092f360,2406,0x012cc000,19709952
688588,0x0092f370,2407,0x012ce000,19718144
688589,0x0092f380,2408,0x012d0000,19726336
688590,0x0092f390,2409,0x012d2000,19734528
688591,0x0092f3a0,2410,0x012d4000,19742720
688592,0x0092f3b0,2411,0x012d6000,19750912
688593,0x0092f3c0,2412,0x012d8000,19759104
688595,0x0092f3d0,2413,0x012da000,19767296
688596,0x0092f3e0,2414,0x012dc000,19775488
688597,0x0092f3f0,2415,0x012de000,19783680
688598,0x0092f400,2416,0x012e0000,19791872
688599,0x0092f410,2417,0x012e2000,19800064
688600,0x0092f420,2418,0x012e4000,19808256
688601,0x0092f430,2419,0x012e6000,19816448
688602,0x0092f440,2420,0x012e8000,19824640
688603,0x0092f450,2421,0x012ea000,19832832
688605,0x0092f460,2422,0x012ec000,19841024
688606,0x0092f470,2423,0x012ee000,19849216
688607,0x0092f480,2424,0x012f0000,19857408
688608,0x0092f490,2425,0x012f2000,19865600
688609,0x0092f4a0,2426,0x012f4000,19873792
688610,0x0092f4b0,2427,0x012f6000,19881984
688611,0x0092f4c0,2428,0x012f8000,19890176
688612,0x0092f4d0,2429,0x012fa000,19898368
688613,0x0092f4e0,2430,0x012fc000,19906560
688615,0x0092f4f0,2431,0x012fe000,19914752
688616,0x0092f500,2432,0x01300000,19922944
688617,0x0092f510,2433,0x01302000,19931136
688618,0x0092f520,2434,0x01304000,19939328
688619,0x0092f530,2435,0x01306000,19947520
688620,0x0092f540,2436,0x01308000,19955712
688621,0x0092f550,2437,0x0130a000,19963904
688622,0x0092f560,2438,0x0130c000,19972096
688623,0x0092f570,2439,0x0130e000,19980288
688625,0x0092f580,2440,0x01310000,19988480
688626,0x0092f590,2441,0x01312000,19996672
688627,0x0092f5a0,2442,0x01314000,20004864
688628,0x0092f5b0,2443,0x01316000,20013056
688629,0x0092f5c0,2444,0x01318000,20021248
688630,0x0092f5d0,2445,0x0131a000,20029440
688631,0x0092f5e0,2446,0x0131c000,20037632
688633,0x0092f5f0,2447,0x0131e000,20045824
688635,0x0092f600,2448,0x01320000,20054016
688636,0x0092f610,2449,0x01322000,20062208
688638,0x0092f620,2450,0x01324000,20070400
688639,0x0092f630,2451,0x01326000,20078592
688646,0x0092f640,2452,0x01328000,20086784
688648,0x0092f650,2453,0x0132a000,20094976
688651,0x0092f660,2454,0x0132c000,20103168
688652,0x0092f670,2455,0x0132e000,20111360
688653,0x0092f680,2456,0x01330000,20119552
688655,0x0092f690,2457,0x01332000,20127744
688656,0x0092f6a0,2458,0x01334000,20135936
688657,0x0092f6b0,2459,0x01336000,20144128
688658,0x0092f6c0,2460,0x01338000,20152320
688659,0x0092f6d0,2461,0x0133a000,20160512
688660,0x0092f6e0,2462,0x0133c000,20168704
688661,0x0092f6f0,2463,0x0133e000,20176896
688662,0x0092f700,2464,0x01340000,20185088
688663,0x0092f710,2465,0x01342000,20193280
688665,0x0092f720,2466,0x01344000,20201472
688667,0x0092f730,2467,0x01346000,20209664
688668,0x0092f740,2468,0x01348000,20217856
688669,0x0092f750,2469,0x0134a000,20226048
688670,0x0092f760,2470,0x0134c000,20234240
688671,0x0092f770,2471,0x0134e000,20242432
688676,0x0092f780,2472,0x01350000,20250624
688677,0x0092f790,2473,0x01352000,20258816
688678,0x0092f7a0,2474,0x01354000,20267008
688679,0x0092f7b0,2475,0x01356000,20275200
688680,0x0092f7c0,2476,0x01358000,20283392
688681,0x0092f7d0,2477,0x0135a000,20291584
688682,0x0092f7e0,2478,0x0135c000,20299776
688683,0x0092f7f0,2479,0x0135e000,20307968
688685,0x0092f800,2480,0x01360000,20316160
688686,0x0092f810,2481,0x01362000,20324352
688687,0x0092f820,2482,0x01364000,20332544
688689,0x0092f830,2483,0x01366000,20340736
688690,0x0092f840,2484,0x01368000,20348928
688691,0x0092f850,2485,0x0136a000,20357120
688692,0x0092f860,2486,0x0136c000,20365312
688693,0x0092f870,2487,0x0136e000,20373504
688695,0x0092f880,2488,0x01370000,20381696
688696,0x0092f890,2489,0x01372000,20389888
688697,0x0092f8a0,2490,0x01374000,20398080
688698,0x0092f8b0,2491,0x01376000,20406272
688699,0x0092f8c0,2492,0x01378000,20414464
688700,0x0092f8d0,2493,0x0137a000,20422656
688701,0x0092f8e0,2494,0x0137c000,20430848
688702,0x0092f8f0,2495,0x0137e000,20439040
688707,0x0092f900,2496,0x01380000,20447232
688708,0x0092f910,2497,0x01382000,20455424
688709,0x0092f920,2498,0x01384000,20463616
688710,0x0092f930,2499,0x01386000,20471808
688711,0x0092f940,2500,0x01388000,20480000
688712,0x0092f950,2501,0x0138a000,20488192
688716,0x0092f960,2502,0x0138c000,20496384
688717,0x0092f970,2503,0x0138e000,20504576
688718,0x0092f980,2504,0x01390000,20512768
688719,0x0092f990,2505,0x01392000,20520960
688720,0x0092f9a0,2506,0x01394000,20529152
688721,0x0092f9b0,2507,0x01396000,20537344
688722,0x0092f9c0,2508,0x01398000,20545536
688726,0x0092f9d0,2509,0x0139a000,20553728
688727,0x0092f9e0,2510,0x0139c000,20561920
688728,0x0092f9f0,2511,0x0139e000,20570112
688729,0x0092fa00,2512,0x013a0000,20578304
688733,0x0092fa10,2513,0x013a2000,20586496
688737,0x0092fa20,2514,0x013a4000,20594688
688739,0x0092fa30,2515,0x013a6000,20602880
688750,0x0092fa40,2516,0x013a8000,20611072
688755,0x0092fa50,2517,0x013aa000,20619264
688757,0x0092fa60,2518,0x013ac000,20627456
688758,0x0092fa70,2519,0x013ae000,20635648
688759,0x0092fa80,2520,0x013b0000,20643840
688765,0x0092fa90,2521,0x013b2000,20652032
688766,0x0092faa0,2522,0x013b4000,20660224
688767,0x0092fab0,2523,0x013b6000,20668416
688768,0x0092fac0,2524,0x013b8000,20676608
688772,0x0092fad0,2525,0x013ba000,20684800
688775,0x0092fae0,2526,0x013bc000,20692992
688776,0x0092faf0,2527,0x013be000,20701184
688777,0x0092fb00,2528,0x013c0000,20709376
688778,0x0092fb10,2529,0x013c2000,20717568
688779,0x0092fb20,2530,0x013c4000,20725760
688781,0x0092fb30,2531,0x013c6000,20733952
688783,0x0092fb40,2532,0x013c8000,20742144
688785,0x0092fb50,2533,0x013ca000,20750336
688786,0x0092fb60,2534,0x013cc000,20758528
688787,0x0092fb70,2535,0x013ce000,20766720
688788,0x0092fb80,2536,0x013d0000,20774912
688789,0x0092fb90,2537,0x013d2000,20783104
688790,0x0092fba0,2538,0x013d4000,20791296
688793,0x0092fbb0,2539,0x013d6000,20799488
688795,0x0092fbc0,2540,0x013d8000,20807680
688796,0x0092fbd0,2541,0x013da000,20815872
688797,0x0092fbe0,2542,0x013dc000,20824064
688798,0x0092fbf0,2543,0x013de000,20832256
688799,0x0092fc00,2544,0x013e0000,20840448
688800,0x0092fc10,2545,0x013e2000,20848640
688802,0x0092fc20,2546,0x013e4000,20856832
688805,0x0092fc30,2547,0x013e6000,20865024
688806,0x0092fc40,2548,0x013e8000,20873216
688807,0x0092fc50,2549,0x013ea000,20881408
688808,0x0092fc60,2550,0x013ec000,20889600
688809,0x0092fc70,2551,0x013ee000,20897792
688811,0x0092fc80,2552,0x013f0000,20905984
688813,0x0092fc90,2553,0x013f2000,20914176
688816,0x0092fca0,2554,0x013f4000,20922368
688818,0x0092fcb0,2555,0x013f6000,20930560
688819,0x0092fcc0,2556,0x013f8000,20938752
688820,0x0092fcd0,2557,0x013fa000,20946944
688825,0x0092fce0,2558,0x013fc000,20955136
688826,0x0092fcf0,2559,0x013fe000,20963328
688828,0x0092fd00,2560,0x01400000,20971520
688835,0x0092fd10,2561,0x01402000,20979712
688836,0x0092fd20,2562,0x01404000,20987904
688981,0x0092fd30,2563,0x01406000,20996096
689009,0x0092fd40,2564,0x01408000,21004288
900901,0x0092fd50,2565,0x0140a000,21012480
900902,0x0092fd60,2566,0x0140c000,21020672
900903,0x0092fd70,2567,0x0140e000,21028864
900904,0x0092fd80,2568,0x01410000,21037056
900905,0x0092fd90,2569,0x01412000,21045248
900906,0x0092fda0,2570,0x01414000,21053440
900908,0x0092fdb0,2571,0x01416000,21061632
900909,0x0092fdc0,2572,0x01418000,21069824
900910,0x0092fdd0,2573,0x0141a000,21078016
900911,0x0092fde0,2574,0x0141c000,21086208
900912,0x0092fdf0,2575,0x0141e000,21094400
900913,0x0092fe00,2576,0x01420000,21102592
900914,0x0092fe10,2577,0x01422000,21110784
900915,0x0092fe20,2578,0x01424000,21118976
900916,0x0092fe30,2579,0x01426000,21127168
900917,0x0092fe40,2580,0x01428000,21135360
900918,0x0092fe50,2581,0x0142a000,21143552
900920,0x0092fe60,2582,0x0142c000,21151744
900921,0x0092fe70,2583,0x0142e000,21159936
900922,0x0092fe80,2584,0x01430000,21168128
900923,0x0092fe90,2585,0x01432000,21176320
900924,0x0092fea0,2586,0x01434000,21184512
900925,0x0092feb0,2587,0x01436000,21192704
900926,0x0092fec0,2588,0x01438000,21200896
900927,0x0092fed0,2589,0x0143a000,21209088
900928,0x0092fee0,2590,0x0143c000,21217280
900929,0x0092fef0,2591,0x0143e000,21225472
900932,0x0092ff00,2592,0x01440000,21233664
900934,0x0092ff10,2593,0x01442000,21241856
900936,0x0092ff20,2594,0x01444000,21250048
900937,0x0092ff30,2595,0x01446000,21258240
900938,0x0092ff40,2596,0x01448000,21266432
900939,0x0092ff50,2597,0x0144a000,21274624
900940,0x0092ff60,2598,0x0144c000,21282816
900941,0x0092ff70,2599,0x0144e000,21291008
900942,0x0092ff80,2600,0x01450000,21299200
900943,0x0092ff90,2601,0x01452000,21307392
900945,0x0092ffa0,2602,0x01454000,21315584
900946,0x0092ffb0,2603,0x01456000,21323776
900947,0x0092ffc0,2604,0x01458000,21331968
900948,0x0092ffd0,2605,0x0145a000,21340160
900952,0x0092ffe0,2606,0x0145c000,21348352
900957,0x0092fff0,2607,0x0145e000,21356544
010706,0x00a30000,2609,0x01462000,21372928
010713,0x00a30010,2610,0x01464000,21381120
018003,0x00a30020,2611,0x01466000,21389312
018009,0x00a30030,2612,0x01468000,21397504
018012,0x00a30040,2613,0x0146a000,21405696
018014,0x00a30050,2614,0x0146c000,21413888
018015,0x00a30060,2615,0x0146e000,21422080
018019,0x00a30070,2616,0x01470000,21430272
018084,0x00a30080,2617,0x01472000,21438464
019003,0x00a30090,2618,0x01474000,21446656
019009,0x00a300a0,2619,0x01476000,21454848
019014,0x00a300b0,2620,0x01478000,21463040
019018,0x00a300c0,2622,0x0147c000,21479424
019023,0x00a300d0,2623,0x0147e000,21487616
019026,0x00a300e0,2624,0x01480000,21495808
019029,0x00a300f0,2625,0x01482000,21504000
019037,0x00a30100,2626,0x01484000,21512192
019040,0x00a30110,2627,0x01486000,21520384
019105,0x00a30120,2628,0x01488000,21528576
019110,0x00a30130,2629,0x0148a000,21536768
019112,0x00a30140,2630,0x0148c000,21544960
019116,0x00a30150,2631,0x0148e000,21553152
019123,0x00a30160,2632,0x01490000,21561344
019206,0x00a30170,2633,0x01492000,21569536
019208,0x00a30180,2634,0x01494000,21577728
019212,0x00a30190,2635,0x01496000,21585920
019213,0x00a301a0,2636,0x01498000,21594112
019218,0x00a301b0,2637,0x0149a000,21602304
019220,0x00a301c0,2638,0x0149c000,21610496
019309,0x00a301d0,2639,0x0149e000,21618688
019310,0x00a301e0,2640,0x014a0000,21626880
019316,0x00a301f0,2641,0x014a2000,21635072
019319,0x00a30200,2642,0x014a4000,21643264
019324,0x00a30210,2643,0x014a6000,21651456
019325,0x00a30220,2644,0x014a8000,21659648
019409,0x00a30230,2645,0x014aa000,21667840
019410,0x00a30240,2646,0x014ac000,21676032
019416,0x00a30250,2647,0x014ae000,21684224
019417,0x00a30260,2648,0x014b0000,21692416
019425,0x00a30270,2649,0x014b2000,21700608
019427,0x00a30280,2650,0x014b4000,21708800
019508,0x00a30290,2651,0x014b6000,21716992
019510,0x00a302a0,2652,0x014b8000,21725184
019517,0x00a302b0,2653,0x014ba000,21733376
019521,0x00a302c0,2654,0x014bc000,21741568
019525,0x00a302d0,2655,0x014be000,21749760
019528,0x00a302e0,2656,0x014c0000,21757952
019536,0x00a302f0,2657,0x014c2000,21766144
019541,0x00a30300,2658,0x014c4000,21774336
019547,0x00a30310,2659,0x014c6000,21782528
019551,0x00a30320,2660,0x014c8000,21790720
019554,0x00a30330,2661,0x014ca000,21798912
019558,0x00a30340,2662,0x014cc000,21807104
019559,0x00a30350,2663,0x014ce000,21815296
019564,0x00a30360,2664,0x014d0000,21823488
019569,0x00a30370,2665,0x014d2000,21831680
019572,0x00a30380,2666,0x014d4000,21839872
019577,0x00a30390,2667,0x014d6000,21848064
019580,0x00a303a0,2668,0x014d8000,21856256
019586,0x00a303b0,2669,0x014da000,21864448
019593,0x00a303c0,2670,0x014dc000,21872640
019599,0x00a303d0,2671,0x014de000,21880832
019601,0x00a303e0,2672,0x014e0000,21889024
019606,0x00a303f0,2673,0x014e2000,21897216
019609,0x00a30400,2674,0x014e4000,21905408
019616,0x00a30410,2675,0x014e6000,21913600
019618,0x00a30420,2676,0x014e8000,21921792
019620,0x00a30430,2677,0x014ea000,21929984
019625,0x00a30440,2678,0x014ec000,21938176
019626,0x00a30450,2679,0x014ee000,21946368
019630,0x00a30460,2680,0x014f0000,21954560
019632,0x00a30470,2681,0x014f2000,21962752
019633,0x00a30480,2682,0x014f4000,21970944
019634,0x00a30490,2683,0x014f6000,21979136
019636,0x00a304a0,2684,0x014f8000,21987328
019639,0x00a304b0,2685,0x014fa000,21995520
019642,0x00a304c0,2686,0x014fc000,22003712
019646,0x00a304d0,2687,0x014fe000,22011904
019647,0x00a304e0,2688,0x01500000,22020096
019653,0x00a304f0,2689,0x01502000,22028288
019655,0x00a30500,2690,0x01504000,22036480
019657,0x00a30510,2691,0x01506000,22044672
019661,0x00a30520,2692,0x01508000,22052864
019662,0x00a30530,2693,0x0150a000,22061056
019665,0x00a30540,2694,0x0150c000,22069248
019667,0x00a30550,2695,0x0150e000,22077440
019668,0x00a30560,2696,0x01510000,22085632
019671,0x00a30570,2697,0x01512000,22093824
019672,0x00a30580,2698,0x01514000,22102016
019673,0x00a30590,2699,0x01516000,22110208
019675,0x00a305a0,2700,0x01518000,22118400
019677,0x00a305b0,2701,0x0151a000,22126592
019681,0x00a305c0,2702,0x0151c000,22134784
019682,0x00a305d0,2703,0x0151e000,22142976
019684,0x00a305e0,2704,0x01520000,22151168
019686,0x00a305f0,2705,0x01522000,22159360
019687,0x00a30600,2706,0x01524000,22167552
019689,0x00a30610,2707,0x01526000,22175744
019690,0x00a30620,2708,0x01528000,22183936
019692,0x00a30630,2709,0x0152a000,22192128
019695,0x00a30640,2710,0x0152c000,22200320
019697,0x00a30650,2711,0x0152e000,22208512
019701,0x00a30660,2712,0x01530000,22216704
019702,0x00a30670,2713,0x01532000,22224896
019705,0x00a30680,2714,0x01534000,22233088
019707,0x00a30690,2715,0x01536000,22241280
019708,0x00a306a0,2716,0x01538000,22249472
019721,0x00a306b0,2717,0x0153a000,22257664
019722,0x00a306c0,2718,0x0153c000,22265856
019724,0x00a306d0,2719,0x0153e000,22274048
019725,0x00a306e0,2720,0x01540000,22282240
019726,0x00a306f0,2721,0x01542000,22290432
019728,0x00a30700,2722,0x01544000,22298624
019729,0x00a30710,2723,0x01546000,22306816
019731,0x00a30720,2724,0x01548000,22315008
019732,0x00a30730,2725,0x0154a000,22323200
019734,0x00a30740,2726,0x0154c000,22331392
019735,0x00a30750,2727,0x0154e000,22339584
019738,0x00a30760,2728,0x01550000,22347776
019739,0x00a30770,2729,0x01552000,22355968
019741,0x00a30780,2730,0x01554000,22364160
019742,0x00a30790,2731,0x01556000,22372352
019743,0x00a307a0,2732,0x01558000,22380544
019744,0x00a307b0,2733,0x0155a000,22388736
019746,0x00a307c0,2734,0x0155c000,22396928
019747,0x00a307d0,2735,0x0155e000,22405120
019748,0x00a307e0,2736,0x01560000,22413312
019750,0x00a307f0,2737,0x01562000,22421504
019751,0x00a30800,2738,0x01564000,22429696
019752,0x00a30810,2739,0x01566000,22437888
019753,0x00a30820,2740,0x01568000,22446080
019754,0x00a30830,2741,0x0156a000,22454272
019755,0x00a30840,2742,0x0156c000,22462464
019756,0x00a30850,2743,0x0156e000,22470656
019757,0x00a30860,2744,0x01570000,22478848
019759,0x00a30870,2745,0x01572000,22487040
019760,0x00a30880,2746,0x01574000,22495232
019761,0x00a30890,2747,0x01576000,22503424
019762,0x00a308a0,2748,0x01578000,22511616
019763,0x00a308b0,2749,0x0157a000,22519808
019767,0x00a308c0,2750,0x0157c000,22528000
019768,0x00a308d0,2751,0x0157e000,22536192
019769,0x00a308e0,2752,0x01580000,22544384
019770,0x00a308f0,2753,0x01582000,22552576
019771,0x00a30900,2754,0x01584000,22560768
019772,0x00a30910,2755,0x01586000,22568960
019774,0x00a30920,2756,0x01588000,22577152
019775,0x00a30930,2757,0x0158a000,22585344
019776,0x00a30940,2758,0x0158c000,22593536
019778,0x00a30950,2759,0x0158e000,22601728
019779,0x00a30960,2760,0x01590000,22609920
019780,0x00a30970,2761,0x01592000,22618112
019781,0x00a30980,2762,0x01594000,22626304
019782,0x00a30990,2763,0x01596000,22634496
019783,0x00a309a0,2764,0x01598000,22642688
019784,0x00a309b0,2765,0x0159a000,22650880
019786,0x00a309c0,2766,0x0159c000,22659072
019787,0x00a309d0,2767,0x0159e000,22667264
019788,0x00a309e0,2768,0x015a0000,22675456
019789,0x00a309f0,2769,0x015a2000,22683648
019790,0x00a30a00,2770,0x015a4000,22691840
019791,0x00a30a10,2771,0x015a6000,22700032
019792,0x00a30a20,2772,0x015a8000,22708224
019793,0x00a30a30,2773,0x015aa000,22716416
019795,0x00a30a40,2774,0x015ac000,22724608
019796,0x00a30a50,2775,0x015ae000,22732800
019797,0x00a30a60,2776,0x015b0000,22740992
019798,0x00a30a70,2777,0x015b2000,22749184
019806,0x00a30a80,2778,0x015b4000,22757376
019813,0x00a30a90,2779,0x015b6000,22765568
019820,0x00a30aa0,2780,0x015b8000,22773760
019827,0x00a30ab0,2781,0x015ba000,22781952
019828,0x00a30ac0,2782,0x015bc000,22790144
019829,0x00a30ad0,2783,0x015be000,22798336
019830,0x00a30ae0,2784,0x015c0000,22806528
019831,0x00a30af0,2785,0x015c2000,22814720
019832,0x00a30b00,2786,0x015c4000,22822912
019833,0x00a30b10,2787,0x015c6000,22831104
019834,0x00a30b20,2788,0x015c8000,22839296
019835,0x00a30b30,2789,0x015ca000,22847488
019836,0x00a30b40,2790,0x015cc000,22855680
019837,0x00a30b50,2791,0x015ce000,22863872
019838,0x00a30b60,2792,0x015d0000,22872064
019839,0x00a30b70,2793,0x015d2000,22880256
019840,0x00a30b80,2794,0x015d4000,22888448
019843,0x00a30b90,2795,0x015d6000,22896640
019844,0x00a30ba0,2796,0x015d8000,22904832
019845,0x00a30bb0,2797,0x015da000,22913024
019846,0x00a30bc0,2798,0x015dc000,22921216
019847,0x00a30bd0,2799,0x015de000,22929408
019848,0x00a30be0,2800,0x015e0000,22937600
019849,0x00a30bf0,2801,0x015e2000,22945792
019850,0x00a30c00,2802,0x015e4000,22953984
019902,0x00a30c10,2803,0x015e6000,22962176
019905,0x00a30c20,2804,0x015e8000,22970368
019920,0x00a30c30,2805,0x015ea000,22978560
019925,0x00a30c40,2806,0x015ec000,22986752
019930,0x00a30c50,2807,0x015ee000,22994944
101024,0x00a30c60,2808,0x015f0000,23003136
101216,0x00a30c70,2809,0x015f2000,23011328
101253,0x00a30c80,2810,0x015f4000,23019520
101604,0x00a30c90,2811,0x015f6000,23027712
101721,0x00a30ca0,2812,0x015f8000,23035904
101746,0x00a30cb0,2813,0x015fa000,23044096
109022,0x00a30cc0,2814,0x015fc000,23052288
109168,0x00a30cd0,2815,0x015fe000,23060480
109285,0x00a30ce0,2816,0x01600000,23068672
109319,0x00a30cf0,2817,0x01602000,23076864
109404,0x00a30d00,2818,0x01604000,23085056
109668,0x00a30d10,2819,0x01606000,23093248
109878,0x00a30d20,2820,0x01608000,23101440
109922,0x00a30d30,2821,0x0160a000,23109632
109923,0x00a30d40,2822,0x0160c000,23117824
109993,0x00a30d50,2823,0x0160e000,23126016
115010,0x00a30d60,2824,0x01610000,23134208
115011,0x00a30d70,2825,0x01612000,23142400
115021,0x00a30d80,2826,0x01614000,23150592
115026,0x00a30d90,2827,0x01616000,23158784
115028,0x00a30da0,2828,0x01618000,23166976
115040,0x00a30db0,2829,0x0161a000,23175168
115041,0x00a30dc0,2830,0x0161c000,23183360
115048,0x00a30dd0,2831,0x0161e000,23191552
115051,0x00a30de0,2832,0x01620000,23199744
115059,0x00a30df0,2833,0x01622000,23207936
115062,0x00a30e00,2834,0x01624000,23216128
115072,0x00a30e10,2835,0x01626000,23224320
115082,0x00a30e20,2836,0x01628000,23232512
115092,0x00a30e30,2837,0x0162a000,23240704
115108,0x00a30e40,2838,0x0162c000,23248896
115131,0x00a30e50,2839,0x0162e000,23257088
115136,0x00a30e60,2840,0x01630000,23265280
115172,0x00a30e70,2841,0x01632000,23273472
115174,0x00a30e80,2842,0x01634000,23281664
115177,0x00a30e90,2843,0x01636000,23289856
115202,0x00a30ea0,2844,0x01638000,23298048
115208,0x00a30eb0,2845,0x0163a000,23306240
115210,0x00a30ec0,2846,0x0163c000,23314432
115216,0x00a30ed0,2847,0x0163e000,23322624
115235,0x00a30ee0,2848,0x01640000,23330816
115238,0x00a30ef0,2849,0x01642000,23339008
115258,0x00a30f00,2850,0x01644000,23347200
115261,0x00a30f10,2851,0x01646000,23355392
115263,0x00a30f20,2852,0x01648000,23363584
115266,0x00a30f30,2853,0x0164a000,23371776
115282,0x00a30f40,2854,0x0164c000,23379968
115295,0x00a30f50,2855,0x0164e000,23388160
115315,0x00a30f60,2856,0x01650000,23396352
115323,0x00a30f70,2857,0x01652000,23404544
115328,0x00a30f80,2858,0x01654000,23412736
115335,0x00a30f90,2859,0x01656000,23420928
115338,0x00a30fa0,2860,0x01658000,23429120
115343,0x00a30fb0,2861,0x0165a000,23437312
115347,0x00a30fc0,2862,0x0165c000,23445504
115360,0x00a30fd0,2863,0x0165e000,23453696
115363,0x00a30fe0,2864,0x01660000,23461888
115368,0x00a30ff0,2865,0x01662000,23470080
242131,0x00a3d000,5991,0x02ece000,49078272
185738,0x00a3d080,4353,0x02202000,35659776
563030,0x00a3d090,8769,0x04482000,71835648
137895,0x00a3d100,3180,0x018d8000,26050560
185739,0x00a3d110,4354,0x02204000,35667968
242133,0x00a3d120,5992,0x02ed0000,49086464
185691,0x00a3d180,4343,0x021ee000,35577856
242134,0x00a3d190,5993,0x02ed2000,49094656
137897,0x00a3d200,3181,0x018da000,26058752
240511,0x00a3d210,5011,0x02726000,41050112
240512,0x00a3d280,5012,0x02728000,41058304
515190,0x00a3d290,8320,0x04100000,68157440
561410,0x00a3d2a0,8684,0x043d8000,71139328
185694,0x00a3d300,4344,0x021f0000,35586048
240513,0x00a3d310,5013,0x0272a000,41066496
242137,0x00a3d320,5994,0x02ed4000,49102848
240514,0x00a3d380,5014,0x0272c000,41074688
242138,0x00a3d390,5995,0x02ed6000,49111040
115664,0x00a3d400,2868,0x01668000,23494656
240515,0x00a3d410,5015,0x0272e000,41082880
242090,0x00a3d420,5966,0x02e9c000,48873472
242139,0x00a3d430,5996,0x02ed8000,49119232
115665,0x00a3d480,2869,0x0166a000,23502848
185697,0x00a3d490,4345,0x021f2000,35594240
240516,0x00a3d4a0,5016,0x02730000,41091072
240517,0x00a3d500,5017,0x02732000,41099264
242093,0x00a3d580,5967,0x02e9e000,48881664
243220,0x00a3d590,6556,0x03338000,53706752
240470,0x00a3d600,4984,0x026f0000,40828928
240519,0x00a3d610,5018,0x02734000,41107456
589100,0x00a3d620,8916,0x045a8000,73039872
115669,0x00a3d680,2870,0x0166c000,23511040
242095,0x00a3d690,5968,0x02ea0000,48889856
551900,0x00a3d6a0,8570,0x042f4000,70205440
511950,0x00a3d6b0,9420,0x04998000,77168640
242096,0x00a3d700,5969,0x02ea2000,48898048
520650,0x00a3d710,8506,0x04274000,69681152
561370,0x00a3d720,8680,0x043d0000,71106560
751010,0x00a3d730,8981,0x0462a000,73572352
240473,0x00a3d780,4985,0x026f2000,40837120
242097,0x00a3d790,5970,0x02ea4000,48906240
516320,0x00a3d7a0,8401,0x041a2000,68820992
751011,0x00a3d7b0,8982,0x0462c000,73580544
600410,0x00a3d800,491,0x003d6000,4022272
240474,0x00a3d810,4986,0x026f4000,40845312
243225,0x00a3d820,6557,0x0333a000,53714944
751012,0x00a3d830,8983,0x0462e000,73588736
240475,0x00a3d880,4987,0x026f6000,40853504
242099,0x00a3d890,5971,0x02ea6000,48914432
240476,0x00a3d900,4988,0x026f8000,40861696
243227,0x00a3d910,6558,0x0333c000,53723136
751014,0x00a3d920,8984,0x04630000,73596928
243228,0x00a3d980,6559,0x0333e000,53731328
751015,0x00a3d990,8985,0x04632000,73605120
240478,0x00a3da00,4989,0x026fa000,40869888
243229,0x00a3da10,6560,0x03340000,53739520
751016,0x00a3da20,8986,0x04634000,73613312
600415,0x00a3da80,492,0x003d8000,4030464
589060,0x00a3da90,8912,0x045a0000,73007104
751017,0x00a3daa0,8987,0x04636000,73621504
600416,0x00a3db00,493,0x003da000,4038656
241600,0x00a3db10,5702,0x02c8c000,46710784
751018,0x00a3db20,8988,0x04638000,73629696
241601,0x00a3db80,5703,0x02c8e000,46718976
751019,0x00a3db90,8989,0x0463a000,73637888
600418,0x00a3dc00,494,0x003dc000,4046848
241602,0x00a3dc10,5704,0x02c90000,46727168
562500,0x00a3dc20,8738,0x04444000,71581696
600370,0x00a3dc80,460,0x00398000,3768320
600419,0x00a3dc90,495,0x003de000,4055040
138989,0x00a3dca0,3246,0x0195c000,26591232
241603,0x00a3dcb0,5705,0x02c92000,46735360
243185,0x00a3dcc0,6537,0x03312000,53551104
600371,0x00a3dd00,461,0x0039a000,3776512
243186,0x00a3dd10,6538,0x03314000,53559296
600372,0x00a3dd80,462,0x0039c000,3784704
241605,0x00a3dd90,5706,0x02c94000,46743552
243187,0x00a3dda0,6539,0x03316000,53567488
600373,0x00a3de00,463,0x0039e000,3792896
243188,0x00a3de10,6540,0x03318000,53575680
688620,0x00a3de80,2388,0x012a8000,19562496
241607,0x00a3de90,5707,0x02c96000,46751744
243189,0x00a3dea0,6541,0x0331a000,53583872
600375,0x00a3df00,464,0x003a0000,3801088
688621,0x00a3df10,2389,0x012aa000,19570688
241608,0x00a3df20,5708,0x02c98000,46759936
600376,0x00a3df80,465,0x003a2000,3809280
603120,0x00a3df90,1277,0x009fa000,10461184
688622,0x00a3dfa0,2390,0x012ac000,19578880
241560,0x00a3dfb0,5680,0x02c60000,46530560
115374,0x00b32000,2867,0x01666000,23486464
115377,0x00b32010,2868,0x01668000,23494656
115381,0x00b32020,2869,0x0166a000,23502848
115386,0x00b32030,2870,0x0166c000,23511040
115392,0x00b32040,2871,0x0166e000,23519232
115406,0x00b32050,2872,0x01670000,23527424
115407,0x00b32060,2873,0x01672000,23535616
115418,0x00b32070,2874,0x01674000,23543808
115419,0x00b32080,2875,0x01676000,23552000
115425,0x00b32090,2876,0x01678000,23560192
115455,0x00b320a0,2877,0x0167a000,23568384
115461,0x00b320b0,2878,0x0167c000,23576576
115471,0x00b320c0,2879,0x0167e000,23584768
115474,0x00b320d0,2880,0x01680000,23592960
115477,0x00b320e0,2881,0x01682000,23601152
115479,0x00b320f0,2882,0x01684000,23609344
115483,0x00b32100,2883,0x01686000,23617536
115484,0x00b32110,2884,0x01688000,23625728
115486,0x00b32120,2885,0x0168a000,23633920
115488,0x00b32130,2886,0x0168c000,23642112
115495,0x00b32140,2887,0x0168e000,23650304
115509,0x00b32150,2888,0x01690000,23658496
115514,0x00b32160,2889,0x01692000,23666688
115518,0x00b32170,2890,0x01694000,23674880
115523,0x00b32180,2891,0x01696000,23683072
115537,0x00b32190,2892,0x01698000,23691264
115538,0x00b321a0,2893,0x0169a000,23699456
115544,0x00b321b0,2894,0x0169c000,23707648
115549,0x00b321c0,2895,0x0169e000,23715840
115550,0x00b321d0,2896,0x016a0000,23724032
115552,0x00b321e0,2897,0x016a2000,23732224
115557,0x00b321f0,2898,0x016a4000,23740416
115559,0x00b32200,2899,0x016a6000,23748608
115563,0x00b32210,2900,0x016a8000,23756800
115571,0x00b32220,2901,0x016aa000,23764992
115576,0x00b32230,2902,0x016ac000,23773184
115579,0x00b32240,2903,0x016ae000,23781376
115582,0x00b32250,2904,0x016b0000,23789568
115586,0x00b32260,2905,0x016b2000,23797760
115587,0x00b32270,2906,0x016b4000,23805952
115608,0x00b32280,2907,0x016b6000,23814144
115619,0x00b32290,2908,0x016b8000,23822336
115622,0x00b322a0,2909,0x016ba000,23830528
115623,0x00b322b0,2910,0x016bc000,23838720
115626,0x00b322c0,2911,0x016be000,23846912
115635,0x00b322d0,2912,0x016c0000,23855104
115643,0x00b322e0,2913,0x016c2000,23863296
115644,0x00b322f0,2914,0x016c4000,23871488
115645,0x00b32300,2915,0x016c6000,23879680
115650,0x00b32310,2916,0x016c8000,23887872
115652,0x00b32320,2917,0x016ca000,23896064
115654,0x00b32330,2918,0x016cc000,23904256
115664,0x00b32340,2919,0x016ce000,23912448
115665,0x00b32350,2920,0x016d0000,23920640
115669,0x00b32360,2921,0x016d2000,23928832
115678,0x00b32370,2922,0x016d4000,23937024
115681,0x00b32380,2923,0x016d6000,23945216
115682,0x00b32390,2924,0x016d8000,23953408
115684,0x00b323a0,2925,0x016da000,23961600
115687,0x00b323b0,2926,0x016dc000,23969792
115689,0x00b323c0,2927,0x016de000,23977984
115690,0x00b323d0,2928,0x016e0000,23986176
115691,0x00b323e0,2929,0x016e2000,23994368
115696,0x00b323f0,2930,0x016e4000,24002560
115713,0x00b32400,2931,0x016e6000,24010752
115719,0x00b32410,2932,0x016e8000,24018944
115726,0x00b32420,2933,0x016ea000,24027136
115729,0x00b32430,2934,0x016ec000,24035328
115734,0x00b32440,2935,0x016ee000,24043520
115745,0x00b32450,2936,0x016f0000,24051712
115753,0x00b32460,2937,0x016f2000,24059904
115762,0x00b32470,2938,0x016f4000,24068096
115765,0x00b32480,2939,0x016f6000,24076288
115769,0x00b32490,2940,0x016f8000,24084480
115772,0x00b324a0,2941,0x016fa000,24092672
115777,0x00b324b0,2942,0x016fc000,24100864
115785,0x00b324c0,2943,0x016fe000,24109056
115802,0x00b324d0,2944,0x01700000,24117248
115806,0x00b324e0,2945,0x01702000,24125440
115815,0x00b324f0,2946,0x01704000,24133632
115818,0x00b32500,2947,0x01706000,24141824
115821,0x00b32510,2948,0x01708000,24150016
115822,0x00b32520,2949,0x0170a000,24158208
115823,0x00b32530,2950,0x0170c000,24166400
115830,0x00b32540,2951,0x0170e000,24174592
115831,0x00b32550,2952,0x01710000,24182784
115834,0x00b32560,2953,0x01712000,24190976
115836,0x00b32570,2954,0x01714000,24199168
115837,0x00b32580,2955,0x01716000,24207360
115838,0x00b32590,2956,0x01718000,24215552
115840,0x00b325a0,2957,0x0171a000,24223744
115844,0x00b325b0,2958,0x0171c000,24231936
115848,0x00b325c0,2959,0x0171e000,24240128
115849,0x00b325d0,2960,0x01720000,24248320
115853,0x00b325e0,2961,0x01722000,24256512
115857,0x00b325f0,2962,0x01724000,24264704
115862,0x00b32600,2963,0x01726000,24272896
115869,0x00b32610,2964,0x01728000,24281088
115870,0x00b32620,2965,0x0172a000,24289280
115872,0x00b32630,2966,0x0172c000,24297472
115873,0x00b32640,2967,0x0172e000,24305664
115875,0x00b32650,2968,0x01730000,24313856
115876,0x00b32660,2969,0x01732000,24322048
115877,0x00b32670,2970,0x01734000,24330240
115879,0x00b32680,2971,0x01736000,24338432
115882,0x00b32690,2972,0x01738000,24346624
115883,0x00b326a0,2973,0x0173a000,24354816
115886,0x00b326b0,2974,0x0173c000,24363008
115887,0x00b326c0,2975,0x0173e000,24371200
115890,0x00b326d0,2976,0x01740000,24379392
115891,0x00b326e0,2977,0x01742000,24387584
115892,0x00b326f0,2978,0x01744000,24395776
115894,0x00b32700,2979,0x01746000,24403968
115902,0x00b32710,2980,0x01748000,24412160
115903,0x00b32720,2981,0x0174a000,24420352
115904,0x00b32730,2982,0x0174c000,24428544
115907,0x00b32740,2983,0x0174e000,24436736
115910,0x00b32750,2984,0x01750000,24444928
115913,0x00b32760,2985,0x01752000,24453120
115914,0x00b32770,2986,0x01754000,24461312
115915,0x00b32780,2987,0x01756000,24469504
115916,0x00b32790,2988,0x01758000,24477696
115917,0x00b327a0,2989,0x0175a000,24485888
115918,0x00b327b0,2990,0x0175c000,24494080
115926,0x00b327c0,2991,0x0175e000,24502272
115927,0x00b327d0,2992,0x01760000,24510464
115928,0x00b327e0,2993,0x01762000,24518656
115930,0x00b327f0,2994,0x01764000,24526848
115931,0x00b32800,2995,0x01766000,24535040
115933,0x00b32810,2996,0x01768000,24543232
115936,0x00b32820,2997,0x0176a000,24551424
115938,0x00b32830,2998,0x0176c000,24559616
115939,0x00b32840,2999,0x0176e000,24567808
115940,0x00b32850,3000,0x01770000,24576000
115941,0x00b32860,3001,0x01772000,24584192
115943,0x00b32870,3002,0x01774000,24592384
115945,0x00b32880,3003,0x01776000,24600576
115947,0x00b32890,3004,0x01778000,24608768
115952,0x00b328a0,3005,0x0177a000,24616960
115955,0x00b328b0,3006,0x0177c000,24625152
115956,0x00b328c0,3007,0x0177e000,24633344
115957,0x00b328d0,3008,0x01780000,24641536
115960,0x00b328e0,3009,0x01782000,24649728
115961,0x00b328f0,3010,0x01784000,24657920
115967,0x00b32900,3011,0x01786000,24666112
115968,0x00b32910,3012,0x01788000,24674304
115969,0x00b32920,3013,0x0178a000,24682496
115970,0x00b32930,3014,0x0178c000,24690688
115971,0x00b32940,3015,0x0178e000,24698880
115973,0x00b32950,3016,0x01790000,24707072
115976,0x00b32960,3017,0x01792000,24715264
115977,0x00b32970,3018,0x01794000,24723456
115978,0x00b32980,3019,0x01796000,24731648
115979,0x00b32990,3020,0x01798000,24739840
115981,0x00b329a0,3021,0x0179a000,24748032
115983,0x00b329b0,3022,0x0179c000,24756224
115984,0x00b329c0,3023,0x0179e000,24764416
115986,0x00b329d0,3024,0x017a0000,24772608
115987,0x00b329e0,3025,0x017a2000,24780800
115988,0x00b329f0,3026,0x017a4000,24788992
115989,0x00b32a00,3027,0x017a6000,24797184
115993,0x00b32a10,3028,0x017a8000,24805376
115994,0x00b32a20,3029,0x017aa000,24813568
115995,0x00b32a30,3030,0x017ac000,24821760
115997,0x00b32a40,3031,0x017ae000,24829952
115998,0x00b32a50,3032,0x017b0000,24838144
120303,0x00b32a60,3033,0x017b2000,24846336
122175,0x00b32a70,3034,0x017b4000,24854528
122211,0x00b32a80,3035,0x017b6000,24862720
122393,0x00b32a90,3036,0x017b8000,24870912
122397,0x00b32aa0,3037,0x017ba000,24879104
122401,0x00b32ab0,3038,0x017bc000,24887296
122405,0x00b32ac0,3039,0x017be000,24895488
122417,0x00b32ad0,3040,0x017c0000,24903680
122424,0x00b32ae0,3041,0x017c2000,24911872
122460,0x00b32af0,3042,0x017c4000,24920064
122475,0x00b32b00,3043,0x017c6000,24928256
122494,0x00b32b10,3044,0x017c8000,24936448
122496,0x00b32b20,3045,0x017ca000,24944640
122498,0x00b32b30,3046,0x017cc000,24952832
122667,0x00b32b40,3047,0x017ce000,24961024
122690,0x00b32b50,3048,0x017d0000,24969216
122737,0x00b32b60,3049,0x017d2000,24977408
122771,0x00b32b70,3050,0x017d4000,24985600
124154,0x00b32b80,3051,0x017d6000,24993792
124285,0x00b32b90,3052,0x017d8000,25001984
124411,0x00b32ba0,3053,0x017da000,25010176
124416,0x00b32bb0,3054,0x017dc000,25018368
124603,0x00b32bc0,3055,0x017de000,25026560
124662,0x00b32bd0,3056,0x017e0000,25034752
124720,0x00b32be0,3057,0x017e2000,25042944
124966,0x00b32bf0,3058,0x017e4000,25051136
127001,0x00b32c00,3059,0x017e6000,25059328
127017,0x00b32c10,3060,0x017e8000,25067520
127149,0x00b32c20,3061,0x017ea000,25075712
127175,0x00b32c30,3062,0x017ec000,25083904
127240,0x00b32c40,3063,0x017ee000,25092096
127258,0x00b32c50,3064,0x017f0000,25100288
127454,0x00b32c60,3065,0x017f2000,25108480
127456,0x00b32c70,3066,0x017f4000,25116672
127459,0x00b32c80,3067,0x017f6000,25124864
127501,0x00b32c90,3068,0x017f8000,25133056
127544,0x00b32ca0,3069,0x017fa000,25141248
127557,0x00b32cb0,3070,0x017fc000,25149440
127559,0x00b32cc0,3071,0x017fe000,25157632
127574,0x00b32cd0,3072,0x01800000,25165824
127589,0x00b32ce0,3073,0x01802000,25174016
127639,0x00b32cf0,3074,0x01804000,25182208
127661,0x00b32d00,3075,0x01806000,25190400
127686,0x00b32d10,3076,0x01808000,25198592
127769,0x00b32d20,3077,0x0180a000,25206784
127773,0x00b32d30,3078,0x0180c000,25214976
127788,0x00b32d40,3079,0x0180e000,25223168
127802,0x00b32d50,3080,0x01810000,25231360
127830,0x00b32d60,3081,0x01812000,25239552
127837,0x00b32d70,3082,0x01814000,25247744
127905,0x00b32d80,3083,0x01816000,25255936
127907,0x00b32d90,3084,0x01818000,25264128
127909,0x00b32da0,3085,0x0181a000,25272320
127911,0x00b32db0,3086,0x0181c000,25280512
127915,0x00b32dc0,3087,0x0181e000,25288704
127917,0x00b32dd0,3088,0x01820000,25296896
127919,0x00b32de0,3089,0x01822000,25305088
127921,0x00b32df0,3090,0x01824000,25313280
127923,0x00b32e00,3091,0x01826000,25321472
127927,0x00b32e10,3092,0x01828000,25329664
127929,0x00b32e20,3093,0x0182a000,25337856
127930,0x00b32e30,3094,0x0182c000,25346048
127932,0x00b32e40,3095,0x0182e000,25354240
127954,0x00b32e50,3096,0x01830000,25362432
127972,0x00b32e60,3097,0x01832000,25370624
132024,0x00b32e70,3098,0x01834000,25378816
132026,0x00b32e80,3099,0x01836000,25387008
136033,0x00b32e90,3100,0x01838000,25395200
136058,0x00b32ea0,3101,0x0183a000,25403392
136156,0x00b32eb0,3102,0x0183c000,25411584
136160,0x00b32ec0,3103,0x0183e000,25419776
136167,0x00b32ed0,3104,0x01840000,25427968
136192,0x00b32ee0,3105,0x01842000,25436160
136244,0x00b32ef0,3106,0x01844000,25444352
136273,0x00b32f00,3107,0x01846000,25452544
136308,0x00b32f10,3108,0x01848000,25460736
136346,0x00b32f20,3109,0x0184a000,25468928
136356,0x00b32f30,3110,0x0184c000,25477120
136360,0x00b32f40,3111,0x0184e000,25485312
136361,0x00b32f50,3112,0x01850000,25493504
136378,0x00b32f60,3113,0x01852000,25501696
136418,0x00b32f70,3114,0x01854000,25509888
136433,0x00b32f80,3115,0x01856000,25518080
136495,0x00b32f90,3116,0x01858000,25526272
136509,0x00b32fa0,3117,0x0185a000,25534464
136532,0x00b32fb0,3118,0x0185c000,25542656
136545,0x00b32fc0,3119,0x0185e000,25550848
136548,0x00b32fd0,3120,0x01860000,25559040
136564,0x00b32fe0,3121,0x01862000,25567232
136571,0x00b32ff0,3122,0x01864000,25575424
136579,0x00c33000,3124,0x01868000,25591808
136610,0x00c33010,3125,0x0186a000,25600000
136619,0x00c33020,3126,0x0186c000,25608192
136621,0x00c33030,3127,0x0186e000,25616384
136624,0x00c33040,3128,0x01870000,25624576
136683,0x00c33050,3129,0x01872000,25632768
136699,0x00c33060,3130,0x01874000,25640960
136700,0x00c33070,3131,0x01876000,25649152
136709,0x00c33080,3132,0x01878000,25657344
136715,0x00c33090,3133,0x0187a000,25665536
136723,0x00c330a0,3134,0x0187c000,25673728
136735,0x00c330b0,3135,0x0187e000,25681920
136756,0x00c330c0,3136,0x01880000,25690112
136759,0x00c330d0,3137,0x01882000,25698304
136762,0x00c330e0,3138,0x01884000,25706496
136780,0x00c330f0,3139,0x01886000,25714688
136786,0x00c33100,3140,0x01888000,25722880
136789,0x00c33110,3141,0x0188a000,25731072
136790,0x00c33120,3142,0x0188c000,25739264
136794,0x00c33130,3143,0x0188e000,25747456
136803,0x00c33140,3144,0x01890000,25755648
136819,0x00c33150,3145,0x01892000,25763840
136836,0x00c33160,3146,0x01894000,25772032
136849,0x00c33170,3147,0x01896000,25780224
136869,0x00c33180,3148,0x01898000,25788416
136937,0x00c33190,3149,0x0189a000,25796608
136939,0x00c331a0,3150,0x0189c000,25804800
137503,0x00c331b0,3151,0x0189e000,25812992
137512,0x00c331c0,3152,0x018a0000,25821184
137521,0x00c331d0,3153,0x018a2000,25829376
137528,0x00c331e0,3154,0x018a4000,25837568
137534,0x00c331f0,3155,0x018a6000,25845760
137538,0x00c33200,3156,0x018a8000,25853952
137540,0x00c33210,3157,0x018aa000,25862144
137548,0x00c33220,3158,0x018ac000,25870336
137550,0x00c33230,3159,0x018ae000,25878528
137554,0x00c33240,3160,0x018b0000,25886720
137560,0x00c33250,3161,0x018b2000,25894912
137561,0x00c33260,3162,0x018b4000,25903104
137565,0x00c33270,3163,0x018b6000,25911296
137570,0x00c33280,3164,0x018b8000,25919488
137573,0x00c33290,3165,0x018ba000,25927680
137577,0x00c332a0,3166,0x018bc000,25935872
137581,0x00c332b0,3167,0x018be000,25944064
137588,0x00c332c0,3168,0x018c0000,25952256
137592,0x00c332d0,3169,0x018c2000,25960448
137599,0x00c332e0,3170,0x018c4000,25968640
137604,0x00c332f0,3171,0x018c6000,25976832
137606,0x00c33300,3172,0x018c8000,25985024
137607,0x00c33310,3173,0x018ca000,25993216
137611,0x00c33320,3174,0x018cc000,26001408
137615,0x00c33330,3175,0x018ce000,26009600
137616,0x00c33340,3176,0x018d0000,26017792
137620,0x00c33350,3177,0x018d2000,26025984
137622,0x00c33360,3178,0x018d4000,26034176
137633,0x00c33370,3179,0x018d6000,26042368
137635,0x00c33380,3180,0x018d8000,26050560
137647,0x00c33390,3181,0x018da000,26058752
137650,0x00c333a0,3182,0x018dc000,26066944
137657,0x00c333b0,3183,0x018de000,26075136
137660,0x00c333c0,3184,0x018e0000,26083328
137663,0x00c333d0,3185,0x018e2000,26091520
137675,0x00c333e0,3186,0x018e4000,26099712
137677,0x00c333f0,3187,0x018e6000,26107904
137679,0x00c33400,3188,0x018e8000,26116096
137688,0x00c33410,3189,0x018ea000,26124288
137691,0x00c33420,3190,0x018ec000,26132480
137694,0x00c33430,3191,0x018ee000,26140672
137696,0x00c33440,3192,0x018f0000,26148864
137698,0x00c33450,3193,0x018f2000,26157056
137700,0x00c33460,3194,0x018f4000,26165248
137709,0x00c33470,3195,0x018f6000,26173440
137711,0x00c33480,3196,0x018f8000,26181632
137712,0x00c33490,3197,0x018fa000,26189824
137720,0x00c334a0,3198,0x018fc000,26198016
137724,0x00c334b0,3199,0x018fe000,26206208
137725,0x00c334c0,3200,0x01900000,26214400
137727,0x00c334d0,3201,0x01902000,26222592
137728,0x00c334e0,3202,0x01904000,26230784
137733,0x00c334f0,3203,0x01906000,26238976
137736,0x00c33500,3204,0x01908000,26247168
137743,0x00c33510,3205,0x0190a000,26255360
137745,0x00c33520,3206,0x0190c000,26263552
137748,0x00c33530,3207,0x0190e000,26271744
137759,0x00c33540,3208,0x01910000,26279936
137764,0x00c33550,3209,0x01912000,26288128
137765,0x00c33560,3210,0x01914000,26296320
137769,0x00c33570,3211,0x01916000,26304512
137778,0x00c33580,3212,0x01918000,26312704
137783,0x00c33590,3213,0x0191a000,26320896
137788,0x00c335a0,3214,0x0191c000,26329088
137798,0x00c335b0,3215,0x0191e000,26337280
137800,0x00c335c0,3216,0x01920000,26345472
137804,0x00c335d0,3217,0x01922000,26353664
137827,0x00c335e0,3218,0x01924000,26361856
137830,0x00c335f0,3219,0x01926000,26370048
137832,0x00c33600,3220,0x01928000,26378240
137835,0x00c33610,3221,0x0192a000,26386432
137848,0x00c33620,3222,0x0192c000,26394624
137851,0x00c33630,3223,0x0192e000,26402816
137852,0x00c33640,3224,0x01930000,26411008
137856,0x00c33650,3225,0x01932000,26419200
137858,0x00c33660,3226,0x01934000,26427392
137860,0x00c33670,3227,0x01936000,26435584
137870,0x00c33680,3228,0x01938000,26443776
137871,0x00c33690,3229,0x0193a000,26451968
137875,0x00c336a0,3230,0x0193c000,26460160
137891,0x00c336b0,3231,0x0193e000,26468352
137895,0x00c336c0,3232,0x01940000,26476544
137897,0x00c336d0,3233,0x01942000,26484736
137906,0x00c336e0,3234,0x01944000,26492928
137907,0x00c336f0,3235,0x01946000,26501120
137913,0x00c33700,3236,0x01948000,26509312
137915,0x00c33710,3237,0x0194a000,26517504
137933,0x00c33720,3238,0x0194c000,26525696
137943,0x00c33730,3239,0x0194e000,26533888
137944,0x00c33740,3240,0x01950000,26542080
137947,0x00c33750,3241,0x01952000,26550272
137952,0x00c33760,3242,0x01954000,26558464
137957,0x00c33770,3243,0x01956000,26566656
137964,0x00c33780,3244,0x01958000,26574848
137969,0x00c33790,3245,0x0195a000,26583040
137970,0x00c337a0,3246,0x0195c000,26591232
137971,0x00c337b0,3247,0x0195e000,26599424
137981,0x00c337c0,3248,0x01960000,26607616
137984,0x00c337d0,3249,0x01962000,26615808
137991,0x00c337e0,3250,0x01964000,26624000
137994,0x00c337f0,3251,0x01966000,26632192
137995,0x00c33800,3252,0x01968000,26640384
138504,0x00c33810,3253,0x0196a000,26648576
138505,0x00c33820,3254,0x0196c000,26656768
138510,0x00c33830,3255,0x0196e000,26664960
138520,0x00c33840,3256,0x01970000,26673152
138522,0x00c33850,3257,0x01972000,26681344
138523,0x00c33860,3258,0x01974000,26689536
138536,0x00c33870,3259,0x01976000,26697728
138538,0x00c33880,3260,0x01978000,26705920
138555,0x00c33890,3261,0x0197a000,26714112
138556,0x00c338a0,3262,0x0197c000,26722304
138560,0x00c338b0,3263,0x0197e000,26730496
138569,0x00c338c0,3264,0x01980000,26738688
138581,0x00c338d0,3265,0x01982000,26746880
138598,0x00c338e0,3266,0x01984000,26755072
138603,0x00c338f0,3267,0x01986000,26763264
138610,0x00c33900,3268,0x01988000,26771456
138611,0x00c33910,3269,0x0198a000,26779648
138624,0x00c33920,3270,0x0198c000,26787840
138634,0x00c33930,3271,0x0198e000,26796032
138635,0x00c33940,3272,0x01990000,26804224
138659,0x00c33950,3273,0x01992000,26812416
138664,0x00c33960,3274,0x01994000,26820608
138665,0x00c33970,3275,0x01996000,26828800
138678,0x00c33980,3276,0x01998000,26836992
138696,0x00c33990,3277,0x0199a000,26845184
138710,0x00c339a0,3278,0x0199c000,26853376
138746,0x00c339b0,3279,0x0199e000,26861568
138757,0x00c339c0,3280,0x019a0000,26869760
138774,0x00c339d0,3281,0x019a2000,26877952
138790,0x00c339e0,3282,0x019a4000,26886144
138811,0x00c339f0,3283,0x019a6000,26894336
138834,0x00c33a00,3284,0x019a8000,26902528
138842,0x00c33a10,3285,0x019aa000,26910720
138845,0x00c33a20,3286,0x019ac000,26918912
138886,0x00c33a30,3287,0x019ae000,26927104
138893,0x00c33a40,3288,0x019b0000,26935296
138899,0x00c33a50,3289,0x019b2000,26943488
138916,0x00c33a60,3290,0x019b4000,26951680
138934,0x00c33a70,3291,0x019b6000,26959872
138936,0x00c33a80,3292,0x019b8000,26968064
138947,0x00c33a90,3293,0x019ba000,26976256
138954,0x00c33aa0,3294,0x019bc000,26984448
138970,0x00c33ab0,3295,0x019be000,26992640
138971,0x00c33ac0,3296,0x019c0000,27000832
138973,0x00c33ad0,3297,0x019c2000,27009024
138989,0x00c33ae0,3298,0x019c4000,27017216
138995,0x00c33af0,3299,0x019c6000,27025408
140351,0x00c33b00,3300,0x019c8000,27033600
140375,0x00c33b10,3301,0x019ca000,27041792
140393,0x00c33b20,3302,0x019cc000,27049984
140490,0x00c33b30,3303,0x019ce000,27058176
140493,0x00c33b40,3304,0x019d0000,27066368
140660,0x00c33b50,3305,0x019d2000,27074560
140903,0x00c33b60,3306,0x019d4000,27082752
140942,0x00c33b70,3307,0x019d6000,27090944
140981,0x00c33b80,3308,0x019d8000,27099136
143007,0x00c33b90,3309,0x019da000,27107328
143008,0x00c33ba0,3310,0x019dc000,27115520
143040,0x00c33bb0,3311,0x019de000,27123712
143055,0x00c33bc0,3312,0x019e0000,27131904
143095,0x00c33bd0,3313,0x019e2000,27140096
143106,0x00c33be0,3314,0x019e4000,27148288
143112,0x00c33bf0,3315,0x019e6000,27156480
143129,0x00c33c00,3316,0x019e8000,27164672
143150,0x00c33c10,3317,0x019ea000,27172864
143170,0x00c33c20,3318,0x019ec000,27181056
143200,0x00c33c30,3319,0x019ee000,27189248
143233,0x00c33c40,3320,0x019f0000,27197440
143300,0x00c33c50,3321,0x019f2000,27205632
143301,0x00c33c60,3322,0x019f4000,27213824
143321,0x00c33c70,3323,0x019f6000,27222016
143322,0x00c33c80,3324,0x019f8000,27230208
143391,0x00c33c90,3325,0x019fa000,27238400
143443,0x00c33ca0,3326,0x019fc000,27246592
143509,0x00c33cb0,3327,0x019fe000,27254784
143550,0x00c33cc0,3328,0x01a00000,27262976
143551,0x00c33cd0,3329,0x01a02000,27271168
143565,0x00c33ce0,3330,0x01a04000,27279360
143606,0x00c33cf0,3331,0x01a06000,27287552
143646,0x00c33d00,3332,0x01a08000,27295744
143661,0x00c33d10,3333,0x01a0a000,27303936
143666,0x00c33d20,3334,0x01a0c000,27312128
143693,0x00c33d30,3335,0x01a0e000,27320320
143697,0x00c33d40,3336,0x01a10000,27328512
143754,0x00c33d50,3337,0x01a12000,27336704
143756,0x00c33d60,3338,0x01a14000,27344896
143798,0x00c33d70,3339,0x01a16000,27353088
143818,0x00c33d80,3340,0x01a18000,27361280
143824,0x00c33d90,3341,0x01a1a000,27369472
143839,0x00c33da0,3342,0x01a1c000,27377664
143857,0x00c33db0,3343,0x01a1e000,27385856
143899,0x00c33dc0,3344,0x01a20000,27394048
147180,0x00c33dd0,3345,0x01a22000,27402240
147328,0x00c33de0,3346,0x01a24000,27410432
147416,0x00c33df0,3347,0x01a26000,27418624
147469,0x00c33e00,3348,0x01a28000,27426816
147508,0x00c33e10,3349,0x01a2a000,27435008
147510,0x00c33e20,3350,0x01a2c000,27443200
147551,0x00c33e30,3351,0x01a2e000,27451392
147592,0x00c33e40,3352,0x01a30000,27459584
147662,0x00c33e50,3353,0x01a32000,27467776
147669,0x00c33e60,3354,0x01a34000,27475968
147727,0x00c33e70,3355,0x01a36000,27484160
147731,0x00c33e80,3356,0x01a38000,27492352
147739,0x00c33e90,3357,0x01a3a000,27500544
147763,0x00c33ea0,3358,0x01a3c000,27508736
147771,0x00c33eb0,3359,0x01a3e000,27516928
147798,0x00c33ec0,3360,0x01a40000,27525120
147857,0x00c33ed0,3361,0x01a42000,27533312
147873,0x00c33ee0,3362,0x01a44000,27541504
152010,0x00c33ef0,3363,0x01a46000,27549696
152011,0x00c33f00,3364,0x01a48000,27557888
152021,0x00c33f10,3365,0x01a4a000,27566080
152024,0x00c33f20,3366,0x01a4c000,27574272
152031,0x00c33f30,3367,0x01a4e000,27582464
152043,0x00c33f40,3368,0x01a50000,27590656
152051,0x00c33f50,3369,0x01a52000,27598848
152063,0x00c33f60,3370,0x01a54000,27607040
152114,0x00c33f70,3371,0x01a56000,27615232
152122,0x00c33f80,3372,0x01a58000,27623424
152123,0x00c33f90,3373,0x01a5a000,27631616
152125,0x00c33fa0,3374,0x01a5c000,27639808
152126,0x00c33fb0,3375,0x01a5e000,27648000
152136,0x00c33fc0,3376,0x01a60000,27656192
152141,0x00c33fd0,3377,0x01a62000,27664384
152157,0x00c33fe0,3378,0x01a64000,27672576
152164,0x00c33ff0,3379,0x01a66000,27680768
152177,0x00d34000,3381,0x01a6a000,27697152
152181,0x00d34010,3382,0x01a6c000,27705344
152197,0x00d34020,3383,0x01a6e000,27713536
152213,0x00d34030,3384,0x01a70000,27721728
152217,0x00d34040,3385,0x01a72000,27729920
152226,0x00d34050,3386,0x01a74000,27738112
152247,0x00d34060,3387,0x01a76000,27746304
152258,0x00d34070,3388,0x01a78000,27754496
152261,0x00d34080,3389,0x01a7a000,27762688
152267,0x00d34090,3390,0x01a7c000,27770880
152268,0x00d340a0,3391,0x01a7e000,27779072
152271,0x00d340b0,3392,0x01a80000,27787264
152273,0x00d340c0,3393,0x01a82000,27795456
152274,0x00d340d0,3394,0x01a84000,27803648
152276,0x00d340e0,3395,0x01a86000,27811840
152277,0x00d340f0,3396,0x01a88000,27820032
152280,0x00d34100,3397,0x01a8a000,27828224
152285,0x00d34110,3398,0x01a8c000,27836416
152286,0x00d34120,3399,0x01a8e000,27844608
152289,0x00d34130,3400,0x01a90000,27852800
152290,0x00d34140,3401,0x01a92000,27860992
152291,0x00d34150,3402,0x01a94000,27869184
152295,0x00d34160,3403,0x01a96000,27877376
152297,0x00d34170,3404,0x01a98000,27885568
152299,0x00d34180,3405,0x01a9a000,27893760
152302,0x00d34190,3406,0x01a9c000,27901952
152304,0x00d341a0,3407,0x01a9e000,27910144
152306,0x00d341b0,3408,0x01aa0000,27918336
152307,0x00d341c0,3409,0x01aa2000,27926528
152313,0x00d341d0,3410,0x01aa4000,27934720
152316,0x00d341e0,3411,0x01aa6000,27942912
152320,0x00d341f0,3412,0x01aa8000,27951104
152321,0x00d34200,3413,0x01aaa000,27959296
152322,0x00d34210,3414,0x01aac000,27967488
152326,0x00d34220,3415,0x01aae000,27975680
152334,0x00d34230,3416,0x01ab0000,27983872
152335,0x00d34240,3417,0x01ab2000,27992064
152339,0x00d34250,3418,0x01ab4000,28000256
152341,0x00d34260,3419,0x01ab6000,28008448
152342,0x00d34270,3420,0x01ab8000,28016640
152345,0x00d34280,3421,0x01aba000,28024832
152347,0x00d34290,3422,0x01abc000,28033024
152349,0x00d342a0,3423,0x01abe000,28041216
152350,0x00d342b0,3424,0x01ac0000,28049408
152352,0x00d342c0,3425,0x01ac2000,28057600
152354,0x00d342d0,3426,0x01ac4000,28065792
152358,0x00d342e0,3427,0x01ac6000,28073984
152360,0x00d342f0,3428,0x01ac8000,28082176
152361,0x00d34300,3429,0x01aca000,28090368
152366,0x00d34310,3430,0x01acc000,28098560
152370,0x00d34320,3431,0x01ace000,28106752
152371,0x00d34330,3432,0x01ad0000,28114944
152372,0x00d34340,3433,0x01ad2000,28123136
152373,0x00d34350,3434,0x01ad4000,28131328
152376,0x00d34360,3435,0x01ad6000,28139520
152377,0x00d34370,3436,0x01ad8000,28147712
152379,0x00d34380,3437,0x01ada000,28155904
152382,0x00d34390,3438,0x01adc000,28164096
152386,0x00d343a0,3439,0x01ade000,28172288
152389,0x00d343b0,3440,0x01ae0000,28180480
152391,0x00d343c0,3441,0x01ae2000,28188672
152393,0x00d343d0,3442,0x01ae4000,28196864
152394,0x00d343e0,3443,0x01ae6000,28205056
152395,0x00d343f0,3444,0x01ae8000,28213248
152397,0x00d34400,3445,0x01aea000,28221440
152400,0x00d34410,3446,0x01aec000,28229632
152401,0x00d34420,3447,0x01aee000,28237824
152406,0x00d34430,3448,0x01af0000,28246016
152408,0x00d34440,3449,0x01af2000,28254208
152409,0x00d34450,3450,0x01af4000,28262400
152412,0x00d34460,3451,0x01af6000,28270592
152413,0x00d34470,3452,0x01af8000,28278784
152418,0x00d34480,3453,0x01afa000,28286976
152419,0x00d34490,3454,0x01afc000,28295168
152420,0x00d344a0,3455,0x01afe000,28303360
152425,0x00d344b0,3456,0x01b00000,28311552
152426,0x00d344c0,3457,0x01b02000,28319744
152427,0x00d344d0,3458,0x01b04000,28327936
152429,0x00d344e0,3459,0x01b06000,28336128
152430,0x00d344f0,3460,0x01b08000,28344320
152433,0x00d34500,3461,0x01b0a000,28352512
152437,0x00d34510,3462,0x01b0c000,28360704
152439,0x00d34520,3463,0x01b0e000,28368896
152440,0x00d34530,3464,0x01b10000,28377088
152444,0x00d34540,3465,0x01b12000,28385280
152445,0x00d34550,3466,0x01b14000,28393472
152448,0x00d34560,3467,0x01b16000,28401664
152449,0x00d34570,3468,0x01b18000,28409856
152451,0x00d34580,3469,0x01b1a000,28418048
152453,0x00d34590,3470,0x01b1c000,28426240
152454,0x00d345a0,3471,0x01b1e000,28434432
152455,0x00d345b0,3472,0x01b20000,28442624
152456,0x00d345c0,3473,0x01b22000,28450816
152462,0x00d345d0,3474,0x01b24000,28459008
152463,0x00d345e0,3475,0x01b26000,28467200
152467,0x00d345f0,3476,0x01b28000,28475392
152469,0x00d34600,3477,0x01b2a000,28483584
152470,0x00d34610,3478,0x01b2c000,28491776
152471,0x00d34620,3479,0x01b2e000,28499968
152474,0x00d34630,3480,0x01b30000,28508160
152476,0x00d34640,3481,0x01b32000,28516352
152488,0x00d34650,3482,0x01b34000,28524544
152490,0x00d34660,3483,0x01b36000,28532736
152494,0x00d34670,3484,0x01b38000,28540928
152497,0x00d34680,3485,0x01b3a000,28549120
152501,0x00d34690,3486,0x01b3c000,28557312
152503,0x00d346a0,3487,0x01b3e000,28565504
152504,0x00d346b0,3488,0x01b40000,28573696
152505,0x00d346c0,3489,0x01b42000,28581888
152506,0x00d346d0,3490,0x01b44000,28590080
152510,0x00d346e0,3491,0x01b46000,28598272
152512,0x00d346f0,3492,0x01b48000,28606464
152514,0x00d34700,3493,0x01b4a000,28614656
152515,0x00d34710,3494,0x01b4c000,28622848
152518,0x00d34720,3495,0x01b4e000,28631040
152522,0x00d34730,3496,0x01b50000,28639232
152525,0x00d34740,3497,0x01b52000,28647424
152526,0x00d34750,3498,0x01b54000,28655616
152528,0x00d34760,3499,0x01b56000,28663808
152540,0x00d34770,3500,0x01b58000,28672000
152541,0x00d34780,3501,0x01b5a000,28680192
152545,0x00d34790,3502,0x01b5c000,28688384
152546,0x00d347a0,3503,0x01b5e000,28696576
152547,0x00d347b0,3504,0x01b60000,28704768
152549,0x00d347c0,3505,0x01b62000,28712960
152551,0x00d347d0,3506,0x01b64000,28721152
152552,0x00d347e0,3507,0x01b66000,28729344
152556,0x00d347f0,3508,0x01b68000,28737536
152560,0x00d34800,3509,0x01b6a000,28745728
152561,0x00d34810,3510,0x01b6c000,28753920
152564,0x00d34820,3511,0x01b6e000,28762112
152566,0x00d34830,3512,0x01b70000,28770304
152567,0x00d34840,3513,0x01b72000,28778496
152568,0x00d34850,3514,0x01b74000,28786688
152570,0x00d34860,3515,0x01b76000,28794880
152571,0x00d34870,3516,0x01b78000,28803072
152573,0x00d34880,3517,0x01b7a000,28811264
152574,0x00d34890,3518,0x01b7c000,28819456
152575,0x00d348a0,3519,0x01b7e000,28827648
152576,0x00d348b0,3520,0x01b80000,28835840
152580,0x00d348c0,3521,0x01b82000,28844032
152581,0x00d348d0,3522,0x01b84000,28852224
152582,0x00d348e0,3523,0x01b86000,28860416
152583,0x00d348f0,3524,0x01b88000,28868608
152587,0x00d34900,3525,0x01b8a000,28876800
152592,0x00d34910,3526,0x01b8c000,28884992
152596,0x00d34920,3527,0x01b8e000,28893184
152599,0x00d34930,3528,0x01b90000,28901376
152600,0x00d34940,3529,0x01b92000,28909568
152606,0x00d34950,3530,0x01b94000,28917760
152610,0x00d34960,3531,0x01b96000,28925952
152611,0x00d34970,3532,0x01b98000,28934144
152612,0x00d34980,3533,0x01b9a000,28942336
152624,0x00d34990,3534,0x01b9c000,28950528
152626,0x00d349a0,3535,0x01b9e000,28958720
152627,0x00d349b0,3536,0x01ba0000,28966912
152628,0x00d349c0,3537,0x01ba2000,28975104
152629,0x00d349d0,3538,0x01ba4000,28983296
152631,0x00d349e0,3539,0x01ba6000,28991488
152633,0x00d349f0,3540,0x01ba8000,28999680
152635,0x00d34a00,3541,0x01baa000,29007872
152641,0x00d34a10,3542,0x01bac000,29016064
152645,0x00d34a20,3543,0x01bae000,29024256
152650,0x00d34a30,3544,0x01bb0000,29032448
152655,0x00d34a40,3545,0x01bb2000,29040640
152656,0x00d34a50,3546,0x01bb4000,29048832
152659,0x00d34a60,3547,0x01bb6000,29057024
152660,0x00d34a70,3548,0x01bb8000,29065216
152663,0x00d34a80,3549,0x01bba000,29073408
152673,0x00d34a90,3550,0x01bbc000,29081600
152674,0x00d34aa0,3551,0x01bbe000,29089792
152680,0x00d34ab0,3552,0x01bc0000,29097984
152681,0x00d34ac0,3553,0x01bc2000,29106176
152682,0x00d34ad0,3554,0x01bc4000,29114368
152683,0x00d34ae0,3555,0x01bc6000,29122560
152684,0x00d34af0,3556,0x01bc8000,29130752
152686,0x00d34b00,3557,0x01bca000,29138944
152687,0x00d34b10,3558,0x01bcc000,29147136
152688,0x00d34b20,3559,0x01bce000,29155328
152690,0x00d34b30,3560,0x01bd0000,29163520
152691,0x00d34b40,3561,0x01bd2000,29171712
152693,0x00d34b50,3562,0x01bd4000,29179904
152694,0x00d34b60,3590,0x01c0c000,29409280
152699,0x00d34b70,3591,0x01c0e000,29417472
152701,0x00d34b80,3592,0x01c10000,29425664
152702,0x00d34b90,3593,0x01c12000,29433856
152715,0x00d34ba0,3594,0x01c14000,29442048
152716,0x00d34bb0,3595,0x01c16000,29450240
152722,0x00d34bc0,3596,0x01c18000,29458432
152725,0x00d34bd0,3597,0x01c1a000,29466624
152729,0x00d34be0,3598,0x01c1c000,29474816
152731,0x00d34bf0,3599,0x01c1e000,29483008
152735,0x00d34c00,3600,0x01c20000,29491200
152745,0x00d34c10,3601,0x01c22000,29499392
152747,0x00d34c20,3602,0x01c24000,29507584
152753,0x00d34c30,3603,0x01c26000,29515776
152759,0x00d34c40,3604,0x01c28000,29523968
152763,0x00d34c50,3605,0x01c2a000,29532160
152764,0x00d34c60,3606,0x01c2c000,29540352
152768,0x00d34c70,3607,0x01c2e000,29548544
152773,0x00d34c80,3608,0x01c30000,29556736
152775,0x00d34c90,3609,0x01c32000,29564928
152778,0x00d34ca0,3610,0x01c34000,29573120
152781,0x00d34cb0,3611,0x01c36000,29581312
152783,0x00d34cc0,3612,0x01c38000,29589504
152785,0x00d34cd0,3613,0x01c3a000,29597696
152786,0x00d34ce0,3614,0x01c3c000,29605888
152787,0x00d34cf0,3615,0x01c3e000,29614080
152788,0x00d34d00,3616,0x01c40000,29622272
152793,0x00d34d10,3617,0x01c42000,29630464
152797,0x00d34d20,3618,0x01c44000,29638656
152803,0x00d34d30,3619,0x01c46000,29646848
152805,0x00d34d40,3620,0x01c48000,29655040
152806,0x00d34d50,3621,0x01c4a000,29663232
152807,0x00d34d60,3622,0x01c4c000,29671424
152810,0x00d34d70,3623,0x01c4e000,29679616
152815,0x00d34d80,3624,0x01c50000,29687808
152818,0x00d34d90,3625,0x01c52000,29696000
152819,0x00d34da0,3626,0x01c54000,29704192
152822,0x00d34db0,3627,0x01c56000,29712384
152825,0x00d34dc0,3628,0x01c58000,29720576
152830,0x00d34dd0,3629,0x01c5a000,29728768
152835,0x00d34de0,3630,0x01c5c000,29736960
152837,0x00d34df0,3631,0x01c5e000,29745152
152839,0x00d34e00,3632,0x01c60000,29753344
152843,0x00d34e10,3633,0x01c62000,29761536
152844,0x00d34e20,3634,0x01c64000,29769728
152850,0x00d34e30,3635,0x01c66000,29777920
152857,0x00d34e40,3636,0x01c68000,29786112
152858,0x00d34e50,3637,0x01c6a000,29794304
152859,0x00d34e60,3638,0x01c6c000,29802496
152869,0x00d34e70,3639,0x01c6e000,29810688
152870,0x00d34e80,3640,0x01c70000,29818880
152872,0x00d34e90,3641,0x01c72000,29827072
152873,0x00d34ea0,3642,0x01c74000,29835264
152874,0x00d34eb0,3643,0x01c76000,29843456
152877,0x00d34ec0,3644,0x01c78000,29851648
152879,0x00d34ed0,3645,0x01c7a000,29859840
152882,0x00d34ee0,3646,0x01c7c000,29868032
152883,0x00d34ef0,3647,0x01c7e000,29876224
152892,0x00d34f00,3648,0x01c80000,29884416
152893,0x00d34f10,3649,0x01c82000,29892608
152900,0x00d34f20,3650,0x01c84000,29900800
152901,0x00d34f30,3651,0x01c86000,29908992
152907,0x00d34f40,3652,0x01c88000,29917184
152908,0x00d34f50,3653,0x01c8a000,29925376
152909,0x00d34f60,3654,0x01c8c000,29933568
152913,0x00d34f70,3655,0x01c8e000,29941760
152916,0x00d34f80,3656,0x01c90000,29949952
152917,0x00d34f90,3657,0x01c92000,29958144
152918,0x00d34fa0,3658,0x01c94000,29966336
152919,0x00d34fb0,3659,0x01c96000,29974528
152921,0x00d34fc0,3660,0x01c98000,29982720
152923,0x00d34fd0,3661,0x01c9a000,29990912
152924,0x00d34fe0,3662,0x01c9c000,29999104
152928,0x00d34ff0,3663,0x01c9e000,30007296
600377,0x00deb000,466,0x003a4000,3817472
603121,0x00deb010,1278,0x009fc000,10469376
688623,0x00deb020,2391,0x012ae000,19587072
101604,0x00deb030,2761,0x01592000,22618112
600378,0x00deb080,467,0x003a6000,3825664
603122,0x00deb090,1279,0x009fe000,10477568
241562,0x00deb0a0,5681,0x02c62000,46538752
600379,0x00deb100,468,0x003a8000,3833856
603123,0x00deb110,1280,0x00a00000,10485760
688625,0x00deb120,2392,0x012b0000,19595264
601500,0x00deb180,1053,0x0083a000,8626176
603124,0x00deb190,1281,0x00a02000,10493952
688626,0x00deb1a0,2393,0x012b2000,19603456
241564,0x00deb1b0,5682,0x02c64000,46546944
603125,0x00deb200,1282,0x00a04000,10502144
688627,0x00deb210,2394,0x012b4000,19611648
241565,0x00deb220,5683,0x02c66000,46555136
244316,0x00deb230,7086,0x0375c000,58048512
603126,0x00deb280,1283,0x00a06000,10510336
688628,0x00deb290,2395,0x012b6000,19619840
241566,0x00deb2a0,5684,0x02c68000,46563328
526070,0x00deb2b0,8544,0x042c0000,69992448
603127,0x00deb300,1284,0x00a08000,10518528
688580,0x00deb310,2352,0x01260000,19267584
688629,0x00deb320,2396,0x012b8000,19628032
244318,0x00deb330,7087,0x0375e000,58056704
603128,0x00deb380,1285,0x00a0a000,10526720
688581,0x00deb390,2353,0x01262000,19275776
244270,0x00deb3a0,7075,0x03746000,57958400
244319,0x00deb3b0,7088,0x03760000,58064896
603080,0x00deb400,1241,0x009b2000,10166272
603129,0x00deb410,1286,0x00a0c000,10534912
688582,0x00deb420,2354,0x01264000,19283968
603081,0x00deb480,1242,0x009b4000,10174464
688583,0x00deb490,2355,0x01266000,19292160
603082,0x00deb500,1243,0x009b6000,10182656
688584,0x00deb510,2356,0x01268000,19300352
603083,0x00deb580,1244,0x009b8000,10190848
688585,0x00deb590,2357,0x0126a000,19308544
234805,0x00deb5a0,4665,0x02472000,38215680
244274,0x00deb5b0,7076,0x03748000,57966592
688586,0x00deb600,2358,0x0126c000,19316736
019410,0x00deb610,2596,0x01448000,21266432
236381,0x00deb620,4728,0x024f0000,38731776
242651,0x00deb630,6258,0x030e4000,51265536
244275,0x00deb640,7077,0x0374a000,57974784
588530,0x00deb650,8873,0x04552000,72687616
603085,0x00deb680,1245,0x009ba000,10199040
242652,0x00deb690,6259,0x030e6000,51273728
603086,0x00deb700,1246,0x009bc000,10207232
688588,0x00deb710,2359,0x0126e000,19324928
234808,0x00deb720,4666,0x02474000,38223872
603087,0x00deb780,1247,0x009be000,10215424
688589,0x00deb790,2360,0x01270000,19333120
143095,0x00deb7a0,3261,0x0197a000,26714112
242654,0x00deb7b0,6260,0x030e8000,51281920
515750,0x00deb7c0,8356,0x04148000,68452352
603088,0x00deb800,1248,0x009c0000,10223616
603089,0x00deb880,1249,0x009c2000,10231808
242656,0x00deb890,6261,0x030ea000,51290112
019416,0x00deb900,2597,0x0144a000,21274624
245401,0x00deb910,7637,0x03baa000,62562304
019417,0x00deb980,2598,0x0144c000,21282816
242658,0x00deb990,6262,0x030ec000,51298304
245402,0x00deb9a0,7638,0x03bac000,62570496
152114,0x00deba00,3319,0x019ee000,27189248
242659,0x00deba10,6263,0x030ee000,51306496
245403,0x00deba20,7639,0x03bae000,62578688
563550,0x00deba30,8792,0x044b0000,72024064
184132,0x00debc00,3949,0x01eda000,32350208
245407,0x00debc10,7640,0x03bb0000,62586880
561930,0x00debc20,8717,0x0441a000,71409664
184133,0x00debc80,3950,0x01edc000,32358400
245408,0x00debc90,7641,0x03bb2000,62595072
530680,0x00debca0,8556,0x042d8000,70090752
184134,0x00debd00,3951,0x01ede000,32366592
184135,0x00debd80,3952,0x01ee0000,32374784
188967,0x00debd90,4522,0x02354000,37044224
245363,0x00debe80,7621,0x03b8a000,62431232
512010,0x00debe90,9426,0x049a4000,77217792
605300,0x00debf00,1865,0x00e92000,15278080
243740,0x00debf10,6816,0x03540000,55836672
184090,0x00debf80,3932,0x01eb8000,32210944
184139,0x00debf90,3953,0x01ee2000,32382976
240990,0x00debfa0,5308,0x02978000,43483136
243741,0x00debfb0,6817,0x03542000,55844864
240991,0x00dec000,5309,0x0297a000,43491328
243742,0x00dec010,6818,0x03544000,55853056
605303,0x00dec080,1866,0x00e94000,15286272
184092,0x00dec090,3933,0x01eba000,32219136
240992,0x00dec0a0,5310,0x0297c000,43499520
243743,0x00dec0b0,6819,0x03546000,55861248
561890,0x00dec0c0,8713,0x04412000,71376896
240993,0x00dec100,5311,0x0297e000,43507712
245368,0x00dec110,7622,0x03b8c000,62439424
516840,0x00dec120,8440,0x041f0000,69140480
600930,0x00dec180,897,0x00702000,7348224
605305,0x00dec190,1867,0x00e96000,15294464
243745,0x00dec1a0,6820,0x03548000,55869440
240995,0x00dec200,5312,0x02980000,43515904
243746,0x00dec210,6821,0x0354a000,55877632
240996,0x00dec280,5313,0x02982000,43524096
243747,0x00dec290,6822,0x0354c000,55885824
600933,0x00dec300,898,0x00704000,7356416
184097,0x00dec310,3934,0x01ebc000,32227328
240997,0x00dec320,5314,0x02984000,43532288
140942,0x00dec380,3255,0x0196e000,26664960
184098,0x00dec390,3935,0x01ebe000,32235520
240998,0x00dec3a0,5315,0x02986000,43540480
600935,0x00dec400,899,0x00706000,7364608
175393,0x00dec410,3864,0x01e30000,31653888
270120,0x00dec420,7854,0x03d5c000,64339968
589580,0x00dec430,8950,0x045ec000,73318400
600936,0x00dec480,900,0x00708000,7372800
235857,0x00dec490,4699,0x024b6000,38494208
235858,0x00dec500,4700,0x024b8000,38502400
600938,0x00dec580,901,0x0070a000,7380992
270123,0x00dec590,7855,0x03d5e000,64348160
600939,0x00dec600,902,0x0070c000,7389184
605266,0x00dec680,1855,0x00e7e000,15196160
127911,0x00dec690,3035,0x017b6000,24862720
185224,0x00dec6a0,4244,0x02128000,34766848
600892,0x00dec700,876,0x006d8000,7176192
600893,0x00dec780,877,0x006da000,7184384
605268,0x00dec790,1856,0x00e80000,15204352
185226,0x00dec7a0,4245,0x0212a000,34775040
270127,0x00dec7b0,7856,0x03d60000,64356352
600894,0x00dec800,878,0x006dc000,7192576
185227,0x00dec810,4246,0x0212c000,34783232
513100,0x00dec820,8239,0x0405e000,67493888
600895,0x00dec880,879,0x006de000,7200768
127915,0x00dec890,3036,0x017b8000,24870912
185228,0x00dec8a0,4247,0x0212e000,34791424
510350,0x00dec8b0,8100,0x03f48000,66355200
600897,0x00dec980,880,0x006e0000,7208960
127917,0x00dec990,3037,0x017ba000,24879104
240000,0x00dec9a0,4755,0x02526000,38952960
240001,0x00deca00,4756,0x02528000,38961152
127919,0x00deca80,3038,0x017bc000,24887296
232115,0x00deca90,4580,0x023c8000,37519360
240002,0x00decaa0,4757,0x0252a000,38969344
244834,0x00decab0,7364,0x03988000,60325888
270084,0x00decac0,7838,0x03d3c000,64208896
232116,0x00decb00,4581,0x023ca000,37527552
244835,0x00decb10,7365,0x0398a000,60334080
138510,0x00decb80,3203,0x01906000,26238976
019930,0x00decc00,2757,0x0158a000,22585344
244837,0x00decc10,7366,0x0398c000,60342272
185187,0x00decc80,4239,0x0211e000,34725888
232070,0x00decc90,4577,0x023c2000,37494784
232119,0x00decca0,4582,0x023cc000,37535744
244838,0x00deccb0,7367,0x0398e000,60350464
513060,0x00deccc0,8235,0x04056000,67461120
603648,0x00decd00,1591,0x00c6e000,13033472
240007,0x00decd10,4758,0x0252c000,38977536
244791,0x00decd80,7334,0x0394c000,60080128
244792,0x00dece00,7335,0x0394e000,60088320
271211,0x00dece10,7903,0x03dbe000,64741376
244794,0x00decf00,7336,0x03950000,60096512
271213,0x00decf10,7904,0x03dc0000,64749568
244795,0x00decf80,7337,0x03952000,60104704
244797,0x00ded080,7338,0x03954000,60112896
271216,0x00ded090,7905,0x03dc2000,64757760
186317,0x00ded180,4426,0x02294000,36257792
244799,0x00ded190,7339,0x03956000,60121088
601985,0x00ded200,1158,0x0090c000,9486336
152631,0x00ded210,3486,0x01b3c000,28557312
271219,0x00ded220,7906,0x03dc4000,64765952
271171,0x00ded280,7890,0x03da4000,64634880
152633,0x00ded300,3487,0x01b3e000,28565504
271172,0x00ded310,7891,0x03da6000,64643072
601988,0x00ded380,1159,0x0090e000,9494528
601989,0x00ded400,1160,0x00910000,9502720
152635,0x00ded410,3488,0x01b40000,28573696
271175,0x00ded480,7892,0x03da8000,64651264
109168,0x00ded500,2765,0x0159a000,22650880
132024,0x00ded510,3047,0x017ce000,24961024
132026,0x00ded600,3048,0x017d0000,24969216
688110,0x00ded680,1996,0x00f98000,16351232
688111,0x00ded700,1997,0x00f9a000,16359424
152592,0x00ded710,3473,0x01b22000,28450816
245881,0x00ded720,7812,0x03d08000,63995904
688112,0x00ded780,1998,0x00f9c000,16367616
184656,0x00ded790,4159,0x0207e000,34070528
241050,0x00ded7a0,5350,0x029cc000,43827200
688113,0x00ded800,1999,0x00f9e000,16375808
241051,0x00ded810,5351,0x029ce000,43835392
512530,0x00ded820,8193,0x04002000,67117056
688114,0x00ded880,2000,0x00fa0000,16384000
184658,0x00ded890,4160,0x02080000,34078720
241052,0x00ded8a0,5352,0x029d0000,43843584
688115,0x00ded900,2001,0x00fa2000,16392192
152596,0x00ded910,3474,0x01b24000,28459008
241053,0x00ded920,5353,0x029d2000,43851776
688116,0x00ded980,2002,0x00fa4000,16400384
241054,0x00ded990,5354,0x029d4000,43859968
688117,0x00deda00,2003,0x00fa6000,16408576
155349,0x00deda10,3630,0x01c5c000,29736960
163236,0x00deda20,3734,0x01d2c000,30588928
241055,0x00deda30,5355,0x029d6000,43868160
245887,0x00deda40,7813,0x03d0a000,64004096
510910,0x00deda50,8129,0x03f82000,66592768
688118,0x00deda80,2004,0x00fa8000,16416768
122475,0x00deda90,2992,0x01760000,24510464
152599,0x00dedaa0,3475,0x01b26000,28467200
241056,0x00dedab0,5356,0x029d8000,43876352
560330,0x00dedac0,8599,0x0432e000,70443008
688070,0x00dedb00,1960,0x00f50000,16056320
688119,0x00dedb10,2005,0x00faa000,16424960
163238,0x00dedb20,3735,0x01d2e000,30597120
241057,0x00dedb30,5357,0x029da000,43884544
688071,0x00dedb80,1961,0x00f52000,16064512
241058,0x00dedb90,5358,0x029dc000,43892736
688072,0x00dedc00,1962,0x00f54000,16072704
688073,0x00dedc80,1963,0x00f56000,16080896
137943,0x00dedd00,3187,0x018e6000,26107904
688075,0x00dedd80,1964,0x00f58000,16089088
137944,0x00dedd90,3188,0x018e8000,26116096
688076,0x00dede00,1965,0x00f5a000,16097280
588020,0x00dede10,8825,0x044f2000,72294400
688077,0x00dede80,1966,0x00f5c000,16105472
185741,0x00dede90,4355,0x02206000,35676160
688078,0x00dedf00,1967,0x00f5e000,16113664
137947,0x00dedf10,3189,0x018ea000,26124288
163197,0x00dedf20,3729,0x01d22000,30547968
560290,0x00dedf30,8595,0x04326000,70410240
688079,0x00dedf80,1968,0x00f60000,16121856
163199,0x00dee000,3730,0x01d24000,30556160
185744,0x00dee010,4356,0x02208000,35684352
115713,0x00dee080,2880,0x01680000,23592960
185746,0x00dee100,4357,0x0220a000,35692544
242140,0x00dee110,5997,0x02eda000,49127424
242141,0x00dee180,5998,0x02edc000,49135616
513620,0x00dee190,8274,0x040a4000,67780608
242142,0x00dee200,5999,0x02ede000,49143808
242143,0x00dee280,6000,0x02ee0000,49152000
240520,0x00dee300,5019,0x02736000,41115648
242144,0x00dee310,6001,0x02ee2000,49160192
115719,0x00dee380,2881,0x01682000,23601152
240521,0x00dee390,5020,0x02738000,41123840
188454,0x00dee400,4447,0x022be000,36429824
232635,0x00dee410,4610,0x02404000,37765120
240522,0x00dee420,5021,0x0273a000,41132032
520700,0x00dee430,8511,0x0427e000,69722112
561420,0x00dee440,8685,0x043da000,71147520
242148,0x00dee500,6002,0x02ee4000,49168384
240525,0x00dee580,5022,0x0273c000,41140224
240526,0x00dee600,5023,0x0273e000,41148416
513580,0x00dee610,8271,0x0409e000,67756032
240528,0x00dee700,5024,0x02740000,41156608
243230,0x00dee710,6561,0x03342000,53747712
115678,0x00dee780,2871,0x0166e000,23519232
240480,0x00dee790,4990,0x026fc000,40878080
240529,0x00dee7a0,5025,0x02742000,41164800
243231,0x00dee7b0,6562,0x03344000,53755904
589110,0x00dee7c0,8917,0x045aa000,73048064
240481,0x00dee800,4991,0x026fe000,40886272
243232,0x00dee810,6563,0x03346000,53764096
511960,0x00dee820,9421,0x0499a000,77176832
240482,0x00dee880,4992,0x02700000,40894464
243233,0x00dee890,6564,0x03348000,53772288
520660,0x00dee8a0,8507,0x04276000,69689344
561380,0x00dee8b0,8681,0x043d2000,71114752
751020,0x00dee8c0,8990,0x0463c000,73646080
243234,0x00dee900,6565,0x0334a000,53780480
516330,0x00dee910,8402,0x041a4000,68829184
751021,0x00dee920,8991,0x0463e000,73654272
600420,0x00dee980,496,0x003e0000,4063232
243235,0x00dee990,6566,0x0334c000,53788672
751022,0x00dee9a0,8992,0x04640000,73662464
600421,0x00deea00,497,0x003e2000,4071424
240485,0x00deea10,4993,0x02702000,40902656
243236,0x00deea20,6567,0x0334e000,53796864
751023,0x00deea30,8993,0x04642000,73670656
600422,0x00deea80,498,0x003e4000,4079616
240486,0x00deea90,4994,0x02704000,40910848
751024,0x00deeaa0,8994,0x04644000,73678848
600423,0x00deeb00,499,0x003e6000,4087808
240487,0x00deeb10,4995,0x02706000,40919040
243238,0x00deeb20,6568,0x03350000,53805056
751025,0x00deeb30,8995,0x04646000,73687040
240488,0x00deeb80,4996,0x02708000,40927232
243190,0x00deeb90,6542,0x0331c000,53592064
751026,0x00deeba0,8996,0x04648000,73695232
600425,0x00deec00,500,0x003e8000,4096000
138995,0x00deec10,3247,0x0195e000,26599424
240489,0x00deec20,4997,0x0270a000,40935424
589070,0x00deec30,8913,0x045a2000,73015296
600426,0x00deec80,501,0x003ea000,4104192
243192,0x00deec90,6543,0x0331e000,53600256
751028,0x00deeca0,8997,0x0464a000,73703424
241611,0x00deed00,5709,0x02c9a000,46768128
243193,0x00deed10,6544,0x03320000,53608448
751029,0x00deed20,8998,0x0464c000,73711616
600428,0x00deed80,502,0x003ec000,4112384
243194,0x00deed90,6545,0x03322000,53616640
516290,0x00deeda0,8398,0x0419c000,68796416
562510,0x00deedb0,8739,0x04446000,71589888
600380,0x00deee00,469,0x003aa000,3842048
600429,0x00deee10,503,0x003ee000,4120576
243195,0x00deee20,6546,0x03324000,53624832
600381,0x00deee80,470,0x003ac000,3850240
243196,0x00deee90,6547,0x03326000,53633024
600382,0x00deef00,471,0x003ae000,3858432
243197,0x00deef10,6548,0x03328000,53641216
600383,0x00deef80,472,0x003b0000,3866624
241616,0x00deef90,5710,0x02c9c000,46776320
688630,0x00def000,2397,0x012ba000,19636224
241617,0x00def010,5711,0x02c9e000,46784512
688631,0x00def080,2398,0x012bc000,19644416
140393,0x00def090,3250,0x01964000,26624000
244320,0x00def0a0,7089,0x03762000,58073088
600386,0x00def100,473,0x003b2000,3874816
603130,0x00def110,1287,0x00a0e000,10543104
600387,0x00def180,474,0x003b4000,3883008
603131,0x00def190,1288,0x00a10000,10551296
688633,0x00def1a0,2399,0x012be000,19652608
155865,0x00def1b0,3666,0x01ca4000,30031872
600388,0x00def200,475,0x003b6000,3891200
603132,0x00def210,1289,0x00a12000,10559488
155866,0x00def220,3667,0x01ca6000,30040064
241572,0x00def230,5685,0x02c6a000,46571520
244323,0x00def240,7090,0x03764000,58081280
600389,0x00def280,476,0x003b8000,3899392
688635,0x00def290,2400,0x012c0000,19660800
688636,0x00def300,2401,0x012c2000,19668992
241574,0x00def310,5686,0x02c6c000,46579712
242701,0x00def320,6283,0x03116000,51470336
244325,0x00def330,7091,0x03766000,58089472
603135,0x00def380,1290,0x00a14000,10567680
241575,0x00def390,5687,0x02c6e000,46587904
242702,0x00def3a0,6284,0x03118000,51478528
601512,0x00def400,1054,0x0083c000,8634368
603136,0x00def410,1291,0x00a16000,10575872
688638,0x00def420,2402,0x012c4000,19677184
241576,0x00def430,5688,0x02c70000,46596096
242703,0x00def440,6285,0x0311a000,51486720
244327,0x00def450,7092,0x03768000,58097664
560850,0x00def460,8641,0x04382000,70787072
603137,0x00def480,1292,0x00a18000,10584064
688590,0x00def490,2361,0x01272000,19341312
688639,0x00def4a0,2403,0x012c6000,19685376
242704,0x00def4b0,6286,0x0311c000,51494912
244328,0x00def4c0,7093,0x0376a000,58105856
515800,0x00def4d0,8360,0x04150000,68485120
603138,0x00def500,1293,0x00a1a000,10592256
688591,0x00def510,2362,0x01274000,19349504
244329,0x00def520,7094,0x0376c000,58114048
601515,0x00def580,1055,0x0083e000,8642560
603090,0x00def590,1250,0x009c4000,10240000
603139,0x00def5a0,1294,0x00a1c000,10600448
688592,0x00def5b0,2363,0x01276000,19357696
236436,0x00def5c0,4730,0x024f4000,38748160
241579,0x00def5d0,5689,0x02c72000,46604288
242706,0x00def5e0,6287,0x0311e000,51503104
603091,0x00def600,1251,0x009c6000,10248192
688593,0x00def610,2364,0x01278000,19365888
234813,0x00def620,4667,0x02476000,38232064
603092,0x00def680,1252,0x009c8000,10256384
601518,0x00def700,1056,0x00840000,8650752
603093,0x00def710,1253,0x009ca000,10264576
688595,0x00def720,2365,0x0127a000,19374080
242660,0x00def730,6264,0x030f0000,51314688
517380,0x00def740,8472,0x04230000,69402624
563600,0x00def750,8797,0x044ba000,72065024
601519,0x00def780,1057,0x00842000,8658944
688596,0x00def790,2366,0x0127c000,19382272
242661,0x00def7a0,6265,0x030f2000,51322880
603095,0x00def800,1254,0x009cc000,10272768
688597,0x00def810,2367,0x0127e000,19390464
603096,0x00def880,1255,0x009ce000,10280960
688598,0x00def890,2368,0x01280000,19398656
242663,0x00def8a0,6266,0x030f4000,51331072
603097,0x00def900,1256,0x009d0000,10289152
688599,0x00def910,2369,0x01282000,19406848
242664,0x00def920,6267,0x030f6000,51339264
515760,0x00def930,8357,0x0414a000,68460544
603098,0x00def980,1257,0x009d2000,10297344
244289,0x00def990,7078,0x0374c000,57982976
603099,0x00defa00,1258,0x009d4000,10305536
019425,0x00defa10,2599,0x0144e000,21291008
152122,0x00defa80,3320,0x019f0000,27197440
019427,0x00defb00,2600,0x01450000,21299200
152123,0x00defb10,3321,0x019f2000,27205632
242668,0x00defb20,6268,0x030f8000,51347456
188970,0x00defb80,4523,0x02356000,37052416
242669,0x00defb90,6269,0x030fa000,51355648
563560,0x00defba0,8793,0x044b2000,72032256
152125,0x00defc00,3322,0x019f4000,27213824
245414,0x00defc10,7642,0x03bb4000,62603264
152126,0x00defc80,3323,0x019f6000,27222016
184140,0x00defc90,3954,0x01ee4000,32391168
245415,0x00defca0,7643,0x03bb6000,62611456
136346,0x00defd00,3058,0x017e4000,25051136
245417,0x00defd80,7644,0x03bb8000,62619648
184143,0x00defe00,3955,0x01ee6000,32399360
188976,0x00defe80,4524,0x02358000,37060608
245370,0x00defe90,7623,0x03b8e000,62447616
245419,0x00defea0,7645,0x03bba000,62627840
245371,0x00deff00,7624,0x03b90000,62455808
184146,0x00deff80,3956,0x01ee8000,32407552
184147,0x00df0000,3957,0x01eea000,32415744
245373,0x00df0010,7625,0x03b92000,62464000
512020,0x00df0020,9427,0x049a6000,77225984
243750,0x00df0080,6823,0x0354e000,55894016
245374,0x00df0090,7626,0x03b94000,62472192
589630,0x00df0100,8952,0x045f0000,73334784
243752,0x00df0180,6824,0x03550000,55902208
245376,0x00df0190,7627,0x03b96000,62480384
235909,0x00df0280,4710,0x024cc000,38584320
516850,0x00df0290,8441,0x041f2000,69148672
600941,0x00df0380,903,0x0070e000,7397376
235862,0x00df0390,4701,0x024ba000,38510592
235863,0x00df0400,4702,0x024bc000,38518784
243757,0x00df0410,6825,0x03552000,55910400
605318,0x00df0480,1868,0x00e98000,15302656
243758,0x00df0490,6826,0x03554000,55918592
605319,0x00df0500,1869,0x00e9a000,15310848
235865,0x00df0510,4703,0x024be000,38526976
243759,0x00df0520,6827,0x03556000,55926784
115202,0x00df0800,2794,0x015d4000,22888448
127921,0x00df0810,3039,0x017be000,24895488
185234,0x00df0820,4248,0x02130000,34799616
605277,0x00df0880,1857,0x00e82000,15212544
127923,0x00df0900,3040,0x017c0000,24903680
185236,0x00df0910,4249,0x02132000,34807808
513110,0x00df0980,8240,0x04060000,67502080
244840,0x00df0a00,7368,0x03990000,60358656
270139,0x00df0a10,7857,0x03d62000,64364544
510360,0x00df0a20,8101,0x03f4a000,66363392
603650,0x00df0a80,1592,0x00c70000,13041664
270091,0x00df0a90,7839,0x03d3e000,64217088
115208,0x00df0b00,2795,0x015d6000,22896640
127927,0x00df0b10,3041,0x017c2000,24911872
185191,0x00df0b20,4240,0x02120000,34734080
240010,0x00df0b30,4759,0x0252e000,38985728
270092,0x00df0b40,7840,0x03d40000,64225280
244843,0x00df0b80,7369,0x03992000,60366848
270093,0x00df0b90,7841,0x03d42000,64233472
562990,0x00df0ba0,8765,0x0447a000,71802880
127929,0x00df0c00,3042,0x017c4000,24920064
143661,0x00df0c10,3281,0x019a2000,26877952
244844,0x00df0c20,7370,0x03994000,60375040
270094,0x00df0c30,7842,0x03d44000,64241664
270095,0x00df0c80,7843,0x03d46000,64249856
603655,0x00df0d00,1593,0x00c72000,13049856
138520,0x00df0d10,3204,0x01908000,26247168
603656,0x00df0d80,1594,0x00c74000,13058048
185196,0x00df0d90,4241,0x02122000,34742272
603657,0x00df0e00,1595,0x00c76000,13066240
138522,0x00df0e10,3205,0x0190a000,26255360
244848,0x00df0e20,7371,0x03996000,60383232
270098,0x00df0e30,7844,0x03d48000,64258048
513070,0x00df0e40,8236,0x04058000,67469312
603658,0x00df0e80,1596,0x00c78000,13074432
138523,0x00df0e90,3206,0x0190c000,26263552
143666,0x00df0ea0,3282,0x019a4000,26886144
240017,0x00df0eb0,4760,0x02530000,38993920
244849,0x00df0ec0,7372,0x03998000,60391424
270099,0x00df0ed0,7845,0x03d4a000,64266240
603659,0x00df0f00,1597,0x00c7a000,13082624
240019,0x00df0f80,4761,0x02532000,39002112
271223,0x00df1080,7907,0x03dc6000,64774144
601990,0x00df1100,1161,0x00912000,9510912
271224,0x00df1110,7908,0x03dc8000,64782336
601991,0x00df1180,1162,0x00914000,9519104
601992,0x00df1200,1163,0x00916000,9527296
232088,0x00df1210,4578,0x023c4000,37502976
601995,0x00df1380,1164,0x00918000,9535488
152641,0x00df1390,3489,0x01b42000,28581888
601996,0x00df1400,1165,0x0091a000,9543680
601997,0x00df1480,1166,0x0091c000,9551872
601998,0x00df1500,1167,0x0091e000,9560064
601999,0x00df1580,1168,0x00920000,9568256
152645,0x00df1590,3490,0x01b44000,28590080
241102,0x00df15a0,5385,0x02a12000,44113920
271184,0x00df15b0,7893,0x03daa000,64659456
562000,0x00df15c0,8722,0x04424000,71450624
184709,0x00df1600,4175,0x0209e000,34201600
241103,0x00df1610,5386,0x02a14000,44122112
160492,0x00df1680,3702,0x01cec000,30326784
186285,0x00df1690,4424,0x02290000,36241408
184662,0x00df1700,4161,0x02082000,34086912
241105,0x00df1710,5387,0x02a16000,44130304
184663,0x00df1780,4162,0x02084000,34095104
688120,0x00df1800,2006,0x00fac000,16433152
136869,0x00df1810,3096,0x01830000,25362432
186288,0x00df1820,4425,0x02292000,36249600
688121,0x00df1880,2007,0x00fae000,16441344
147508,0x00df1890,3297,0x019c2000,27009024
184665,0x00df18a0,4163,0x02086000,34103296
241108,0x00df18b0,5388,0x02a18000,44138496
245891,0x00df18c0,7814,0x03d0c000,64012288
688122,0x00df1900,2008,0x00fb0000,16449536
171135,0x00df1910,3779,0x01d86000,30957568
184666,0x00df1920,4164,0x02088000,34111488
241060,0x00df1930,5359,0x029de000,43900928
688123,0x00df1980,2009,0x00fb2000,16457728
233174,0x00df1990,4632,0x02430000,37945344
241061,0x00df19a0,5360,0x029e0000,43909120
184668,0x00df1a00,4165,0x0208a000,34119680
241062,0x00df1a10,5361,0x029e2000,43917312
688125,0x00df1a80,2010,0x00fb4000,16465920
155357,0x00df1a90,3631,0x01c5e000,29745152
241063,0x00df1aa0,5362,0x029e4000,43925504
601000,0x00df1b00,942,0x0075c000,7716864
688126,0x00df1b10,2011,0x00fb6000,16474112
601001,0x00df1b80,943,0x0075e000,7725056
688127,0x00df1b90,2012,0x00fb8000,16482304
601002,0x00df1c00,944,0x00760000,7733248
688128,0x00df1c10,2013,0x00fba000,16490496
175966,0x00df1c20,3882,0x01e54000,31801344
241066,0x00df1c30,5363,0x029e6000,43933696
601003,0x00df1c80,945,0x00762000,7741440
688080,0x00df1c90,1969,0x00f62000,16130048
688129,0x00df1ca0,2014,0x00fbc000,16498688
163248,0x00df1cb0,3736,0x01d30000,30605312
688081,0x00df1d00,1970,0x00f64000,16138240
601005,0x00df1d80,946,0x00764000,7749632
688082,0x00df1d90,1971,0x00f66000,16146432
147469,0x00df1da0,3296,0x019c0000,27000832
241069,0x00df1db0,5364,0x029e8000,43941888
601006,0x00df1e00,947,0x00766000,7757824
688083,0x00df1e10,1972,0x00f68000,16154624
137952,0x00df1e20,3190,0x018ec000,26132480
601007,0x00df1e80,948,0x00768000,7766016
688084,0x00df1e90,1973,0x00f6a000,16162816
601008,0x00df1f00,949,0x0076a000,7774208
688085,0x00df1f10,1974,0x00f6c000,16171008
601009,0x00df1f80,950,0x0076c000,7782400
588030,0x00df1f90,8826,0x044f4000,72302592
688087,0x00df2000,1975,0x00f6e000,16179200
510880,0x00df2010,8127,0x03f7e000,66576384
688088,0x00df2080,1976,0x00f70000,16187392
137957,0x00df2090,3191,0x018ee000,26140672
688089,0x00df2100,1977,0x00f72000,16195584
515250,0x00df2110,8325,0x0410a000,68198400
242150,0x00df2280,6003,0x02ee6000,49176576
242151,0x00df2300,6004,0x02ee8000,49184768
513630,0x00df2310,8275,0x040a6000,67788800
115726,0x00df2380,2882,0x01684000,23609344
563050,0x00df2390,8770,0x04484000,71843840
242153,0x00df2400,6005,0x02eea000,49192960
115729,0x00df2500,2883,0x01686000,23617536
240531,0x00df2510,5026,0x02744000,41172992
242155,0x00df2520,6006,0x02eec000,49201152
115681,0x00df2580,2872,0x01670000,23527424
232645,0x00df2590,4611,0x02406000,37773312
240532,0x00df25a0,5027,0x02746000,41181184
520710,0x00df25b0,8512,0x04280000,69730304
561430,0x00df25c0,8686,0x043dc000,71155712
115682,0x00df2600,2873,0x01672000,23535616
242157,0x00df2610,6007,0x02eee000,49209344
530180,0x00df2620,8550,0x042cc000,70041600
240534,0x00df2680,5028,0x02748000,41189376
115684,0x00df2700,2874,0x01674000,23543808
240536,0x00df2780,5029,0x0274a000,41197568
513590,0x00df2790,8272,0x040a0000,67764224
115687,0x00df2880,2875,0x01676000,23552000
240538,0x00df2890,5030,0x0274c000,41205760
243240,0x00df28a0,6569,0x03352000,53813248
240490,0x00df2900,4998,0x0270c000,40943616
240539,0x00df2910,5031,0x0274e000,41213952
589120,0x00df2920,8918,0x045ac000,73056256
115689,0x00df2980,2876,0x01678000,23560192
243242,0x00df2990,6570,0x03354000,53821440
511970,0x00df29a0,9422,0x0499c000,77185024
157530,0x00df2a00,3685,0x01cca000,30187520
240492,0x00df2a10,4999,0x0270e000,40951808
243243,0x00df2a20,6571,0x03356000,53829632
520670,0x00df2a30,8508,0x04278000,69697536
561390,0x00df2a40,8682,0x043d4000,71122944
751030,0x00df2a50,8999,0x0464e000,73719808
240493,0x00df2a80,5000,0x02710000,40960000
243244,0x00df2a90,6572,0x03358000,53837824
751031,0x00df2aa0,9000,0x04650000,73728000
243245,0x00df2b00,6573,0x0335a000,53846016
751032,0x00df2b10,9001,0x04652000,73736192
240495,0x00df2b80,5001,0x02712000,40968192
243246,0x00df2b90,6574,0x0335c000,53854208
240496,0x00df2c00,5002,0x02714000,40976384
751034,0x00df2c10,9002,0x04654000,73744384
502000,0x00df2c20,9342,0x048fc000,76529664
600433,0x00df2c80,504,0x003f0000,4128768
240497,0x00df2c90,5003,0x02716000,40984576
243248,0x00df2ca0,6575,0x0335e000,53862400
751035,0x00df2cb0,9003,0x04656000,73752576
240498,0x00df2d00,5004,0x02718000,40992768
751036,0x00df2d10,9004,0x04658000,73760768
600435,0x00df2d80,505,0x003f2000,4136960
124662,0x00df2d90,3005,0x0177a000,24616960
157537,0x00df2da0,3686,0x01ccc000,30195712
240499,0x00df2db0,5005,0x0271a000,41000960
589080,0x00df2dc0,8914,0x045a4000,73023488
751037,0x00df2dd0,9005,0x0465a000,73768960
502003,0x00df2de0,9343,0x048fe000,76537856
600436,0x00df2e00,506,0x003f4000,4145152
751038,0x00df2e10,9006,0x0465c000,73777152
241621,0x00df2e80,5712,0x02ca0000,46792704
751039,0x00df2e90,9007,0x0465e000,73785344
600438,0x00df2f00,507,0x003f6000,4153344
241622,0x00df2f10,5713,0x02ca2000,46800896
562520,0x00df2f20,8740,0x04448000,71598080
502006,0x00df2f30,9344,0x04900000,76546048
600390,0x00df2f80,477,0x003ba000,3907584
600439,0x00df2f90,508,0x003f8000,4161536
241623,0x00df2fa0,5714,0x02ca4000,46809088
600391,0x00df3000,478,0x003bc000,3915776
241624,0x00df3010,5715,0x02ca6000,46817280
600392,0x00df3080,479,0x003be000,3923968
241625,0x00df3090,5716,0x02ca8000,46825472
241626,0x00df3100,5717,0x02caa000,46833664
560900,0x00df3110,8645,0x0438a000,70819840
241627,0x00df3180,5718,0x02cac000,46841856
600395,0x00df3200,480,0x003c0000,3932160
173278,0x00df3210,3820,0x01dd8000,31293440
241628,0x00df3220,5719,0x02cae000,46850048
600396,0x00df3280,481,0x003c2000,3940352
163761,0x00df3290,3771,0x01d76000,30892032
241580,0x00df32a0,5690,0x02c74000,46612480
241629,0x00df32b0,5720,0x02cb0000,46858240
600397,0x00df3300,482,0x003c4000,3948544
241581,0x00df3310,5691,0x02c76000,46620672
244332,0x00df3320,7095,0x0376e000,58122240
600398,0x00df3380,483,0x003c6000,3956736
143150,0x00df3390,3265,0x01982000,26746880
244333,0x00df33a0,7096,0x03770000,58130432
600399,0x00df3400,484,0x003c8000,3964928
241583,0x00df3410,5692,0x02c78000,46628864
688646,0x00df3480,2404,0x012c8000,19693568
241584,0x00df3490,5693,0x02c7a000,46637056
242711,0x00df34a0,6288,0x03120000,51511296
244336,0x00df3500,7097,0x03772000,58138624
688648,0x00df3580,2405,0x012ca000,19701760
242713,0x00df3590,6289,0x03122000,51519488
560860,0x00df35a0,8642,0x04384000,70795264
241587,0x00df3600,5694,0x02c7c000,46645248
242714,0x00df3610,6290,0x03124000,51527680
515810,0x00df3620,8361,0x04152000,68493312
244290,0x00df3680,7079,0x0374e000,57991168
244339,0x00df3690,7098,0x03774000,58146816
241589,0x00df3700,5695,0x02c7e000,46653440
242716,0x00df3710,6291,0x03126000,51535872
244291,0x00df3720,7080,0x03750000,57999360
242717,0x00df3780,6292,0x03128000,51544064
244292,0x00df3790,7081,0x03752000,58007552
244293,0x00df3800,7082,0x03754000,58015744
601528,0x00df3880,1058,0x00844000,8667136
517390,0x00df3890,8473,0x04232000,69410816
588550,0x00df3900,8874,0x04554000,72695808
242673,0x00df3a00,6270,0x030fc000,51363840
244297,0x00df3a10,7083,0x03756000,58023936
242674,0x00df3a80,6271,0x030fe000,51372032
244298,0x00df3a90,7084,0x03758000,58032128
515770,0x00df3aa0,8358,0x0414c000,68468736
242676,0x00df3b80,6272,0x03100000,51380224
242677,0x00df3c00,6273,0x03102000,51388416
242679,0x00df3d00,6274,0x03104000,51396608
563570,0x00df3d10,8794,0x044b4000,72040448
243800,0x00df3d80,6846,0x0357c000,56082432
245424,0x00df3d90,7646,0x03bbc000,62636032
152136,0x00df3e00,3324,0x019f8000,27230208
245425,0x00df3e10,7647,0x03bbe000,62644224
136356,0x00df3e80,3059,0x017e6000,25059328
184151,0x00df3e90,3958,0x01eec000,32423936
245426,0x00df3ea0,7648,0x03bc0000,62652416
561950,0x00df3f00,8718,0x0441c000,71417856
184153,0x00df3f80,3959,0x01eee000,32432128
243804,0x00df3f90,6847,0x0357e000,56090624
245428,0x00df3fa0,7649,0x03bc2000,62660608
516900,0x00df3fb0,8445,0x041fa000,69181440
235911,0x00df4000,4711,0x024ce000,38592512
243805,0x00df4010,6848,0x03580000,56098816
243806,0x00df4080,6849,0x03582000,56107008
245381,0x00df4090,7628,0x03b98000,62488576
243807,0x00df4100,6850,0x03584000,56115200
184157,0x00df4180,3960,0x01ef0000,32440320
235914,0x00df4190,4712,0x024d0000,38600704
245383,0x00df41a0,7629,0x03b9a000,62496768
512030,0x00df41b0,9428,0x049a8000,77234176
184159,0x00df4280,3961,0x01ef2000,32448512
235916,0x00df4290,4713,0x024d2000,38608896
243761,0x00df42a0,6828,0x03558000,55934976
245385,0x00df42b0,7630,0x03b9c000,62504960
243763,0x00df4380,6829,0x0355a000,55943168
243764,0x00df4400,6830,0x0355c000,55951360
245388,0x00df4410,7631,0x03b9e000,62513152
516860,0x00df4420,8442,0x041f4000,69156864
243766,0x00df4500,6831,0x0355e000,55959552
243767,0x00df4580,6832,0x03560000,55967744
243768,0x00df4600,6833,0x03562000,55975936
600955,0x00df4700,904,0x00710000,7405568
510410,0x00df4710,8105,0x03f52000,66396160
600956,0x00df4780,905,0x00712000,7413760
603700,0x00df4790,1626,0x00cb4000,13320192
603701,0x00df4800,1627,0x00cb6000,13328384
185241,0x00df4810,4250,0x02134000,34816000
600958,0x00df4880,906,0x00714000,7421952
115210,0x00df4890,2796,0x015d8000,22904832
600959,0x00df4900,907,0x00716000,7430144
603703,0x00df4910,1628,0x00cb8000,13336576
127930,0x00df4920,3043,0x017c6000,24928256
605286,0x00df4980,1858,0x00e84000,15220736
185244,0x00df4990,4251,0x02136000,34824192
605287,0x00df4a00,1859,0x00e86000,15228928
127932,0x00df4a10,3044,0x017c8000,24936448
185245,0x00df4a20,4252,0x02138000,34832384
517950,0x00df4a30,8483,0x04246000,69492736
603706,0x00df4a80,1629,0x00cba000,13344768
605288,0x00df4a90,1860,0x00e88000,15237120
603707,0x00df4b00,1630,0x00cbc000,13352960
605289,0x00df4b10,1861,0x00e8a000,15245312
513120,0x00df4b20,8241,0x04062000,67510272
603708,0x00df4b80,1631,0x00cbe000,13361152
115216,0x00df4b90,2797,0x015da000,22913024
244850,0x00df4ba0,7373,0x0399a000,60399616
510370,0x00df4bb0,8102,0x03f4c000,66371584
603660,0x00df4c00,1598,0x00c7c000,13090816
603709,0x00df4c10,1632,0x00cc0000,13369344
185249,0x00df4c20,4253,0x0213a000,34840576
244851,0x00df4c30,7374,0x0399c000,60407808
603661,0x00df4c80,1599,0x00c7e000,13099008
240020,0x00df4c90,4762,0x02534000,39010304
603662,0x00df4d00,1600,0x00c80000,13107200
244853,0x00df4d10,7375,0x0399e000,60416000
603663,0x00df4d80,1601,0x00c82000,13115392
115172,0x00df4e00,2791,0x015ce000,22863872
244855,0x00df4e10,7376,0x039a0000,60424192
603665,0x00df4e80,1602,0x00c84000,13123584
603666,0x00df4f00,1603,0x00c86000,13131776
115174,0x00df4f10,2792,0x015d0000,22872064
240025,0x00df4f20,4763,0x02536000,39018496
244857,0x00df4f30,7377,0x039a2000,60432384
603667,0x00df4f80,1604,0x00c88000,13139968
240026,0x00df4f90,4764,0x02538000,39026688
244858,0x00df4fa0,7378,0x039a4000,60440576
513080,0x00df4fb0,8237,0x0405a000,67477504
603668,0x00df5000,1605,0x00c8a000,13148160
244859,0x00df5010,7379,0x039a6000,60448768
603669,0x00df5080,1606,0x00c8c000,13156352
115177,0x00df5090,2793,0x015d2000,22880256
240029,0x00df5100,4765,0x0253a000,39034880
138536,0x00df5180,3207,0x0190e000,26271744
271233,0x00df5200,7909,0x03dca000,64790528
138538,0x00df5280,3208,0x01910000,26279936
232096,0x00df5290,4579,0x023c6000,37511168
271234,0x00df52a0,7910,0x03dcc000,64798720
271236,0x00df5380,7911,0x03dce000,64806912
184712,0x00df5400,4176,0x020a0000,34209792
271237,0x00df5410,7912,0x03dd0000,64815104
152650,0x00df5480,3491,0x01b46000,28598272
271190,0x00df5500,7894,0x03dac000,64667648
271239,0x00df5510,7913,0x03dd2000,64823296
271191,0x00df5580,7895,0x03dae000,64675840
147510,0x00df5600,3298,0x019c4000,27017216
184716,0x00df5610,4177,0x020a2000,34217984
241110,0x00df5620,5389,0x02a1a000,44146688
271192,0x00df5630,7896,0x03db0000,64684032
124154,0x00df5680,3000,0x01770000,24576000
155405,0x00df5690,3634,0x01c64000,29769728
184717,0x00df56a0,4178,0x020a4000,34226176
241111,0x00df56b0,5390,0x02a1c000,44154880
152655,0x00df5700,3492,0x01b48000,28606464
155406,0x00df5710,3635,0x01c66000,29777920
231601,0x00df5720,4553,0x02392000,37298176
241112,0x00df5730,5391,0x02a1e000,44163072
271194,0x00df5740,7897,0x03db2000,64692224
562010,0x00df5750,8723,0x04426000,71458816
152656,0x00df5780,3493,0x01b4a000,28614656
155407,0x00df5790,3636,0x01c68000,29786112
241113,0x00df57a0,5392,0x02a20000,44171264
271195,0x00df57b0,7898,0x03db4000,64700416
184671,0x00df5800,4166,0x0208c000,34127872
241114,0x00df5810,5393,0x02a22000,44179456
171141,0x00df5880,3780,0x01d88000,30965760
241115,0x00df5890,5394,0x02a24000,44187648
271197,0x00df58a0,7899,0x03db6000,64708608
152659,0x00df5900,3494,0x01b4c000,28622848
241116,0x00df5910,5395,0x02a26000,44195840
271198,0x00df5920,7900,0x03db8000,64716800
688130,0x00df5980,2015,0x00fbe000,16506880
241117,0x00df5990,5396,0x02a28000,44204032
688131,0x00df5a00,2016,0x00fc0000,16515072
688132,0x00df5a80,2017,0x00fc2000,16523264
241070,0x00df5a90,5365,0x029ea000,43950080
241119,0x00df5aa0,5397,0x02a2a000,44212224
688133,0x00df5b00,2018,0x00fc4000,16531456
184677,0x00df5b10,4167,0x0208e000,34136064
512550,0x00df5b20,8194,0x04004000,67125248
175972,0x00df5b80,3883,0x01e56000,31809536
688135,0x00df5c00,2019,0x00fc6000,16539648
241073,0x00df5c10,5366,0x029ec000,43958272
601010,0x00df5c80,951,0x0076e000,7790592
688136,0x00df5c90,2020,0x00fc8000,16547840
241074,0x00df5ca0,5367,0x029ee000,43966464
601011,0x00df5d00,952,0x00770000,7798784
688137,0x00df5d10,2021,0x00fca000,16556032
122494,0x00df5d20,2993,0x01762000,24518656
241075,0x00df5d30,5368,0x029f0000,43974656
242202,0x00df5d40,6024,0x02f10000,49348608
601012,0x00df5d80,953,0x00772000,7806976
688138,0x00df5d90,2022,0x00fcc000,16564224
560350,0x00df5da0,8600,0x04330000,70451200
688090,0x00df5e00,1978,0x00f74000,16203776
688139,0x00df5e10,2023,0x00fce000,16572416
122496,0x00df5e20,2994,0x01764000,24526848
163258,0x00df5e30,3737,0x01d32000,30613504
241077,0x00df5e40,5369,0x029f2000,43982848
242204,0x00df5e50,6025,0x02f12000,49356800
515300,0x00df5e60,8328,0x04110000,68222976
688091,0x00df5e80,1979,0x00f76000,16211968
601015,0x00df5f00,954,0x00774000,7815168
688092,0x00df5f10,1980,0x00f78000,16220160
122498,0x00df5f20,2995,0x01766000,24535040
185805,0x00df5f30,4370,0x02224000,35799040
601016,0x00df5f80,955,0x00776000,7823360
688093,0x00df5f90,1981,0x00f7a000,16228352
242208,0x00df6000,6026,0x02f14000,49364992
601018,0x00df6080,956,0x00778000,7831552
688095,0x00df6090,1982,0x00f7c000,16236544
137964,0x00df60a0,3192,0x018f0000,26148864
185808,0x00df60b0,4371,0x02226000,35807232
242209,0x00df60c0,6027,0x02f16000,49373184
601019,0x00df6100,957,0x0077a000,7839744
688096,0x00df6110,1983,0x00f7e000,16244736
185760,0x00df6120,4358,0x0220c000,35700736
588040,0x00df6130,8827,0x044f6000,72310784
688097,0x00df6180,1984,0x00f80000,16252928
688098,0x00df6200,1985,0x00f82000,16261120
688099,0x00df6280,1986,0x00f84000,16269312
185763,0x00df6290,4359,0x0220e000,35708928
515260,0x00df62a0,8326,0x0410c000,68206592
137969,0x00df6300,3193,0x018f2000,26157056
185764,0x00df6310,4360,0x02210000,35717120
115734,0x00df6400,2884,0x01688000,23625728
242162,0x00df6500,6008,0x02ef0000,49217536
563060,0x00df6510,8771,0x04486000,71852032
185769,0x00df6580,4361,0x02212000,35725312
242163,0x00df6590,6009,0x02ef2000,49225728
240540,0x00df6600,5032,0x02750000,41222144
242164,0x00df6610,6010,0x02ef4000,49233920
115690,0x00df6680,2877,0x0167a000,23568384
240541,0x00df6690,5033,0x02752000,41230336
242165,0x00df66a0,6011,0x02ef6000,49242112
115691,0x00df6700,2878,0x0167c000,23576576
240542,0x00df6710,5034,0x02754000,41238528
242166,0x00df6720,6012,0x02ef8000,49250304
520720,0x00df6730,8513,0x04282000,69738496
242167,0x00df6780,6013,0x02efa000,49258496
240544,0x00df6800,5035,0x02756000,41246720
242168,0x00df6810,6014,0x02efc000,49266688
242169,0x00df6880,6015,0x02efe000,49274880
115696,0x00df6980,2879,0x0167e000,23584768
240547,0x00df6990,5036,0x02758000,41254912
240548,0x00df6a00,5037,0x0275a000,41263104
243250,0x00df6a10,6576,0x03360000,53870592
240549,0x00df6a80,5038,0x0275c000,41271296
243251,0x00df6a90,6577,0x03362000,53878784
589130,0x00df6aa0,8919,0x045ae000,73064448
511980,0x00df6b00,9423,0x0499e000,77193216
235408,0x00df6b80,4685,0x0249a000,38379520
520680,0x00df6b90,8509,0x0427a000,69705728
751040,0x00df6ba0,9008,0x04660000,73793536
516350,0x00df6c00,8403,0x041a6000,68837376
751041,0x00df6c10,9009,0x04662000,73801728
751043,0x00df6d00,9010,0x04664000,73809920
751044,0x00df6d80,9011,0x04666000,73818112
502010,0x00df6d90,9345,0x04902000,76554240
600444,0x00df6e80,509,0x003fa000,4169728
243259,0x00df6e90,6578,0x03364000,53886976
751046,0x00df6ea0,9012,0x04668000,73826304
155923,0x00df6f00,3669,0x01caa000,30056448
589090,0x00df6f10,8915,0x045a6000,73031680
751047,0x00df6f20,9013,0x0466a000,73834496
502013,0x00df6f30,9346,0x04904000,76562432
600446,0x00df6f80,510,0x003fc000,4177920
173329,0x00df6f90,3821,0x01dda000,31301632
241630,0x00df6fa0,5721,0x02cb2000,46866432
751048,0x00df6fb0,9014,0x0466c000,73842688
600448,0x00df7080,511,0x003fe000,4186112
143200,0x00df7090,3267,0x01986000,26763264
562530,0x00df70a0,8741,0x0444a000,71606272
600449,0x00df7100,512,0x00400000,4194304
241635,0x00df7200,5722,0x02cb4000,46874624
241636,0x00df7280,5723,0x02cb6000,46882816
560910,0x00df7290,8646,0x0438c000,70828032
241637,0x00df7300,5724,0x02cb8000,46891008
688651,0x00df7380,2406,0x012cc000,19709952
241638,0x00df7390,5725,0x02cba000,46899200
603150,0x00df7400,1295,0x00a1e000,10608640
688652,0x00df7410,2407,0x012ce000,19718144
244341,0x00df7420,7099,0x03776000,58155008
603151,0x00df7480,1296,0x00a20000,10616832
688653,0x00df7490,2408,0x012d0000,19726336
155885,0x00df74a0,3668,0x01ca8000,30048256
241591,0x00df74b0,5696,0x02c80000,46661632
244342,0x00df74c0,7100,0x03778000,58163200
241592,0x00df7500,5697,0x02c82000,46669824
603153,0x00df7580,1297,0x00a22000,10625024
688655,0x00df7590,2409,0x012d2000,19734528
241593,0x00df75a0,5698,0x02c84000,46678016
242720,0x00df75b0,6293,0x0312a000,51552256
688656,0x00df7600,2410,0x012d4000,19742720
241594,0x00df7610,5699,0x02c86000,46686208
603155,0x00df7680,1298,0x00a24000,10633216
688657,0x00df7690,2411,0x012d6000,19750912
244346,0x00df76a0,7101,0x0377a000,58171392
603156,0x00df7700,1299,0x00a26000,10641408
688658,0x00df7710,2412,0x012d8000,19759104
244347,0x00df7720,7102,0x0377c000,58179584
560870,0x00df7730,8643,0x04386000,70803456
688659,0x00df7780,2413,0x012da000,19767296
241597,0x00df7790,5700,0x02c88000,46694400
242724,0x00df77a0,6294,0x0312c000,51560448
603158,0x00df7800,1300,0x00a28000,10649600
241598,0x00df7810,5701,0x02c8a000,46702592
113042,0x00df7820,7949,0x03e1a000,65118208
603159,0x00df7880,1301,0x00a2a000,10657792
113043,0x00df7890,7950,0x03e1c000,65126400
242727,0x00df7900,6295,0x0312e000,51568640
242728,0x00df7980,6296,0x03130000,51576832
113046,0x00df7a00,7951,0x03e1e000,65134592
563620,0x00df7a10,8798,0x044bc000,72073216
113048,0x00df7b00,7952,0x03e20000,65142784
184201,0x00df7b80,3977,0x01f12000,32579584
113049,0x00df7b90,7953,0x03e22000,65150976
184202,0x00df7c00,3978,0x01f14000,32587776
242684,0x00df7c10,6275,0x03106000,51404800
242685,0x00df7c80,6276,0x03108000,51412992
136360,0x00df7d00,3060,0x017e8000,25067520
152141,0x00df7d10,3325,0x019fa000,27238400
136361,0x00df7d80,3061,0x017ea000,25075712
184205,0x00df7d90,3979,0x01f16000,32595968
245431,0x00df7da0,7650,0x03bc4000,62668800
245432,0x00df7e00,7651,0x03bc6000,62676992
160038,0x00df7e80,3690,0x01cd4000,30228480
245433,0x00df7e90,7652,0x03bc8000,62685184
563580,0x00df7ea0,8795,0x044b6000,72048640
184208,0x00df7f00,3980,0x01f18000,32604160
245434,0x00df7f10,7653,0x03bca000,62693376
184160,0x00df7f80,3962,0x01ef4000,32456704
243811,0x00df7f90,6851,0x03586000,56123392
245435,0x00df7fa0,7654,0x03bcc000,62701568
184161,0x00df8000,3963,0x01ef6000,32464896
245436,0x00df8010,7655,0x03bce000,62709760
245437,0x00df8080,7656,0x03bd0000,62717952
561960,0x00df8090,8719,0x0441e000,71426048
235920,0x00df8100,4714,0x024d4000,38617088
243814,0x00df8110,6852,0x03588000,56131584
516910,0x00df8120,8446,0x041fc000,69189632
235921,0x00df8180,4715,0x024d6000,38625280
243815,0x00df8190,6853,0x0358a000,56139776
245439,0x00df81a0,7657,0x03bd2000,62726144
235922,0x00df8200,4716,0x024d8000,38633472
245391,0x00df8210,7632,0x03ba0000,62521344
243817,0x00df8280,6854,0x0358c000,56147968
245392,0x00df8290,7633,0x03ba2000,62529536
184167,0x00df8300,3964,0x01ef8000,32473088
188999,0x00df8310,4525,0x0235a000,37068800
512040,0x00df8320,9429,0x049aa000,77242368
184168,0x00df8380,3965,0x01efa000,32481280
243770,0x00df8390,6834,0x03564000,55984128
184169,0x00df8400,3966,0x01efc000,32489472
243771,0x00df8410,6835,0x03566000,55992320
245396,0x00df8480,7634,0x03ba4000,62537728
605333,0x00df8500,1870,0x00e9c000,15319040
245398,0x00df8580,7635,0x03ba6000,62545920
600960,0x00df8600,908,0x00718000,7438336
245399,0x00df8610,7636,0x03ba8000,62554112
600961,0x00df8680,909,0x0071a000,7446528
605336,0x00df8690,1871,0x00e9e000,15327232
235882,0x00df86a0,4704,0x024c0000,38535168
243776,0x00df86b0,6836,0x03568000,56000512
600962,0x00df8700,910,0x0071c000,7454720
605337,0x00df8710,1872,0x00ea0000,15335424
600963,0x00df8780,911,0x0071e000,7462912
605338,0x00df8790,1873,0x00ea2000,15343616
235884,0x00df87a0,4705,0x024c2000,38543360
605339,0x00df8800,1874,0x00ea4000,15351808
235885,0x00df8810,4706,0x024c4000,38551552
600965,0x00df8880,912,0x00720000,7471104
600966,0x00df8900,913,0x00722000,7479296
600967,0x00df8980,914,0x00724000,7487488
603711,0x00df8990,1633,0x00cc2000,13377536
600968,0x00df8a00,915,0x00726000,7495680
603712,0x00df8a10,1634,0x00cc4000,13385728
600969,0x00df8a80,916,0x00728000,7503872
603713,0x00df8a90,1635,0x00cc6000,13393920
605296,0x00df8b00,1862,0x00e8c000,15253504
603716,0x00df8c00,1636,0x00cc8000,13402112
605298,0x00df8c10,1863,0x00e8e000,15261696
603717,0x00df8c80,1637,0x00cca000,13410304
605299,0x00df8c90,1864,0x00e90000,15269888
513130,0x00df8ca0,8242,0x04064000,67518464
603718,0x00df8d00,1638,0x00ccc000,13418496
244860,0x00df8d10,7380,0x039a8000,60456960
244909,0x00df8d20,7404,0x039d8000,60653568
510380,0x00df8d30,8103,0x03f4e000,66379776
603719,0x00df8d80,1639,0x00cce000,13426688
244862,0x00df8e00,7381,0x039aa000,60465152
240031,0x00df8e80,4766,0x0253c000,39043072
244863,0x00df8e90,7382,0x039ac000,60473344
113605,0x00df8ea0,7966,0x03e3c000,65257472
000974,0x00df8f80,9231,0x0481e000,75620352
240034,0x00df9000,4767,0x0253e000,39051264
603676,0x00df9080,1607,0x00c8e000,13164544
240035,0x00df9090,4768,0x02540000,39059456
244867,0x00df90a0,7383,0x039ae000,60481536
603677,0x00df9100,1608,0x00c90000,13172736
244868,0x00df9110,7384,0x039b0000,60489728
513090,0x00df9120,8238,0x0405c000,67485696
603678,0x00df9180,1609,0x00c92000,13180928
603679,0x00df9200,1610,0x00c94000,13189120
152701,0x00df9210,3512,0x01b70000,28770304
240038,0x00df9220,4769,0x02542000,39067648
152702,0x00df9280,3513,0x01b72000,28778496
240039,0x00df9290,4770,0x02544000,39075840
152660,0x00df9600,3495,0x01b4e000,28631040
184724,0x00df9680,4179,0x020a6000,34234368
152663,0x00df9780,3496,0x01b50000,28639232
184726,0x00df9790,4180,0x020a8000,34242560
241120,0x00df97a0,5398,0x02a2c000,44220416
512600,0x00df9800,8198,0x0400c000,67158016
184728,0x00df9880,4181,0x020aa000,34250752
184680,0x00df9900,4168,0x02090000,34144256
184729,0x00df9910,4182,0x020ac000,34258944
241125,0x00df9a00,5399,0x02a2e000,44228608
560400,0x00df9a80,8605,0x0433a000,70492160
241127,0x00df9b00,5400,0x02a30000,44236800
688141,0x00df9b80,2024,0x00fd0000,16580608
241080,0x00df9c00,5370,0x029f4000,43991040
688143,0x00df9c80,2025,0x00fd2000,16588800
163262,0x00df9c90,3738,0x01d34000,30621696
171156,0x00df9ca0,3781,0x01d8a000,30973952
175981,0x00df9cb0,3884,0x01e58000,31817728
241081,0x00df9cc0,5371,0x029f6000,43999232
512560,0x00df9cd0,8195,0x04006000,67133440
175982,0x00df9d00,3885,0x01e5a000,31825920
241082,0x00df9d10,5372,0x029f8000,44007424
241083,0x00df9d80,5373,0x029fa000,44015616
242210,0x00df9d90,6028,0x02f18000,49381376
601020,0x00df9e00,958,0x0077c000,7847936
688146,0x00df9e10,2026,0x00fd4000,16596992
171159,0x00df9e20,3782,0x01d8c000,30982144
185810,0x00df9e30,4372,0x02228000,35815424
242211,0x00df9e40,6029,0x02f1a000,49389568
601021,0x00df9e80,959,0x0077e000,7856128
688147,0x00df9e90,2027,0x00fd6000,16605184
242212,0x00df9ea0,6030,0x02f1c000,49397760
601022,0x00df9f00,960,0x00780000,7864320
688148,0x00df9f10,2028,0x00fd8000,16613376
241086,0x00df9f20,5374,0x029fc000,44023808
242213,0x00df9f30,6031,0x02f1e000,49405952
560360,0x00df9f40,8601,0x04332000,70459392
242214,0x00df9f80,6032,0x02f20000,49414144
515310,0x00df9f90,8329,0x04112000,68231168
137970,0x00dfa000,3194,0x018f4000,26165248
137971,0x00dfa080,3195,0x018f6000,26173440
185815,0x00dfa090,4373,0x0222a000,35823616
241089,0x00dfa0a0,5375,0x029fe000,44032000
242216,0x00dfa0b0,6033,0x02f22000,49422336
601026,0x00dfa100,961,0x00782000,7872512
242217,0x00dfa110,6034,0x02f24000,49430528
242218,0x00dfa180,6035,0x02f26000,49438720
601028,0x00dfa200,962,0x00784000,7880704
185818,0x00dfa210,4374,0x0222c000,35831808
242219,0x00dfa220,6036,0x02f28000,49446912
185770,0x00dfa280,4362,0x02214000,35733504
588050,0x00dfa290,8828,0x044f8000,72318976
185771,0x00dfa300,4363,0x02216000,35741696
185772,0x00dfa380,4364,0x02218000,35749888
185773,0x00dfa400,4365,0x0221a000,35758080
188524,0x00dfa410,4449,0x022c2000,36446208
185774,0x00dfa480,4366,0x0221c000,35766272
115745,0x00dfa600,2885,0x0168a000,23633920
242171,0x00dfa610,6016,0x02f00000,49283072
513650,0x00dfa620,8276,0x040a8000,67796992
242172,0x00dfa680,6017,0x02f02000,49291264
243300,0x00dfa700,6603,0x03396000,54091776
240550,0x00dfa780,5039,0x0275e000,41279488
242174,0x00dfa790,6018,0x02f04000,49299456
243302,0x00dfa800,6604,0x03398000,54099968
240552,0x00dfa880,5040,0x02760000,41287680
520730,0x00dfa890,8514,0x04284000,69746688
561450,0x00dfa8a0,8687,0x043de000,71163904
240553,0x00dfa900,5041,0x02762000,41295872
240556,0x00dfaa80,5042,0x02764000,41304064
243307,0x00dfaa90,6605,0x0339a000,54108160
124720,0x00dfab00,3006,0x0177c000,24625152
240557,0x00dfab10,5043,0x02766000,41312256
243308,0x00dfab20,6606,0x0339c000,54116352
243309,0x00dfab80,6607,0x0339e000,54124544
240559,0x00dfac00,5044,0x02768000,41320448
243261,0x00dfac10,6579,0x03366000,53895168
511990,0x00dfac80,9424,0x049a0000,77201408
243263,0x00dfad00,6580,0x03368000,53903360
520690,0x00dfad10,8510,0x0427c000,69713920
243264,0x00dfad80,6581,0x0336a000,53911552
516360,0x00dfad90,8404,0x041a8000,68845568
751052,0x00dfae00,9015,0x0466e000,73850880
751053,0x00dfae80,9016,0x04670000,73859072
600452,0x00dfaf00,513,0x00402000,4202496
155930,0x00dfaf10,3670,0x01cac000,30064640
751054,0x00dfaf20,9017,0x04672000,73867264
688700,0x00dfb000,2445,0x0131a000,20029440
243269,0x00dfb010,6582,0x0336c000,53919744
600455,0x00dfb080,514,0x00404000,4210688
688701,0x00dfb090,2446,0x0131c000,20037632
751057,0x00dfb0a0,9018,0x04674000,73875456
502023,0x00dfb0b0,9347,0x04906000,76570624
600456,0x00dfb100,515,0x00406000,4218880
603200,0x00dfb110,1339,0x00a76000,10969088
688702,0x00dfb120,2447,0x0131e000,20045824
241640,0x00dfb130,5726,0x02cbc000,46907392
751058,0x00dfb140,9019,0x04676000,73883648
603201,0x00dfb180,1340,0x00a78000,10977280
241641,0x00dfb190,5727,0x02cbe000,46915584
751059,0x00dfb1a0,9020,0x04678000,73891840
600458,0x00dfb200,516,0x00408000,4227072
603202,0x00dfb210,1341,0x00a7a000,10985472
233755,0x00dfb220,4655,0x0245e000,38133760
600459,0x00dfb280,517,0x0040a000,4235264
603203,0x00dfb290,1342,0x00a7c000,10993664
241643,0x00dfb2a0,5728,0x02cc0000,46923776
241644,0x00dfb300,5729,0x02cc2000,46931968
603205,0x00dfb380,1343,0x00a7e000,11001856
688707,0x00dfb390,2448,0x01320000,20054016
241645,0x00dfb3a0,5730,0x02cc4000,46940160
603206,0x00dfb400,1344,0x00a80000,11010048
688708,0x00dfb410,2449,0x01322000,20062208
560920,0x00dfb420,8647,0x0438e000,70836224
603207,0x00dfb480,1345,0x00a82000,11018240
688660,0x00dfb490,2414,0x012dc000,19775488
688709,0x00dfb4a0,2450,0x01324000,20070400
603208,0x00dfb500,1346,0x00a84000,11026432
688661,0x00dfb510,2415,0x012de000,19783680
603160,0x00dfb580,1302,0x00a2c000,10665984
603209,0x00dfb590,1347,0x00a86000,11034624
688662,0x00dfb5a0,2416,0x012e0000,19791872
241649,0x00dfb5b0,5731,0x02cc6000,46948352
244351,0x00dfb5c0,7103,0x0377e000,58187776
603161,0x00dfb600,1303,0x00a2e000,10674176
688663,0x00dfb610,2417,0x012e2000,19800064
163782,0x00dfb620,3772,0x01d78000,30900224
244352,0x00dfb630,7104,0x03780000,58195968
603162,0x00dfb680,1304,0x00a30000,10682368
143170,0x00dfb690,3266,0x01984000,26755072
603163,0x00dfb700,1305,0x00a32000,10690560
688665,0x00dfb710,2418,0x012e4000,19808256
242730,0x00dfb720,6297,0x03132000,51585024
242731,0x00dfb780,6298,0x03134000,51593216
603165,0x00dfb800,1306,0x00a34000,10698752
688667,0x00dfb810,2419,0x012e6000,19816448
244356,0x00dfb820,7105,0x03782000,58204160
603166,0x00dfb880,1307,0x00a36000,10706944
688668,0x00dfb890,2420,0x012e8000,19824640
242733,0x00dfb8a0,6299,0x03136000,51601408
560880,0x00dfb8b0,8644,0x04388000,70811648
603167,0x00dfb900,1308,0x00a38000,10715136
688669,0x00dfb910,2421,0x012ea000,19832832
163788,0x00dfb920,3773,0x01d7a000,30908416
113051,0x00dfb930,7954,0x03e24000,65159168
603168,0x00dfb980,1309,0x00a3a000,10723328
113052,0x00dfb990,7955,0x03e26000,65167360
530800,0x00dfb9a0,8557,0x042da000,70098944
603169,0x00dfba00,1310,0x00a3c000,10731520
113053,0x00dfba10,7956,0x03e28000,65175552
242737,0x00dfba80,6300,0x03138000,51609600
113054,0x00dfba90,7957,0x03e2a000,65183744
234845,0x00dfbb80,4668,0x02478000,38240256
242690,0x00dfbb90,6277,0x0310a000,51421184
113056,0x00dfbba0,7958,0x03e2c000,65191936
563630,0x00dfbbb0,8799,0x044be000,72081408
242691,0x00dfbc00,6278,0x0310c000,51429376
234847,0x00dfbc80,4669,0x0247a000,38248448
113058,0x00dfbc90,7959,0x03e2e000,65200128
242693,0x00dfbd00,6279,0x0310e000,51437568
113059,0x00dfbd10,7960,0x03e30000,65208320
184212,0x00dfbd80,3981,0x01f1a000,32612352
242694,0x00dfbd90,6280,0x03110000,51445760
515790,0x00dfbda0,8359,0x0414e000,68476928
136418,0x00dfbe00,3063,0x017ee000,25092096
242695,0x00dfbe10,6281,0x03112000,51453952
184214,0x00dfbe80,3982,0x01f1c000,32620544
242696,0x00dfbe90,6282,0x03114000,51462144
245441,0x00dfbf00,7658,0x03bd4000,62734336
184216,0x00dfbf80,3983,0x01f1e000,32628736
245442,0x00dfbf90,7659,0x03bd6000,62742528
245443,0x00dfc000,7660,0x03bd8000,62750720
563590,0x00dfc010,8796,0x044b8000,72056832
184170,0x00dfc100,3967,0x01efe000,32497664
184219,0x00dfc110,3984,0x01f20000,32636928
245445,0x00dfc120,7661,0x03bda000,62758912
589700,0x00dfc130,8955,0x045f6000,73359360
152157,0x00dfc180,3326,0x019fc000,27246592
136378,0x00dfc280,3062,0x017ec000,25083904
243824,0x00dfc290,6855,0x0358e000,56156160
245448,0x00dfc2a0,7662,0x03bdc000,62767104
516920,0x00dfc2b0,8447,0x041fe000,69197824
184174,0x00dfc300,3968,0x01f00000,32505856
245449,0x00dfc310,7663,0x03bde000,62775296
243827,0x00dfc400,6856,0x03590000,56164352
512050,0x00dfc480,9430,0x049ac000,77250560
137503,0x00dfc500,3099,0x01836000,25387008
184178,0x00dfc510,3969,0x01f02000,32514048
243780,0x00dfc520,6837,0x0356a000,56008704
243829,0x00dfc530,6857,0x03592000,56172544
589660,0x00dfc580,8953,0x045f2000,73342976
185300,0x00dfc600,4263,0x0214e000,34922496
185301,0x00dfc680,4264,0x02150000,34930688
243784,0x00dfc700,6838,0x0356c000,56016896
516880,0x00dfc710,8443,0x041f6000,69165056
600970,0x00dfc780,917,0x0072a000,7512064
243785,0x00dfc790,6839,0x0356e000,56025088
600971,0x00dfc800,918,0x0072c000,7520256
600973,0x00dfc900,919,0x0072e000,7528448
140981,0x00dfc910,3256,0x01970000,26673152
185307,0x00dfc980,4265,0x02152000,34938880
235895,0x00dfc990,4707,0x024c6000,38559744
600975,0x00dfca00,920,0x00730000,7536640
235896,0x00dfca10,4708,0x024c8000,38567936
600976,0x00dfca80,921,0x00732000,7544832
173859,0x00dfca90,3840,0x01e00000,31457280
600977,0x00dfcb00,922,0x00734000,7553024
603721,0x00dfcb10,1640,0x00cd0000,13434880
235898,0x00dfcb20,4709,0x024ca000,38576128
603722,0x00dfcb80,1641,0x00cd2000,13443072
185262,0x00dfcb90,4254,0x0213c000,34848768
244913,0x00dfcba0,7405,0x039da000,60661760
600979,0x00dfcc00,923,0x00736000,7561216
603725,0x00dfcd00,1642,0x00cd4000,13451264
603726,0x00dfcd80,1643,0x00cd6000,13459456
113610,0x00dfcd90,7967,0x03e3e000,65265664
603727,0x00dfce00,1644,0x00cd8000,13467648
115235,0x00dfce10,2798,0x015dc000,22921216
127954,0x00dfce20,3045,0x017ca000,24944640
513140,0x00dfce30,8243,0x04066000,67526656
603728,0x00dfce80,1645,0x00cda000,13475840
244870,0x00dfce90,7385,0x039b2000,60497920
510390,0x00dfcea0,8104,0x03f50000,66387968
603680,0x00dfcf00,1611,0x00c96000,13197312
603729,0x00dfcf10,1646,0x00cdc000,13484032
244871,0x00dfcf20,7386,0x039b4000,60506112
603681,0x00dfcf80,1612,0x00c98000,13205504
115238,0x00dfcf90,2799,0x015de000,22929408
244872,0x00dfcfa0,7387,0x039b6000,60514304
508000,0x00dfcfb0,9358,0x0491c000,76660736
603682,0x00dfd000,1613,0x00c9a000,13213696
244873,0x00dfd010,7388,0x039b8000,60522496
113615,0x00dfd020,7968,0x03e40000,65273856
511520,0x00dfd030,8153,0x03fb2000,66789376
000982,0x00dfd040,9232,0x04820000,75628544
508001,0x00dfd050,9359,0x0491e000,76668928
603683,0x00dfd080,1614,0x00c9c000,13221888
244874,0x00dfd090,7389,0x039ba000,60530688
113616,0x00dfd0a0,7969,0x03e42000,65282048
508002,0x00dfd0b0,9360,0x04920000,76677120
240043,0x00dfd100,4771,0x02546000,39084032
244875,0x00dfd110,7390,0x039bc000,60538880
508003,0x00dfd120,9361,0x04922000,76685312
603685,0x00dfd180,1615,0x00c9e000,13230080
143693,0x00dfd190,3283,0x019a6000,26894336
240044,0x00dfd1a0,4772,0x02548000,39092224
244876,0x00dfd1b0,7391,0x039be000,60547072
603686,0x00dfd200,1616,0x00ca0000,13238272
244877,0x00dfd210,7392,0x039c0000,60555264
000986,0x00dfd220,9233,0x04822000,75636736
508005,0x00dfd230,9362,0x04924000,76693504
603687,0x00dfd280,1617,0x00ca2000,13246464
240046,0x00dfd290,4773,0x0254a000,39100416
000987,0x00dfd2a0,9234,0x04824000,75644928
508006,0x00dfd2b0,9363,0x04926000,76701696
603688,0x00dfd300,1618,0x00ca4000,13254656
240047,0x00dfd310,4774,0x0254c000,39108608
508007,0x00dfd320,9364,0x04928000,76709888
603689,0x00dfd380,1619,0x00ca6000,13262848
143697,0x00dfd390,3284,0x019a8000,26902528
000989,0x00dfd3a0,9235,0x04826000,75653120
508008,0x00dfd3b0,9365,0x0492a000,76718080
138555,0x00dfd400,3209,0x01912000,26288128
508009,0x00dfd410,9366,0x0492c000,76726272
138556,0x00dfd480,3210,0x01914000,26296320
113575,0x00dfd490,7965,0x03e3a000,65249280
152715,0x00dfd580,3514,0x01b74000,28786688
152716,0x00dfd600,3515,0x01b76000,28794880
136937,0x00dfd700,3097,0x01832000,25370624
184733,0x00dfd780,4183,0x020ae000,34267136
136939,0x00dfd800,3098,0x01834000,25378816
155422,0x00dfd810,3637,0x01c6a000,29794304
184734,0x00dfd820,4184,0x020b0000,34275328
171204,0x00dfd880,3786,0x01d94000,31014912
152673,0x00dfd900,3497,0x01b52000,28647424
241130,0x00dfd910,5401,0x02a32000,44244992
152674,0x00dfd980,3498,0x01b54000,28655616
562030,0x00dfda00,8724,0x04428000,71467008
184690,0x00dfda80,4169,0x02092000,34152448
163315,0x00dfdb00,3741,0x01d3a000,30646272
184691,0x00dfdb10,4170,0x02094000,34160640
233247,0x00dfdb20,4633,0x02432000,37953536
241134,0x00dfdb30,5402,0x02a34000,44253184
163316,0x00dfdb80,3742,0x01d3c000,30654464
184692,0x00dfdb90,4171,0x02096000,34168832
241135,0x00dfdba0,5403,0x02a36000,44261376
184693,0x00dfdc00,4172,0x02098000,34177024
241136,0x00dfdc10,5404,0x02a38000,44269568
560410,0x00dfdc20,8606,0x0433c000,70500352
688150,0x00dfdc80,2029,0x00fda000,16621568
184694,0x00dfdc90,4173,0x0209a000,34185216
688151,0x00dfdd00,2030,0x00fdc000,16629760
688152,0x00dfdd80,2031,0x00fde000,16637952
184696,0x00dfdd90,4174,0x0209c000,34193408
241090,0x00dfdda0,5376,0x02a00000,44040192
688153,0x00dfde00,2032,0x00fe0000,16646144
241091,0x00dfde10,5377,0x02a02000,44048384
512570,0x00dfde20,8196,0x04008000,67141632
241092,0x00dfde80,5378,0x02a04000,44056576
688155,0x00dfdf00,2033,0x00fe2000,16654336
241093,0x00dfdf10,5379,0x02a06000,44064768
242220,0x00dfdf20,6037,0x02f2a000,49455104
688156,0x00dfdf80,2034,0x00fe4000,16662528
163275,0x00dfdf90,3739,0x01d36000,30629888
241094,0x00dfdfa0,5380,0x02a08000,44072960
242221,0x00dfdfb0,6038,0x02f2c000,49463296
588100,0x00dfdfc0,8833,0x04502000,72359936
688157,0x00dfe000,2035,0x00fe6000,16670720
175995,0x00dfe010,3886,0x01e5c000,31834112
241095,0x00dfe020,5381,0x02a0a000,44081152
242222,0x00dfe030,6039,0x02f2e000,49471488
510950,0x00dfe040,8130,0x03f84000,66600960
688158,0x00dfe080,2036,0x00fe8000,16678912
241096,0x00dfe090,5382,0x02a0c000,44089344
560370,0x00dfe0a0,8602,0x04334000,70467584
601033,0x00dfe100,963,0x00786000,7888896
688159,0x00dfe110,2037,0x00fea000,16687104
241097,0x00dfe120,5383,0x02a0e000,44097536
242224,0x00dfe130,6040,0x02f30000,49479680
515320,0x00dfe140,8330,0x04114000,68239360
241098,0x00dfe180,5384,0x02a10000,44105728
242225,0x00dfe190,6041,0x02f32000,49487872
137981,0x00dfe200,3196,0x018f8000,26181632
242226,0x00dfe210,6042,0x02f34000,49496064
185826,0x00dfe280,4375,0x0222e000,35840000
185827,0x00dfe300,4376,0x02230000,35848192
242228,0x00dfe310,6043,0x02f36000,49504256
513700,0x00dfe320,8279,0x040ae000,67821568
601038,0x00dfe380,964,0x00788000,7897088
137984,0x00dfe390,3197,0x018fa000,26189824
588060,0x00dfe400,8829,0x044fa000,72327168
185781,0x00dfe480,4367,0x0221e000,35774464
240600,0x00dfe490,5065,0x02792000,41492480
240601,0x00dfe500,5066,0x02794000,41500672
561500,0x00dfe580,8691,0x043e6000,71196672
240603,0x00dfe600,5067,0x02796000,41508864
115753,0x00dfe680,2886,0x0168c000,23642112
185785,0x00dfe690,4368,0x02220000,35782656
240604,0x00dfe6a0,5068,0x02798000,41517056
198049,0x00dfe780,4526,0x0235c000,37076992
513660,0x00dfe790,8277,0x040aa000,67805184
563080,0x00dfe800,8772,0x04488000,71860224
240608,0x00dfe880,5069,0x0279a000,41525248
243310,0x00dfe890,6608,0x033a0000,54132736
240560,0x00dfe900,5045,0x0276a000,41328640
243311,0x00dfe910,6609,0x033a2000,54140928
240561,0x00dfe980,5046,0x0276c000,41336832
242185,0x00dfe990,6019,0x02f06000,49307648
243312,0x00dfe9a0,6610,0x033a4000,54149120
520740,0x00dfea00,8515,0x04286000,69754880
561460,0x00dfea10,8688,0x043e0000,71172096
751100,0x00dfea20,9056,0x046c0000,74186752
242187,0x00dfea80,6020,0x02f08000,49315840
751101,0x00dfea90,9057,0x046c2000,74194944
600500,0x00dfeb00,547,0x00446000,4481024
240564,0x00dfeb10,5047,0x0276e000,41345024
751102,0x00dfeb20,9058,0x046c4000,74203136
600501,0x00dfeb80,548,0x00448000,4489216
242189,0x00dfeb90,6021,0x02f0a000,49324032
243316,0x00dfeba0,6611,0x033a6000,54157312
751103,0x00dfebb0,9059,0x046c6000,74211328
600502,0x00dfec00,549,0x0044a000,4497408
157604,0x00dfec10,3687,0x01cce000,30203904
240566,0x00dfec20,5048,0x02770000,41353216
751104,0x00dfec30,9060,0x046c8000,74219520
600503,0x00dfec80,550,0x0044c000,4505600
188499,0x00dfec90,4448,0x022c0000,36438016
240567,0x00dfeca0,5049,0x02772000,41361408
240568,0x00dfed00,5050,0x02774000,41369600
243270,0x00dfed10,6583,0x0336e000,53927936
751106,0x00dfed20,9061,0x046ca000,74227712
600505,0x00dfed80,551,0x0044e000,4513792
243271,0x00dfed90,6584,0x03370000,53936128
589150,0x00dfeda0,8920,0x045b0000,73072640
751107,0x00dfedb0,9062,0x046cc000,74235904
600506,0x00dfee00,552,0x00450000,4521984
751108,0x00dfee10,9063,0x046ce000,74244096
600507,0x00dfee80,553,0x00452000,4530176
751060,0x00dfee90,9021,0x0467a000,73900032
751109,0x00dfeea0,9064,0x046d0000,74252288
600508,0x00dfef00,554,0x00454000,4538368
243274,0x00dfef10,6585,0x03372000,53944320
516370,0x00dfef20,8405,0x041aa000,68853760
751061,0x00dfef30,9022,0x0467c000,73908224
600460,0x00dfef80,518,0x0040c000,4243456
600509,0x00dfef90,555,0x00456000,4546560
243275,0x00dfefa0,6586,0x03374000,53952512
751062,0x00dfefb0,9023,0x0467e000,73916416
600461,0x00dff000,519,0x0040e000,4251648
751063,0x00dff010,9024,0x04680000,73924608
600462,0x00dff080,520,0x00410000,4259840
600463,0x00dff100,521,0x00412000,4268032
243278,0x00dff110,6587,0x03376000,53960704
751065,0x00dff120,9025,0x04682000,73932800
688710,0x00dff180,2451,0x01326000,20078592
751066,0x00dff190,9026,0x04684000,73940992
688711,0x00dff200,2452,0x01328000,20086784
751067,0x00dff210,9027,0x04686000,73949184
000510,0x00dff280,141,0x0011a000,1155072
603210,0x00dff290,1348,0x00a88000,11042816
688712,0x00dff2a0,2453,0x0132a000,20094976
241650,0x00dff2b0,5732,0x02cc8000,46956544
751068,0x00dff2c0,9028,0x04688000,73957376
600467,0x00dff300,522,0x00414000,4276224
603211,0x00dff310,1349,0x00a8a000,11051008
244402,0x00dff320,7126,0x037ac000,58376192
751069,0x00dff330,9029,0x0468a000,73965568
600468,0x00dff380,523,0x00416000,4284416
603212,0x00dff390,1350,0x00a8c000,11059200
241652,0x00dff3a0,5733,0x02cca000,46964736
244403,0x00dff3b0,7127,0x037ae000,58384384
562550,0x00dff3c0,8742,0x0444c000,71614464
600469,0x00dff400,524,0x00418000,4292608
603213,0x00dff410,1351,0x00a8e000,11067392
241653,0x00dff420,5734,0x02ccc000,46972928
603214,0x00dff480,1352,0x00a90000,11075584
688716,0x00dff490,2454,0x0132c000,20103168
241654,0x00dff4a0,5735,0x02cce000,46981120
603215,0x00dff500,1353,0x00a92000,11083776
688717,0x00dff510,2455,0x0132e000,20111360
241655,0x00dff520,5736,0x02cd0000,46989312
603216,0x00dff580,1354,0x00a94000,11091968
688718,0x00dff590,2456,0x01330000,20119552
241656,0x00dff5a0,5737,0x02cd2000,46997504
244407,0x00dff5b0,7128,0x037b0000,58392576
560930,0x00dff5c0,8648,0x04390000,70844416
603217,0x00dff600,1355,0x00a96000,11100160
688670,0x00dff610,2422,0x012ec000,19841024
688719,0x00dff620,2457,0x01332000,20127744
241657,0x00dff630,5738,0x02cd4000,47005696
244408,0x00dff640,7129,0x037b2000,58400768
603218,0x00dff680,1356,0x00a98000,11108352
688671,0x00dff690,2423,0x012ee000,19849216
244360,0x00dff6a0,7106,0x03784000,58212352
603170,0x00dff700,1311,0x00a3e000,10739712
603219,0x00dff710,1357,0x00a9a000,11116544
241659,0x00dff720,5739,0x02cd6000,47013888
603171,0x00dff780,1312,0x00a40000,10747904
603172,0x00dff800,1313,0x00a42000,10756096
244363,0x00dff810,7107,0x03786000,58220544
511010,0x00dff820,8133,0x03f8a000,66625536
603173,0x00dff880,1314,0x00a44000,10764288
244364,0x00dff890,7108,0x03788000,58228736
688676,0x00dff900,2424,0x012f0000,19857408
242741,0x00dff910,6301,0x0313a000,51617792
244365,0x00dff920,7109,0x0378a000,58236928
603175,0x00dff980,1315,0x00a46000,10772480
688677,0x00dff990,2425,0x012f2000,19865600
242742,0x00dff9a0,6302,0x0313c000,51625984
244366,0x00dff9b0,7110,0x0378c000,58245120
603176,0x00dffa00,1316,0x00a48000,10780672
688678,0x00dffa10,2426,0x012f4000,19873792
242743,0x00dffa20,6303,0x0313e000,51634176
603177,0x00dffa80,1317,0x00a4a000,10788864
688679,0x00dffa90,2427,0x012f6000,19881984
236474,0x00dffaa0,4731,0x024f6000,38756352
242744,0x00dffab0,6304,0x03140000,51642368
515840,0x00dffac0,8362,0x04154000,68501504
603178,0x00dffb00,1318,0x00a4c000,10797056
242745,0x00dffb10,6305,0x03142000,51650560
244369,0x00dffb20,7111,0x0378e000,58253312
113062,0x00dffb30,7961,0x03e32000,65216512
601555,0x00dffb80,1059,0x00846000,8675328
603179,0x00dffb90,1319,0x00a4e000,10805248
019508,0x00dffd00,2601,0x01452000,21307392
113066,0x00dffd10,7962,0x03e34000,65224704
113067,0x00dffd80,7963,0x03e36000,65232896
184220,0x00dffe00,3985,0x01f22000,32645120
184222,0x00dfff00,3986,0x01f24000,32653312
184223,0x00dfff80,3987,0x01f26000,32661504
245450,0x00e00000,7664,0x03be0000,62783488
184226,0x00e00100,3988,0x01f28000,32669696
152164,0x00e00180,3327,0x019fe000,27254784
184227,0x00e00190,3989,0x01f2a000,32677888
512100,0x00e001a0,9435,0x049b6000,77291520
184228,0x00e00200,3990,0x01f2c000,32686080
243830,0x00e00210,6858,0x03594000,56180736
245455,0x00e00280,7665,0x03be2000,62791680
184181,0x00e00300,3970,0x01f04000,32522240
243832,0x00e00310,6859,0x03596000,56188928
175525,0x00e00380,3865,0x01e32000,31662080
243833,0x00e00390,6860,0x03598000,56197120
561980,0x00e003a0,8720,0x04420000,71434240
184183,0x00e00400,3971,0x01f06000,32530432
243834,0x00e00410,6861,0x0359a000,56205312
516930,0x00e00420,8448,0x04200000,69206016
245459,0x00e00480,7666,0x03be4000,62799872
243837,0x00e00580,6862,0x0359c000,56213504
137512,0x00e00600,3100,0x01838000,25395200
243838,0x00e00610,6863,0x0359e000,56221696
512060,0x00e00620,9431,0x049ae000,77258752
184188,0x00e00680,3972,0x01f08000,32538624
243790,0x00e00690,6840,0x03570000,56033280
243791,0x00e00700,6841,0x03572000,56041472
243793,0x00e00800,6842,0x03574000,56049664
243794,0x00e00880,6843,0x03576000,56057856
516890,0x00e00890,8444,0x041f8000,69173248
600980,0x00e00900,924,0x00738000,7569408
600981,0x00e00980,925,0x0073a000,7577600
600982,0x00e00a00,926,0x0073c000,7585792
185315,0x00e00a10,4266,0x02154000,34947072
243797,0x00e00a20,6844,0x03578000,56066048
600983,0x00e00a80,927,0x0073e000,7593984
605358,0x00e00a90,1875,0x00ea6000,15360000
600984,0x00e00b00,928,0x00740000,7602176
243799,0x00e00b10,6845,0x0357a000,56074240
600985,0x00e00b80,929,0x00742000,7610368
244920,0x00e00b90,7406,0x039dc000,60669952
600986,0x00e00c00,930,0x00744000,7618560
603730,0x00e00c10,1647,0x00cde000,13492224
600987,0x00e00c80,931,0x00746000,7626752
244922,0x00e00c90,7407,0x039de000,60678144
600988,0x00e00d00,932,0x00748000,7634944
600989,0x00e00d80,933,0x0074a000,7643136
603733,0x00e00d90,1648,0x00ce0000,13500416
244924,0x00e00da0,7408,0x039e0000,60686336
185274,0x00e00e00,4255,0x0213e000,34856960
244925,0x00e00e10,7409,0x039e2000,60694528
185275,0x00e00e80,4256,0x02140000,34865152
185276,0x00e00f00,4257,0x02142000,34873344
232208,0x00e00f10,4586,0x023d4000,37568512
603737,0x00e00f80,1649,0x00ce2000,13508608
185277,0x00e00f90,4258,0x02144000,34881536
232209,0x00e00fa0,4587,0x023d6000,37576704
513150,0x00e00fb0,8244,0x04068000,67534848
603738,0x00e01000,1650,0x00ce4000,13516800
138603,0x00e01010,3215,0x0191e000,26337280
244880,0x00e01020,7393,0x039c2000,60563456
603690,0x00e01080,1620,0x00ca8000,13271040
603739,0x00e01090,1651,0x00ce6000,13524992
185279,0x00e010a0,4259,0x02146000,34889728
240050,0x00e01100,4775,0x0254e000,39116800
244882,0x00e01110,7394,0x039c4000,60571648
000991,0x00e01120,9236,0x04828000,75661312
508010,0x00e01130,9367,0x0492e000,76734464
244883,0x00e01180,7395,0x039c6000,60579840
113625,0x00e01190,7970,0x03e44000,65290240
000992,0x00e011a0,9237,0x0482a000,75669504
508011,0x00e011b0,9368,0x04930000,76742656
603693,0x00e01200,1621,0x00caa000,13279232
244884,0x00e01210,7396,0x039c8000,60588032
000993,0x00e01220,9238,0x0482c000,75677696
508012,0x00e01230,9369,0x04932000,76750848
244885,0x00e01280,7397,0x039ca000,60596224
113627,0x00e01290,7971,0x03e46000,65298432
138560,0x00e01300,3211,0x01916000,26304512
240054,0x00e01310,4776,0x02550000,39124992
603696,0x00e01380,1622,0x00cac000,13287424
240055,0x00e01390,4777,0x02552000,39133184
244887,0x00e013a0,7398,0x039cc000,60604416
508015,0x00e013b0,9370,0x04934000,76759040
603697,0x00e01400,1623,0x00cae000,13295616
232169,0x00e01410,4583,0x023ce000,37543936
240056,0x00e01420,4778,0x02554000,39141376
508016,0x00e01430,9371,0x04936000,76767232
603698,0x00e01480,1624,0x00cb0000,13303808
240057,0x00e01490,4779,0x02556000,39149568
508017,0x00e014a0,9372,0x04938000,76775424
603699,0x00e01500,1625,0x00cb2000,13312000
240058,0x00e01510,4780,0x02558000,39157760
508018,0x00e01520,9373,0x0493a000,76783616
152722,0x00e01580,3516,0x01b78000,28803072
240059,0x00e01590,4781,0x0255a000,39165952
508019,0x00e015a0,9374,0x0493c000,76791808
152725,0x00e01700,3517,0x01b7a000,28811264
157051,0x00e01710,3671,0x01cae000,30072832
138569,0x00e01780,3212,0x01918000,26312704
157054,0x00e01880,3672,0x01cb0000,30081024
152680,0x00e01900,3499,0x01b56000,28663808
152729,0x00e01910,3518,0x01b7c000,28819456
688200,0x00e01980,2075,0x01036000,16998400
152681,0x00e01990,3500,0x01b58000,28672000
184744,0x00e019a0,4185,0x020b2000,34283520
688201,0x00e01a00,2076,0x01038000,17006592
152682,0x00e01a10,3501,0x01b5a000,28680192
688202,0x00e01a80,2077,0x0103a000,17014784
152683,0x00e01a90,3502,0x01b5c000,28688384
000001,0x00e01b00,0,0x00000000,0
688203,0x00e01b10,2078,0x0103c000,17022976
152684,0x00e01b20,3503,0x01b5e000,28696576
163322,0x00e01b30,3743,0x01d3e000,30662656
241141,0x00e01b40,5405,0x02a3a000,44277760
512620,0x00e01b50,8199,0x0400e000,67166208
000002,0x00e01b80,1,0x00002000,8192
163323,0x00e01b90,3744,0x01d40000,30670848
241142,0x00e01ba0,5406,0x02a3c000,44285952
000003,0x00e01c00,2,0x00004000,16384
688205,0x00e01c10,2079,0x0103e000,17031168
152686,0x00e01c20,3504,0x01b60000,28704768
000004,0x00e01c80,3,0x00006000,24576
688206,0x00e01c90,2080,0x01040000,17039360
152687,0x00e01ca0,3505,0x01b62000,28712960
000005,0x00e01d00,4,0x00008000,32768
688207,0x00e01d10,2081,0x01042000,17047552
152688,0x00e01d20,3506,0x01b64000,28721152
241145,0x00e01d30,5407,0x02a3e000,44294144
000006,0x00e01d80,5,0x0000a000,40960
688208,0x00e01d90,2082,0x01044000,17055744
155391,0x00e01da0,3632,0x01c60000,29753344
241146,0x00e01db0,5408,0x02a40000,44302336
560420,0x00e01dc0,8607,0x0433e000,70508544
000007,0x00e01e00,6,0x0000c000,49152
688160,0x00e01e10,2038,0x00fec000,16695296
688209,0x00e01e20,2083,0x01046000,17063936
241147,0x00e01e30,5409,0x02a42000,44310528
000008,0x00e01e80,7,0x0000e000,57344
688161,0x00e01e90,2039,0x00fee000,16703488
000009,0x00e01f00,8,0x00010000,65536
688162,0x00e01f10,2040,0x00ff0000,16711680
241149,0x00e01f20,5410,0x02a44000,44318720
688163,0x00e01f80,2041,0x00ff2000,16719872
512580,0x00e01f90,8197,0x0400a000,67149824
155396,0x00e02000,3633,0x01c62000,29761536
688165,0x00e02080,2042,0x00ff4000,16728064
242230,0x00e02090,6044,0x02f38000,49512448
688166,0x00e02100,2043,0x00ff6000,16736256
588110,0x00e02110,8834,0x04504000,72368128
688167,0x00e02180,2044,0x00ff8000,16744448
185831,0x00e02190,4377,0x02232000,35856384
688168,0x00e02200,2045,0x00ffa000,16752640
560380,0x00e02210,8603,0x04336000,70475776
688169,0x00e02280,2046,0x00ffc000,16760832
515330,0x00e02290,8331,0x04116000,68247552
115802,0x00e02300,2893,0x0169a000,23699456
163289,0x00e02310,3740,0x01d38000,30638080
530300,0x00e02320,8552,0x042d0000,70057984
137991,0x00e02380,3198,0x018fc000,26198016
242236,0x00e02390,6045,0x02f3a000,49520640
242237,0x00e02400,6046,0x02f3c000,49528832
242238,0x00e02480,6047,0x02f3e000,49537024
115806,0x00e02500,2894,0x0169c000,23707648
137994,0x00e02510,3199,0x018fe000,26206208
185838,0x00e02520,4378,0x02234000,35864576
242239,0x00e02530,6048,0x02f40000,49545216
137995,0x00e02580,3200,0x01900000,26214400
588070,0x00e02590,8830,0x044fc000,72335360
240611,0x00e02680,5070,0x0279c000,41533440
240612,0x00e02700,5071,0x0279e000,41541632
515290,0x00e02710,8327,0x0410e000,68214784
561510,0x00e02720,8692,0x043e8000,71204864
115762,0x00e02780,2887,0x0168e000,23650304
240613,0x00e02790,5072,0x027a0000,41549824
240615,0x00e02880,5073,0x027a2000,41558016
115765,0x00e02900,2888,0x01690000,23658496
240616,0x00e02910,5074,0x027a4000,41566208
242191,0x00e02920,6022,0x02f0c000,49332224
185798,0x00e02980,4369,0x02222000,35790848
240617,0x00e02990,5075,0x027a6000,41574400
563090,0x00e029a0,8773,0x0448a000,71868416
240618,0x00e02a00,5076,0x027a8000,41582592
243320,0x00e02a10,6612,0x033a8000,54165504
240570,0x00e02a80,5051,0x02776000,41377792
589200,0x00e02a90,8925,0x045ba000,73113600
115769,0x00e02b00,2889,0x01692000,23666688
243322,0x00e02b10,6613,0x033aa000,54173696
240572,0x00e02b80,5052,0x02778000,41385984
243323,0x00e02b90,6614,0x033ac000,54181888
520750,0x00e02ba0,8516,0x04288000,69763072
561470,0x00e02bb0,8689,0x043e2000,71180288
751110,0x00e02bc0,9065,0x046d2000,74260480
240573,0x00e02c00,5053,0x0277a000,41394176
243324,0x00e02c10,6615,0x033ae000,54190080
751111,0x00e02c20,9066,0x046d4000,74268672
600510,0x00e02c80,556,0x00458000,4554752
243325,0x00e02c90,6616,0x033b0000,54198272
751112,0x00e02ca0,9067,0x046d6000,74276864
600511,0x00e02d00,557,0x0045a000,4562944
242199,0x00e02d10,6023,0x02f0e000,49340416
243326,0x00e02d20,6617,0x033b2000,54206464
751113,0x00e02d30,9068,0x046d8000,74285056
600512,0x00e02d80,558,0x0045c000,4571136
751114,0x00e02d90,9069,0x046da000,74293248
600513,0x00e02e00,559,0x0045e000,4579328
751115,0x00e02e10,9070,0x046dc000,74301440
240578,0x00e02e80,5054,0x0277c000,41402368
243280,0x00e02e90,6588,0x03378000,53968896
600515,0x00e02f00,560,0x00460000,4587520
243281,0x00e02f10,6589,0x0337a000,53977088
589160,0x00e02f20,8921,0x045b2000,73080832
600516,0x00e02f80,561,0x00462000,4595712
241700,0x00e02f90,5761,0x02d02000,47194112
600517,0x00e03000,562,0x00464000,4603904
600518,0x00e03080,563,0x00466000,4612096
243284,0x00e03090,6590,0x0337c000,53985280
516380,0x00e030a0,8406,0x041ac000,68861952
562600,0x00e030b0,8747,0x04456000,71655424
751071,0x00e030c0,9030,0x0468c000,73973760
600470,0x00e03100,525,0x0041a000,4300800
600519,0x00e03110,564,0x00468000,4620288
241703,0x00e03120,5762,0x02d04000,47202304
751072,0x00e03130,9031,0x0468e000,73981952
241704,0x00e03180,5763,0x02d06000,47210496
243286,0x00e03190,6591,0x0337e000,53993472
235393,0x00e03200,4684,0x02498000,38371328
751074,0x00e03210,9032,0x04690000,73990144
233770,0x00e03280,4656,0x02460000,38141952
241706,0x00e03290,5764,0x02d08000,47218688
243288,0x00e032a0,6592,0x03380000,54001664
751075,0x00e032b0,9033,0x04692000,73998336
688720,0x00e03300,2458,0x01334000,20135936
233771,0x00e03310,4657,0x02462000,38150144
241707,0x00e03320,5765,0x02d0a000,47226880
243289,0x00e03330,6593,0x03382000,54009856
751076,0x00e03340,9034,0x04694000,74006528
600475,0x00e03380,526,0x0041c000,4308992
688721,0x00e03390,2459,0x01336000,20144128
241708,0x00e033a0,5766,0x02d0c000,47235072
751077,0x00e033b0,9035,0x04696000,74014720
600476,0x00e03400,527,0x0041e000,4317184
603220,0x00e03410,1358,0x00a9c000,11124736
688722,0x00e03420,2460,0x01338000,20152320
244411,0x00e03430,7130,0x037b4000,58408960
751078,0x00e03440,9036,0x04698000,74022912
600477,0x00e03480,528,0x00420000,4325376
603221,0x00e03490,1359,0x00a9e000,11132928
241661,0x00e034a0,5740,0x02cd8000,47022080
751079,0x00e034b0,9037,0x0469a000,74031104
600478,0x00e03500,529,0x00422000,4333568
603222,0x00e03510,1360,0x00aa0000,11141120
241662,0x00e03520,5741,0x02cda000,47030272
244413,0x00e03530,7131,0x037b6000,58417152
562560,0x00e03540,8743,0x0444e000,71622656
600479,0x00e03580,530,0x00424000,4341760
603223,0x00e03590,1361,0x00aa2000,11149312
241663,0x00e035a0,5742,0x02cdc000,47038464
601600,0x00e03600,1069,0x0085a000,8757248
688726,0x00e03610,2461,0x0133a000,20160512
241664,0x00e03620,5743,0x02cde000,47046656
244415,0x00e03630,7132,0x037b8000,58425344
502048,0x00e03640,9348,0x04908000,76578816
601601,0x00e03680,1070,0x0085c000,8765440
603225,0x00e03690,1362,0x00aa4000,11157504
688727,0x00e036a0,2462,0x0133c000,20168704
143233,0x00e036b0,3268,0x01988000,26771456
244416,0x00e036c0,7133,0x037ba000,58433536
603226,0x00e03700,1363,0x00aa6000,11165696
688728,0x00e03710,2463,0x0133e000,20176896
244417,0x00e03720,7134,0x037bc000,58441728
603227,0x00e03780,1364,0x00aa8000,11173888
688680,0x00e03790,2428,0x012f8000,19890176
688729,0x00e037a0,2464,0x01340000,20185088
127454,0x00e037b0,3014,0x0178c000,24690688
244418,0x00e037c0,7135,0x037be000,58449920
603228,0x00e03800,1365,0x00aaa000,11182080
688681,0x00e03810,2429,0x012fa000,19898368
241668,0x00e03820,5744,0x02ce0000,47054848
603180,0x00e03880,1320,0x00a50000,10813440
603229,0x00e03890,1366,0x00aac000,11190272
688682,0x00e038a0,2430,0x012fc000,19906560
127456,0x00e038b0,3015,0x0178e000,24698880
244371,0x00e038c0,7112,0x03790000,58261504
601606,0x00e03900,1071,0x0085e000,8773632
603181,0x00e03910,1321,0x00a52000,10821632
688683,0x00e03920,2431,0x012fe000,19914752
244372,0x00e03930,7113,0x03792000,58269696
601607,0x00e03980,1072,0x00860000,8781824
603182,0x00e03990,1322,0x00a54000,10829824
511020,0x00e039a0,8134,0x03f8c000,66633728
601608,0x00e03a00,1073,0x00862000,8790016
603183,0x00e03a10,1323,0x00a56000,10838016
688685,0x00e03a20,2432,0x01300000,19922944
127459,0x00e03a30,3016,0x01790000,24707072
601609,0x00e03a80,1074,0x00864000,8798208
688686,0x00e03a90,2433,0x01302000,19931136
019510,0x00e03aa0,2602,0x01454000,21315584
242751,0x00e03ab0,6306,0x03144000,51658752
603185,0x00e03b00,1324,0x00a58000,10846208
688687,0x00e03b10,2434,0x01304000,19939328
242752,0x00e03b20,6307,0x03146000,51666944
244376,0x00e03b30,7114,0x03794000,58277888
603186,0x00e03b80,1325,0x00a5a000,10854400
244377,0x00e03b90,7115,0x03796000,58286080
113070,0x00e03ba0,7964,0x03e38000,65241088
518600,0x00e03bb0,8485,0x0424a000,69509120
603187,0x00e03c00,1326,0x00a5c000,10862592
688689,0x00e03c10,2435,0x01306000,19947520
234909,0x00e03c20,4677,0x0248a000,38313984
242754,0x00e03c30,6308,0x03148000,51675136
515850,0x00e03c40,8363,0x04156000,68509696
603188,0x00e03c80,1327,0x00a5e000,10870784
603189,0x00e03d00,1328,0x00a60000,10878976
601566,0x00e03d80,1060,0x00848000,8683520
242757,0x00e03d90,6309,0x0314a000,51683328
601567,0x00e03e00,1061,0x0084a000,8691712
019517,0x00e03e10,2603,0x01456000,21323776
152213,0x00e03e20,3331,0x01a06000,27287552
601568,0x00e03e80,1062,0x0084c000,8699904
136433,0x00e03e90,3064,0x017f0000,25100288
563650,0x00e03ea0,8800,0x044c0000,72089600
234866,0x00e03f00,4670,0x0247c000,38256640
245504,0x00e03f10,7681,0x03c02000,62922752
184230,0x00e03f80,3991,0x01f2e000,32694272
234867,0x00e03f90,4671,0x0247e000,38264832
245505,0x00e03fa0,7682,0x03c04000,62930944
152217,0x00e04000,3332,0x01a08000,27295744
245460,0x00e04180,7667,0x03be6000,62808064
245509,0x00e04190,7683,0x03c06000,62939136
184237,0x00e04300,3992,0x01f30000,32702464
184190,0x00e04400,3973,0x01f0a000,32546816
184239,0x00e04410,3993,0x01f32000,32710656
589720,0x00e04420,8956,0x045f8000,73367552
152177,0x00e04480,3328,0x01a00000,27262976
243842,0x00e04490,6864,0x035a0000,56229888
184192,0x00e04500,3974,0x01f0c000,32555008
243843,0x00e04510,6865,0x035a2000,56238080
245467,0x00e04520,7668,0x03be8000,62816256
561990,0x00e04530,8721,0x04422000,71442432
184193,0x00e04580,3975,0x01f0e000,32563200
245468,0x00e04590,7669,0x03bea000,62824448
245469,0x00e04600,7670,0x03bec000,62832640
184195,0x00e04680,3976,0x01f10000,32571392
235952,0x00e04690,4717,0x024da000,38641664
137521,0x00e04700,3101,0x0183a000,25403392
235953,0x00e04710,4718,0x024dc000,38649856
243847,0x00e04720,6866,0x035a4000,56246272
235954,0x00e04780,4719,0x024de000,38658048
243848,0x00e04790,6867,0x035a6000,56254464
512070,0x00e047a0,9432,0x049b0000,77266944
243849,0x00e04800,6868,0x035a8000,56262656
589680,0x00e04880,8954,0x045f4000,73351168
185320,0x00e04900,4267,0x02156000,34955264
600990,0x00e04a80,934,0x0074c000,7651328
605365,0x00e04a90,1876,0x00ea8000,15368192
137528,0x00e04aa0,3102,0x0183c000,25411584
605366,0x00e04b00,1877,0x00eaa000,15376384
600992,0x00e04b80,935,0x0074e000,7659520
185325,0x00e04b90,4268,0x02158000,34963456
600993,0x00e04c00,936,0x00750000,7667712
605368,0x00e04c10,1878,0x00eac000,15384576
185326,0x00e04c20,4269,0x0215a000,34971648
605369,0x00e04c80,1879,0x00eae000,15392768
185327,0x00e04c90,4270,0x0215c000,34979840
232210,0x00e04ca0,4588,0x023d8000,37584896
513200,0x00e04cb0,8249,0x04072000,67575808
600995,0x00e04d00,937,0x00752000,7675904
244930,0x00e04d10,7410,0x039e4000,60702720
600996,0x00e04d80,938,0x00754000,7684096
244931,0x00e04d90,7411,0x039e6000,60710912
600997,0x00e04e00,939,0x00756000,7692288
185281,0x00e04e10,4260,0x02148000,34897920
244932,0x00e04e20,7412,0x039e8000,60719104
600998,0x00e04e80,940,0x00758000,7700480
244933,0x00e04e90,7413,0x039ea000,60727296
600999,0x00e04f00,941,0x0075a000,7708672
185283,0x00e04f10,4261,0x0214a000,34906112
240102,0x00e04f20,4805,0x0258a000,39362560
561000,0x00e04f30,8653,0x0439a000,70885376
127972,0x00e05000,3046,0x017cc000,24952832
138610,0x00e05010,3216,0x01920000,26345472
244936,0x00e05020,7414,0x039ec000,60735488
517990,0x00e05030,8484,0x04248000,69500928
138611,0x00e05080,3217,0x01922000,26353664
143754,0x00e05090,3285,0x019aa000,26910720
240105,0x00e050a0,4806,0x0258c000,39370752
244937,0x00e050b0,7415,0x039ee000,60743680
240106,0x00e05100,4807,0x0258e000,39378944
113631,0x00e05110,7972,0x03e48000,65306624
513160,0x00e05120,8245,0x0406a000,67543040
143756,0x00e05180,3286,0x019ac000,26918912
244890,0x00e05190,7399,0x039ce000,60612608
244939,0x00e051a0,7416,0x039f0000,60751872
113633,0x00e05200,7973,0x03e4a000,65314816
115258,0x00e05280,2800,0x015e0000,22937600
232173,0x00e05290,4584,0x023d0000,37552128
240060,0x00e052a0,4782,0x0255c000,39174144
240109,0x00e052b0,4808,0x02590000,39387136
244892,0x00e052c0,7400,0x039d0000,60620800
113634,0x00e052d0,7974,0x03e4c000,65323008
508020,0x00e052e0,9375,0x0493e000,76800000
508021,0x00e05300,9376,0x04940000,76808192
244894,0x00e05380,7401,0x039d2000,60628992
113636,0x00e05390,7975,0x03e4e000,65331200
508022,0x00e053a0,9377,0x04942000,76816384
244895,0x00e05400,7402,0x039d4000,60637184
118005,0x00e05410,8024,0x03eb0000,65732608
600000,0x00e05480,180,0x00168000,1474560
240064,0x00e05490,4783,0x0255e000,39182336
113638,0x00e054a0,7976,0x03e50000,65339392
240065,0x00e05500,4784,0x02560000,39190528
244897,0x00e05510,7403,0x039d6000,60645376
118007,0x00e05520,8025,0x03eb2000,65740800
508026,0x00e05580,9378,0x04944000,76824576
240067,0x00e05600,4785,0x02562000,39198720
508027,0x00e05610,9379,0x04946000,76832768
600004,0x00e05680,181,0x0016a000,1482752
152731,0x00e05690,3519,0x01b7e000,28827648
508028,0x00e056a0,9380,0x04948000,76840960
240069,0x00e05700,4786,0x02564000,39206912
508029,0x00e05710,9381,0x0494a000,76849152
600006,0x00e05780,182,0x0016c000,1490944
600007,0x00e05800,183,0x0016e000,1499136
600008,0x00e05880,184,0x00170000,1507328
152735,0x00e05890,3520,0x01b80000,28835840
600009,0x00e05900,185,0x00172000,1515520
160582,0x00e05980,3703,0x01cee000,30334976
152690,0x00e05a80,3507,0x01b66000,28729344
688210,0x00e05b00,2084,0x01048000,17072128
152691,0x00e05b10,3508,0x01b68000,28737536
688211,0x00e05b80,2085,0x0104a000,17080320
000010,0x00e05c00,9,0x00012000,73728
688212,0x00e05c10,2086,0x0104c000,17088512
152693,0x00e05c20,3509,0x01b6a000,28745728
000011,0x00e05c80,10,0x00014000,81920
688213,0x00e05c90,2087,0x0104e000,17096704
147551,0x00e05ca0,3299,0x019c6000,27025408
152694,0x00e05cb0,3510,0x01b6c000,28753920
157069,0x00e05cc0,3673,0x01cb2000,30089216
184757,0x00e05cd0,4186,0x020b4000,34291712
512630,0x00e05ce0,8200,0x04010000,67174400
000012,0x00e05d00,11,0x00016000,90112
241152,0x00e05d10,5411,0x02a46000,44326912
562050,0x00e05d20,8725,0x0442a000,71475200
688215,0x00e05d80,2088,0x01050000,17104896
233266,0x00e05d90,4634,0x02434000,37961728
241153,0x00e05da0,5412,0x02a48000,44335104
517000,0x00e05db0,8453,0x0420a000,69246976
688216,0x00e05e00,2089,0x01052000,17113088
155448,0x00e05e10,3638,0x01c6c000,29802496
000015,0x00e05e80,12,0x00018000,98304
688217,0x00e05e90,2090,0x01054000,17121280
241155,0x00e05ea0,5413,0x02a4a000,44343296
000016,0x00e05f00,13,0x0001a000,106496
688218,0x00e05f10,2091,0x01056000,17129472
152699,0x00e05f20,3511,0x01b6e000,28762112
171182,0x00e05f30,3783,0x01d8e000,30990336
241156,0x00e05f40,5414,0x02a4c000,44351488
000017,0x00e05f80,14,0x0001c000,114688
688170,0x00e05f90,2047,0x00ffe000,16769024
688219,0x00e05fa0,2092,0x01058000,17137664
241157,0x00e05fb0,5415,0x02a4e000,44359680
152929,0x00e50000,3665,0x01ca2000,30023680
152935,0x00e50010,3666,0x01ca4000,30031872
152937,0x00e50020,3667,0x01ca6000,30040064
152944,0x00e50030,3668,0x01ca8000,30048256
152948,0x00e50040,3669,0x01caa000,30056448
152949,0x00e50050,3670,0x01cac000,30064640
152950,0x00e50060,3671,0x01cae000,30072832
152952,0x00e50070,3672,0x01cb0000,30081024
152961,0x00e50080,3673,0x01cb2000,30089216
152962,0x00e50090,3674,0x01cb4000,30097408
152963,0x00e500a0,3675,0x01cb6000,30105600
152967,0x00e500b0,3676,0x01cb8000,30113792
152975,0x00e500c0,3677,0x01cba000,30121984
152981,0x00e500d0,3678,0x01cbc000,30130176
152982,0x00e500e0,3679,0x01cbe000,30138368
152986,0x00e500f0,3680,0x01cc0000,30146560
152988,0x00e50100,3681,0x01cc2000,30154752
152991,0x00e50110,3682,0x01cc4000,30162944
152992,0x00e50120,3683,0x01cc6000,30171136
152993,0x00e50130,3684,0x01cc8000,30179328
152994,0x00e50140,3685,0x01cca000,30187520
152995,0x00e50150,3686,0x01ccc000,30195712
155009,0x00e50160,3687,0x01cce000,30203904
155013,0x00e50170,3688,0x01cd0000,30212096
155029,0x00e50180,3689,0x01cd2000,30220288
155039,0x00e50190,3690,0x01cd4000,30228480
155041,0x00e501a0,3691,0x01cd6000,30236672
155061,0x00e501b0,3692,0x01cd8000,30244864
155090,0x00e501c0,3693,0x01cda000,30253056
155092,0x00e501d0,3694,0x01cdc000,30261248
155102,0x00e501e0,3695,0x01cde000,30269440
155103,0x00e501f0,3696,0x01ce0000,30277632
155106,0x00e50200,3697,0x01ce2000,30285824
155117,0x00e50210,3698,0x01ce4000,30294016
155163,0x00e50220,3699,0x01ce6000,30302208
155181,0x00e50230,3700,0x01ce8000,30310400
155195,0x00e50240,3701,0x01cea000,30318592
155197,0x00e50250,3702,0x01cec000,30326784
155205,0x00e50260,3703,0x01cee000,30334976
155206,0x00e50270,3704,0x01cf0000,30343168
155250,0x00e50280,3705,0x01cf2000,30351360
155255,0x00e50290,3706,0x01cf4000,30359552
155256,0x00e502a0,3707,0x01cf6000,30367744
155271,0x00e502b0,3708,0x01cf8000,30375936
155273,0x00e502c0,3709,0x01cfa000,30384128
155304,0x00e502d0,3710,0x01cfc000,30392320
155349,0x00e502e0,3711,0x01cfe000,30400512
155357,0x00e502f0,3712,0x01d00000,30408704
155391,0x00e50300,3713,0x01d02000,30416896
155396,0x00e50310,3714,0x01d04000,30425088
155405,0x00e50320,3715,0x01d06000,30433280
155406,0x00e50330,3716,0x01d08000,30441472
155407,0x00e50340,3717,0x01d0a000,30449664
155422,0x00e50350,3718,0x01d0c000,30457856
155448,0x00e50360,3719,0x01d0e000,30466048
155457,0x00e50370,3720,0x01d10000,30474240
155476,0x00e50380,3721,0x01d12000,30482432
155484,0x00e50390,3722,0x01d14000,30490624
155493,0x00e503a0,3723,0x01d16000,30498816
155500,0x00e503b0,3724,0x01d18000,30507008
155501,0x00e503c0,3725,0x01d1a000,30515200
155529,0x00e503d0,3726,0x01d1c000,30523392
155530,0x00e503e0,3727,0x01d1e000,30531584
155561,0x00e503f0,3728,0x01d20000,30539776
155585,0x00e50400,3729,0x01d22000,30547968
155594,0x00e50410,3730,0x01d24000,30556160
155606,0x00e50420,3731,0x01d26000,30564352
155614,0x00e50430,3732,0x01d28000,30572544
155615,0x00e50440,3733,0x01d2a000,30580736
155627,0x00e50450,3734,0x01d2c000,30588928
155661,0x00e50460,3735,0x01d2e000,30597120
155675,0x00e50470,3736,0x01d30000,30605312
155681,0x00e50480,3737,0x01d32000,30613504
155688,0x00e50490,3738,0x01d34000,30621696
155708,0x00e504a0,3739,0x01d36000,30629888
155719,0x00e504b0,3740,0x01d38000,30638080
155739,0x00e504c0,3741,0x01d3a000,30646272
155761,0x00e504d0,3742,0x01d3c000,30654464
155818,0x00e504e0,3743,0x01d3e000,30662656
155831,0x00e504f0,3744,0x01d40000,30670848
155832,0x00e50500,3745,0x01d42000,30679040
155843,0x00e50510,3746,0x01d44000,30687232
155865,0x00e50520,3747,0x01d46000,30695424
155866,0x00e50530,3748,0x01d48000,30703616
155885,0x00e50540,3749,0x01d4a000,30711808
155923,0x00e50550,3750,0x01d4c000,30720000
155930,0x00e50560,3751,0x01d4e000,30728192
157051,0x00e50570,3752,0x01d50000,30736384
157054,0x00e50580,3753,0x01d52000,30744576
157069,0x00e50590,3754,0x01d54000,30752768
157081,0x00e505a0,3755,0x01d56000,30760960
157123,0x00e505b0,3756,0x01d58000,30769152
157153,0x00e505c0,3757,0x01d5a000,30777344
157158,0x00e505d0,3758,0x01d5c000,30785536
157160,0x00e505e0,3759,0x01d5e000,30793728
157224,0x00e505f0,3760,0x01d60000,30801920
157227,0x00e50600,3761,0x01d62000,30810112
157339,0x00e50610,3762,0x01d64000,30818304
157369,0x00e50620,3763,0x01d66000,30826496
157370,0x00e50630,3764,0x01d68000,30834688
157505,0x00e50640,3765,0x01d6a000,30842880
157530,0x00e50650,3766,0x01d6c000,30851072
157537,0x00e50660,3767,0x01d6e000,30859264
157604,0x00e50670,3768,0x01d70000,30867456
157673,0x00e50680,3769,0x01d72000,30875648
157711,0x00e50690,3770,0x01d74000,30883840
160038,0x00e506a0,3771,0x01d76000,30892032
160099,0x00e506b0,3772,0x01d78000,30900224
160120,0x00e506c0,3773,0x01d7a000,30908416
160153,0x00e506d0,3774,0x01d7c000,30916608
160333,0x00e506e0,3775,0x01d7e000,30924800
160337,0x00e506f0,3776,0x01d80000,30932992
160339,0x00e50700,3777,0x01d82000,30941184
160346,0x00e50710,3778,0x01d84000,30949376
160370,0x00e50720,3779,0x01d86000,30957568
160400,0x00e50730,3780,0x01d88000,30965760
160455,0x00e50740,3781,0x01d8a000,30973952
160462,0x00e50750,3782,0x01d8c000,30982144
160492,0x00e50760,3783,0x01d8e000,30990336
160582,0x00e50770,3784,0x01d90000,30998528
160748,0x00e50780,3785,0x01d92000,31006720
160750,0x00e50790,3786,0x01d94000,31014912
160789,0x00e507a0,3787,0x01d96000,31023104
160952,0x00e507b0,3788,0x01d98000,31031296
160973,0x00e507c0,3789,0x01d9a000,31039488
160977,0x00e507d0,3790,0x01d9c000,31047680
160980,0x00e507e0,3791,0x01d9e000,31055872
163011,0x00e507f0,3792,0x01da0000,31064064
163012,0x00e50800,3793,0x01da2000,31072256
163015,0x00e50810,3794,0x01da4000,31080448
163023,0x00e50820,3795,0x01da6000,31088640
163025,0x00e50830,3796,0x01da8000,31096832
163050,0x00e50840,3797,0x01daa000,31105024
163058,0x00e50850,3798,0x01dac000,31113216
163100,0x00e50860,3799,0x01dae000,31121408
163112,0x00e50870,3800,0x01db0000,31129600
163115,0x00e50880,3801,0x01db2000,31137792
163123,0x00e50890,3802,0x01db4000,31145984
163140,0x00e508a0,3803,0x01db6000,31154176
163141,0x00e508b0,3804,0x01db8000,31162368
163142,0x00e508c0,3805,0x01dba000,31170560
163161,0x00e508d0,3806,0x01dbc000,31178752
163175,0x00e508e0,3807,0x01dbe000,31186944
163182,0x00e508f0,3808,0x01dc0000,31195136
163188,0x00e50900,3809,0x01dc2000,31203328
163197,0x00e50910,3810,0x01dc4000,31211520
163199,0x00e50920,3811,0x01dc6000,31219712
163208,0x00e50930,3812,0x01dc8000,31227904
163215,0x00e50940,3813,0x01dca000,31236096
163216,0x00e50950,3814,0x01dcc000,31244288
163236,0x00e50960,3815,0x01dce000,31252480
163238,0x00e50970,3816,0x01dd0000,31260672
163248,0x00e50980,3817,0x01dd2000,31268864
163258,0x00e50990,3818,0x01dd4000,31277056
163262,0x00e509a0,3819,0x01dd6000,31285248
163275,0x00e509b0,3820,0x01dd8000,31293440
163289,0x00e509c0,3821,0x01dda000,31301632
163315,0x00e509d0,3822,0x01ddc000,31309824
163316,0x00e509e0,3823,0x01dde000,31318016
163322,0x00e509f0,3824,0x01de0000,31326208
163323,0x00e50a00,3825,0x01de2000,31334400
163346,0x00e50a10,3826,0x01de4000,31342592
163347,0x00e50a20,3827,0x01de6000,31350784
163376,0x00e50a30,3828,0x01de8000,31358976
163377,0x00e50a40,3829,0x01dea000,31367168
163379,0x00e50a50,3830,0x01dec000,31375360
163382,0x00e50a60,3831,0x01dee000,31383552
163385,0x00e50a70,3832,0x01df0000,31391744
163386,0x00e50a80,3833,0x01df2000,31399936
163388,0x00e50a90,3834,0x01df4000,31408128
163402,0x00e50aa0,3835,0x01df6000,31416320
163452,0x00e50ab0,3836,0x01df8000,31424512
163460,0x00e50ac0,3837,0x01dfa000,31432704
163461,0x00e50ad0,3838,0x01dfc000,31440896
163464,0x00e50ae0,3839,0x01dfe000,31449088
163472,0x00e50af0,3840,0x01e00000,31457280
163478,0x00e50b00,3841,0x01e02000,31465472
163492,0x00e50b10,3842,0x01e04000,31473664
163539,0x00e50b20,3843,0x01e06000,31481856
163540,0x00e50b30,3844,0x01e08000,31490048
163571,0x00e50b40,3845,0x01e0a000,31498240
163592,0x00e50b50,3846,0x01e0c000,31506432
163625,0x00e50b60,3847,0x01e0e000,31514624
163644,0x00e50b70,3848,0x01e10000,31522816
163659,0x00e50b80,3849,0x01e12000,31531008
163681,0x00e50b90,3850,0x01e14000,31539200
163722,0x00e50ba0,3851,0x01e16000,31547392
163761,0x00e50bb0,3852,0x01e18000,31555584
163782,0x00e50bc0,3853,0x01e1a000,31563776
163788,0x00e50bd0,3854,0x01e1c000,31571968
163901,0x00e50be0,3855,0x01e1e000,31580160
163911,0x00e50bf0,3856,0x01e20000,31588352
163935,0x00e50c00,3857,0x01e22000,31596544
163941,0x00e50c10,3858,0x01e24000,31604736
171037,0x00e50c20,3859,0x01e26000,31612928
171135,0x00e50c30,3860,0x01e28000,31621120
171141,0x00e50c40,3861,0x01e2a000,31629312
171156,0x00e50c50,3862,0x01e2c000,31637504
171159,0x00e50c60,3863,0x01e2e000,31645696
171182,0x00e50c70,3864,0x01e30000,31653888
171188,0x00e50c80,3865,0x01e32000,31662080
171196,0x00e50c90,3866,0x01e34000,31670272
171204,0x00e50ca0,3867,0x01e36000,31678464
171293,0x00e50cb0,3868,0x01e38000,31686656
171307,0x00e50cc0,3869,0x01e3a000,31694848
171309,0x00e50cd0,3870,0x01e3c000,31703040
171347,0x00e50ce0,3871,0x01e3e000,31711232
171352,0x00e50cf0,3872,0x01e40000,31719424
171359,0x00e50d00,3873,0x01e42000,31727616
171511,0x00e50d10,3874,0x01e44000,31735808
171571,0x00e50d20,3875,0x01e46000,31744000
171748,0x00e50d30,3876,0x01e48000,31752192
171767,0x00e50d40,3877,0x01e4a000,31760384
171865,0x00e50d50,3878,0x01e4c000,31768576
173082,0x00e50d60,3879,0x01e4e000,31776768
173083,0x00e50d70,3880,0x01e50000,31784960
173090,0x00e50d80,3881,0x01e52000,31793152
173098,0x00e50d90,3882,0x01e54000,31801344
173119,0x00e50da0,3883,0x01e56000,31809536
173125,0x00e50db0,3884,0x01e58000,31817728
173127,0x00e50dc0,3885,0x01e5a000,31825920
173149,0x00e50dd0,3886,0x01e5c000,31834112
173167,0x00e50de0,3887,0x01e5e000,31842304
173175,0x00e50df0,3888,0x01e60000,31850496
173177,0x00e50e00,3889,0x01e62000,31858688
173178,0x00e50e10,3890,0x01e64000,31866880
173186,0x00e50e20,3891,0x01e66000,31875072
173187,0x00e50e30,3892,0x01e68000,31883264
173189,0x00e50e40,3893,0x01e6a000,31891456
173199,0x00e50e50,3894,0x01e6c000,31899648
173202,0x00e50e60,3895,0x01e6e000,31907840
173210,0x00e50e70,3896,0x01e70000,31916032
173221,0x00e50e80,3897,0x01e72000,31924224
173227,0x00e50e90,3898,0x01e74000,31932416
173233,0x00e50ea0,3899,0x01e76000,31940608
173239,0x00e50eb0,3900,0x01e78000,31948800
173278,0x00e50ec0,3901,0x01e7a000,31956992
173329,0x00e50ed0,3902,0x01e7c000,31965184
173375,0x00e50ee0,3903,0x01e7e000,31973376
173408,0x00e50ef0,3904,0x01e80000,31981568
173411,0x00e50f00,3905,0x01e82000,31989760
173414,0x00e50f10,3906,0x01e84000,31997952
173516,0x00e50f20,3907,0x01e86000,32006144
173563,0x00e50f30,3908,0x01e88000,32014336
173566,0x00e50f40,3909,0x01e8a000,32022528
173587,0x00e50f50,3910,0x01e8c000,32030720
173614,0x00e50f60,3911,0x01e8e000,32038912
173641,0x00e50f70,3912,0x01e90000,32047104
173645,0x00e50f80,3913,0x01e92000,32055296
173648,0x00e50f90,3914,0x01e94000,32063488
173679,0x00e50fa0,3915,0x01e96000,32071680
173682,0x00e50fb0,3916,0x01e98000,32079872
173699,0x00e50fc0,3917,0x01e9a000,32088064
173736,0x00e50fd0,3918,0x01e9c000,32096256
173767,0x00e50fe0,3919,0x01e9e000,32104448
173768,0x00e50ff0,3920,0x01ea0000,32112640
173859,0x00f51000,3922,0x01ea4000,32129024
175023,0x00f51010,3923,0x01ea6000,32137216
175049,0x00f51020,3924,0x01ea8000,32145408
175077,0x00f51030,3925,0x01eaa000,32153600
175090,0x00f51040,3926,0x01eac000,32161792
175093,0x00f51050,3927,0x01eae000,32169984
175097,0x00f51060,3928,0x01eb0000,32178176
175108,0x00f51070,3929,0x01eb2000,32186368
175125,0x00f51080,3930,0x01eb4000,32194560
175166,0x00f51090,3931,0x01eb6000,32202752
175181,0x00f510a0,3932,0x01eb8000,32210944
175192,0x00f510b0,3933,0x01eba000,32219136
175201,0x00f510c0,3934,0x01ebc000,32227328
175214,0x00f510d0,3935,0x01ebe000,32235520
175242,0x00f510e0,3936,0x01ec0000,32243712
175243,0x00f510f0,3937,0x01ec2000,32251904
175259,0x00f51100,3938,0x01ec4000,32260096
175301,0x00f51110,3939,0x01ec6000,32268288
175302,0x00f51120,3940,0x01ec8000,32276480
175317,0x00f51130,3941,0x01eca000,32284672
175354,0x00f51140,3942,0x01ecc000,32292864
175362,0x00f51150,3943,0x01ece000,32301056
175366,0x00f51160,3944,0x01ed0000,32309248
175382,0x00f51170,3945,0x01ed2000,32317440
175393,0x00f51180,3946,0x01ed4000,32325632
175525,0x00f51190,3947,0x01ed6000,32333824
175577,0x00f511a0,3948,0x01ed8000,32342016
175604,0x00f511b0,3949,0x01eda000,32350208
175612,0x00f511c0,3950,0x01edc000,32358400
175613,0x00f511d0,3951,0x01ede000,32366592
175616,0x00f511e0,3952,0x01ee0000,32374784
175669,0x00f511f0,3953,0x01ee2000,32382976
175670,0x00f51200,3954,0x01ee4000,32391168
175717,0x00f51210,3955,0x01ee6000,32399360
175743,0x00f51220,3956,0x01ee8000,32407552
175762,0x00f51230,3957,0x01eea000,32415744
175766,0x00f51240,3958,0x01eec000,32423936
175809,0x00f51250,3959,0x01eee000,32432128
175837,0x00f51260,3960,0x01ef0000,32440320
175884,0x00f51270,3961,0x01ef2000,32448512
175886,0x00f51280,3962,0x01ef4000,32456704
175927,0x00f51290,3963,0x01ef6000,32464896
175966,0x00f512a0,3964,0x01ef8000,32473088
175972,0x00f512b0,3965,0x01efa000,32481280
175981,0x00f512c0,3966,0x01efc000,32489472
175982,0x00f512d0,3967,0x01efe000,32497664
175995,0x00f512e0,3968,0x01f00000,32505856
184003,0x00f512f0,3969,0x01f02000,32514048
184004,0x00f51300,3970,0x01f04000,32522240
184005,0x00f51310,3971,0x01f06000,32530432
184006,0x00f51320,3972,0x01f08000,32538624
184010,0x00f51330,3973,0x01f0a000,32546816
184011,0x00f51340,3974,0x01f0c000,32555008
184014,0x00f51350,3975,0x01f0e000,32563200
184015,0x00f51360,3976,0x01f10000,32571392
184018,0x00f51370,3977,0x01f12000,32579584
184021,0x00f51380,3978,0x01f14000,32587776
184022,0x00f51390,3979,0x01f16000,32595968
184027,0x00f513a0,3980,0x01f18000,32604160
184028,0x00f513b0,3981,0x01f1a000,32612352
184030,0x00f513c0,3982,0x01f1c000,32620544
184033,0x00f513d0,3983,0x01f1e000,32628736
184034,0x00f513e0,3984,0x01f20000,32636928
184039,0x00f513f0,3985,0x01f22000,32645120
184041,0x00f51400,3986,0x01f24000,32653312
184043,0x00f51410,3987,0x01f26000,32661504
184044,0x00f51420,3988,0x01f28000,32669696
184045,0x00f51430,3989,0x01f2a000,32677888
184046,0x00f51440,3990,0x01f2c000,32686080
184050,0x00f51450,3991,0x01f2e000,32694272
184053,0x00f51460,3992,0x01f30000,32702464
184054,0x00f51470,3993,0x01f32000,32710656
184055,0x00f51480,3994,0x01f34000,32718848
184056,0x00f51490,3995,0x01f36000,32727040
184057,0x00f514a0,3996,0x01f38000,32735232
184060,0x00f514b0,3997,0x01f3a000,32743424
184061,0x00f514c0,3998,0x01f3c000,32751616
184065,0x00f514d0,3999,0x01f3e000,32759808
184066,0x00f514e0,4000,0x01f40000,32768000
184068,0x00f514f0,4001,0x01f42000,32776192
184069,0x00f51500,4002,0x01f44000,32784384
184070,0x00f51510,4003,0x01f46000,32792576
184072,0x00f51520,4004,0x01f48000,32800768
184075,0x00f51530,4005,0x01f4a000,32808960
184079,0x00f51540,4006,0x01f4c000,32817152
184080,0x00f51550,4007,0x01f4e000,32825344
184082,0x00f51560,4008,0x01f50000,32833536
184083,0x00f51570,4009,0x01f52000,32841728
184084,0x00f51580,4010,0x01f54000,32849920
184086,0x00f51590,4011,0x01f56000,32858112
184088,0x00f515a0,4012,0x01f58000,32866304
184089,0x00f515b0,4013,0x01f5a000,32874496
184090,0x00f515c0,4014,0x01f5c000,32882688
184092,0x00f515d0,4015,0x01f5e000,32890880
184097,0x00f515e0,4016,0x01f60000,32899072
184098,0x00f515f0,4017,0x01f62000,32907264
184100,0x00f51600,4018,0x01f64000,32915456
184101,0x00f51610,4019,0x01f66000,32923648
184105,0x00f51620,4020,0x01f68000,32931840
184107,0x00f51630,4021,0x01f6a000,32940032
184108,0x00f51640,4022,0x01f6c000,32948224
184109,0x00f51650,4023,0x01f6e000,32956416
184110,0x00f51660,4024,0x01f70000,32964608
184112,0x00f51670,4025,0x01f72000,32972800
184113,0x00f51680,4026,0x01f74000,32980992
184118,0x00f51690,4027,0x01f76000,32989184
184124,0x00f516a0,4028,0x01f78000,32997376
184125,0x00f516b0,4029,0x01f7a000,33005568
184127,0x00f516c0,4030,0x01f7c000,33013760
184132,0x00f516d0,4031,0x01f7e000,33021952
184133,0x00f516e0,4032,0x01f80000,33030144
184134,0x00f516f0,4033,0x01f82000,33038336
184135,0x00f51700,4034,0x01f84000,33046528
184139,0x00f51710,4035,0x01f86000,33054720
184140,0x00f51720,4036,0x01f88000,33062912
184143,0x00f51730,4037,0x01f8a000,33071104
184146,0x00f51740,4038,0x01f8c000,33079296
184147,0x00f51750,4039,0x01f8e000,33087488
184151,0x00f51760,4040,0x01f90000,33095680
184153,0x00f51770,4041,0x01f92000,33103872
184157,0x00f51780,4042,0x01f94000,33112064
184159,0x00f51790,4043,0x01f96000,33120256
184160,0x00f517a0,4044,0x01f98000,33128448
184161,0x00f517b0,4045,0x01f9a000,33136640
184167,0x00f517c0,4046,0x01f9c000,33144832
184168,0x00f517d0,4047,0x01f9e000,33153024
184169,0x00f517e0,4048,0x01fa0000,33161216
184170,0x00f517f0,4049,0x01fa2000,33169408
184174,0x00f51800,4050,0x01fa4000,33177600
184178,0x00f51810,4051,0x01fa6000,33185792
184181,0x00f51820,4052,0x01fa8000,33193984
184183,0x00f51830,4053,0x01faa000,33202176
184188,0x00f51840,4054,0x01fac000,33210368
184190,0x00f51850,4055,0x01fae000,33218560
184192,0x00f51860,4056,0x01fb0000,33226752
184193,0x00f51870,4057,0x01fb2000,33234944
184195,0x00f51880,4058,0x01fb4000,33243136
184201,0x00f51890,4059,0x01fb6000,33251328
184202,0x00f518a0,4060,0x01fb8000,33259520
184205,0x00f518b0,4061,0x01fba000,33267712
184208,0x00f518c0,4062,0x01fbc000,33275904
184212,0x00f518d0,4063,0x01fbe000,33284096
184214,0x00f518e0,4064,0x01fc0000,33292288
184216,0x00f518f0,4065,0x01fc2000,33300480
184219,0x00f51900,4066,0x01fc4000,33308672
184220,0x00f51910,4067,0x01fc6000,33316864
184222,0x00f51920,4068,0x01fc8000,33325056
184223,0x00f51930,4069,0x01fca000,33333248
184226,0x00f51940,4070,0x01fcc000,33341440
184227,0x00f51950,4071,0x01fce000,33349632
184228,0x00f51960,4072,0x01fd0000,33357824
184230,0x00f51970,4073,0x01fd2000,33366016
184237,0x00f51980,4074,0x01fd4000,33374208
184239,0x00f51990,4075,0x01fd6000,33382400
184245,0x00f519a0,4076,0x01fd8000,33390592
184246,0x00f519b0,4077,0x01fda000,33398784
184250,0x00f519c0,4078,0x01fdc000,33406976
184252,0x00f519d0,4079,0x01fde000,33415168
184253,0x00f519e0,4080,0x01fe0000,33423360
184256,0x00f519f0,4081,0x01fe2000,33431552
184260,0x00f51a00,4082,0x01fe4000,33439744
184261,0x00f51a10,4083,0x01fe6000,33447936
184262,0x00f51a20,4084,0x01fe8000,33456128
184264,0x00f51a30,4085,0x01fea000,33464320
184266,0x00f51a40,4086,0x01fec000,33472512
184268,0x00f51a50,4087,0x01fee000,33480704
184271,0x00f51a60,4088,0x01ff0000,33488896
184272,0x00f51a70,4089,0x01ff2000,33497088
184273,0x00f51a80,4090,0x01ff4000,33505280
184278,0x00f51a90,4091,0x01ff6000,33513472
184283,0x00f51aa0,4092,0x01ff8000,33521664
184287,0x00f51ab0,4093,0x01ffa000,33529856
184289,0x00f51ac0,4094,0x01ffc000,33538048
184290,0x00f51ad0,4095,0x01ffe000,33546240
184295,0x00f51ae0,4096,0x02000000,33554432
184297,0x00f51af0,4097,0x02002000,33562624
184299,0x00f51b00,4098,0x02004000,33570816
184301,0x00f51b10,4099,0x02006000,33579008
184304,0x00f51b20,4100,0x02008000,33587200
184305,0x00f51b30,4101,0x0200a000,33595392
184307,0x00f51b40,4102,0x0200c000,33603584
184308,0x00f51b50,4103,0x0200e000,33611776
184310,0x00f51b60,4104,0x02010000,33619968
184312,0x00f51b70,4105,0x02012000,33628160
184320,0x00f51b80,4106,0x02014000,33636352
184321,0x00f51b90,4107,0x02016000,33644544
184323,0x00f51ba0,4108,0x02018000,33652736
184325,0x00f51bb0,4109,0x0201a000,33660928
184327,0x00f51bc0,4110,0x0201c000,33669120
184328,0x00f51bd0,4111,0x0201e000,33677312
184329,0x00f51be0,4112,0x02020000,33685504
184332,0x00f51bf0,4113,0x02022000,33693696
184334,0x00f51c00,4114,0x02024000,33701888
184337,0x00f51c10,4115,0x02026000,33710080
184343,0x00f51c20,4116,0x02028000,33718272
184344,0x00f51c30,4117,0x0202a000,33726464
184345,0x00f51c40,4118,0x0202c000,33734656
184349,0x00f51c50,4119,0x0202e000,33742848
184351,0x00f51c60,4120,0x02030000,33751040
184353,0x00f51c70,4121,0x02032000,33759232
184356,0x00f51c80,4122,0x02034000,33767424
184361,0x00f51c90,4123,0x02036000,33775616
184363,0x00f51ca0,4124,0x02038000,33783808
184365,0x00f51cb0,4125,0x0203a000,33792000
184367,0x00f51cc0,4126,0x0203c000,33800192
184368,0x00f51cd0,4127,0x0203e000,33808384
184370,0x00f51ce0,4128,0x02040000,33816576
184372,0x00f51cf0,4129,0x02042000,33824768
184375,0x00f51d00,4130,0x02044000,33832960
184377,0x00f51d10,4131,0x02046000,33841152
184380,0x00f51d20,4132,0x02048000,33849344
184381,0x00f51d30,4133,0x0204a000,33857536
184382,0x00f51d40,4134,0x0204c000,33865728
184384,0x00f51d50,4135,0x0204e000,33873920
184387,0x00f51d60,4136,0x02050000,33882112
184388,0x00f51d70,4137,0x02052000,33890304
184393,0x00f51d80,4138,0x02054000,33898496
184399,0x00f51d90,4139,0x02056000,33906688
184401,0x00f51da0,4140,0x02058000,33914880
184403,0x00f51db0,4141,0x0205a000,33923072
184404,0x00f51dc0,4142,0x0205c000,33931264
184407,0x00f51dd0,4143,0x0205e000,33939456
184409,0x00f51de0,4144,0x02060000,33947648
184412,0x00f51df0,4145,0x02062000,33955840
184415,0x00f51e00,4146,0x02064000,33964032
184418,0x00f51e10,4147,0x02066000,33972224
184419,0x00f51e20,4148,0x02068000,33980416
184422,0x00f51e30,4149,0x0206a000,33988608
184423,0x00f51e40,4150,0x0206c000,33996800
184424,0x00f51e50,4151,0x0206e000,34004992
184426,0x00f51e60,4152,0x02070000,34013184
184429,0x00f51e70,4153,0x02072000,34021376
184433,0x00f51e80,4154,0x02074000,34029568
184436,0x00f51e90,4155,0x02076000,34037760
184438,0x00f51ea0,4156,0x02078000,34045952
184440,0x00f51eb0,4157,0x0207a000,34054144
184443,0x00f51ec0,4158,0x0207c000,34062336
184447,0x00f51ed0,4159,0x0207e000,34070528
184453,0x00f51ee0,4160,0x02080000,34078720
184454,0x00f51ef0,4161,0x02082000,34086912
184459,0x00f51f00,4162,0x02084000,34095104
184463,0x00f51f10,4163,0x02086000,34103296
184464,0x00f51f20,4164,0x02088000,34111488
184470,0x00f51f30,4165,0x0208a000,34119680
184471,0x00f51f40,4166,0x0208c000,34127872
184476,0x00f51f50,4167,0x0208e000,34136064
184479,0x00f51f60,4168,0x02090000,34144256
184481,0x00f51f70,4169,0x02092000,34152448
184482,0x00f51f80,4170,0x02094000,34160640
184484,0x00f51f90,4171,0x02096000,34168832
184487,0x00f51fa0,4172,0x02098000,34177024
184488,0x00f51fb0,4173,0x0209a000,34185216
184491,0x00f51fc0,4174,0x0209c000,34193408
184497,0x00f51fd0,4175,0x0209e000,34201600
184499,0x00f51fe0,4176,0x020a0000,34209792
184503,0x00f51ff0,4177,0x020a2000,34217984
184505,0x01052000,4179,0x020a6000,34234368
184507,0x01052010,4180,0x020a8000,34242560
184509,0x01052020,4181,0x020aa000,34250752
184510,0x01052030,4182,0x020ac000,34258944
184515,0x01052040,4183,0x020ae000,34267136
184516,0x01052050,4184,0x020b0000,34275328
184517,0x01052060,4185,0x020b2000,34283520
184519,0x01052070,4186,0x020b4000,34291712
184521,0x01052080,4187,0x020b6000,34299904
184522,0x01052090,4188,0x020b8000,34308096
184523,0x010520a0,4189,0x020ba000,34316288
184525,0x010520b0,4190,0x020bc000,34324480
184526,0x010520c0,4191,0x020be000,34332672
184527,0x010520d0,4192,0x020c0000,34340864
184528,0x010520e0,4193,0x020c2000,34349056
184535,0x010520f0,4194,0x020c4000,34357248
184539,0x01052100,4195,0x020c6000,34365440
184541,0x01052110,4196,0x020c8000,34373632
184542,0x01052120,4197,0x020ca000,34381824
184548,0x01052130,4198,0x020cc000,34390016
184549,0x01052140,4199,0x020ce000,34398208
184550,0x01052150,4200,0x020d0000,34406400
184551,0x01052160,4201,0x020d2000,34414592
184552,0x01052170,4202,0x020d4000,34422784
184553,0x01052180,4203,0x020d6000,34430976
184554,0x01052190,4204,0x020d8000,34439168
184558,0x010521a0,4205,0x020da000,34447360
184560,0x010521b0,4206,0x020dc000,34455552
184561,0x010521c0,4207,0x020de000,34463744
184562,0x010521d0,4208,0x020e0000,34471936
184568,0x010521e0,4209,0x020e2000,34480128
184570,0x010521f0,4210,0x020e4000,34488320
184573,0x01052200,4211,0x020e6000,34496512
184574,0x01052210,4212,0x020e8000,34504704
184575,0x01052220,4213,0x020ea000,34512896
184576,0x01052230,4214,0x020ec000,34521088
184578,0x01052240,4215,0x020ee000,34529280
184581,0x01052250,4216,0x020f0000,34537472
184582,0x01052260,4217,0x020f2000,34545664
184583,0x01052270,4218,0x020f4000,34553856
184584,0x01052280,4219,0x020f6000,34562048
184590,0x01052290,4220,0x020f8000,34570240
184591,0x010522a0,4221,0x020fa000,34578432
184592,0x010522b0,4222,0x020fc000,34586624
184593,0x010522c0,4223,0x020fe000,34594816
184595,0x010522d0,4224,0x02100000,34603008
184596,0x010522e0,4225,0x02102000,34611200
184597,0x010522f0,4226,0x02104000,34619392
184598,0x01052300,4227,0x02106000,34627584
184599,0x01052310,4228,0x02108000,34635776
184600,0x01052320,4229,0x0210a000,34643968
184607,0x01052330,4230,0x0210c000,34652160
184608,0x01052340,4231,0x0210e000,34660352
184619,0x01052350,4232,0x02110000,34668544
184620,0x01052360,4233,0x02112000,34676736
184626,0x01052370,4234,0x02114000,34684928
184631,0x01052380,4235,0x02116000,34693120
184634,0x01052390,4236,0x02118000,34701312
184638,0x010523a0,4237,0x0211a000,34709504
184644,0x010523b0,4238,0x0211c000,34717696
184645,0x010523c0,4239,0x0211e000,34725888
184647,0x010523d0,4240,0x02120000,34734080
184649,0x010523e0,4241,0x02122000,34742272
184656,0x010523f0,4242,0x02124000,34750464
184658,0x01052400,4243,0x02126000,34758656
184662,0x01052410,4244,0x02128000,34766848
184663,0x01052420,4245,0x0212a000,34775040
184665,0x01052430,4246,0x0212c000,34783232
184666,0x01052440,4247,0x0212e000,34791424
184668,0x01052450,4248,0x02130000,34799616
184671,0x01052460,4249,0x02132000,34807808
184677,0x01052470,4250,0x02134000,34816000
184680,0x01052480,4251,0x02136000,34824192
184690,0x01052490,4252,0x02138000,34832384
184691,0x010524a0,4253,0x0213a000,34840576
184692,0x010524b0,4254,0x0213c000,34848768
184693,0x010524c0,4255,0x0213e000,34856960
184694,0x010524d0,4256,0x02140000,34865152
184696,0x010524e0,4257,0x02142000,34873344
184709,0x010524f0,4258,0x02144000,34881536
184712,0x01052500,4259,0x02146000,34889728
184716,0x01052510,4260,0x02148000,34897920
184717,0x01052520,4261,0x0214a000,34906112
184724,0x01052530,4262,0x0214c000,34914304
184726,0x01052540,4263,0x0214e000,34922496
184728,0x01052550,4264,0x02150000,34930688
184729,0x01052560,4265,0x02152000,34938880
184733,0x01052570,4266,0x02154000,34947072
184734,0x01052580,4267,0x02156000,34955264
184744,0x01052590,4268,0x02158000,34963456
184757,0x010525a0,4269,0x0215a000,34971648
184760,0x010525b0,4270,0x0215c000,34979840
184764,0x010525c0,4271,0x0215e000,34988032
184765,0x010525d0,4272,0x02160000,34996224
184767,0x010525e0,4277,0x0216a000,35037184
184776,0x010525f0,4278,0x0216c000,35045376
184778,0x01052600,4279,0x0216e000,35053568
184779,0x01052610,4280,0x02170000,35061760
184781,0x01052620,4281,0x02172000,35069952
184785,0x01052630,4282,0x02174000,35078144
184788,0x01052640,4283,0x02176000,35086336
184793,0x01052650,4284,0x02178000,35094528
184794,0x01052660,4285,0x0217a000,35102720
184796,0x01052670,4286,0x0217c000,35110912
184798,0x01052680,4287,0x0217e000,35119104
184801,0x01052690,4288,0x02180000,35127296
184803,0x010526a0,4289,0x02182000,35135488
184804,0x010526b0,4290,0x02184000,35143680
184807,0x010526c0,4291,0x02186000,35151872
184808,0x010526d0,4292,0x02188000,35160064
184813,0x010526e0,4293,0x0218a000,35168256
184814,0x010526f0,4294,0x0218c000,35176448
184815,0x01052700,4295,0x0218e000,35184640
184816,0x01052710,4296,0x02190000,35192832
184818,0x01052720,4297,0x02192000,35201024
184819,0x01052730,4298,0x02194000,35209216
184823,0x01052740,4299,0x02196000,35217408
185004,0x01052750,4300,0x02198000,35225600
185005,0x01052760,4301,0x0219a000,35233792
185019,0x01052770,4302,0x0219c000,35241984
185038,0x01052780,4303,0x0219e000,35250176
185041,0x01052790,4304,0x021a0000,35258368
185057,0x010527a0,4305,0x021a2000,35266560
185064,0x010527b0,4306,0x021a4000,35274752
185073,0x010527c0,4307,0x021a6000,35282944
185074,0x010527d0,4308,0x021a8000,35291136
185077,0x010527e0,4309,0x021aa000,35299328
185090,0x010527f0,4310,0x021ac000,35307520
185094,0x01052800,4311,0x021ae000,35315712
185096,0x01052810,4312,0x021b0000,35323904
185102,0x01052820,4313,0x021b2000,35332096
185103,0x01052830,4314,0x021b4000,35340288
185116,0x01052840,4315,0x021b6000,35348480
185117,0x01052850,4316,0x021b8000,35356672
185119,0x01052860,4317,0x021ba000,35364864
185134,0x01052870,4318,0x021bc000,35373056
185138,0x01052880,4319,0x021be000,35381248
185140,0x01052890,4320,0x021c0000,35389440
185147,0x010528a0,4321,0x021c2000,35397632
185148,0x010528b0,4322,0x021c4000,35405824
185152,0x010528c0,4323,0x021c6000,35414016
185156,0x010528d0,4324,0x021c8000,35422208
185159,0x010528e0,4325,0x021ca000,35430400
185187,0x010528f0,4326,0x021cc000,35438592
185191,0x01052900,4327,0x021ce000,35446784
185196,0x01052910,4328,0x021d0000,35454976
185208,0x01052920,4329,0x021d2000,35463168
185209,0x01052930,4330,0x021d4000,35471360
185224,0x01052940,4331,0x021d6000,35479552
185226,0x01052950,4332,0x021d8000,35487744
185227,0x01052960,4333,0x021da000,35495936
185228,0x01052970,4334,0x021dc000,35504128
185234,0x01052980,4335,0x021de000,35512320
185236,0x01052990,4336,0x021e0000,35520512
185241,0x010529a0,4337,0x021e2000,35528704
185244,0x010529b0,4338,0x021e4000,35536896
185245,0x010529c0,4339,0x021e6000,35545088
185249,0x010529d0,4340,0x021e8000,35553280
185262,0x010529e0,4341,0x021ea000,35561472
185274,0x010529f0,4342,0x021ec000,35569664
185275,0x01052a00,4343,0x021ee000,35577856
185276,0x01052a10,4344,0x021f0000,35586048
185277,0x01052a20,4345,0x021f2000,35594240
185279,0x01052a30,4346,0x021f4000,35602432
185281,0x01052a40,4347,0x021f6000,35610624
185283,0x01052a50,4348,0x021f8000,35618816
185298,0x01052a60,4349,0x021fa000,35627008
185300,0x01052a70,4350,0x021fc000,35635200
185301,0x01052a80,4351,0x021fe000,35643392
185307,0x01052a90,4352,0x02200000,35651584
185315,0x01052aa0,4353,0x02202000,35659776
185320,0x01052ab0,4354,0x02204000,35667968
185325,0x01052ac0,4355,0x02206000,35676160
185326,0x01052ad0,4356,0x02208000,35684352
185327,0x01052ae0,4357,0x0220a000,35692544
185337,0x01052af0,4358,0x0220c000,35700736
185339,0x01052b00,4359,0x0220e000,35708928
185342,0x01052b10,4360,0x02210000,35717120
185344,0x01052b20,4361,0x02212000,35725312
185347,0x01052b30,4362,0x02214000,35733504
185354,0x01052b40,4363,0x02216000,35741696
185355,0x01052b50,4364,0x02218000,35749888
185357,0x01052b60,4365,0x0221a000,35758080
185361,0x01052b70,4366,0x0221c000,35766272
185362,0x01052b80,4367,0x0221e000,35774464
185368,0x01052b90,4368,0x02220000,35782656
185372,0x01052ba0,4369,0x02222000,35790848
185374,0x01052bb0,4370,0x02224000,35799040
185379,0x01052bc0,4371,0x02226000,35807232
185383,0x01052bd0,4372,0x02228000,35815424
185388,0x01052be0,4373,0x0222a000,35823616
185389,0x01052bf0,4374,0x0222c000,35831808
185391,0x01052c00,4375,0x0222e000,35840000
185397,0x01052c10,4376,0x02230000,35848192
185398,0x01052c20,4377,0x02232000,35856384
185401,0x01052c30,4378,0x02234000,35864576
185403,0x01052c40,4379,0x02236000,35872768
185406,0x01052c50,4380,0x02238000,35880960
185407,0x01052c60,4381,0x0223a000,35889152
185408,0x01052c70,4382,0x0223c000,35897344
185416,0x01052c80,4383,0x0223e000,35905536
185418,0x01052c90,4384,0x02240000,35913728
185422,0x01052ca0,4385,0x02242000,35921920
185438,0x01052cb0,4386,0x02244000,35930112
185444,0x01052cc0,4387,0x02246000,35938304
185445,0x01052cd0,4388,0x02248000,35946496
185454,0x01052ce0,4389,0x0224a000,35954688
185466,0x01052cf0,4390,0x0224c000,35962880
185475,0x01052d00,4391,0x0224e000,35971072
185482,0x01052d10,4392,0x02250000,35979264
185486,0x01052d20,4393,0x02252000,35987456
185491,0x01052d30,4394,0x02254000,35995648
185492,0x01052d40,4395,0x02256000,36003840
185497,0x01052d50,4396,0x02258000,36012032
185498,0x01052d60,4397,0x0225a000,36020224
185503,0x01052d70,4398,0x0225c000,36028416
185506,0x01052d80,4399,0x0225e000,36036608
185518,0x01052d90,4400,0x02260000,36044800
185526,0x01052da0,4401,0x02262000,36052992
185531,0x01052db0,4402,0x02264000,36061184
185532,0x01052dc0,4403,0x02266000,36069376
185546,0x01052dd0,4404,0x02268000,36077568
185548,0x01052de0,4405,0x0226a000,36085760
185560,0x01052df0,4406,0x0226c000,36093952
185561,0x01052e00,4407,0x0226e000,36102144
185562,0x01052e10,4408,0x02270000,36110336
185569,0x01052e20,4469,0x022ea000,36610048
185570,0x01052e30,4470,0x022ec000,36618240
185582,0x01052e40,4471,0x022ee000,36626432
185583,0x01052e50,4472,0x022f0000,36634624
185584,0x01052e60,4473,0x022f2000,36642816
185586,0x01052e70,4474,0x022f4000,36651008
185591,0x01052e80,4475,0x022f6000,36659200
185600,0x01052e90,4476,0x022f8000,36667392
185606,0x01052ea0,4477,0x022fa000,36675584
185608,0x01052eb0,4478,0x022fc000,36683776
185617,0x01052ec0,4479,0x022fe000,36691968
185618,0x01052ed0,4480,0x02300000,36700160
185625,0x01052ee0,4481,0x02302000,36708352
185633,0x01052ef0,4482,0x02304000,36716544
185634,0x01052f00,4483,0x02306000,36724736
185639,0x01052f10,4484,0x02308000,36732928
185640,0x01052f20,4485,0x0230a000,36741120
185641,0x01052f30,4486,0x0230c000,36749312
185661,0x01052f40,4487,0x0230e000,36757504
185679,0x01052f50,4488,0x02310000,36765696
185687,0x01052f60,4489,0x02312000,36773888
185691,0x01052f70,4490,0x02314000,36782080
185694,0x01052f80,4491,0x02316000,36790272
185697,0x01052f90,4492,0x02318000,36798464
185704,0x01052fa0,4493,0x0231a000,36806656
185712,0x01052fb0,4494,0x0231c000,36814848
185713,0x01052fc0,4495,0x0231e000,36823040
185715,0x01052fd0,4496,0x02320000,36831232
185720,0x01052fe0,4497,0x02322000,36839424
185729,0x01052ff0,4498,0x02324000,36847616
000018,0x010b1000,15,0x0001e000,122880
688171,0x010b1010,2048,0x01000000,16777216
241158,0x010b1020,5416,0x02a50000,44367872
000019,0x010b1080,16,0x00020000,131072
688172,0x010b1090,2049,0x01002000,16785408
241159,0x010b10a0,5417,0x02a52000,44376064
688173,0x010b1100,2050,0x01004000,16793600
688175,0x010b1200,2051,0x01006000,16801792
171188,0x010b1210,3784,0x01d90000,30998528
242240,0x010b1220,6049,0x02f42000,49553408
688176,0x010b1280,2052,0x01008000,16809984
185840,0x010b1290,4379,0x02236000,35872768
242241,0x010b12a0,6050,0x02f44000,49561600
588120,0x010b12b0,8835,0x04506000,72376320
688177,0x010b1300,2053,0x0100a000,16818176
688178,0x010b1380,2054,0x0100c000,16826368
560390,0x010b1390,8604,0x04338000,70483968
688179,0x010b1400,2055,0x0100e000,16834560
019003,0x010b1410,2569,0x01412000,21045248
185843,0x010b1420,4380,0x02238000,35880960
242246,0x010b1500,6051,0x02f46000,49569792
115815,0x010b1600,2895,0x0169e000,23715840
242248,0x010b1610,6052,0x02f48000,49577984
513720,0x010b1620,8280,0x040b0000,67829760
501001,0x010b1630,9239,0x0482e000,75685888
601058,0x010b1680,965,0x0078a000,7905280
601059,0x010b1700,966,0x0078c000,7913472
019009,0x010b1710,2570,0x01414000,21053440
588080,0x010b1720,8831,0x044fe000,72343552
115818,0x010b1780,2896,0x016a0000,23724032
240620,0x010b1790,5077,0x027aa000,41590784
240621,0x010b1800,5078,0x027ac000,41598976
501005,0x010b1810,9240,0x04830000,75694080
240622,0x010b1880,5079,0x027ae000,41607168
501006,0x010b1890,9241,0x04832000,75702272
115772,0x010b1900,2890,0x01694000,23674880
240623,0x010b1910,5080,0x027b0000,41615360
501007,0x010b1920,9242,0x04834000,75710464
501008,0x010b1980,9243,0x04836000,75718656
188557,0x010b1a00,4450,0x022c4000,36454400
240625,0x010b1a10,5081,0x027b2000,41623552
501009,0x010b1a20,9244,0x04838000,75726848
240626,0x010b1a80,5082,0x027b4000,41631744
240627,0x010b1b00,5083,0x027b6000,41639936
115777,0x010b1b80,2891,0x01696000,23683072
240628,0x010b1b90,5084,0x027b8000,41648128
243330,0x010b1ba0,6618,0x033b4000,54214656
175023,0x010b1c00,3841,0x01e02000,31465472
589210,0x010b1c10,8926,0x045bc000,73121792
240581,0x010b1c80,5055,0x0277e000,41410560
240582,0x010b1d00,5056,0x02780000,41418752
520760,0x010b1d10,8517,0x0428a000,69771264
751121,0x010b1d80,9071,0x046de000,74309632
600520,0x010b1e00,565,0x0046a000,4628480
240584,0x010b1e10,5057,0x02782000,41426944
751122,0x010b1e20,9072,0x046e0000,74317824
600521,0x010b1e80,566,0x0046c000,4636672
240585,0x010b1e90,5058,0x02784000,41435136
243336,0x010b1ea0,6619,0x033b6000,54222848
751123,0x010b1eb0,9073,0x046e2000,74326016
600522,0x010b1f00,567,0x0046e000,4644864
243337,0x010b1f10,6620,0x033b8000,54231040
751124,0x010b1f20,9074,0x046e4000,74334208
600523,0x010b1f80,568,0x00470000,4653056
240587,0x010b1f90,5059,0x02786000,41443328
243290,0x010b2000,6594,0x03384000,54018048
243339,0x010b2010,6621,0x033ba000,54239232
600525,0x010b2080,569,0x00472000,4661248
173408,0x010b2090,3823,0x01dde000,31318016
240589,0x010b20a0,5060,0x02788000,41451520
243291,0x010b20b0,6595,0x03386000,54026240
589170,0x010b20c0,8922,0x045b4000,73089024
600526,0x010b2100,570,0x00474000,4669440
241710,0x010b2110,5767,0x02d0e000,47243264
243292,0x010b2120,6596,0x03388000,54034432
600527,0x010b2180,571,0x00476000,4677632
243293,0x010b2190,6597,0x0338a000,54042624
751080,0x010b21a0,9038,0x0469c000,74039296
600528,0x010b2200,572,0x00478000,4685824
241712,0x010b2210,5768,0x02d10000,47251456
516390,0x010b2220,8407,0x041ae000,68870144
751081,0x010b2230,9039,0x0469e000,74047488
600480,0x010b2280,531,0x00426000,4349952
600529,0x010b2290,573,0x0047a000,4694016
243295,0x010b22a0,6598,0x0338c000,54050816
751082,0x010b22b0,9040,0x046a0000,74055680
600481,0x010b2300,532,0x00428000,4358144
127501,0x010b2310,3017,0x01792000,24715264
241714,0x010b2320,5769,0x02d12000,47259648
243296,0x010b2330,6599,0x0338e000,54059008
751083,0x010b2340,9041,0x046a2000,74063872
600482,0x010b2380,533,0x0042a000,4366336
140490,0x010b2390,3251,0x01966000,26632192
243297,0x010b23a0,6600,0x03390000,54067200
751084,0x010b23b0,9042,0x046a4000,74072064
600483,0x010b2400,534,0x0042c000,4374528
243298,0x010b2410,6601,0x03392000,54075392
751085,0x010b2420,9043,0x046a6000,74080256
243299,0x010b2480,6602,0x03394000,54083584
751086,0x010b2490,9044,0x046a8000,74088448
140493,0x010b2500,3252,0x01968000,26640384
244420,0x010b2510,7136,0x037c0000,58458112
751087,0x010b2520,9045,0x046aa000,74096640
502053,0x010b2530,9349,0x0490a000,76587008
600486,0x010b2580,535,0x0042e000,4382720
603230,0x010b2590,1367,0x00aae000,11198464
751088,0x010b25a0,9046,0x046ac000,74104832
600487,0x010b2600,536,0x00430000,4390912
603231,0x010b2610,1368,0x00ab0000,11206656
688733,0x010b2620,2465,0x01342000,20193280
241671,0x010b2630,5745,0x02ce2000,47063040
244422,0x010b2640,7137,0x037c2000,58466304
600488,0x010b2680,537,0x00432000,4399104
603232,0x010b2690,1369,0x00ab2000,11214848
244423,0x010b26a0,7138,0x037c4000,58474496
562570,0x010b26b0,8744,0x04450000,71630848
502056,0x010b26c0,9350,0x0490c000,76595200
600489,0x010b2700,538,0x00434000,4407296
603233,0x010b2710,1370,0x00ab4000,11223040
171748,0x010b2720,3795,0x01da6000,31088640
242800,0x010b2730,6336,0x03180000,51904512
244424,0x010b2740,7139,0x037c6000,58482688
517520,0x010b2750,8475,0x04236000,69427200
241674,0x010b2780,5746,0x02ce4000,47071232
244425,0x010b2790,7140,0x037c8000,58490880
601611,0x010b2800,1075,0x00866000,8806400
603235,0x010b2810,1371,0x00ab6000,11231232
688737,0x010b2820,2466,0x01344000,20201472
241675,0x010b2830,5747,0x02ce6000,47079424
244426,0x010b2840,7141,0x037ca000,58499072
603236,0x010b2880,1372,0x00ab8000,11239424
236533,0x010b2890,4733,0x024fa000,38772736
241676,0x010b28a0,5748,0x02ce8000,47087616
560950,0x010b28b0,8649,0x04392000,70852608
603237,0x010b2900,1373,0x00aba000,11247616
688690,0x010b2910,2436,0x01308000,19955712
688739,0x010b2920,2467,0x01346000,20209664
244428,0x010b2930,7142,0x037cc000,58507264
515900,0x010b2940,8367,0x0415e000,68542464
603238,0x010b2980,1374,0x00abc000,11255808
688691,0x010b2990,2437,0x0130a000,19963904
234911,0x010b29a0,4678,0x0248c000,38322176
241678,0x010b29b0,5749,0x02cea000,47095808
242805,0x010b29c0,6337,0x03182000,51912704
244429,0x010b29d0,7143,0x037ce000,58515456
601615,0x010b2a00,1076,0x00868000,8814592
603190,0x010b2a10,1329,0x00a62000,10887168
603239,0x010b2a20,1375,0x00abe000,11264000
688692,0x010b2a30,2438,0x0130c000,19972096
242806,0x010b2a40,6338,0x03184000,51920896
244381,0x010b2a50,7116,0x03798000,58294272
601616,0x010b2a80,1077,0x0086a000,8822784
603191,0x010b2a90,1330,0x00a64000,10895360
688693,0x010b2aa0,2439,0x0130e000,19980288
603192,0x010b2b00,1331,0x00a66000,10903552
242808,0x010b2b10,6339,0x03186000,51929088
244383,0x010b2b20,7117,0x0379a000,58302464
511030,0x010b2b30,8135,0x03f8e000,66641920
601618,0x010b2b80,1078,0x0086c000,8830976
603193,0x010b2b90,1332,0x00a68000,10911744
688695,0x010b2ba0,2440,0x01310000,19988480
242760,0x010b2bb0,6310,0x0314c000,51691520
244384,0x010b2bc0,7118,0x0379c000,58310656
563700,0x010b2bd0,8805,0x044ca000,72130560
601619,0x010b2c00,1079,0x0086e000,8839168
603194,0x010b2c10,1333,0x00a6a000,10919936
688696,0x010b2c20,2441,0x01312000,19996672
242761,0x010b2c30,6311,0x0314e000,51699712
603195,0x010b2c80,1334,0x00a6c000,10928128
688697,0x010b2c90,2442,0x01314000,20004864
019521,0x010b2ca0,2604,0x01458000,21331968
242762,0x010b2cb0,6312,0x03150000,51707904
244386,0x010b2cc0,7119,0x0379e000,58318848
600760,0x010b2d00,767,0x005fe000,6283264
600809,0x010b2d10,807,0x0064e000,6610944
603196,0x010b2d20,1335,0x00a6e000,10936320
688698,0x010b2d30,2443,0x01316000,20013056
244387,0x010b2d40,7120,0x037a0000,58327040
600761,0x010b2d80,768,0x00600000,6291456
603197,0x010b2d90,1336,0x00a70000,10944512
605136,0x010b2da0,1827,0x00e46000,14966784
688699,0x010b2db0,2444,0x01318000,20021248
243576,0x010b2dc0,6740,0x034a8000,55214080
515860,0x010b2dd0,8364,0x04158000,68517888
603198,0x010b2e00,1337,0x00a72000,10952704
173645,0x010b2e10,3832,0x01df0000,31391744
242765,0x010b2e20,6313,0x03152000,51716096
243577,0x010b2e30,6741,0x034aa000,55222272
244389,0x010b2e40,7121,0x037a2000,58335232
517800,0x010b2e50,8479,0x0423e000,69459968
751364,0x010b2e60,9157,0x0478a000,75014144
600763,0x010b2e80,769,0x00602000,6299648
603199,0x010b2e90,1338,0x00a74000,10960896
605138,0x010b2ea0,1828,0x00e48000,14974976
019525,0x010b2eb0,2605,0x0145a000,21340160
236496,0x010b2ec0,4732,0x024f8000,38764544
242766,0x010b2ed0,6314,0x03154000,51724288
751365,0x010b2ee0,9158,0x0478c000,75022336
600764,0x010b2f00,770,0x00604000,6307840
605090,0x010b2f10,1814,0x00e2c000,14860288
600765,0x010b2f80,771,0x00606000,6316032
601577,0x010b2f90,1063,0x0084e000,8708096
173648,0x010b2fa0,3833,0x01df2000,31399936
234874,0x010b2fb0,4672,0x02480000,38273024
242768,0x010b2fc0,6315,0x03156000,51732480
244700,0x010b2fd0,7290,0x038f4000,59719680
019528,0x010b3000,2606,0x0145c000,21348352
244701,0x010b3010,7291,0x038f6000,59727872
563660,0x010b3020,8801,0x044c2000,72097792
751368,0x010b3030,9159,0x0478e000,75030528
601579,0x010b3080,1064,0x00850000,8716288
603511,0x010b3090,1525,0x00bea000,12492800
234876,0x010b30a0,4673,0x02482000,38281216
244702,0x010b30b0,7292,0x038f8000,59736064
751369,0x010b30c0,9160,0x04790000,75038720
600768,0x010b3100,772,0x00608000,6324224
152226,0x010b3110,3333,0x01a0a000,27303936
230045,0x010b3120,4534,0x0236c000,37142528
241952,0x010b3130,5889,0x02e02000,48242688
562850,0x010b3140,8753,0x04462000,71704576
600769,0x010b3180,773,0x0060a000,6332416
115021,0x010b3190,2776,0x015b0000,22740992
000814,0x010b3200,159,0x0013e000,1302528
241954,0x010b3210,5890,0x02e04000,48250880
245517,0x010b3220,7684,0x03c08000,62947328
603515,0x010b3280,1526,0x00bec000,12500992
241955,0x010b3290,5891,0x02e06000,48259072
244706,0x010b32a0,7293,0x038fa000,59744256
245518,0x010b32b0,7685,0x03c0a000,62955520
603516,0x010b3300,1527,0x00bee000,12509184
605098,0x010b3310,1815,0x00e2e000,14868480
152181,0x010b3320,3329,0x01a02000,27271168
230049,0x010b3330,4535,0x0236e000,37150720
245519,0x010b3340,7686,0x03c0c000,62963712
603517,0x010b3380,1528,0x00bf0000,12517376
605099,0x010b3390,1816,0x00e30000,14876672
184245,0x010b33a0,3994,0x01f34000,32718848
185057,0x010b33b0,4218,0x020f4000,34553856
244708,0x010b33c0,7294,0x038fc000,59752448
245471,0x010b33d0,7671,0x03bee000,62840832
603518,0x010b3400,1529,0x00bf2000,12525568
115026,0x010b3410,2777,0x015b2000,22749184
184246,0x010b3420,3995,0x01f36000,32727040
241958,0x010b3430,5892,0x02e08000,48267264
244660,0x010b3440,7265,0x038c2000,59514880
510180,0x010b3450,8089,0x03f32000,66265088
000819,0x010b3480,160,0x00140000,1310720
603519,0x010b3490,1530,0x00bf4000,12533760
241959,0x010b34a0,5893,0x02e0a000,48275456
244661,0x010b34b0,7266,0x038c4000,59523072
512120,0x010b34c0,9436,0x049b8000,77299712
115028,0x010b3500,2778,0x015b4000,22757376
244662,0x010b3510,7267,0x038c6000,59531264
245474,0x010b3520,7672,0x03bf0000,62849024
019806,0x010b3600,2728,0x01550000,22347776
243852,0x010b3610,6869,0x035aa000,56270848
243853,0x010b3680,6870,0x035ac000,56279040
244665,0x010b3690,7268,0x038c8000,59539456
245477,0x010b36a0,7673,0x03bf2000,62857216
588920,0x010b36b0,8900,0x04588000,72908800
243854,0x010b3700,6871,0x035ae000,56287232
244666,0x010b3710,7269,0x038ca000,59547648
516950,0x010b3720,8449,0x04202000,69214208
243855,0x010b3780,6872,0x035b0000,56295424
245479,0x010b3790,7674,0x03bf4000,62865408
603477,0x010b3800,1513,0x00bd2000,12394496
243856,0x010b3810,6873,0x035b2000,56303616
244668,0x010b3820,7270,0x038cc000,59555840
243857,0x010b3880,6874,0x035b4000,56311808
244669,0x010b3890,7271,0x038ce000,59564032
152501,0x010b3900,3433,0x01ad2000,28123136
512080,0x010b3910,9433,0x049b2000,77275136
601857,0x010b3a00,1119,0x008be000,9166848
137534,0x010b3a10,3103,0x0183e000,25419776
152503,0x010b3a20,3434,0x01ad4000,28131328
236778,0x010b3a30,4748,0x02518000,38895616
510500,0x010b3a40,8106,0x03f54000,66404352
511270,0x010b3a50,8150,0x03fac000,66764800
601858,0x010b3a80,1120,0x008c0000,9175040
136723,0x010b3a90,3082,0x01814000,25247744
152504,0x010b3aa0,3435,0x01ad6000,28139520
019760,0x010b3b00,2696,0x01510000,22085632
152505,0x010b3b10,3436,0x01ad8000,28147712
588880,0x010b3b20,8896,0x04580000,72876032
019761,0x010b3b80,2697,0x01512000,22093824
152506,0x010b3b90,3437,0x01ada000,28155904
019762,0x010b3c00,2698,0x01514000,22102016
137538,0x010b3c10,3104,0x01840000,25427968
184521,0x010b3c20,4104,0x02010000,33619968
518850,0x010b3c30,8489,0x04252000,69541888
605376,0x010b3c80,1880,0x00eb0000,15400960
019763,0x010b3c90,2699,0x01516000,22110208
184522,0x010b3ca0,4105,0x02012000,33628160
605377,0x010b3d00,1881,0x00eb2000,15409152
184523,0x010b3d10,4106,0x02014000,33636352
605378,0x010b3d80,1882,0x00eb4000,15417344
152462,0x010b3e00,3421,0x01aba000,28024832
163100,0x010b3e10,3718,0x01d0c000,30457856
184525,0x010b3e20,4107,0x02016000,33644544
185337,0x010b3e30,4271,0x0215e000,34988032
231093,0x010b3e40,4547,0x02386000,37249024
513210,0x010b3e50,8250,0x04074000,67584000
019767,0x010b3e80,2700,0x01518000,22118400
152463,0x010b3e90,3422,0x01abc000,28033024
184526,0x010b3ea0,4108,0x02018000,33652736
245752,0x010b3eb0,7779,0x03cc6000,63725568
019768,0x010b3f00,2701,0x0151a000,22126592
136683,0x010b3f10,3077,0x0180a000,25206784
184527,0x010b3f20,4109,0x0201a000,33660928
185339,0x010b3f30,4272,0x02160000,34996224
244941,0x010b3f40,7417,0x039f2000,60760064
512400,0x010b3f50,8183,0x03fee000,67035136
019769,0x010b3f80,2702,0x0151c000,22134784
184528,0x010b3f90,4110,0x0201c000,33669120
244942,0x010b3fa0,7418,0x039f4000,60768256
240111,0x010b4000,4809,0x02592000,39395328
244943,0x010b4010,7419,0x039f6000,60776448
115261,0x010b4080,2801,0x015e2000,22945792
152467,0x010b4090,3423,0x01abe000,28041216
184481,0x010b40a0,4087,0x01fee000,33480704
244944,0x010b40b0,7420,0x039f8000,60784640
245756,0x010b40c0,7780,0x03cc8000,63733760
561010,0x010b40d0,8654,0x0439c000,70893568
184482,0x010b4100,4088,0x01ff0000,33488896
240113,0x010b4110,4810,0x02594000,39403520
244945,0x010b4120,7421,0x039fa000,60792832
245757,0x010b4130,7781,0x03cca000,63741952
751920,0x010b4140,9178,0x047b4000,75186176
603755,0x010b4180,1652,0x00ce8000,13533184
115263,0x010b4190,2802,0x015e4000,22953984
152469,0x010b41a0,3424,0x01ac0000,28049408
240114,0x010b41b0,4811,0x02596000,39411712
244946,0x010b41c0,7422,0x039fc000,60801024
184484,0x010b4200,4089,0x01ff2000,33497088
240115,0x010b4210,4812,0x02598000,39419904
245759,0x010b4220,7782,0x03ccc000,63750144
113640,0x010b4230,7977,0x03e52000,65347584
603757,0x010b4280,1653,0x00cea000,13541376
147328,0x010b4290,3294,0x019bc000,26984448
240116,0x010b42a0,4813,0x0259a000,39428096
244948,0x010b42b0,7423,0x039fe000,60809216
513170,0x010b42c0,8246,0x0406c000,67551232
603758,0x010b4300,1654,0x00cec000,13549568
115266,0x010b4310,2803,0x015e6000,22962176
185298,0x010b4320,4262,0x0214c000,34914304
240117,0x010b4330,4814,0x0259c000,39436288
244949,0x010b4340,7424,0x03a00000,60817408
118010,0x010b4350,8026,0x03eb4000,65748992
603759,0x010b4380,1655,0x00cee000,13557760
138624,0x010b4390,3218,0x01924000,26361856
184487,0x010b43a0,4090,0x01ff4000,33505280
240118,0x010b43b0,4815,0x0259e000,39444480
113643,0x010b43c0,7978,0x03e54000,65355776
512360,0x010b43d0,8179,0x03fe6000,67002368
184488,0x010b4400,4091,0x01ff6000,33513472
240119,0x010b4410,4816,0x025a0000,39452672
118012,0x010b4420,8027,0x03eb6000,65757184
751926,0x010b4430,9179,0x047b6000,75194368
508030,0x010b4440,9382,0x0494c000,76857344
118013,0x010b4480,8028,0x03eb8000,65765376
551500,0x010b4490,8563,0x042e6000,70148096
508031,0x010b44a0,9383,0x0494e000,76865536
113646,0x010b4500,7979,0x03e56000,65363968
240073,0x010b4580,4787,0x02566000,39215104
113647,0x010b4590,7980,0x03e58000,65372160
118015,0x010b45a0,8029,0x03eba000,65773568
508033,0x010b45b0,9384,0x04950000,76873728
600010,0x010b4600,186,0x00174000,1523712
113648,0x010b4610,7981,0x03e5a000,65380352
118016,0x010b4620,8030,0x03ebc000,65781760
560160,0x010b4630,8584,0x04310000,70320128
600011,0x010b4680,187,0x00176000,1531904
138581,0x010b4690,3213,0x0191a000,26320896
184801,0x010b46a0,4201,0x020d2000,34414592
232188,0x010b46b0,4585,0x023d2000,37560320
113649,0x010b46c0,7982,0x03e5c000,65388544
515110,0x010b46d0,8313,0x040f2000,68100096
600012,0x010b4700,188,0x00178000,1540096
109319,0x010b4710,2767,0x0159e000,22667264
186426,0x010b4720,4427,0x02296000,36265984
240076,0x010b4730,4788,0x02568000,39223296
508036,0x010b4740,9385,0x04952000,76881920
184803,0x010b4780,4202,0x020d4000,34422784
240077,0x010b4790,4789,0x0256a000,39231488
184804,0x010b4800,4203,0x020d6000,34430976
240078,0x010b4810,4790,0x0256c000,39239680
242010,0x010b4820,5921,0x02e42000,48504832
600015,0x010b4880,189,0x0017a000,1548288
185617,0x010b4890,4332,0x021d8000,35487744
240079,0x010b48a0,4791,0x0256e000,39247872
242011,0x010b48b0,5922,0x02e44000,48513024
508039,0x010b48c0,9386,0x04954000,76890112
600016,0x010b4900,190,0x0017c000,1556480
185618,0x010b4910,4333,0x021da000,35495936
241200,0x010b4920,5445,0x02a8a000,44605440
600017,0x010b4980,191,0x0017e000,1564672
184807,0x010b4990,4204,0x020d8000,34439168
185570,0x010b49a0,4323,0x021c6000,35414016
241201,0x010b49b0,5446,0x02a8c000,44613632
242013,0x010b49c0,5923,0x02e46000,48521216
600018,0x010b4a00,192,0x00180000,1572864
152745,0x010b4a10,3521,0x01b82000,28844032
184808,0x010b4a20,4205,0x020da000,34447360
241202,0x010b4a30,5447,0x02a8e000,44621824
242014,0x010b4a40,5924,0x02e48000,48529408
600019,0x010b4a80,193,0x00182000,1581056
184760,0x010b4a90,4187,0x020b6000,34299904
242015,0x010b4aa0,5925,0x02e4a000,48537600
137778,0x010b4b00,3160,0x018b0000,25886720
152747,0x010b4b10,3522,0x01b84000,28852224
515070,0x010b4b20,8309,0x040ea000,68067328
188325,0x010b4b80,4443,0x022b6000,36397056
188326,0x010b4c00,4444,0x022b8000,36405248
232507,0x010b4c10,4602,0x023f4000,37699584
233319,0x010b4c20,4635,0x02436000,37969920
241206,0x010b4c30,5448,0x02a90000,44630016
242018,0x010b4c40,5926,0x02e4c000,48545792
688220,0x010b4c80,2093,0x0105a000,17145856
115544,0x010b4c90,2843,0x01636000,23289856
184764,0x010b4ca0,4188,0x020b8000,34308096
241207,0x010b4cb0,5449,0x02a92000,44638208
242019,0x010b4cc0,5927,0x02e4e000,48553984
204001,0x010b4cd0,8067,0x03f06000,66084864
688221,0x010b4d00,2094,0x0105c000,17154048
184765,0x010b4d10,4189,0x020ba000,34316288
232509,0x010b4d20,4603,0x023f6000,37707776
241208,0x010b4d30,5450,0x02a94000,44646400
204002,0x010b4d40,8068,0x03f08000,66093056
000020,0x010b4d80,17,0x00022000,139264
688222,0x010b4d90,2095,0x0105e000,17162240
188329,0x010b4da0,4445,0x022ba000,36413440
241160,0x010b4db0,5418,0x02a54000,44384256
241209,0x010b4dc0,5451,0x02a96000,44654592
204003,0x010b4dd0,8069,0x03f0a000,66101248
000021,0x010b4e00,18,0x00024000,147456
603990,0x010b4e10,1779,0x00de6000,14573568
688223,0x010b4e20,2096,0x01060000,17170432
184767,0x010b4e30,4190,0x020bc000,34324480
241161,0x010b4e40,5419,0x02a56000,44392448
243100,0x010b4e50,6496,0x032c0000,53215232
204004,0x010b4e60,8070,0x03f0c000,66109440
512640,0x010b4e70,8201,0x04012000,67182592
000022,0x010b4e80,19,0x00026000,155648
603991,0x010b4e90,1780,0x00de8000,14581760
243101,0x010b4ea0,6497,0x032c2000,53223424
562060,0x010b4eb0,8726,0x0442c000,71483392
603992,0x010b4f00,1781,0x00dea000,14589952
688225,0x010b4f10,2097,0x01062000,17178624
115549,0x010b4f20,2844,0x01638000,23298048
155457,0x010b4f30,3639,0x01c6e000,29810688
511830,0x010b4f40,8166,0x03fcc000,66895872
517010,0x010b4f50,8454,0x0420c000,69255168
601100,0x010b4f80,980,0x007a8000,8028160
603993,0x010b4f90,1782,0x00dec000,14598144
688226,0x010b4fa0,2098,0x01064000,17186816
204007,0x010b4fb0,8071,0x03f0e000,66117632
520530,0x010b4fc0,8496,0x04260000,69599232
561250,0x010b4fd0,8671,0x043be000,71032832
000025,0x01139000,20,0x00028000,163840
601101,0x01139010,981,0x007aa000,8036352
688227,0x01139020,2099,0x01066000,17195008
163346,0x01139030,3745,0x01d42000,30679040
241165,0x01139040,5420,0x02a58000,44400640
000026,0x01139080,21,0x0002a000,172032
688228,0x01139090,2100,0x01068000,17203200
163347,0x011390a0,3746,0x01d44000,30687232
241166,0x011390b0,5421,0x02a5a000,44408832
000027,0x01139100,22,0x0002c000,180224
688180,0x01139110,2056,0x01010000,16842752
688229,0x01139120,2101,0x0106a000,17211392
241167,0x01139130,5422,0x02a5c000,44417024
000028,0x01139180,23,0x0002e000,188416
688181,0x01139190,2057,0x01012000,16850944
241168,0x011391a0,5423,0x02a5e000,44425216
000029,0x01139200,24,0x00030000,196608
688182,0x01139210,2058,0x01014000,16859136
241169,0x01139220,5424,0x02a60000,44433408
601106,0x01139280,982,0x007ac000,8044544
688183,0x01139290,2059,0x01016000,16867328
171196,0x011392a0,3785,0x01d92000,31006720
601107,0x01139300,983,0x007ae000,8052736
688184,0x01139310,2060,0x01018000,16875520
601108,0x01139380,984,0x007b0000,8060928
688185,0x01139390,2061,0x0101a000,16883712
688186,0x01139400,2062,0x0101c000,16891904
588130,0x01139410,8836,0x04508000,72384512
601061,0x01139480,967,0x0078e000,7921664
688187,0x01139490,2063,0x0101e000,16900096
185851,0x011394a0,4381,0x0223a000,35889152
510980,0x011394b0,8131,0x03f86000,66609152
688188,0x01139500,2064,0x01020000,16908288
185852,0x01139510,4382,0x0223c000,35897344
242253,0x01139520,6053,0x02f4a000,49586176
688189,0x01139580,2065,0x01022000,16916480
115821,0x01139590,2897,0x016a2000,23732224
242254,0x011395a0,6054,0x02f4c000,49594368
515350,0x011395b0,8332,0x04118000,68255744
019014,0x01139600,2571,0x01416000,21061632
115822,0x01139610,2898,0x016a4000,23740416
242255,0x01139620,6055,0x02f4e000,49602560
601065,0x01139680,968,0x00790000,7929856
115823,0x01139690,2899,0x016a6000,23748608
601066,0x01139700,969,0x00792000,7938048
501010,0x01139710,9245,0x0483a000,75735040
513730,0x01139780,8281,0x040b2000,67837952
501011,0x01139790,9246,0x0483c000,75743232
601068,0x01139800,970,0x00794000,7946240
019018,0x01139810,2572,0x01418000,21069824
185858,0x01139820,4383,0x0223e000,35905536
232741,0x01139830,4612,0x02408000,37781504
563150,0x01139840,8774,0x0448c000,71876608
501012,0x01139850,9247,0x0483e000,75751424
601069,0x01139880,971,0x00796000,7954432
185859,0x01139890,4384,0x02240000,35913728
188561,0x011398a0,4451,0x022c6000,36462592
245004,0x011398b0,7448,0x03a30000,61014016
588090,0x011398c0,8832,0x04500000,72351744
240630,0x01139900,5085,0x027ba000,41656320
245006,0x01139980,7449,0x03a32000,61022208
501015,0x01139990,9248,0x04840000,75759616
240632,0x01139a00,5086,0x027bc000,41664512
245007,0x01139a10,7450,0x03a34000,61030400
520810,0x01139a20,8521,0x04292000,69804032
501016,0x01139a30,9249,0x04842000,75767808
240633,0x01139a80,5087,0x027be000,41672704
245008,0x01139a90,7451,0x03a36000,61038592
530280,0x01139aa0,8551,0x042ce000,70049792
501017,0x01139ab0,9250,0x04844000,75776000
240634,0x01139b00,5088,0x027c0000,41680896
501018,0x01139b10,9251,0x04846000,75784192
240635,0x01139b80,5089,0x027c2000,41689088
888880,0x01139b90,9218,0x04804000,75513856
501019,0x01139ba0,9252,0x04848000,75792384
115785,0x01139c00,2892,0x01698000,23691264
513690,0x01139c10,8278,0x040ac000,67813376
240638,0x01139d00,5090,0x027c4000,41697280
243340,0x01139d10,6622,0x033bc000,54247424
240590,0x01139d80,5061,0x0278a000,41459712
589220,0x01139d90,8927,0x045be000,73129984
243342,0x01139e00,6623,0x033be000,54255616
173411,0x01139e80,3824,0x01de0000,31326208
243343,0x01139e90,6624,0x033c0000,54263808
520770,0x01139ea0,8518,0x0428c000,69779456
561490,0x01139eb0,8690,0x043e4000,71188480
243344,0x01139f00,6625,0x033c2000,54272000
516440,0x01139f10,8408,0x041b0000,68878336
600530,0x01139f80,574,0x0047c000,4702208
600531,0x0113a000,575,0x0047e000,4710400
173414,0x0113a010,3825,0x01de2000,31334400
240595,0x0113a020,5062,0x0278c000,41467904
243347,0x0113a080,6626,0x033c4000,54280192
600533,0x0113a100,576,0x00480000,4718592
240598,0x0113a180,5063,0x0278e000,41476096
243349,0x0113a190,6627,0x033c6000,54288384
600535,0x0113a200,577,0x00482000,4726784
240599,0x0113a210,5064,0x02790000,41484288
589180,0x0113a220,8923,0x045b6000,73097216
600536,0x0113a280,578,0x00484000,4734976
163901,0x0113a290,3774,0x01d7c000,30916608
241720,0x0113a2a0,5770,0x02d14000,47267840
600537,0x0113a300,579,0x00486000,4743168
751090,0x0113a310,9047,0x046ae000,74113024
600538,0x0113a380,580,0x00488000,4751360
241722,0x0113a390,5771,0x02d16000,47276032
751091,0x0113a3a0,9048,0x046b0000,74121216
600490,0x0113a400,539,0x00436000,4415488
600539,0x0113a410,581,0x0048a000,4759552
751092,0x0113a420,9049,0x046b2000,74129408
600491,0x0113a480,540,0x00438000,4423680
751093,0x0113a490,9050,0x046b4000,74137600
173375,0x0113a500,3822,0x01ddc000,31309824
241725,0x0113a510,5772,0x02d18000,47284224
600493,0x0113a580,541,0x0043a000,4431872
751095,0x0113a590,9051,0x046b6000,74145792
101721,0x0113a600,2762,0x01594000,22626304
241727,0x0113a610,5773,0x02d1a000,47292416
751096,0x0113a620,9052,0x046b8000,74153984
600495,0x0113a680,542,0x0043c000,4440064
241728,0x0113a690,5774,0x02d1c000,47300608
244430,0x0113a6a0,7144,0x037d0000,58523648
751097,0x0113a6b0,9053,0x046ba000,74162176
600496,0x0113a700,543,0x0043e000,4448256
751098,0x0113a710,9054,0x046bc000,74170368
600497,0x0113a780,544,0x00440000,4456448
241681,0x0113a790,5750,0x02cec000,47104000
244432,0x0113a7a0,7145,0x037d2000,58531840
751099,0x0113a7b0,9055,0x046be000,74178560
600498,0x0113a800,545,0x00442000,4464640
241682,0x0113a810,5751,0x02cee000,47112192
244433,0x0113a820,7146,0x037d4000,58540032
562580,0x0113a830,8745,0x04452000,71639040
600499,0x0113a880,546,0x00444000,4472832
242810,0x0113a890,6340,0x03188000,51937280
241684,0x0113a900,5752,0x02cf0000,47120384
244435,0x0113a910,7147,0x037d6000,58548224
241685,0x0113a980,5753,0x02cf2000,47128576
242813,0x0113aa00,6341,0x0318a000,51945472
241687,0x0113aa80,5754,0x02cf4000,47136768
242814,0x0113aa90,6342,0x0318c000,51953664
515910,0x0113aaa0,8368,0x04160000,68550656
603248,0x0113ab00,1376,0x00ac0000,11272192
242815,0x0113ab10,6343,0x0318e000,51961856
244390,0x0113ab20,7122,0x037a4000,58343424
241689,0x0113ab80,5755,0x02cf6000,47144960
244391,0x0113ab90,7123,0x037a6000,58351616
242818,0x0113ac80,6344,0x03190000,51970048
601628,0x0113ad00,1080,0x00870000,8847360
242770,0x0113ad10,6316,0x03158000,51740672
242819,0x0113ad20,6345,0x03192000,51978240
244394,0x0113ad30,7124,0x037a8000,58359808
160120,0x0113ad80,3692,0x01cd8000,30244864
242771,0x0113ad90,6317,0x0315a000,51748864
242772,0x0113ae00,6318,0x0315c000,51757056
244397,0x0113ae80,7125,0x037aa000,58368000
234880,0x0113af00,4674,0x02484000,38289408
242775,0x0113af80,6319,0x0315e000,51765248
242776,0x0113b000,6320,0x03160000,51773440
019536,0x0113b080,2607,0x0145e000,21356544
245521,0x0113b090,7687,0x03c0e000,62971904
601588,0x0113b180,1065,0x00852000,8724480
242779,0x0113b190,6321,0x03162000,51781632
563670,0x0113b1a0,8802,0x044c4000,72105984
184250,0x0113b280,3996,0x01f38000,32735232
245525,0x0113b290,7688,0x03c10000,62980096
243902,0x0113b300,6888,0x035d0000,56426496
184252,0x0113b380,3997,0x01f3a000,32743424
234889,0x0113b390,4675,0x02486000,38297600
243903,0x0113b3a0,6889,0x035d2000,56434688
184253,0x0113b400,3998,0x01f3c000,32751616
243905,0x0113b480,6890,0x035d4000,56442880
245480,0x0113b490,7675,0x03bf6000,62873600
245529,0x0113b4a0,7689,0x03c12000,62988288
243906,0x0113b500,6891,0x035d6000,56451072
184256,0x0113b580,3999,0x01f3e000,32759808
243907,0x0113b590,6892,0x035d8000,56459264
245482,0x0113b5a0,7676,0x03bf8000,62881792
512130,0x0113b600,9437,0x049ba000,77307904
243861,0x0113b700,6875,0x035b6000,56320000
245485,0x0113b710,7677,0x03bfa000,62889984
152197,0x0113b780,3330,0x01a04000,27279360
243862,0x0113b790,6876,0x035b8000,56328192
245486,0x0113b7a0,7678,0x03bfc000,62898176
516960,0x0113b880,8450,0x04204000,69222400
137540,0x0113b980,3105,0x01842000,25436160
512090,0x0113ba80,9434,0x049b4000,77283328
510510,0x0113bb80,8107,0x03f56000,66412544
603800,0x0113bc00,1672,0x00d10000,13697024
603801,0x0113bc80,1673,0x00d12000,13705216
185342,0x0113bd00,4273,0x02162000,35004416
235979,0x0113bd10,4720,0x024e0000,38666240
603803,0x0113bd80,1674,0x00d14000,13713408
137548,0x0113bd90,3106,0x01844000,25444352
185344,0x0113be00,4274,0x02164000,35012608
603806,0x0113bf00,1675,0x00d16000,13721600
605388,0x0113bf10,1883,0x00eb6000,15425536
605389,0x0113bf80,1884,0x00eb8000,15433728
115315,0x0113bf90,2806,0x015ec000,22986752
185347,0x0113bfa0,4275,0x02166000,35020800
513220,0x0113bfb0,8251,0x04076000,67592192
603808,0x0113c000,1676,0x00d18000,13729792
603809,0x0113c080,1677,0x00d1a000,13737984
143818,0x0113c100,3288,0x019b0000,26935296
240120,0x0113c110,4817,0x025a2000,39460864
244952,0x0113c120,7425,0x03a02000,60825600
511600,0x0113c180,8155,0x03fb6000,66805760
240122,0x0113c200,4818,0x025a4000,39469056
561020,0x0113c210,8655,0x0439e000,70901760
240123,0x0113c280,4819,0x025a6000,39477248
603766,0x0113c380,1656,0x00cf0000,13565952
244957,0x0113c390,7426,0x03a04000,60833792
113650,0x0113c3a0,7983,0x03e5e000,65396736
603767,0x0113c400,1657,0x00cf2000,13574144
244958,0x0113c410,7427,0x03a06000,60841984
513180,0x0113c420,8247,0x0406e000,67559424
603768,0x0113c480,1658,0x00cf4000,13582336
244959,0x0113c490,7428,0x03a08000,60850176
113652,0x0113c4a0,7984,0x03e60000,65404928
118020,0x0113c4b0,8031,0x03ebe000,65789952
138634,0x0113c500,3219,0x01926000,26370048
240128,0x0113c510,4820,0x025a8000,39485440
138635,0x0113c580,3220,0x01928000,26378240
240080,0x0113c590,4792,0x02570000,39256064
118022,0x0113c5a0,8032,0x03ec0000,65798144
240081,0x0113c600,4793,0x02572000,39264256
113655,0x0113c610,7985,0x03e62000,65413120
551510,0x0113c620,8564,0x042e8000,70156288
240082,0x0113c680,4794,0x02574000,39272448
113656,0x0113c690,7986,0x03e64000,65421312
118024,0x0113c6a0,8033,0x03ec2000,65806336
240083,0x0113c700,4795,0x02576000,39280640
600020,0x0113c780,194,0x00184000,1589248
240084,0x0113c790,4796,0x02578000,39288832
600021,0x0113c800,195,0x00186000,1597440
157123,0x0113c810,3675,0x01cb6000,30105600
240085,0x0113c820,4797,0x0257a000,39297024
113659,0x0113c830,7987,0x03e66000,65429504
118027,0x0113c840,8034,0x03ec4000,65814528
600022,0x0113c880,196,0x00188000,1605632
155500,0x0113c890,3643,0x01c76000,29843456
240086,0x0113c8a0,4798,0x0257c000,39305216
600023,0x0113c900,197,0x0018a000,1613824
155501,0x0113c910,3644,0x01c78000,29851648
184813,0x0113c920,4206,0x020dc000,34455552
240087,0x0113c930,4799,0x0257e000,39313408
184814,0x0113c980,4207,0x020de000,34463744
508048,0x0113c990,9387,0x04956000,76898304
600025,0x0113ca00,198,0x0018c000,1622016
184815,0x0113ca10,4208,0x020e0000,34471936
240089,0x0113ca20,4800,0x02580000,39321600
600026,0x0113ca80,199,0x0018e000,1630208
152753,0x0113ca90,3523,0x01b86000,28860416
184816,0x0113caa0,4209,0x020e2000,34480128
241210,0x0113cab0,5452,0x02a98000,44662784
600027,0x0113cb00,200,0x00190000,1638400
109285,0x0113cb10,2766,0x0159c000,22659072
241211,0x0113cb20,5453,0x02a9a000,44670976
600028,0x0113cb80,201,0x00192000,1646592
138598,0x0113cb90,3214,0x0191c000,26329088
157081,0x0113cba0,3674,0x01cb4000,30097408
184818,0x0113cbb0,4210,0x020e4000,34488320
241212,0x0113cbc0,5454,0x02a9c000,44679168
600029,0x0113cc00,202,0x00194000,1654784
184819,0x0113cc10,4211,0x020e6000,34496512
241213,0x0113cc20,5455,0x02a9e000,44687360
127001,0x0113cc80,3008,0x01780000,24641536
241214,0x0113cc90,5456,0x02aa0000,44695552
241215,0x0113cd00,5457,0x02aa2000,44703744
152759,0x0113cd80,3524,0x01b88000,28868608
241216,0x0113cd90,5458,0x02aa4000,44711936
688230,0x0113ce00,2102,0x0106c000,17219584
688231,0x0113ce80,2103,0x0106e000,17227776
000030,0x0113cf00,25,0x00032000,204800
688232,0x0113cf10,2104,0x01070000,17235968
184776,0x0113cf20,4191,0x020be000,34332672
241170,0x0113cf30,5425,0x02a62000,44441600
241219,0x0113cf40,5459,0x02aa6000,44720128
000031,0x0113cf80,26,0x00034000,212992
688233,0x0113cf90,2105,0x01072000,17244160
204014,0x0113cfa0,8072,0x03f10000,66125824
512650,0x0113cfb0,8202,0x04014000,67190784
000032,0x0113d000,27,0x00036000,221184
688234,0x0113d010,2106,0x01074000,17252352
184778,0x0113d020,4192,0x020c0000,34340864
241172,0x0113d030,5426,0x02a64000,44449792
562070,0x0113d040,8727,0x0442e000,71491584
000033,0x0113d080,28,0x00038000,229376
688235,0x0113d090,2107,0x01076000,17260544
101216,0x0113d0a0,2759,0x0158e000,22601728
184779,0x0113d0b0,4193,0x020c2000,34349056
241173,0x0113d0c0,5427,0x02a66000,44457984
000034,0x0113d100,29,0x0003a000,237568
688236,0x0113d110,2108,0x01078000,17268736
241174,0x0113d120,5428,0x02a68000,44466176
000035,0x0113d180,30,0x0003c000,245760
601111,0x0113d190,985,0x007b2000,8069120
688237,0x0113d1a0,2109,0x0107a000,17276928
185901,0x0113d1b0,4394,0x02254000,35995648
241175,0x0113d1c0,5429,0x02a6a000,44474368
242302,0x0113d1d0,6075,0x02f76000,49766400
000036,0x0113d200,31,0x0003e000,253952
601112,0x0113d210,986,0x007b4000,8077312
688238,0x0113d220,2110,0x0107c000,17285120
241176,0x0113d230,5430,0x02a6c000,44482560
242303,0x0113d240,6076,0x02f78000,49774592
560450,0x0113d250,8608,0x04340000,70516736
000037,0x0113d280,32,0x00040000,262144
601113,0x0113d290,987,0x007b6000,8085504
688190,0x0113d2a0,2066,0x01024000,16924672
688239,0x0113d2b0,2111,0x0107e000,17293312
241177,0x0113d2c0,5431,0x02a6e000,44490752
242304,0x0113d2d0,6077,0x02f7a000,49782784
515400,0x0113d2e0,8337,0x04122000,68296704
000038,0x0113d300,33,0x00042000,270336
688191,0x0113d310,2067,0x01026000,16932864
242305,0x0113d320,6078,0x02f7c000,49790976
000039,0x0113d380,34,0x00044000,278528
688192,0x0113d390,2068,0x01028000,16941056
242306,0x0113d3a0,6079,0x02f7e000,49799168
601116,0x0113d400,988,0x007b8000,8093696
688193,0x0113d410,2069,0x0102a000,16949248
185906,0x0113d420,4395,0x02256000,36003840
242307,0x0113d430,6080,0x02f80000,49807360
601117,0x0113d480,989,0x007ba000,8101888
242308,0x0113d490,6081,0x02f82000,49815552
601118,0x0113d500,990,0x007bc000,8110080
688195,0x0113d510,2070,0x0102c000,16957440
242309,0x0113d520,6082,0x02f84000,49823744
563200,0x0113d530,8776,0x04490000,71892992
688196,0x0113d580,2071,0x0102e000,16965632
185860,0x0113d590,4385,0x02242000,35921920
185909,0x0113d5a0,4396,0x02258000,36012032
242261,0x0113d5b0,6056,0x02f50000,49610752
588140,0x0113d5c0,8837,0x0450a000,72392704
688197,0x0113d600,2072,0x01030000,16973824
510990,0x0113d610,8132,0x03f88000,66617344
688198,0x0113d680,2073,0x01032000,16982016
115830,0x0113d690,2900,0x016a8000,23756800
688199,0x0113d700,2074,0x01034000,16990208
019023,0x0113d710,2573,0x0141a000,21078016
115831,0x0113d720,2901,0x016aa000,23764992
242264,0x0113d730,6057,0x02f52000,49618944
515360,0x0113d740,8333,0x0411a000,68263936
111000,0x0113d780,7933,0x03dfa000,64987136
185865,0x0113d800,4386,0x02244000,35930112
245010,0x0113d810,7452,0x03a38000,61046784
019026,0x0113d880,2574,0x0141c000,21086208
115834,0x0113d890,2902,0x016ac000,23773184
242267,0x0113d8a0,6058,0x02f54000,49627136
245011,0x0113d8b0,7453,0x03a3a000,61054976
111002,0x0113d8c0,7934,0x03dfc000,64995328
601077,0x0113d900,972,0x00798000,7962624
242268,0x0113d910,6059,0x02f56000,49635328
111003,0x0113d920,7935,0x03dfe000,65003520
501021,0x0113d930,9253,0x0484a000,75800576
115836,0x0113d980,2903,0x016ae000,23781376
188619,0x0113d990,4454,0x022cc000,36487168
242269,0x0113d9a0,6060,0x02f58000,49643520
245013,0x0113d9b0,7454,0x03a3c000,61063168
111004,0x0113d9c0,7936,0x03e00000,65011712
501022,0x0113d9d0,9254,0x0484c000,75808768
019029,0x0113da00,2575,0x0141e000,21094400
115837,0x0113da10,2904,0x016b0000,23789568
185869,0x0113da20,4387,0x02246000,35938304
245014,0x0113da30,7455,0x03a3e000,61071360
501023,0x0113da40,9255,0x0484e000,75816960
115838,0x0113da80,2905,0x016b2000,23797760
240640,0x0113da90,5091,0x027c6000,41705472
508600,0x0113daa0,9415,0x0498e000,77127680
245016,0x0113db00,7456,0x03a40000,61079552
501025,0x0113db10,9256,0x04850000,75825152
508601,0x0113db20,9416,0x04990000,77135872
240642,0x0113db80,5092,0x027c8000,41713664
520820,0x0113db90,8522,0x04294000,69812224
501026,0x0113dba0,9257,0x04852000,75833344
508602,0x0113dbb0,9417,0x04992000,77144064
240643,0x0113dc00,5093,0x027ca000,41721856
111009,0x0113dc10,7937,0x03e02000,65019904
508603,0x0113dc20,9418,0x04994000,77152256
188576,0x0113dc80,4452,0x022c8000,36470784
240644,0x0113dc90,5094,0x027cc000,41730048
245019,0x0113dca0,7457,0x03a42000,61087744
501028,0x0113dcb0,9258,0x04854000,75841536
501029,0x0113dd00,9259,0x04856000,75849728
243350,0x0113de80,6628,0x033c8000,54296576
243351,0x0113df00,6629,0x033ca000,54304768
589230,0x0113df10,8928,0x045c0000,73138176
243352,0x0113df80,6630,0x033cc000,54312960
243353,0x0113e000,6631,0x033ce000,54321152
520780,0x0113e010,8519,0x0428e000,69787648
243354,0x0113e080,6632,0x033d0000,54329344
600540,0x0113e100,582,0x0048c000,4767744
243356,0x0113e180,6633,0x033d2000,54337536
175049,0x0113e200,3842,0x01e04000,31473664
600543,0x0113e280,583,0x0048e000,4775936
243359,0x0113e300,6634,0x033d4000,54345728
600545,0x0113e380,584,0x00490000,4784128
589190,0x0113e390,8924,0x045b8000,73105408
600546,0x0113e400,585,0x00492000,4792320
163911,0x0113e410,3775,0x01d7e000,30924800
600547,0x0113e480,586,0x00494000,4800512
600548,0x0113e500,587,0x00496000,4808704
143300,0x0113e510,3269,0x0198a000,26779648
241732,0x0113e520,5775,0x02d1e000,47308800
600549,0x0113e580,588,0x00498000,4816896
143301,0x0113e590,3270,0x0198c000,26787840
241733,0x0113e5a0,5776,0x02d20000,47316992
241734,0x0113e600,5777,0x02d22000,47325184
241735,0x0113e680,5778,0x02d24000,47333376
241736,0x0113e700,5779,0x02d26000,47341568
688750,0x0113e780,2468,0x01348000,20217856
241737,0x0113e790,5780,0x02d28000,47349760
241738,0x0113e800,5781,0x02d2a000,47357952
171767,0x0113e980,3796,0x01da8000,31096832
241692,0x0113e990,5756,0x02cf8000,47153152
562590,0x0113e9a0,8746,0x04454000,71647232
688755,0x0113ea00,2469,0x0134a000,20226048
241693,0x0113ea10,5757,0x02cfa000,47161344
242820,0x0113ea20,6346,0x03194000,51986432
244444,0x0113ea30,7148,0x037d8000,58556416
242821,0x0113ea80,6347,0x03196000,51994624
244445,0x0113ea90,7149,0x037da000,58564608
588700,0x0113eaa0,8879,0x0455e000,72736768
603255,0x0113eb00,1377,0x00ac2000,11280384
688757,0x0113eb10,2470,0x0134c000,20234240
242822,0x0113eb20,6348,0x03198000,52002816
603256,0x0113eb80,1378,0x00ac4000,11288576
688758,0x0113eb90,2471,0x0134e000,20242432
241696,0x0113eba0,5758,0x02cfc000,47169536
244447,0x0113ebb0,7150,0x037dc000,58572800
560970,0x0113ebc0,8650,0x04394000,70860800
601633,0x0113ec00,1081,0x00872000,8855552
603257,0x0113ec10,1379,0x00ac6000,11296768
688759,0x0113ec20,2472,0x01350000,20250624
241697,0x0113ec30,5759,0x02cfe000,47177728
242824,0x0113ec40,6349,0x0319a000,52011008
515920,0x0113ec50,8369,0x04162000,68558848
603258,0x0113ec80,1380,0x00ac8000,11304960
241698,0x0113ec90,5760,0x02d00000,47185920
603259,0x0113ed00,1381,0x00aca000,11313152
242826,0x0113ed10,6350,0x0319c000,52019200
601636,0x0113ed80,1082,0x00874000,8863744
242827,0x0113ed90,6351,0x0319e000,52027392
234934,0x0113ee00,4679,0x0248e000,38330368
551000,0x0113ee10,8559,0x042de000,70115328
242781,0x0113ef00,6322,0x03164000,51789824
588660,0x0113ef10,8875,0x04556000,72704000
019541,0x0113ef80,2608,0x01460000,21364736
242782,0x0113ef90,6323,0x03166000,51798016
184301,0x0113f000,4017,0x01f62000,32907264
242783,0x0113f010,6324,0x03168000,51806208
242784,0x0113f080,6325,0x0316a000,51814400
515880,0x0113f090,8365,0x0415a000,68526080
242785,0x0113f100,6326,0x0316c000,51822592
601595,0x0113f180,1066,0x00854000,8732672
136509,0x0113f190,3066,0x017f4000,25116672
184304,0x0113f1a0,4018,0x01f64000,32915456
242786,0x0113f1b0,6327,0x0316e000,51830784
184305,0x0113f200,4019,0x01f66000,32923648
234893,0x0113f210,4676,0x02488000,38305792
242787,0x0113f220,6328,0x03170000,51838976
245531,0x0113f230,7690,0x03c14000,62996480
019547,0x0113f280,2609,0x01462000,21372928
242788,0x0113f290,6329,0x03172000,51847168
245532,0x0113f2a0,7691,0x03c16000,63004672
601598,0x0113f300,1067,0x00856000,8740864
184307,0x0113f310,4020,0x01f68000,32931840
242789,0x0113f320,6330,0x03174000,51855360
563680,0x0113f330,8803,0x044c6000,72114176
601599,0x0113f380,1068,0x00858000,8749056
184308,0x0113f390,4021,0x01f6a000,32940032
243910,0x0113f3a0,6893,0x035da000,56467456
245534,0x0113f3b0,7692,0x03c18000,63012864
184260,0x0113f400,4000,0x01f40000,32768000
243911,0x0113f410,6894,0x035dc000,56475648
152247,0x0113f480,3334,0x01a0c000,27312128
175604,0x0113f490,3867,0x01e36000,31678464
184261,0x0113f4a0,4001,0x01f42000,32776192
243912,0x0113f4b0,6895,0x035de000,56483840
184262,0x0113f500,4002,0x01f44000,32784384
243914,0x0113f580,6896,0x035e0000,56492032
184264,0x0113f600,4003,0x01f46000,32792576
243915,0x0113f610,6897,0x035e2000,56500224
245490,0x0113f620,7679,0x03bfe000,62906368
243916,0x0113f680,6898,0x035e4000,56508416
184266,0x0113f700,4004,0x01f48000,32800768
243917,0x0113f710,6899,0x035e6000,56516608
512140,0x0113f780,9438,0x049bc000,77316096
160099,0x0113f800,3691,0x01cd6000,30236672
184268,0x0113f810,4005,0x01f4a000,32808960
245495,0x0113f880,7680,0x03c00000,62914560
243872,0x0113f900,6877,0x035ba000,56336384
243873,0x0113f980,6878,0x035bc000,56344576
235980,0x0113fa00,4721,0x024e2000,38674432
516970,0x0113fa10,8451,0x04206000,69230592
137550,0x0113fb00,3107,0x01846000,25452544
235982,0x0113fb10,4722,0x024e4000,38682624
243877,0x0113fb80,6879,0x035be000,56352768
235984,0x0113fc00,4723,0x024e6000,38690816
243878,0x0113fc10,6880,0x035c0000,56360960
137554,0x0113fd00,3108,0x01848000,25460736
603810,0x0113fd80,1678,0x00d1c000,13746176
603811,0x0113fe00,1679,0x00d1e000,13754368
188102,0x0113fe10,4432,0x022a0000,36306944
603813,0x0113ff00,1680,0x00d20000,13762560
185354,0x0113ff80,4276,0x02168000,35028992
603815,0x01140000,1681,0x00d22000,13770752
115323,0x01140010,2807,0x015ee000,22994944
185355,0x01140020,4277,0x0216a000,35037184
603816,0x01140080,1682,0x00d24000,13778944
605398,0x01140090,1885,0x00eba000,15441920
143824,0x011400a0,3289,0x019b2000,26943488
113700,0x011400b0,8014,0x03e9c000,65650688
603817,0x01140100,1683,0x00d26000,13787136
605399,0x01140110,1886,0x00ebc000,15450112
185357,0x01140120,4278,0x0216c000,35045376
113701,0x01140130,8015,0x03e9e000,65658880
513230,0x01140140,8252,0x04078000,67600384
603818,0x01140180,1684,0x00d28000,13795328
244960,0x01140190,7429,0x03a0a000,60858368
113702,0x011401a0,8016,0x03ea0000,65667072
603819,0x01140200,1685,0x00d2a000,13803520
113703,0x01140210,8017,0x03ea2000,65675264
115328,0x01140280,2808,0x015f0000,23003136
244962,0x01140290,7430,0x03a0c000,60866560
113704,0x011402a0,8018,0x03ea4000,65683456
113705,0x01140300,8019,0x03ea6000,65691648
603773,0x01140380,1659,0x00cf6000,13590528
240132,0x01140390,4821,0x025aa000,39493632
244964,0x011403a0,7431,0x03a0e000,60874752
113706,0x011403b0,8020,0x03ea8000,65699840
561030,0x011403c0,8656,0x043a0000,70909952
115282,0x01140400,2804,0x015e8000,22970368
240133,0x01140410,4822,0x025ac000,39501824
113707,0x01140420,8021,0x03eaa000,65708032
113708,0x01140480,8022,0x03eac000,65716224
603776,0x01140500,1660,0x00cf8000,13598720
113660,0x01140510,7988,0x03e68000,65437696
113709,0x01140520,8023,0x03eae000,65724416
603777,0x01140580,1661,0x00cfa000,13606912
240136,0x01140590,4823,0x025ae000,39510016
113661,0x011405a0,7989,0x03e6a000,65445888
513190,0x011405b0,8248,0x04070000,67567616
603778,0x01140600,1662,0x00cfc000,13615104
118030,0x01140610,8035,0x03ec6000,65822720
603779,0x01140680,1663,0x00cfe000,13623296
118031,0x01140690,8036,0x03ec8000,65830912
240139,0x01140700,4824,0x025b0000,39518208
118032,0x01140710,8037,0x03eca000,65839104
508050,0x01140720,9388,0x04958000,76906496
152803,0x01140780,3539,0x01ba6000,28991488
113665,0x01140790,7990,0x03e6c000,65454080
551520,0x011407a0,8565,0x042ea000,70164480
113666,0x01140800,7991,0x03e6e000,65462272
118034,0x01140810,8038,0x03ecc000,65847296
152805,0x01140880,3540,0x01ba8000,28999680
113667,0x01140890,7992,0x03e70000,65470464
118035,0x011408a0,8039,0x03ece000,65855488
600030,0x01140900,203,0x00196000,1662976
152806,0x01140910,3541,0x01baa000,29007872
240094,0x01140920,4801,0x02582000,39329792
118036,0x01140930,8040,0x03ed0000,65863680
600031,0x01140980,204,0x00198000,1671168
152807,0x01140990,3542,0x01bac000,29016064
188069,0x011409a0,4430,0x0229c000,36290560
118037,0x011409b0,8041,0x03ed2000,65871872
508055,0x011409c0,9389,0x0495a000,76914688
600032,0x01140a00,205,0x0019a000,1679360
240096,0x01140a10,4802,0x02584000,39337984
508056,0x01140a20,9390,0x0495c000,76922880
600033,0x01140a80,206,0x0019c000,1687552
184823,0x01140a90,4212,0x020e8000,34504704
118039,0x01140aa0,8042,0x03ed4000,65880064
240098,0x01140b00,4803,0x02586000,39346176
508058,0x01140b10,9391,0x0495e000,76931072
600035,0x01140b80,207,0x0019e000,1695744
240099,0x01140b90,4804,0x02588000,39354368
508059,0x01140ba0,9392,0x04960000,76939264
600036,0x01140c00,208,0x001a0000,1703936
152763,0x01140c10,3525,0x01b8a000,28876800
241220,0x01140c20,5460,0x02aa8000,44728320
600037,0x01140c80,209,0x001a2000,1712128
152764,0x01140c90,3526,0x01b8c000,28884992
163402,0x01140ca0,3754,0x01d54000,30752768
241221,0x01140cb0,5461,0x02aaa000,44736512
512700,0x01140cc0,8207,0x0401e000,67231744
600038,0x01140d00,210,0x001a4000,1720320
600039,0x01140d80,211,0x001a6000,1728512
184781,0x01140e00,4194,0x020c4000,34357248
152768,0x01140e80,3527,0x01b8e000,28893184
241225,0x01140e90,5462,0x02aac000,44744704
241226,0x01140f00,5463,0x02aae000,44752896
560500,0x01140f10,8613,0x0434a000,70557696
241227,0x01140f80,5464,0x02ab0000,44761088
184785,0x01141000,4195,0x020c6000,34365440
241228,0x01141010,5465,0x02ab2000,44769280
000040,0x01141080,35,0x00046000,286720
241180,0x01141090,5432,0x02a70000,44498944
241229,0x011410a0,5466,0x02ab4000,44777472
000041,0x01141100,36,0x00048000,294912
127017,0x01141110,3009,0x01782000,24649728
512660,0x01141120,8203,0x04016000,67198976
000042,0x01141180,37,0x0004a000,303104
688244,0x01141190,2112,0x01080000,17301504
155476,0x011411a0,3640,0x01c70000,29818880
184788,0x011411b0,4196,0x020c8000,34373632
241182,0x011411c0,5433,0x02a72000,44507136
562080,0x011411d0,8728,0x04430000,71499776
000043,0x01141200,38,0x0004c000,311296
241183,0x01141210,5434,0x02a74000,44515328
242310,0x01141220,6083,0x02f86000,49831936
517030,0x01141230,8455,0x0420e000,69263360
000044,0x01141280,39,0x0004e000,319488
688246,0x01141290,2113,0x01082000,17309696
185910,0x011412a0,4397,0x0225a000,36020224
000045,0x01141300,40,0x00050000,327680
601121,0x01141310,991,0x007be000,8118272
688247,0x01141320,2114,0x01084000,17317888
185911,0x01141330,4398,0x0225c000,36028416
204028,0x01141340,8073,0x03f12000,66134016
000046,0x01141380,41,0x00052000,335872
688248,0x01141390,2115,0x01086000,17326080
185912,0x011413a0,4399,0x0225e000,36036608
241186,0x011413b0,5435,0x02a76000,44523520
560460,0x011413c0,8609,0x04342000,70524928
000047,0x01141400,42,0x00054000,344064
688249,0x01141410,2116,0x01088000,17334272
185913,0x01141420,4400,0x02260000,36044800
242314,0x01141430,6084,0x02f88000,49840128
000048,0x01141480,43,0x00056000,352256
000049,0x01141500,44,0x00058000,360448
241189,0x01141510,5436,0x02a78000,44531712
242316,0x01141520,6085,0x02f8a000,49848320
601126,0x01141580,992,0x007c0000,8126464
242317,0x01141590,6086,0x02f8c000,49856512
601127,0x01141600,993,0x007c2000,8134656
185917,0x01141610,4401,0x02262000,36052992
242318,0x01141620,6087,0x02f8e000,49864704
601128,0x01141680,994,0x007c4000,8142848
242270,0x01141690,6061,0x02f5a000,49651712
563210,0x011416a0,8777,0x04492000,71901184
588150,0x01141700,8838,0x0450c000,72400896
242272,0x01141780,6062,0x02f5c000,49659904
115840,0x01141800,2906,0x016b4000,23805952
242273,0x01141810,6063,0x02f5e000,49668096
601083,0x01141880,973,0x0079a000,7970816
185873,0x01141890,4388,0x02248000,35946496
515370,0x011418a0,8334,0x0411c000,68272128
185874,0x01141900,4389,0x0224a000,35954688
242275,0x01141910,6064,0x02f60000,49676288
242276,0x01141980,6065,0x02f62000,49684480
245020,0x01141990,7458,0x03a44000,61095936
601086,0x01141a00,974,0x0079c000,7979008
115844,0x01141a10,2907,0x016b6000,23814144
245021,0x01141a20,7459,0x03a46000,61104128
111012,0x01141a30,7938,0x03e04000,65028096
501030,0x01141a40,9260,0x04858000,75857920
019037,0x01141a80,2576,0x01420000,21102592
513750,0x01141a90,8282,0x040b4000,67846144
501031,0x01141aa0,9261,0x0485a000,75866112
601088,0x01141b00,975,0x0079e000,7987200
185878,0x01141b10,4390,0x0224c000,35962880
188629,0x01141b20,4455,0x022ce000,36495360
245023,0x01141b30,7460,0x03a48000,61112320
111014,0x01141b40,7939,0x03e06000,65036288
501032,0x01141b50,9262,0x0485c000,75874304
601089,0x01141b80,976,0x007a0000,7995392
185879,0x01141b90,4391,0x0224e000,35971072
243400,0x01141ba0,6662,0x0340c000,54575104
245024,0x01141bb0,7461,0x03a4a000,61120512
111015,0x01141bc0,7940,0x03e08000,65044480
115848,0x01141c00,2908,0x016b8000,23822336
240650,0x01141c10,5095,0x027ce000,41738240
115849,0x01141c80,2909,0x016ba000,23830528
240651,0x01141c90,5096,0x027d0000,41746432
243402,0x01141ca0,6663,0x0340e000,54583296
111017,0x01141cb0,7941,0x03e0a000,65052672
188584,0x01141d00,4453,0x022ca000,36478976
240652,0x01141d10,5097,0x027d2000,41754624
243403,0x01141d20,6664,0x03410000,54591488
111018,0x01141d30,7942,0x03e0c000,65060864
520830,0x01141d40,8523,0x04296000,69820416
561550,0x01141d50,8693,0x043ea000,71213056
501036,0x01141d60,9263,0x0485e000,75882496
240653,0x01141d80,5098,0x027d4000,41762816
245028,0x01141d90,7462,0x03a4c000,61128704
516500,0x01141da0,8410,0x041b4000,68894720
501037,0x01141db0,9264,0x04860000,75890688
501038,0x01141e00,9265,0x04862000,75898880
240655,0x01141e80,5099,0x027d6000,41771008
243406,0x01141e90,6665,0x03412000,54599680
240656,0x01141f00,5100,0x027d8000,41779200
240657,0x01141f80,5101,0x027da000,41787392
243408,0x01141f90,6666,0x03414000,54607872
240658,0x01142000,5102,0x027dc000,41795584
240659,0x01142080,5103,0x027de000,41803776
243362,0x01142100,6635,0x033d6000,54353920
243363,0x01142180,6636,0x033d8000,54362112
520790,0x01142190,8520,0x04290000,69795840
243364,0x01142200,6637,0x033da000,54370304
516460,0x01142210,8409,0x041b2000,68886528
600550,0x01142280,589,0x0049a000,4825088
600551,0x01142300,590,0x0049c000,4833280
600552,0x01142380,591,0x0049e000,4841472
243367,0x01142390,6638,0x033dc000,54378496
243368,0x01142400,6639,0x033de000,54386688
688800,0x01142480,2497,0x01382000,20455424
510010,0x01142500,8076,0x03f18000,66158592
600556,0x01142580,592,0x004a0000,4849664
603300,0x01142590,1414,0x00b0c000,11583488
688802,0x011425a0,2498,0x01384000,20463616
241740,0x011425b0,5782,0x02d2c000,47366144
600557,0x01142600,593,0x004a2000,4857856
603301,0x01142610,1415,0x00b0e000,11591680
241741,0x01142620,5783,0x02d2e000,47374336
600558,0x01142680,594,0x004a4000,4866048
600559,0x01142700,595,0x004a6000,4874240
603303,0x01142710,1416,0x00b10000,11599872
688805,0x01142720,2499,0x01386000,20471808
241743,0x01142730,5784,0x02d30000,47382528
688806,0x01142780,2500,0x01388000,20480000
603305,0x01142800,1417,0x00b12000,11608064
688807,0x01142810,2501,0x0138a000,20488192
603306,0x01142880,1418,0x00b14000,11616256
688808,0x01142890,2502,0x0138c000,20496384
241746,0x011428a0,5785,0x02d32000,47390720
603307,0x01142900,1419,0x00b16000,11624448
688809,0x01142910,2503,0x0138e000,20504576
603308,0x01142980,1420,0x00b18000,11632640
603260,0x01142a00,1382,0x00acc000,11321344
603309,0x01142a10,1421,0x00b1a000,11640832
241749,0x01142a20,5786,0x02d34000,47398912
603261,0x01142a80,1383,0x00ace000,11329536
603262,0x01142b00,1384,0x00ad0000,11337728
511100,0x01142b10,8139,0x03f96000,66674688
688765,0x01142b80,2473,0x01352000,20258816
101746,0x01142b90,2763,0x01596000,22634496
242830,0x01142ba0,6352,0x031a0000,52035584
244454,0x01142bb0,7151,0x037de000,58580992
517550,0x01142bc0,8476,0x04238000,69435392
688766,0x01142c00,2474,0x01354000,20267008
588710,0x01142c10,8880,0x04560000,72744960
688767,0x01142c80,2475,0x01356000,20275200
242832,0x01142c90,6353,0x031a2000,52043776
603266,0x01142d00,1385,0x00ad2000,11345920
688768,0x01142d10,2476,0x01358000,20283392
242833,0x01142d20,6354,0x031a4000,52051968
244457,0x01142d30,7152,0x037e0000,58589184
560980,0x01142d40,8651,0x04396000,70868992
603267,0x01142d80,1386,0x00ad4000,11354112
603268,0x01142e00,1387,0x00ad6000,11362304
244459,0x01142e10,7153,0x037e2000,58597376
603269,0x01142e80,1388,0x00ad8000,11370496
242838,0x01142f80,6355,0x031a6000,52060160
511060,0x01142f90,8136,0x03f90000,66650112
242791,0x01143080,6331,0x03176000,51863552
588670,0x01143090,8876,0x04558000,72712192
019551,0x01143100,2610,0x01464000,21381120
184310,0x01143110,4022,0x01f6c000,32948224
242792,0x01143120,6332,0x03178000,51871744
184312,0x01143200,4023,0x01f6e000,32956416
242794,0x01143210,6333,0x0317a000,51879936
515890,0x01143220,8366,0x0415c000,68534272
019554,0x01143280,2611,0x01466000,21389312
242795,0x01143290,6334,0x0317c000,51888128
245540,0x01143300,7693,0x03c1a000,63021056
245541,0x01143380,7694,0x03c1c000,63029248
242798,0x01143400,6335,0x0317e000,51896320
019558,0x01143480,2612,0x01468000,21397504
563690,0x01143490,8804,0x044c8000,72122368
019559,0x01143500,2613,0x0146a000,21405696
175612,0x01143510,3868,0x01e38000,31686656
243920,0x01143520,6900,0x035e8000,56524800
175613,0x01143580,3869,0x01e3a000,31694848
243921,0x01143590,6901,0x035ea000,56532992
245545,0x011435a0,7695,0x03c1e000,63037440
589800,0x011435b0,8959,0x045fe000,73392128
184271,0x01143600,4006,0x01f4c000,32817152
243922,0x01143610,6902,0x035ec000,56541184
152258,0x01143680,3335,0x01a0e000,27320320
184272,0x01143690,4007,0x01f4e000,32825344
175616,0x01143700,3870,0x01e3c000,31703040
184273,0x01143710,4008,0x01f50000,32833536
245548,0x01143720,7696,0x03c20000,63045632
243925,0x01143780,6903,0x035ee000,56549376
243927,0x01143880,6904,0x035f0000,56557568
243928,0x01143900,6905,0x035f2000,56565760
512150,0x01143910,9439,0x049be000,77324288
184278,0x01143980,4009,0x01f52000,32841728
243929,0x01143990,6906,0x035f4000,56573952
137604,0x01143a00,3119,0x0185e000,25550848
155009,0x01143a10,3606,0x01c2c000,29540352
243882,0x01143a80,6881,0x035c2000,56369152
137606,0x01143b00,3120,0x01860000,25559040
185401,0x01143b10,4291,0x02186000,35151872
137607,0x01143b80,3121,0x01862000,25567232
516980,0x01143b90,8452,0x04208000,69238784
175577,0x01143c00,3866,0x01e34000,31670272
185403,0x01143c10,4292,0x02188000,35160064
235991,0x01143c20,4724,0x024e8000,38699008
137560,0x01143c80,3109,0x0184a000,25468928
231160,0x01143c90,4548,0x02388000,37257216
137561,0x01143d00,3110,0x0184c000,25477120
243887,0x01143d10,6882,0x035c4000,56377344
185406,0x01143d80,4293,0x0218a000,35168256
185407,0x01143e00,4294,0x0218c000,35176448
243889,0x01143e10,6883,0x035c6000,56385536
185408,0x01143e80,4295,0x0218e000,35184640
510530,0x01143e90,8108,0x03f58000,66420736
137565,0x01143f00,3111,0x0184e000,25485312
185361,0x01143f80,4279,0x0216e000,35053568
603822,0x01144000,1686,0x00d2c000,13811712
185362,0x01144010,4280,0x02170000,35061760
603823,0x01144080,1687,0x00d2e000,13819904
603825,0x01144180,1688,0x00d30000,13828096
603826,0x01144200,1689,0x00d32000,13836288
115335,0x01144280,2809,0x015f2000,23011328
513240,0x01144290,8253,0x0407a000,67608576
603828,0x01144300,1690,0x00d34000,13844480
185368,0x01144310,4281,0x02172000,35069952
244970,0x01144320,7432,0x03a10000,60882944
603829,0x01144380,1691,0x00d36000,13852672
115338,0x01144400,2810,0x015f4000,23019520
244972,0x01144410,7433,0x03a12000,60891136
143839,0x01144480,3290,0x019b4000,26951680
244973,0x01144490,7434,0x03a14000,60899328
511620,0x011444a0,8156,0x03fb8000,66813952
244974,0x01144500,7435,0x03a16000,60907520
240143,0x01144580,4825,0x025b2000,39526400
244976,0x01144600,7436,0x03a18000,60915712
603786,0x01144680,1664,0x00d00000,13631488
244977,0x01144690,7437,0x03a1a000,60923904
113670,0x011446a0,7993,0x03e72000,65478656
603787,0x01144700,1665,0x00d02000,13639680
115295,0x01144710,2805,0x015ea000,22978560
240146,0x01144720,4826,0x025b4000,39534592
244978,0x01144730,7438,0x03a1c000,60932096
113671,0x01144740,7994,0x03e74000,65486848
603788,0x01144780,1666,0x00d04000,13647872
152810,0x01144790,3543,0x01bae000,29024256
240147,0x011447a0,4827,0x025b6000,39542784
244979,0x011447b0,7439,0x03a1e000,60940288
603789,0x01144800,1667,0x00d06000,13656064
240148,0x01144810,4828,0x025b8000,39550976
113673,0x01144820,7995,0x03e76000,65495040
143798,0x01144880,3287,0x019ae000,26927104
240149,0x01144890,4829,0x025ba000,39559168
113674,0x011448a0,7996,0x03e78000,65503232
118042,0x011448b0,8043,0x03ed6000,65888256
508060,0x011448c0,9393,0x04962000,76947456
511580,0x01144900,8154,0x03fb4000,66797568
118044,0x01144980,8044,0x03ed8000,65896448
152815,0x01144a00,3544,0x01bb0000,29032448
113677,0x01144a10,7997,0x03e7a000,65511424
138659,0x01144a80,3221,0x0192a000,26386432
113678,0x01144a90,7998,0x03e7c000,65519616
113679,0x01144b00,7999,0x03e7e000,65527808
152818,0x01144b80,3545,0x01bb2000,29040640
508066,0x01144b90,9394,0x04964000,76955648
152819,0x01144c00,3546,0x01bb4000,29048832
508068,0x01144c80,9395,0x04966000,76963840
508069,0x01144d00,9396,0x04968000,76972032
152773,0x01144d80,3528,0x01b90000,28901376
241231,0x01144e00,5467,0x02ab6000,44785664
512710,0x01144e10,8208,0x04020000,67239936
600048,0x01144e80,212,0x001a8000,1736704
152775,0x01144e90,3529,0x01b92000,28909568
171307,0x01144ea0,3788,0x01d98000,31031296
241232,0x01144eb0,5468,0x02ab8000,44793856
171309,0x01144f80,3789,0x01d9a000,31039488
241234,0x01144f90,5469,0x02aba000,44802048
152778,0x01145000,3530,0x01b94000,28917760
155529,0x01145010,3645,0x01c7a000,29859840
184793,0x01145080,4197,0x020ca000,34381824
241236,0x01145090,5470,0x02abc000,44810240
560510,0x011450a0,8614,0x0434c000,70565888
184794,0x01145100,4198,0x020cc000,34390016
231726,0x01145110,4554,0x02394000,37306368
241237,0x01145120,5471,0x02abe000,44818432
688251,0x01145180,2117,0x0108a000,17342464
000050,0x01145200,45,0x0005a000,368640
688252,0x01145210,2118,0x0108c000,17350656
155484,0x01145220,3641,0x01c72000,29827072
184796,0x01145230,4199,0x020ce000,34398208
241190,0x01145240,5437,0x02a7a000,44539904
241239,0x01145250,5472,0x02ac0000,44826624
000051,0x01145280,46,0x0005c000,376832
688253,0x01145290,2119,0x0108e000,17358848
241191,0x011452a0,5438,0x02a7c000,44548096
512670,0x011452b0,8204,0x04018000,67207168
000052,0x01145300,47,0x0005e000,385024
147592,0x01145310,3300,0x019c8000,27033600
184798,0x01145320,4200,0x020d0000,34406400
241192,0x01145330,5439,0x02a7e000,44556288
000053,0x01145380,48,0x00060000,393216
688255,0x01145390,2120,0x01090000,17367040
241193,0x011453a0,5440,0x02a80000,44564480
000054,0x01145400,49,0x00062000,401408
688256,0x01145410,2121,0x01092000,17375232
241194,0x01145420,5441,0x02a82000,44572672
242321,0x01145430,6088,0x02f90000,49872896
588200,0x01145440,8843,0x04516000,72441856
000055,0x01145480,50,0x00064000,409600
688257,0x01145490,2122,0x01094000,17383424
163376,0x011454a0,3747,0x01d46000,30695424
241195,0x011454b0,5442,0x02a84000,44580864
000056,0x01145500,51,0x00066000,417792
688258,0x01145510,2123,0x01096000,17391616
163377,0x01145520,3748,0x01d48000,30703616
241196,0x01145530,5443,0x02a86000,44589056
560470,0x01145540,8610,0x04344000,70533120
000057,0x01145580,52,0x00068000,425984
601133,0x01145590,995,0x007c6000,8151040
688259,0x011455a0,2124,0x01098000,17399808
241197,0x011455b0,5444,0x02a88000,44597248
242324,0x011455c0,6089,0x02f92000,49881088
000058,0x01145600,53,0x0006a000,434176
163379,0x01145610,3749,0x01d4a000,30711808
242325,0x01145620,6090,0x02f94000,49889280
000059,0x01145680,54,0x0006c000,442368
242326,0x01145690,6091,0x02f96000,49897472
601136,0x01145700,996,0x007c8000,8159232
185926,0x01145710,4402,0x02264000,36061184
601137,0x01145780,997,0x007ca000,8167424
242328,0x01145790,6092,0x02f98000,49905664
513800,0x011457a0,8285,0x040ba000,67870720
601138,0x01145800,998,0x007cc000,8175616
185928,0x01145810,4403,0x02266000,36069376
242329,0x01145820,6093,0x02f9a000,49913856
563220,0x01145830,8778,0x04494000,71909376
601139,0x01145880,999,0x007ce000,8183808
019040,0x01145890,2577,0x01422000,21110784
188631,0x011458a0,4456,0x022d0000,36503552
588160,0x011458b0,8839,0x0450e000,72409088
240700,0x01145900,5135,0x0281e000,42065920
242282,0x01145910,6066,0x02f64000,49692672
242283,0x01145980,6067,0x02f66000,49700864
242284,0x01145a00,6068,0x02f68000,49709056
515380,0x01145a10,8335,0x0411e000,68280320
561600,0x01145a20,8698,0x043f4000,71254016
240703,0x01145a80,5136,0x02820000,42074112
111020,0x01145a90,7943,0x03e0e000,65069056
115853,0x01145b00,2910,0x016bc000,23838720
242286,0x01145b10,6069,0x02f6a000,49717248
111021,0x01145b20,7944,0x03e10000,65077248
601096,0x01145b80,977,0x007a2000,8003584
240705,0x01145b90,5137,0x02822000,42082304
242287,0x01145ba0,6070,0x02f6c000,49725440
245031,0x01145bb0,7463,0x03a4e000,61136896
111022,0x01145bc0,7945,0x03e12000,65085440
240706,0x01145c00,5138,0x02824000,42090496
245032,0x01145c10,7464,0x03a50000,61145088
601098,0x01145c80,978,0x007a4000,8011776
185888,0x01145c90,4392,0x02250000,35979264
240707,0x01145ca0,5139,0x02826000,42098688
242289,0x01145cb0,6071,0x02f6e000,49733632
245033,0x01145cc0,7465,0x03a52000,61153280
111024,0x01145cd0,7946,0x03e14000,65093632
563180,0x01145ce0,8775,0x0448e000,71884800
601099,0x01145d00,979,0x007a6000,8019968
115857,0x01145d10,2911,0x016be000,23846912
240708,0x01145d20,5140,0x02828000,42106880
243410,0x01145d30,6667,0x03416000,54616064
245034,0x01145d40,7466,0x03a54000,61161472
111025,0x01145d50,7947,0x03e16000,65101824
501043,0x01145d60,9266,0x04864000,75907072
240660,0x01145d80,5104,0x027e0000,41811968
240709,0x01145d90,5141,0x0282a000,42115072
243411,0x01145da0,6668,0x03418000,54624256
111026,0x01145db0,7948,0x03e18000,65110016
240661,0x01145e00,5105,0x027e2000,41820160
243412,0x01145e10,6669,0x0341a000,54632448
501045,0x01145e20,9267,0x04866000,75915264
240662,0x01145e80,5106,0x027e4000,41828352
520840,0x01145e90,8524,0x04298000,69828608
561560,0x01145ea0,8694,0x043ec000,71221248
751200,0x01145eb0,9075,0x046e6000,74342400
501046,0x01145ec0,9268,0x04868000,75923456
240663,0x01145f00,5107,0x027e6000,41836544
516510,0x01145f10,8411,0x041b6000,68902912
751201,0x01145f20,9076,0x046e8000,74350592
501047,0x01145f30,9269,0x0486a000,75931648
600600,0x01145f80,632,0x004f0000,5177344
240664,0x01145f90,5108,0x027e8000,41844736
243415,0x01145fa0,6670,0x0341c000,54640640
501048,0x01145fb0,9270,0x0486c000,75939840
600601,0x01146000,633,0x004f2000,5185536
175108,0x01146010,3847,0x01e0e000,31514624
240665,0x01146020,5109,0x027ea000,41852928
600602,0x01146080,634,0x004f4000,5193728
232779,0x01146090,4613,0x0240a000,37789696
240666,0x011460a0,5110,0x027ec000,41861120
243417,0x011460b0,6671,0x0341e000,54648832
751204,0x011460c0,9077,0x046ea000,74358784
600603,0x01146100,635,0x004f6000,5201920
240667,0x01146110,5111,0x027ee000,41869312
243418,0x01146120,6672,0x03420000,54657024
751205,0x01146130,9078,0x046ec000,74366976
600604,0x01146180,636,0x004f8000,5210112
240668,0x01146190,5112,0x027f0000,41877504
243419,0x011461a0,6673,0x03422000,54665216
600605,0x01146200,637,0x004fa000,5218304
240669,0x01146210,5113,0x027f2000,41885696
243371,0x01146220,6640,0x033e0000,54394880
589250,0x01146230,8929,0x045c2000,73146368
600606,0x01146280,638,0x004fc000,5226496
751208,0x01146290,9079,0x046ee000,74375168
243373,0x01146300,6641,0x033e2000,54403072
751209,0x01146310,9080,0x046f0000,74383360
600608,0x01146380,639,0x004fe000,5234688
243374,0x01146390,6642,0x033e4000,54411264
600560,0x01146400,596,0x004a8000,4882432
600609,0x01146410,640,0x00500000,5242880
243375,0x01146420,6643,0x033e6000,54419456
600561,0x01146480,597,0x004aa000,4890624
600562,0x01146500,598,0x004ac000,4898816
600563,0x01146580,599,0x004ae000,4907008
243379,0x01146600,6644,0x033e8000,54427648
688811,0x01146680,2504,0x01390000,20512768
244500,0x01146690,7172,0x03808000,58753024
510020,0x011466a0,8077,0x03f1a000,66166784
600566,0x01146700,600,0x004b0000,4915200
603310,0x01146710,1422,0x00b1c000,11649024
244501,0x01146720,7173,0x0380a000,58761216
600567,0x01146780,601,0x004b2000,4923392
603311,0x01146790,1423,0x00b1e000,11657216
688813,0x011467a0,2505,0x01392000,20520960
241751,0x011467b0,5787,0x02d36000,47407104
244502,0x011467c0,7174,0x0380c000,58769408
600568,0x01146800,602,0x004b4000,4931584
603312,0x01146810,1424,0x00b20000,11665408
241752,0x01146820,5788,0x02d38000,47415296
244503,0x01146830,7175,0x0380e000,58777600
600569,0x01146880,603,0x004b6000,4939776
603313,0x01146890,1425,0x00b22000,11673600
143321,0x011468a0,3271,0x0198e000,26796032
244504,0x011468b0,7176,0x03810000,58785792
688816,0x01146900,2506,0x01394000,20529152
143322,0x01146910,3272,0x01990000,26804224
163935,0x01146920,3776,0x01d80000,30932992
244505,0x01146930,7177,0x03812000,58793984
603315,0x01146980,1426,0x00b24000,11681792
603316,0x01146a00,1427,0x00b26000,11689984
688818,0x01146a10,2507,0x01396000,20537344
241756,0x01146a20,5789,0x02d3a000,47423488
244507,0x01146a30,7178,0x03814000,58802176
603317,0x01146a80,1428,0x00b28000,11698176
688819,0x01146a90,2508,0x01398000,20545536
127544,0x01146aa0,3018,0x01794000,24723456
241757,0x01146ab0,5790,0x02d3c000,47431680
603318,0x01146b00,1429,0x00b2a000,11706368
241758,0x01146b10,5791,0x02d3e000,47439872
244460,0x01146b20,7154,0x037e4000,58605568
244509,0x01146b30,7179,0x03816000,58810368
603270,0x01146b80,1389,0x00ada000,11378688
603319,0x01146b90,1430,0x00b2c000,11714560
688772,0x01146ba0,2477,0x0135a000,20291584
241759,0x01146bb0,5792,0x02d40000,47448064
603271,0x01146c00,1390,0x00adc000,11386880
603272,0x01146c80,1391,0x00ade000,11395072
244463,0x01146c90,7155,0x037e6000,58613760
511110,0x01146ca0,8140,0x03f98000,66682880
603273,0x01146d00,1392,0x00ae0000,11403264
688775,0x01146d10,2478,0x0135c000,20299776
244464,0x01146d20,7156,0x037e8000,58621952
688776,0x01146d80,2479,0x0135e000,20307968
244465,0x01146d90,7157,0x037ea000,58630144
588720,0x01146da0,8881,0x04562000,72753152
603275,0x01146e00,1393,0x00ae2000,11411456
688777,0x01146e10,2480,0x01360000,20316160
019601,0x01146e20,2622,0x0147c000,21479424
603276,0x01146e80,1394,0x00ae4000,11419648
688778,0x01146e90,2481,0x01362000,20324352
242843,0x01146ea0,6356,0x031a8000,52068352
244467,0x01146eb0,7158,0x037ec000,58638336
560990,0x01146ec0,8652,0x04398000,70877184
603277,0x01146f00,1395,0x00ae6000,11427840
688779,0x01146f10,2482,0x01364000,20332544
244468,0x01146f20,7159,0x037ee000,58646528
603278,0x01146f80,1396,0x00ae8000,11436032
244469,0x01146f90,7160,0x037f0000,58654720
603279,0x01147000,1397,0x00aea000,11444224
019606,0x01147080,2623,0x0147e000,21487616
152302,0x01147090,3353,0x01a32000,27467776
242847,0x011470a0,6357,0x031aa000,52076544
511070,0x01147100,8137,0x03f92000,66658304
601658,0x01147180,1083,0x00876000,8871936
152304,0x01147190,3354,0x01a34000,27475968
242849,0x011471a0,6358,0x031ac000,52084736
019609,0x01147200,2624,0x01480000,21495808
588680,0x01147210,8877,0x0455a000,72720384
152306,0x01147280,3355,0x01a36000,27484160
184320,0x01147290,4024,0x01f70000,32964608
152307,0x01147300,3356,0x01a38000,27492352
184321,0x01147310,4025,0x01f72000,32972800
160153,0x01147380,3693,0x01cda000,30253056
019564,0x01147400,2614,0x0146c000,21413888
184323,0x01147410,4026,0x01f74000,32980992
152261,0x01147480,3336,0x01a10000,27328512
245550,0x01147490,7697,0x03c22000,63053824
184325,0x01147500,4027,0x01f76000,32989184
245552,0x01147580,7698,0x03c24000,63062016
184327,0x01147600,4028,0x01f78000,32997376
245553,0x01147610,7699,0x03c26000,63070208
512200,0x01147620,9444,0x049c8000,77365248
019569,0x01147680,2615,0x0146e000,21422080
184328,0x01147690,4029,0x01f7a000,33005568
184329,0x01147700,4030,0x01f7c000,33013760
243931,0x01147710,6907,0x035f6000,56582144
152267,0x01147780,3337,0x01a12000,27336704
245556,0x01147790,7700,0x03c28000,63078400
152268,0x01147800,3338,0x01a14000,27344896
243933,0x01147810,6908,0x035f8000,56590336
155013,0x01147880,3607,0x01c2e000,29548544
184283,0x01147890,4010,0x01f54000,32849920
243934,0x011478a0,6909,0x035fa000,56598528
245558,0x011478b0,7701,0x03c2a000,63086592
243936,0x01147980,6910,0x035fc000,56606720
137611,0x01147a00,3122,0x01864000,25575424
243937,0x01147a10,6911,0x035fe000,56614912
184287,0x01147a80,4011,0x01f56000,32858112
243938,0x01147a90,6912,0x03600000,56623104
512160,0x01147aa0,9440,0x049c0000,77332480
243890,0x01147b00,6884,0x035c8000,56393728
243939,0x01147b10,6913,0x03602000,56631296
184289,0x01147b80,4012,0x01f58000,32866304
589770,0x01147b90,8957,0x045fa000,73375744
137615,0x01147c00,3123,0x01866000,25583616
137616,0x01147c80,3124,0x01868000,25591808
243893,0x01147c90,6885,0x035ca000,56401920
137570,0x01147e00,3112,0x01850000,25493504
243896,0x01147e10,6886,0x035cc000,56410112
185416,0x01147f00,4296,0x02190000,35192832
137573,0x01147f80,3113,0x01852000,25501696
243899,0x01147f90,6887,0x035ce000,56418304
185418,0x01148000,4297,0x02192000,35201024
137577,0x01148180,3114,0x01854000,25509888
185372,0x01148190,4282,0x02174000,35078144
603833,0x01148200,1692,0x00d38000,13860864
185374,0x01148280,4283,0x02176000,35086336
115343,0x01148300,2811,0x015f6000,23027712
603836,0x01148380,1693,0x00d3a000,13869056
603838,0x01148480,1694,0x00d3c000,13877248
603790,0x01148500,1668,0x00d08000,13664256
603839,0x01148510,1695,0x00d3e000,13885440
115347,0x01148520,2812,0x015f8000,23035904
185379,0x01148530,4284,0x02178000,35094528
240150,0x01148580,4830,0x025bc000,39567360
240151,0x01148600,4831,0x025be000,39575552
240152,0x01148680,4832,0x025c0000,39583744
561050,0x01148690,8657,0x043a2000,70918144
244985,0x01148700,7440,0x03a20000,60948480
516000,0x01148710,8375,0x0416e000,68608000
240154,0x01148780,4833,0x025c2000,39591936
240155,0x01148800,4834,0x025c4000,39600128
244987,0x01148810,7441,0x03a22000,60956672
113680,0x01148820,8000,0x03e80000,65536000
603797,0x01148880,1669,0x00d0a000,13672448
244988,0x01148890,7442,0x03a24000,60964864
113681,0x011488a0,8001,0x03e82000,65544192
603798,0x01148900,1670,0x00d0c000,13680640
240157,0x01148910,4835,0x025c6000,39608320
244989,0x01148920,7443,0x03a26000,60973056
113682,0x01148930,8002,0x03e84000,65552384
118050,0x01148940,8045,0x03eda000,65904640
603799,0x01148980,1671,0x00d0e000,13688832
138664,0x01148990,3222,0x0192c000,26394624
118051,0x011489a0,8046,0x03edc000,65912832
138665,0x01148a00,3223,0x0192e000,26402816
152822,0x01148a10,3547,0x01bb6000,29057024
240159,0x01148a20,4836,0x025c8000,39616512
118052,0x01148a30,8047,0x03ede000,65921024
113686,0x01148b00,8003,0x03e86000,65560576
152825,0x01148b80,3548,0x01bb8000,29065216
600050,0x01148c00,213,0x001aa000,1744896
113688,0x01148c10,8004,0x03e88000,65568768
118056,0x01148c20,8048,0x03ee0000,65929216
600051,0x01148c80,214,0x001ac000,1753088
157153,0x01148c90,3676,0x01cb8000,30113792
188089,0x01148ca0,4431,0x0229e000,36298752
600052,0x01148d00,215,0x001ae000,1761280
155530,0x01148d10,3646,0x01c7c000,29868032
118058,0x01148d20,8049,0x03ee2000,65937408
600053,0x01148d80,216,0x001b0000,1769472
018003,0x01148d90,2562,0x01404000,20987904
118059,0x01148da0,8050,0x03ee4000,65945600
508077,0x01148db0,9397,0x0496a000,76980224
600054,0x01148e00,217,0x001b2000,1777664
688300,0x01148e10,2160,0x010e0000,17694720
152781,0x01148e20,3531,0x01b96000,28925952
508078,0x01148e30,9398,0x0496c000,76988416
600055,0x01148e80,218,0x001b4000,1785856
688301,0x01148e90,2161,0x010e2000,17702912
000100,0x01148f00,85,0x000aa000,696320
600056,0x01148f10,219,0x001b6000,1794048
688302,0x01148f20,2162,0x010e4000,17711104
152783,0x01148f30,3532,0x01b98000,28934144
157158,0x01148f40,3677,0x01cba000,30121984
000101,0x01148f80,86,0x000ac000,704512
600057,0x01148f90,220,0x001b8000,1802240
688303,0x01148fa0,2163,0x010e6000,17719296
512720,0x01148fb0,8209,0x04022000,67248128
000102,0x01149000,87,0x000ae000,712704
600058,0x01149010,221,0x001ba000,1810432
124285,0x01149020,3001,0x01772000,24584192
152785,0x01149030,3533,0x01b9a000,28942336
241242,0x01149040,5473,0x02ac2000,44834816
000103,0x01149080,88,0x000b0000,720896
600059,0x01149090,222,0x001bc000,1818624
688305,0x011490a0,2164,0x010e8000,17727488
018009,0x011490b0,2563,0x01406000,20996096
152786,0x011490c0,3534,0x01b9c000,28950528
241243,0x011490d0,5474,0x02ac4000,44843008
000104,0x01149100,89,0x000b2000,729088
688306,0x01149110,2165,0x010ea000,17735680
152787,0x01149120,3535,0x01b9e000,28958720
241244,0x01149130,5475,0x02ac6000,44851200
000105,0x01149180,90,0x000b4000,737280
688307,0x01149190,2166,0x010ec000,17743872
152788,0x011491a0,3536,0x01ba0000,28966912
241245,0x011491b0,5476,0x02ac8000,44859392
000106,0x01149200,91,0x000b6000,745472
688308,0x01149210,2167,0x010ee000,17752064
241246,0x01149220,5477,0x02aca000,44867584
560520,0x01149230,8615,0x0434e000,70574080
000107,0x01149280,92,0x000b8000,753664
688260,0x01149290,2125,0x0109a000,17408000
688309,0x011492a0,2168,0x010f0000,17760256
241247,0x011492b0,5478,0x02acc000,44875776
000108,0x01149300,93,0x000ba000,761856
688261,0x01149310,2126,0x0109c000,17416192
122667,0x01149320,2996,0x01768000,24543232
155493,0x01149330,3642,0x01c74000,29835264
241248,0x01149340,5479,0x02ace000,44883968
000060,0x01149380,55,0x0006e000,450560
000109,0x01149390,94,0x000bc000,770048
688262,0x011493a0,2127,0x0109e000,17424384
231738,0x011493b0,4555,0x02396000,37314560
000061,0x01149400,56,0x00070000,458752
163382,0x01149410,3750,0x01d4c000,30720000
512680,0x01149420,8205,0x0401a000,67215360
000062,0x01149480,57,0x00072000,466944
000063,0x01149500,58,0x00074000,475136
688265,0x01149510,2128,0x010a0000,17432576
242330,0x01149520,6094,0x02f9c000,49922048
517050,0x01149530,8456,0x04210000,69271552
000064,0x01149580,59,0x00076000,483328
688266,0x01149590,2129,0x010a2000,17440768
163385,0x011495a0,3751,0x01d4e000,30728192
588210,0x011495b0,8844,0x04518000,72450048
000065,0x01149600,60,0x00078000,491520
688267,0x01149610,2130,0x010a4000,17448960
163386,0x01149620,3752,0x01d50000,30736384
000066,0x01149680,61,0x0007a000,499712
688268,0x01149690,2131,0x010a6000,17457152
560480,0x011496a0,8611,0x04346000,70541312
000067,0x01149700,62,0x0007c000,507904
688269,0x01149710,2132,0x010a8000,17465344
163388,0x01149720,3753,0x01d52000,30744576
000068,0x01149780,63,0x0007e000,516096
115902,0x01149790,2929,0x016e2000,23994368
242335,0x011497a0,6095,0x02f9e000,49930240
000069,0x01149800,64,0x00080000,524288
115903,0x01149810,2930,0x016e4000,24002560
115904,0x01149880,2931,0x016e6000,24010752
242337,0x01149890,6096,0x02fa0000,49938432
513810,0x01149900,8286,0x040bc000,67878912
242339,0x01149980,6097,0x02fa2000,49946624
563230,0x01149990,8779,0x04496000,71917568
115907,0x01149a00,2932,0x016e8000,24018944
588170,0x01149a10,8840,0x04510000,72417280
188642,0x01149a80,4457,0x022d2000,36511744
240710,0x01149a90,5142,0x0282c000,42123264
240711,0x01149b00,5143,0x0282e000,42131456
188644,0x01149b80,4458,0x022d4000,36519936
240712,0x01149b90,5144,0x02830000,42139648
515390,0x01149ba0,8336,0x04120000,68288512
115862,0x01149c00,2912,0x016c0000,23855104
188645,0x01149c10,4459,0x022d6000,36528128
240713,0x01149c20,5145,0x02832000,42147840
242295,0x01149c30,6072,0x02f70000,49741824
240714,0x01149c80,5146,0x02834000,42156032
242296,0x01149c90,6073,0x02f72000,49750016
245040,0x01149ca0,7467,0x03a56000,61169664
185896,0x01149d00,4393,0x02252000,35987456
232828,0x01149d10,4614,0x0240c000,37797888
242297,0x01149d20,6074,0x02f74000,49758208
501050,0x01149d30,9271,0x0486e000,75948032
188648,0x01149d80,4460,0x022d8000,36536320
513770,0x01149d90,8283,0x040b6000,67854336
501051,0x01149da0,9272,0x04870000,75956224
188649,0x01149e00,4461,0x022da000,36544512
240717,0x01149e10,5147,0x02836000,42164224
240718,0x01149e80,5148,0x02838000,42172416
501053,0x01149e90,9273,0x04872000,75964416
589300,0x01149f00,8934,0x045cc000,73187328
115869,0x01149f80,2913,0x016c2000,23863296
240671,0x01149f90,5114,0x027f4000,41893888
245046,0x01149fa0,7468,0x03a58000,61177856
240672,0x0114a000,5115,0x027f6000,41902080
243423,0x0114a010,6674,0x03424000,54673408
520850,0x0114a020,8525,0x0429a000,69836800
561570,0x0114a030,8695,0x043ee000,71229440
157711,0x0114a080,3689,0x01cd2000,30220288
240673,0x0114a090,5116,0x027f8000,41910272
516520,0x0114a0a0,8412,0x041b8000,68911104
501057,0x0114a0b0,9274,0x04874000,75972608
600610,0x0114a100,641,0x00502000,5251072
751212,0x0114a110,9081,0x046f2000,74391552
501058,0x0114a120,9275,0x04876000,75980800
600611,0x0114a180,642,0x00504000,5259264
240675,0x0114a190,5117,0x027fa000,41918464
243426,0x0114a1a0,6675,0x03426000,54681600
751213,0x0114a1b0,9082,0x046f4000,74399744
501059,0x0114a1c0,9276,0x04878000,75988992
600612,0x0114a200,643,0x00506000,5267456
240676,0x0114a210,5118,0x027fc000,41926656
600613,0x0114a280,644,0x00508000,5275648
243428,0x0114a290,6676,0x03428000,54689792
233911,0x0114a300,4660,0x02468000,38174720
240678,0x0114a310,5119,0x027fe000,41934848
243380,0x0114a320,6645,0x033ea000,54435840
751216,0x0114a330,9083,0x046f6000,74407936
600615,0x0114a380,645,0x0050a000,5283840
240679,0x0114a390,5120,0x02800000,41943040
589260,0x0114a3a0,8930,0x045c4000,73154560
751217,0x0114a3b0,9084,0x046f8000,74416128
600616,0x0114a400,646,0x0050c000,5292032
600617,0x0114a480,647,0x0050e000,5300224
241801,0x0114a490,5812,0x02d68000,47611904
243383,0x0114a4a0,6646,0x033ec000,54444032
600618,0x0114a500,648,0x00510000,5308416
241802,0x0114a510,5813,0x02d6a000,47620096
562700,0x0114a520,8749,0x0445a000,71671808
600570,0x0114a580,604,0x004b8000,4947968
600619,0x0114a590,649,0x00512000,5316608
175077,0x0114a5a0,3843,0x01e06000,31481856
243385,0x0114a5b0,6647,0x033ee000,54452224
600571,0x0114a600,605,0x004ba000,4956160
109878,0x0114a610,2770,0x015a4000,22691840
157673,0x0114a620,3688,0x01cd0000,30212096
243386,0x0114a630,6648,0x033f0000,54460416
600572,0x0114a680,606,0x004bc000,4964352
243387,0x0114a690,6649,0x033f2000,54468608
600573,0x0114a700,607,0x004be000,4972544
243388,0x0114a710,6650,0x033f4000,54476800
688820,0x0114a780,2509,0x0139a000,20553728
243389,0x0114a790,6651,0x033f6000,54484992
600575,0x0114a800,608,0x004c0000,4980736
241808,0x0114a810,5814,0x02d6c000,47628288
510030,0x0114a820,8078,0x03f1c000,66174976
600576,0x0114a880,609,0x004c2000,4988928
603320,0x0114a890,1431,0x00b2e000,11722752
163941,0x0114a8a0,3777,0x01d82000,30941184
241809,0x0114a8b0,5815,0x02d6e000,47636480
244511,0x0114a8c0,7180,0x03818000,58818560
600577,0x0114a900,610,0x004c4000,4997120
603321,0x0114a910,1432,0x00b30000,11730944
600578,0x0114a980,611,0x004c6000,5005312
603322,0x0114a990,1433,0x00b32000,11739136
241762,0x0114a9a0,5793,0x02d42000,47456256
562660,0x0114a9b0,8748,0x04458000,71663616
600579,0x0114aa00,612,0x004c8000,5013504
603323,0x0114aa10,1434,0x00b34000,11747328
688825,0x0114aa20,2510,0x0139c000,20561920
244514,0x0114aa30,7181,0x0381a000,58826752
601700,0x0114aa80,1096,0x00890000,8978432
603324,0x0114aa90,1435,0x00b36000,11755520
688826,0x0114aaa0,2511,0x0139e000,20570112
603325,0x0114ab00,1436,0x00b38000,11763712
241765,0x0114ab10,5794,0x02d44000,47464448
244516,0x0114ab20,7182,0x0381c000,58834944
601702,0x0114ab80,1097,0x00892000,8986624
603326,0x0114ab90,1437,0x00b3a000,11771904
688828,0x0114aba0,2512,0x013a0000,20578304
244517,0x0114abb0,7183,0x0381e000,58843136
603327,0x0114ac00,1438,0x00b3c000,11780096
603328,0x0114ac80,1439,0x00b3e000,11788288
688781,0x0114ac90,2483,0x01366000,20340736
241768,0x0114aca0,5795,0x02d46000,47472640
603280,0x0114ad00,1398,0x00aec000,11452416
603329,0x0114ad10,1440,0x00b40000,11796480
603281,0x0114ad80,1399,0x00aee000,11460608
688783,0x0114ad90,2484,0x01368000,20348928
127557,0x0114ada0,3019,0x01796000,24731648
244472,0x0114adb0,7161,0x037f2000,58662912
603282,0x0114ae00,1400,0x00af0000,11468800
511120,0x0114ae10,8141,0x03f9a000,66691072
603283,0x0114ae80,1401,0x00af2000,11476992
688785,0x0114ae90,2485,0x0136a000,20357120
127559,0x0114aea0,3020,0x01798000,24739840
603284,0x0114af00,1402,0x00af4000,11485184
688786,0x0114af10,2486,0x0136c000,20365312
242851,0x0114af20,6359,0x031ae000,52092928
588730,0x0114af30,8882,0x04564000,72761344
603285,0x0114af80,1403,0x00af6000,11493376
688787,0x0114af90,2487,0x0136e000,20373504
244476,0x0114afa0,7162,0x037f4000,58671104
603286,0x0114b000,1404,0x00af8000,11501568
688788,0x0114b010,2488,0x01370000,20381696
688789,0x0114b080,2489,0x01372000,20389888
515950,0x0114b090,8370,0x04164000,68567040
603288,0x0114b100,1405,0x00afa000,11509760
244479,0x0114b110,7163,0x037f6000,58679296
601665,0x0114b180,1084,0x00878000,8880128
603289,0x0114b190,1406,0x00afc000,11517952
198717,0x0114b1a0,4529,0x02362000,37101568
242856,0x0114b1b0,6360,0x031b0000,52101120
601666,0x0114b200,1085,0x0087a000,8888320
019616,0x0114b210,2625,0x01482000,21504000
136532,0x0114b280,3067,0x017f6000,25124864
152313,0x0114b290,3357,0x01a3a000,27500544
245602,0x0114b2a0,7723,0x03c56000,63266816
551030,0x0114b2b0,8560,0x042e0000,70123520
601668,0x0114b300,1086,0x0087c000,8896512
019618,0x0114b310,2626,0x01484000,21512192
245603,0x0114b320,7724,0x03c58000,63275008
563750,0x0114b330,8806,0x044cc000,72138752
601669,0x0114b380,1087,0x0087e000,8904704
588690,0x0114b390,8878,0x0455c000,72728576
152316,0x0114b400,3358,0x01a3c000,27508736
245605,0x0114b410,7725,0x03c5a000,63283200
019572,0x0114b480,2616,0x01470000,21430272
518660,0x0114b490,8486,0x0424c000,69517312
184332,0x0114b500,4031,0x01f7e000,33021952
530880,0x0114b580,8558,0x042dc000,70107136
152271,0x0114b600,3339,0x01a16000,27353088
184334,0x0114b610,4032,0x01f80000,33030144
019577,0x0114b700,2617,0x01472000,21438464
152273,0x0114b710,3340,0x01a18000,27361280
245562,0x0114b720,7702,0x03c2c000,63094784
152274,0x0114b780,3341,0x01a1a000,27369472
184337,0x0114b790,4033,0x01f82000,33038336
245563,0x0114b7a0,7703,0x03c2e000,63102976
605500,0x0114b800,1889,0x00ec2000,15474688
243940,0x0114b810,6914,0x03604000,56639488
136495,0x0114b880,3065,0x017f2000,25108480
152276,0x0114b890,3342,0x01a1c000,27377664
184290,0x0114b8a0,4013,0x01f5a000,32874496
245565,0x0114b8b0,7704,0x03c30000,63111168
589820,0x0114b8c0,8960,0x04600000,73400320
152277,0x0114b900,3343,0x01a1e000,27385856
243942,0x0114b910,6915,0x03606000,56647680
245566,0x0114b920,7705,0x03c32000,63119360
560010,0x0114ba00,8571,0x042f6000,70213632
243945,0x0114ba80,6916,0x03608000,56655872
245569,0x0114ba90,7706,0x03c34000,63127552
137620,0x0114bb00,3125,0x0186a000,25600000
184295,0x0114bb10,4014,0x01f5c000,32882688
243946,0x0114bb20,6917,0x0360a000,56664064
605507,0x0114bb80,1890,0x00ec4000,15482880
137622,0x0114bc00,3126,0x0186c000,25608192
184297,0x0114bc10,4015,0x01f5e000,32890880
243948,0x0114bc20,6918,0x0360c000,56672256
512170,0x0114bc30,9441,0x049c2000,77340672
243949,0x0114bc80,6919,0x0360e000,56680448
155029,0x0114bd00,3608,0x01c30000,29556736
184299,0x0114bd10,4016,0x01f60000,32899072
589780,0x0114bd20,8958,0x045fc000,73383936
185422,0x0114be80,4298,0x02194000,35209216
137581,0x0114c000,3115,0x01856000,25518080
232310,0x0114c100,4589,0x023da000,37593088
513300,0x0114c110,8257,0x04082000,67641344
510550,0x0114c180,8109,0x03f5a000,66428928
240201,0x0114c300,4858,0x025f4000,39796736
603843,0x0114c380,1696,0x00d40000,13893632
137588,0x0114c390,3116,0x01858000,25526272
185383,0x0114c3a0,4285,0x0217a000,35102720
240202,0x0114c3b0,4859,0x025f6000,39804928
561100,0x0114c3c0,8661,0x043aa000,70950912
240203,0x0114c400,4860,0x025f8000,39813120
138710,0x0114c480,3226,0x01934000,26427392
188136,0x0114c490,4433,0x022a2000,36315136
513260,0x0114c580,8254,0x0407c000,67616768
603848,0x0114c600,1697,0x00d42000,13901824
185388,0x0114c610,4286,0x0217c000,35110912
143857,0x0114c680,3291,0x019b6000,26959872
185389,0x0114c690,4287,0x0217e000,35119104
240208,0x0114c6a0,4861,0x025fa000,39821312
244991,0x0114c6b0,7444,0x03a28000,60981248
240160,0x0114c700,4837,0x025ca000,39624704
244992,0x0114c710,7445,0x03a2a000,60989440
109404,0x0114c780,2768,0x015a0000,22675456
244993,0x0114c790,7446,0x03a2c000,60997632
240162,0x0114c800,4838,0x025cc000,39632896
561060,0x0114c810,8658,0x043a4000,70926336
240163,0x0114c880,4839,0x025ce000,39641088
516010,0x0114c890,8376,0x04170000,68616192
600100,0x0114c900,251,0x001f6000,2056192
240164,0x0114c910,4840,0x025d0000,39649280
600101,0x0114c980,252,0x001f8000,2064384
240165,0x0114c990,4841,0x025d2000,39657472
244997,0x0114c9a0,7447,0x03a2e000,61005824
240166,0x0114ca00,4842,0x025d4000,39665664
113691,0x0114ca10,8005,0x03e8a000,65576960
600103,0x0114ca80,253,0x001fa000,2072576
152830,0x0114ca90,3549,0x01bba000,29073408
113692,0x0114caa0,8006,0x03e8c000,65585152
118060,0x0114cab0,8051,0x03ee6000,65953792
600104,0x0114cb00,254,0x001fc000,2080768
240168,0x0114cb10,4843,0x025d6000,39673856
113693,0x0114cb20,8007,0x03e8e000,65593344
118061,0x0114cb30,8052,0x03ee8000,65961984
600105,0x0114cb80,255,0x001fe000,2088960
240169,0x0114cb90,4844,0x025d8000,39682048
113694,0x0114cba0,8008,0x03e90000,65601536
118062,0x0114cbb0,8053,0x03eea000,65970176
508080,0x0114cbc0,9399,0x0496e000,76996608
600106,0x0114cc00,256,0x00200000,2097152
113695,0x0114cc10,8009,0x03e92000,65609728
118063,0x0114cc20,8054,0x03eec000,65978368
551550,0x0114cc30,8566,0x042ec000,70172672
600107,0x0114cc80,257,0x00202000,2105344
157160,0x0114cc90,3678,0x01cbc000,30130176
113696,0x0114cca0,8010,0x03e94000,65617920
118064,0x0114ccb0,8055,0x03eee000,65986560
508082,0x0114ccc0,9400,0x04970000,77004800
600108,0x0114cd00,258,0x00204000,2113536
138678,0x0114cd10,3224,0x01930000,26411008
152835,0x0114cd20,3550,0x01bbc000,29081600
113697,0x0114cd30,8011,0x03e96000,65626112
118065,0x0114cd40,8056,0x03ef0000,65994752
600060,0x0114cd80,223,0x001be000,1826816
600109,0x0114cd90,259,0x00206000,2121728
113698,0x0114cda0,8012,0x03e98000,65634304
118066,0x0114cdb0,8057,0x03ef2000,66002944
508084,0x0114cdc0,9401,0x04972000,77012992
600061,0x0114ce00,224,0x001c0000,1835008
152837,0x0114ce10,3551,0x01bbe000,29089792
113699,0x0114ce20,8013,0x03e9a000,65642496
118067,0x0114ce30,8058,0x03ef4000,66011136
508085,0x0114ce40,9402,0x04974000,77021184
600062,0x0114ce80,225,0x001c2000,1843200
018012,0x0114ce90,2564,0x01408000,21004288
118068,0x0114cea0,8059,0x03ef6000,66019328
508086,0x0114ceb0,9403,0x04976000,77029376
600063,0x0114cf00,226,0x001c4000,1851392
152839,0x0114cf10,3552,0x01bc0000,29097984
118069,0x0114cf20,8060,0x03ef8000,66027520
508087,0x0114cf30,9404,0x04978000,77037568
600064,0x0114cf80,227,0x001c6000,1859584
688310,0x0114cf90,2169,0x010f2000,17768448
018014,0x0114cfa0,2565,0x0140a000,21012480
508088,0x0114cfb0,9405,0x0497a000,77045760
688311,0x0114d000,2170,0x010f4000,17776640
018015,0x0114d010,2566,0x0140c000,21020672
508089,0x0114d020,9406,0x0497c000,77053952
000110,0x0114d080,95,0x000be000,778240
600066,0x0114d090,228,0x001c8000,1867776
688312,0x0114d0a0,2171,0x010f6000,17784832
152793,0x0114d0b0,3537,0x01ba2000,28975104
241250,0x0114d0c0,5480,0x02ad0000,44892160
244001,0x0114d0d0,6944,0x03640000,56885248
000111,0x0114d100,96,0x000c0000,786432
600067,0x0114d110,229,0x001ca000,1875968
688313,0x0114d120,2172,0x010f8000,17793024
231740,0x0114d130,4556,0x02398000,37322752
241251,0x0114d140,5481,0x02ad2000,44900352
244002,0x0114d150,6945,0x03642000,56893440
512730,0x0114d160,8210,0x04024000,67256320
000112,0x0114d180,97,0x000c2000,794624
688314,0x0114d190,2173,0x010fa000,17801216
241252,0x0114d1a0,5482,0x02ad4000,44908544
000113,0x0114d200,98,0x000c4000,802816
688315,0x0114d210,2174,0x010fc000,17809408
018019,0x0114d220,2567,0x0140e000,21028864
241253,0x0114d230,5483,0x02ad6000,44916736
517100,0x0114d240,8459,0x04216000,69296128
000114,0x0114d280,99,0x000c6000,811008
688316,0x0114d290,2175,0x010fe000,17817600
152797,0x0114d2a0,3538,0x01ba4000,28983296
241254,0x0114d2b0,5484,0x02ad8000,44924928
000115,0x0114d300,100,0x000c8000,819200
688317,0x0114d310,2176,0x01100000,17825792
000116,0x0114d380,101,0x000ca000,827392
688318,0x0114d390,2177,0x01102000,17833984
244007,0x0114d3a0,6946,0x03644000,56901632
560530,0x0114d3b0,8616,0x04350000,70582272
000117,0x0114d400,102,0x000cc000,835584
688270,0x0114d410,2133,0x010aa000,17473536
688319,0x0114d420,2178,0x01104000,17842176
241257,0x0114d430,5485,0x02ada000,44933120
000118,0x0114d480,103,0x000ce000,843776
688271,0x0114d490,2134,0x010ac000,17481728
241258,0x0114d4a0,5486,0x02adc000,44941312
244009,0x0114d4b0,6947,0x03646000,56909824
000070,0x0114d500,65,0x00082000,532480
000119,0x0114d510,104,0x000d0000,851968
688272,0x0114d520,2135,0x010ae000,17489920
101253,0x0114d530,2760,0x01590000,22609920
241259,0x0114d540,5487,0x02ade000,44949504
000071,0x0114d580,66,0x00084000,540672
688273,0x0114d590,2136,0x010b0000,17498112
512690,0x0114d5a0,8206,0x0401c000,67223552
000072,0x0114d600,67,0x00086000,548864
000073,0x0114d680,68,0x00088000,557056
688275,0x0114d690,2137,0x010b2000,17506304
242340,0x0114d6a0,6098,0x02fa4000,49954816
000074,0x0114d700,69,0x0008a000,565248
688276,0x0114d710,2138,0x010b4000,17514496
185940,0x0114d720,4404,0x02268000,36077568
588220,0x0114d730,8845,0x0451a000,72458240
000075,0x0114d780,70,0x0008c000,573440
688277,0x0114d790,2139,0x010b6000,17522688
000076,0x0114d800,71,0x0008e000,581632
688278,0x0114d810,2140,0x010b8000,17530880
115910,0x0114d820,2933,0x016ea000,24027136
560490,0x0114d830,8612,0x04348000,70549504
000077,0x0114d880,72,0x00090000,589824
688279,0x0114d890,2141,0x010ba000,17539072
185943,0x0114d8a0,4405,0x0226a000,36085760
000078,0x0114d900,73,0x00092000,598016
000079,0x0114d980,74,0x00094000,606208
601155,0x0114d990,1000,0x007d0000,8192000
019105,0x0114d9a0,2578,0x01424000,21118976
115913,0x0114d9b0,2934,0x016ec000,24035328
601156,0x0114da00,1001,0x007d2000,8200192
115914,0x0114da10,2935,0x016ee000,24043520
115915,0x0114da80,2936,0x016f0000,24051712
513820,0x0114da90,8287,0x040be000,67887104
601158,0x0114db00,1002,0x007d4000,8208384
115916,0x0114db10,2937,0x016f2000,24059904
115917,0x0114db80,2938,0x016f4000,24068096
588180,0x0114db90,8841,0x04512000,72425472
115918,0x0114dc00,2939,0x016f6000,24076288
240720,0x0114dc10,5149,0x0283a000,42180608
115870,0x0114dc80,2914,0x016c4000,23871488
520900,0x0114dd00,8530,0x042a4000,69877760
561620,0x0114dd10,8699,0x043f6000,71262208
115872,0x0114dd80,2915,0x016c6000,23879680
115873,0x0114de00,2916,0x016c8000,23887872
240724,0x0114de10,5150,0x0283c000,42188800
501060,0x0114de80,9277,0x0487a000,75997184
115875,0x0114df00,2917,0x016ca000,23896064
240726,0x0114df10,5151,0x0283e000,42196992
513780,0x0114df20,8284,0x040b8000,67862528
501061,0x0114df30,9278,0x0487c000,76005376
115876,0x0114df80,2918,0x016cc000,23904256
245053,0x0114df90,7469,0x03a5a000,61186048
501062,0x0114dfa0,9279,0x0487e000,76013568
109922,0x0114e000,2771,0x015a6000,22700032
115877,0x0114e010,2919,0x016ce000,23912448
243430,0x0114e020,6677,0x0342a000,54697984
245054,0x0114e030,7470,0x03a5c000,61194240
109923,0x0114e080,2772,0x015a8000,22708224
240680,0x0114e090,5121,0x02802000,41951232
240729,0x0114e0a0,5152,0x02840000,42205184
589310,0x0114e0b0,8935,0x045ce000,73195520
501064,0x0114e0c0,9280,0x04880000,76021760
115879,0x0114e100,2920,0x016d0000,23920640
240681,0x0114e110,5122,0x02804000,41959424
243432,0x0114e120,6678,0x0342c000,54706176
501065,0x0114e130,9281,0x04882000,76029952
175125,0x0114e180,3848,0x01e10000,31522816
240682,0x0114e190,5123,0x02806000,41967616
243433,0x0114e1a0,6679,0x0342e000,54714368
245057,0x0114e1b0,7471,0x03a5e000,61202432
520860,0x0114e1c0,8526,0x0429c000,69844992
561580,0x0114e1d0,8696,0x043f0000,71237632
751220,0x0114e1e0,9085,0x046fa000,74424320
243434,0x0114e200,6680,0x03430000,54722560
516530,0x0114e210,8413,0x041ba000,68919296
751221,0x0114e220,9086,0x046fc000,74432512
600620,0x0114e280,650,0x00514000,5324800
245059,0x0114e290,7472,0x03a60000,61210624
600621,0x0114e300,651,0x00516000,5332992
240685,0x0114e310,5124,0x02808000,41975808
600622,0x0114e380,652,0x00518000,5341184
240686,0x0114e390,5125,0x0280a000,41984000
243437,0x0114e3a0,6681,0x03432000,54730752
751224,0x0114e3b0,9087,0x046fe000,74440704
600623,0x0114e400,653,0x0051a000,5349376
240687,0x0114e410,5126,0x0280c000,41992192
751225,0x0114e420,9088,0x04700000,74448896
600624,0x0114e480,654,0x0051c000,5357568
240688,0x0114e490,5127,0x0280e000,42000384
243390,0x0114e4a0,6652,0x033f8000,54493184
243439,0x0114e4b0,6682,0x03434000,54738944
240689,0x0114e500,5128,0x02810000,42008576
243391,0x0114e510,6653,0x033fa000,54501376
589270,0x0114e520,8931,0x045c6000,73162752
600626,0x0114e580,655,0x0051e000,5365760
243392,0x0114e590,6654,0x033fc000,54509568
751228,0x0114e5a0,9089,0x04702000,74457088
241811,0x0114e600,5816,0x02d70000,47644672
243393,0x0114e610,6655,0x033fe000,54517760
751229,0x0114e620,9090,0x04704000,74465280
600628,0x0114e680,656,0x00520000,5373952
243394,0x0114e690,6656,0x03400000,54525952
600580,0x0114e700,613,0x004ca000,5021696
600629,0x0114e710,657,0x00522000,5382144
241813,0x0114e720,5817,0x02d72000,47652864
243395,0x0114e730,6657,0x03402000,54534144
600581,0x0114e780,614,0x004cc000,5029888
243396,0x0114e790,6658,0x03404000,54542336
600582,0x0114e800,615,0x004ce000,5038080
243397,0x0114e810,6659,0x03406000,54550528
600583,0x0114e880,616,0x004d0000,5046272
243398,0x0114e890,6660,0x03408000,54558720
600584,0x0114e900,617,0x004d2000,5054464
241817,0x0114e910,5818,0x02d74000,47661056
243399,0x0114e920,6661,0x0340a000,54566912
600585,0x0114e980,618,0x004d4000,5062656
510040,0x0114e990,8079,0x03f1e000,66183168
600586,0x0114ea00,619,0x004d6000,5070848
603330,0x0114ea10,1441,0x00b42000,11804672
233883,0x0114ea20,4658,0x02464000,38158336
241770,0x0114ea30,5796,0x02d48000,47480832
241819,0x0114ea40,5819,0x02d76000,47669248
600587,0x0114ea80,620,0x004d8000,5079040
603331,0x0114ea90,1442,0x00b44000,11812864
241771,0x0114eaa0,5797,0x02d4a000,47489024
244522,0x0114eab0,7184,0x03820000,58851328
600588,0x0114eb00,621,0x004da000,5087232
603332,0x0114eb10,1443,0x00b46000,11821056
244523,0x0114eb20,7185,0x03822000,58859520
600589,0x0114eb80,622,0x004dc000,5095424
603333,0x0114eb90,1444,0x00b48000,11829248
688835,0x0114eba0,2513,0x013a2000,20586496
241773,0x0114ebb0,5798,0x02d4c000,47497216
603334,0x0114ec00,1445,0x00b4a000,11837440
688836,0x0114ec10,2514,0x013a4000,20594688
241774,0x0114ec20,5799,0x02d4e000,47505408
242901,0x0114ec30,6383,0x031de000,52289536
603335,0x0114ec80,1446,0x00b4c000,11845632
242902,0x0114ec90,6384,0x031e0000,52297728
244526,0x0114eca0,7186,0x03824000,58867712
603336,0x0114ed00,1447,0x00b4e000,11853824
241776,0x0114ed10,5800,0x02d50000,47513600
242903,0x0114ed20,6385,0x031e2000,52305920
603337,0x0114ed80,1448,0x00b50000,11862016
688790,0x0114ed90,2490,0x01374000,20398080
603338,0x0114ee00,1449,0x00b52000,11870208
241778,0x0114ee10,5801,0x02d52000,47521792
242905,0x0114ee20,6386,0x031e4000,52314112
603290,0x0114ee80,1407,0x00afe000,11526144
603339,0x0114ee90,1450,0x00b54000,11878400
241779,0x0114eea0,5802,0x02d54000,47529984
603291,0x0114ef00,1408,0x00b00000,11534336
688793,0x0114ef10,2491,0x01376000,20406272
242907,0x0114ef20,6387,0x031e6000,52322304
601717,0x0114ef80,1098,0x00894000,8994816
186001,0x0114ef90,4418,0x02284000,36192256
244483,0x0114efa0,7164,0x037f8000,58687488
511130,0x0114efb0,8142,0x03f9c000,66699264
601718,0x0114f000,1099,0x00896000,9003008
603293,0x0114f010,1409,0x00b02000,11542528
688795,0x0114f020,2492,0x01378000,20414464
242860,0x0114f030,6361,0x031b2000,52109312
244484,0x0114f040,7165,0x037fa000,58695680
563800,0x0114f050,8811,0x044d6000,72179712
688796,0x0114f080,2493,0x0137a000,20422656
019620,0x0114f090,2627,0x01486000,21520384
242861,0x0114f0a0,6362,0x031b4000,52117504
688797,0x0114f100,2494,0x0137c000,20430848
242862,0x0114f110,6363,0x031b6000,52125696
603296,0x0114f180,1410,0x00b04000,11550720
688798,0x0114f190,2495,0x0137e000,20439040
244487,0x0114f1a0,7166,0x037fc000,58703872
603297,0x0114f200,1411,0x00b06000,11558912
688799,0x0114f210,2496,0x01380000,20447232
234970,0x0114f220,4680,0x02490000,38338560
242864,0x0114f230,6364,0x031b8000,52133888
515960,0x0114f240,8371,0x04166000,68575232
603298,0x0114f280,1412,0x00b08000,11567104
152320,0x0114f290,3359,0x01a3e000,27516928
234971,0x0114f2a0,4681,0x02492000,38346752
242865,0x0114f2b0,6365,0x031ba000,52142080
603299,0x0114f300,1413,0x00b0a000,11575296
019625,0x0114f310,2628,0x01488000,21528576
152321,0x0114f320,3360,0x01a40000,27525120
242866,0x0114f330,6366,0x031bc000,52150272
245610,0x0114f340,7726,0x03c5c000,63291392
019626,0x0114f380,2629,0x0148a000,21536768
152322,0x0114f390,3361,0x01a42000,27533312
245611,0x0114f3a0,7727,0x03c5e000,63299584
601677,0x0114f400,1088,0x00880000,8912896
511090,0x0114f410,8138,0x03f94000,66666496
601678,0x0114f480,1089,0x00882000,8921088
242869,0x0114f490,6367,0x031be000,52158464
563760,0x0114f4a0,8807,0x044ce000,72146944
019580,0x0114f500,2618,0x01474000,21446656
136545,0x0114f580,3068,0x017f8000,25133056
152326,0x0114f590,3362,0x01a44000,27541504
245616,0x0114f600,7728,0x03c60000,63307776
245617,0x0114f680,7729,0x03c62000,63315968
136548,0x0114f700,3069,0x017fa000,25141248
152280,0x0114f710,3344,0x01a20000,27394048
184343,0x0114f720,4034,0x01f84000,33046528
184344,0x0114f780,4035,0x01f86000,33054720
245619,0x0114f790,7730,0x03c64000,63324160
019586,0x0114f800,2619,0x01476000,21454848
184345,0x0114f810,4036,0x01f88000,33062912
245571,0x0114f820,7707,0x03c36000,63135744
245573,0x0114f900,7708,0x03c38000,63143936
512220,0x0114f910,8173,0x03fda000,66953216
152285,0x0114f980,3345,0x01a22000,27402240
243950,0x0114f990,6920,0x03610000,56688640
245574,0x0114f9a0,7709,0x03c3a000,63152128
152286,0x0114fa00,3346,0x01a24000,27410432
184349,0x0114fa10,4037,0x01f8a000,33071104
243952,0x0114fa80,6921,0x03612000,56696832
510600,0x0114fb00,8114,0x03f64000,66469888
152289,0x0114fb80,3347,0x01a26000,27418624
243954,0x0114fb90,6922,0x03614000,56705024
245578,0x0114fba0,7710,0x03c3c000,63160320
560020,0x0114fbb0,8572,0x042f8000,70221824
243957,0x0114fd00,6923,0x03616000,56713216
243958,0x0114fd80,6924,0x03618000,56721408
512180,0x0114fd90,9442,0x049c4000,77348864
137633,0x0114fe00,3127,0x0186e000,25616384
155039,0x0114fe80,3609,0x01c32000,29564928
137635,0x0114ff00,3128,0x01870000,25624576
137592,0x01150200,3117,0x0185a000,25534464
513310,0x01150280,8258,0x04084000,67649536
115406,0x01150300,2821,0x0160a000,23109632
185438,0x01150310,4299,0x02196000,35217408
510560,0x01150320,8110,0x03f5c000,66437120
115407,0x01150380,2822,0x0160c000,23117824
185391,0x01150400,4288,0x02180000,35127296
232323,0x01150410,4590,0x023dc000,37601280
240210,0x01150420,4862,0x025fc000,39829504
115360,0x01150480,2813,0x015fa000,23044096
240211,0x01150490,4863,0x025fe000,39837696
137599,0x01150580,3118,0x0185c000,25542656
240213,0x01150590,4864,0x02600000,39845888
603855,0x01150600,1698,0x00d44000,13910016
115363,0x01150610,2814,0x015fc000,23052288
188146,0x01150620,4434,0x022a4000,36323328
240214,0x01150630,4865,0x02602000,39854080
603856,0x01150680,1699,0x00d46000,13918208
188147,0x01150690,4435,0x022a6000,36331520
185397,0x01150700,4289,0x02182000,35135488
603858,0x01150780,1700,0x00d48000,13926400
185398,0x01150790,4290,0x02184000,35143680
240217,0x011507a0,4866,0x02604000,39862272
603859,0x01150800,1701,0x00d4a000,13934592
240218,0x01150810,4867,0x02606000,39870464
115368,0x01150880,2815,0x015fe000,23060480
240170,0x01150890,4845,0x025da000,39690240
240171,0x01150900,4846,0x025dc000,39698432
511650,0x01150910,8157,0x03fba000,66822144
240172,0x01150980,4847,0x025de000,39706624
240173,0x01150a00,4848,0x025e0000,39714816
516020,0x01150a10,8377,0x04172000,68624384
600110,0x01150a80,260,0x00208000,2129920
900901,0x01150a90,2517,0x013aa000,20619264
600111,0x01150b00,261,0x0020a000,2138112
900902,0x01150b10,2518,0x013ac000,20627456
240175,0x01150b20,4849,0x025e2000,39723008
900903,0x01150b80,2519,0x013ae000,20635648
230707,0x01150b90,4539,0x02376000,37183488
240176,0x01150ba0,4850,0x025e4000,39731200
600113,0x01150c00,262,0x0020c000,2146304
900904,0x01150c10,2520,0x013b0000,20643840
118070,0x01150c20,8061,0x03efa000,66035712
600114,0x01150c80,263,0x0020e000,2154496
900905,0x01150c90,2521,0x013b2000,20652032
118071,0x01150ca0,8062,0x03efc000,66043904
600115,0x01150d00,264,0x00210000,2162688
900906,0x01150d10,2522,0x013b4000,20660224
240179,0x01150d20,4851,0x025e6000,39739392
118072,0x01150d30,8063,0x03efe000,66052096
508090,0x01150d40,9407,0x0497e000,77062144
600116,0x01150d80,265,0x00212000,2170880
152843,0x01150d90,3553,0x01bc2000,29106176
241300,0x01150da0,5515,0x02b16000,45178880
118073,0x01150db0,8064,0x03f00000,66060288
551560,0x01150dc0,8567,0x042ee000,70180864
508091,0x01150dd0,9408,0x04980000,77070336
600117,0x01150e00,266,0x00214000,2179072
900908,0x01150e10,2523,0x013b6000,20668416
152844,0x01150e20,3554,0x01bc4000,29114368
241301,0x01150e30,5516,0x02b18000,45187072
118074,0x01150e40,8065,0x03f02000,66068480
508092,0x01150e50,9409,0x04982000,77078528
600118,0x01150e80,267,0x00216000,2187264
900909,0x01150e90,2524,0x013b8000,20676608
241302,0x01150ea0,5517,0x02b1a000,45195264
118075,0x01150eb0,8066,0x03f04000,66076672
508093,0x01150ec0,9410,0x04984000,77086720
600070,0x01150f00,230,0x001cc000,1884160
600119,0x01150f10,268,0x00218000,2195456
600071,0x01150f80,231,0x001ce000,1892352
241304,0x01150f90,5518,0x02b1c000,45203456
600072,0x01151000,232,0x001d0000,1900544
241305,0x01151010,5519,0x02b1e000,45211648
508096,0x01151020,9411,0x04986000,77094912
600073,0x01151080,233,0x001d2000,1908736
241306,0x01151090,5520,0x02b20000,45219840
508097,0x011510a0,9412,0x04988000,77103104
688320,0x01151100,2179,0x01106000,17850368
241307,0x01151110,5521,0x02b22000,45228032
508098,0x01151120,9413,0x0498a000,77111296
600075,0x01151180,234,0x001d4000,1916928
688321,0x01151190,2180,0x01108000,17858560
508099,0x011511a0,9414,0x0498c000,77119488
000120,0x01151200,105,0x000d2000,860160
600076,0x01151210,235,0x001d6000,1925120
688322,0x01151220,2181,0x0110a000,17866752
241309,0x01151230,5522,0x02b24000,45236224
244011,0x01151240,6948,0x03648000,56918016
000121,0x01151280,106,0x000d4000,868352
688323,0x01151290,2182,0x0110c000,17874944
241261,0x011512a0,5488,0x02ae0000,44957696
244012,0x011512b0,6949,0x0364a000,56926208
000122,0x01151300,107,0x000d6000,876544
600078,0x01151310,236,0x001d8000,1933312
147662,0x01151320,3301,0x019ca000,27041792
241262,0x01151330,5489,0x02ae2000,44965888
244013,0x01151340,6950,0x0364c000,56934400
000123,0x01151380,108,0x000d8000,884736
600079,0x01151390,237,0x001da000,1941504
688325,0x011513a0,2183,0x0110e000,17883136
241263,0x011513b0,5490,0x02ae4000,44974080
517110,0x011513c0,8460,0x04218000,69304320
601200,0x01151400,1015,0x007ee000,8314880
688326,0x01151410,2184,0x01110000,17891328
241264,0x01151420,5491,0x02ae6000,44982272
000125,0x01151480,109,0x000da000,892928
688327,0x01151490,2185,0x01112000,17899520
244016,0x011514a0,6951,0x0364e000,56942592
000126,0x01151500,110,0x000dc000,901120
688328,0x01151510,2186,0x01114000,17907712
241266,0x01151520,5492,0x02ae8000,44990464
688280,0x01151580,2142,0x010bc000,17547264
688329,0x01151590,2187,0x01116000,17915904
171293,0x011515a0,3787,0x01d96000,31023104
241267,0x011515b0,5493,0x02aea000,44998656
000128,0x01151600,111,0x000de000,909312
688281,0x01151610,2143,0x010be000,17555456
241268,0x01151620,5494,0x02aec000,45006848
244019,0x01151630,6952,0x03650000,56950784
000129,0x01151680,112,0x000e0000,917504
688282,0x01151690,2144,0x010c0000,17563648
147669,0x011516a0,3302,0x019cc000,27049984
688283,0x01151700,2145,0x010c2000,17571840
231759,0x01151710,4557,0x0239a000,37330944
601208,0x01151800,1016,0x007f0000,8323072
688285,0x01151810,2146,0x010c4000,17580032
242350,0x01151820,6099,0x02fa6000,49963008
688286,0x01151880,2147,0x010c6000,17588224
019110,0x01151890,2579,0x01426000,21127168
588230,0x011518a0,8846,0x0451c000,72466432
688287,0x01151900,2148,0x010c8000,17596416
185951,0x01151910,4406,0x0226c000,36093952
242352,0x01151920,6100,0x02fa8000,49971200
601162,0x01151980,1003,0x007d6000,8216576
688288,0x01151990,2149,0x010ca000,17604608
019112,0x011519a0,2580,0x01428000,21135360
185952,0x011519b0,4407,0x0226e000,36102144
601163,0x01151a00,1004,0x007d8000,8224768
688289,0x01151a10,2150,0x010cc000,17612800
242354,0x01151a20,6101,0x02faa000,49979392
515450,0x01151a30,8338,0x04124000,68304896
185954,0x01151a80,4408,0x02270000,36110336
188705,0x01151a90,4471,0x022ee000,36626432
242355,0x01151aa0,6102,0x02fac000,49987584
188706,0x01151b00,4472,0x022f0000,36634624
245100,0x01151b10,7494,0x03a8c000,61390848
601166,0x01151b80,1005,0x007da000,8232960
019116,0x01151b90,2581,0x0142a000,21143552
513830,0x01151c00,8288,0x040c0000,67895296
601168,0x01151c80,1006,0x007dc000,8241152
115926,0x01151c90,2940,0x016f8000,24084480
136033,0x01151ca0,3049,0x017d2000,24977408
245103,0x01151cb0,7495,0x03a8e000,61399040
601169,0x01151d00,1007,0x007de000,8249344
115927,0x01151d10,2941,0x016fa000,24092672
245104,0x01151d20,7496,0x03a90000,61407232
588190,0x01151d30,8842,0x04514000,72433664
115928,0x01151d80,2942,0x016fc000,24100864
240730,0x01151d90,5153,0x02842000,42213376
240731,0x01151e00,5154,0x02844000,42221568
188664,0x01151e80,4462,0x022dc000,36552704
240732,0x01151e90,5155,0x02846000,42229760
520910,0x01151ea0,8531,0x042a6000,69885952
561630,0x01151eb0,8700,0x043f8000,71270400
115882,0x01151f00,2921,0x016d2000,23928832
240733,0x01151f10,5156,0x02848000,42237952
530380,0x01151f20,8553,0x042d2000,70066176
115883,0x01151f80,2922,0x016d4000,23937024
240734,0x01151f90,5157,0x0284a000,42246144
245109,0x01151fa0,7497,0x03a92000,61415424
188667,0x01152000,4463,0x022de000,36560896
245061,0x01152010,7473,0x03a62000,61218816
501070,0x01152020,9282,0x04884000,76038144
245062,0x01152080,7474,0x03a64000,61227008
501071,0x01152090,9283,0x04886000,76046336
115886,0x01152100,2923,0x016d6000,23945216
188669,0x01152110,4464,0x022e0000,36569088
115887,0x01152180,2924,0x016d8000,23953408
501073,0x01152190,9284,0x04888000,76054528
605001,0x01152200,1787,0x00df6000,14639104
240690,0x01152210,5129,0x02812000,42016768
240739,0x01152220,5158,0x0284c000,42254336
245065,0x01152230,7475,0x03a66000,61235200
589320,0x01152240,8936,0x045d0000,73203712
240691,0x01152280,5130,0x02814000,42024960
245066,0x01152290,7476,0x03a68000,61243392
501075,0x011522a0,9285,0x0488a000,76062720
605003,0x01152300,1788,0x00df8000,14647296
243443,0x01152310,6683,0x03436000,54747136
245067,0x01152320,7477,0x03a6a000,61251584
520870,0x01152330,8527,0x0429e000,69853184
561590,0x01152340,8697,0x043f2000,71245824
501076,0x01152350,9286,0x0488c000,76070912
245068,0x01152380,7478,0x03a6c000,61259776
501077,0x01152390,9287,0x0488e000,76079104
600630,0x01152400,658,0x00524000,5390336
605005,0x01152410,1789,0x00dfa000,14655488
243445,0x01152420,6684,0x03438000,54755328
245069,0x01152430,7479,0x03a6e000,61267968
751232,0x01152440,9091,0x04706000,74473472
501078,0x01152450,9288,0x04890000,76087296
605006,0x01152480,1790,0x00dfc000,14663680
240695,0x01152490,5131,0x02816000,42033152
751233,0x011524a0,9092,0x04708000,74481664
501079,0x011524b0,9289,0x04892000,76095488
605007,0x01152500,1791,0x00dfe000,14671872
175090,0x01152510,3844,0x01e08000,31490048
240696,0x01152520,5132,0x02818000,42041344
600633,0x01152580,659,0x00526000,5398528
605008,0x01152590,1792,0x00e00000,14680064
173516,0x011525a0,3826,0x01de4000,31342592
240697,0x011525b0,5133,0x0281a000,42049536
243448,0x011525c0,6685,0x0343a000,54763520
605009,0x01152600,1793,0x00e02000,14688256
751236,0x01152610,9093,0x0470a000,74489856
600635,0x01152680,660,0x00528000,5406720
175093,0x01152690,3845,0x01e0a000,31498240
240699,0x011526a0,5134,0x0281c000,42057728
589280,0x011526b0,8932,0x045c8000,73170944
751237,0x011526c0,9094,0x0470c000,74498048
600636,0x01152700,661,0x0052a000,5414912
241820,0x01152710,5820,0x02d78000,47677440
600637,0x01152780,662,0x0052c000,5423104
241821,0x01152790,5821,0x02d7a000,47685632
600638,0x01152800,663,0x0052e000,5431296
600590,0x01152880,623,0x004de000,5103616
600639,0x01152890,664,0x00530000,5439488
175097,0x011528a0,3846,0x01e0c000,31506432
241823,0x011528b0,5822,0x02d7c000,47693824
241824,0x01152900,5823,0x02d7e000,47702016
600592,0x01152980,624,0x004e0000,5111808
600593,0x01152a00,625,0x004e2000,5120000
241826,0x01152a10,5824,0x02d80000,47710208
600594,0x01152a80,626,0x004e4000,5128192
233891,0x01152a90,4659,0x02466000,38166528
241827,0x01152aa0,5825,0x02d82000,47718400
600595,0x01152b00,627,0x004e6000,5136384
241828,0x01152b10,5826,0x02d84000,47726592
244530,0x01152b20,7187,0x03826000,58875904
510050,0x01152b30,8080,0x03f20000,66191360
600596,0x01152b80,628,0x004e8000,5144576
244531,0x01152b90,7188,0x03828000,58884096
600597,0x01152c00,629,0x004ea000,5152768
603341,0x01152c10,1451,0x00b56000,11886592
241781,0x01152c20,5803,0x02d56000,47538176
600598,0x01152c80,630,0x004ec000,5160960
241782,0x01152c90,5804,0x02d58000,47546368
244533,0x01152ca0,7189,0x0382a000,58892288
600599,0x01152d00,631,0x004ee000,5169152
241783,0x01152d10,5805,0x02d5a000,47554560
242910,0x01152d20,6388,0x031e8000,52330496
603344,0x01152d80,1452,0x00b58000,11894784
241784,0x01152d90,5806,0x02d5c000,47562752
242911,0x01152da0,6389,0x031ea000,52338688
244535,0x01152db0,7190,0x0382c000,58900480
603345,0x01152e00,1453,0x00b5a000,11902976
241785,0x01152e10,5807,0x02d5e000,47570944
242912,0x01152e20,6390,0x031ec000,52346880
241786,0x01152e80,5808,0x02d60000,47579136
242913,0x01152e90,6391,0x031ee000,52355072
244537,0x01152ea0,7191,0x0382e000,58908672
127574,0x01152f00,3021,0x0179a000,24748032
241787,0x01152f10,5809,0x02d62000,47587328
603348,0x01152f80,1454,0x00b5c000,11911168
244490,0x01152f90,7167,0x037fe000,58712064
244539,0x01152fa0,7192,0x03830000,58916864
242916,0x01153000,6392,0x031f0000,52363264
244491,0x01153010,7168,0x03800000,58720256
244492,0x01153080,7169,0x03802000,58728448
601727,0x01153100,1100,0x00898000,9011200
601728,0x01153180,1101,0x0089a000,9019392
242870,0x01153190,6368,0x031c0000,52166656
242919,0x011531a0,6393,0x031f2000,52371456
244494,0x011531b0,7170,0x03804000,58736640
019630,0x01153200,2630,0x0148c000,21544960
242871,0x01153210,6369,0x031c2000,52174848
244495,0x01153220,7171,0x03806000,58744832
588750,0x01153230,8883,0x04566000,72769536
242872,0x01153280,6370,0x031c4000,52183040
019632,0x01153300,2631,0x0148e000,21553152
019633,0x01153380,2632,0x01490000,21561344
515970,0x01153390,8372,0x04168000,68583424
019634,0x01153400,2633,0x01492000,21569536
242876,0x01153480,6371,0x031c6000,52191232
601686,0x01153500,1090,0x00884000,8929280
019636,0x01153510,2634,0x01494000,21577728
234983,0x01153520,4682,0x02494000,38354944
242877,0x01153530,6372,0x031c8000,52199424
245621,0x01153540,7731,0x03c66000,63332352
245622,0x01153580,7732,0x03c68000,63340544
601688,0x01153600,1091,0x00886000,8937472
152334,0x01153610,3363,0x01a46000,27549696
563770,0x01153620,8808,0x044d0000,72155136
506000,0x01153630,9351,0x0490e000,76603392
601689,0x01153680,1092,0x00888000,8945664
019639,0x01153690,2635,0x01496000,21585920
122211,0x011536a0,2984,0x01750000,24444928
152335,0x011536b0,3364,0x01a48000,27557888
506001,0x011536c0,9352,0x04910000,76611584
506002,0x01153700,9353,0x04912000,76619776
184351,0x01153780,4038,0x01f8c000,33079296
245626,0x01153790,7733,0x03c6a000,63348736
518680,0x011537a0,8487,0x0424e000,69525504
506003,0x011537b0,9354,0x04914000,76627968
019593,0x01153800,2620,0x01478000,21463040
245627,0x01153810,7734,0x03c6c000,63356928
152290,0x01153880,3348,0x01a28000,27426816
152339,0x01153890,3365,0x01a4a000,27566080
184353,0x011538a0,4039,0x01f8e000,33087488
245628,0x011538b0,7735,0x03c6e000,63365120
506005,0x011538c0,9355,0x04916000,76636160
152291,0x01153900,3349,0x01a2a000,27435008
245629,0x01153910,7736,0x03c70000,63373312
506006,0x01153920,9356,0x04918000,76644352
184356,0x01153a00,4040,0x01f90000,33095680
506008,0x01153a10,9357,0x0491a000,76652544
019599,0x01153b00,2621,0x0147a000,21471232
152295,0x01153b10,3350,0x01a2c000,27443200
243961,0x01153b80,6925,0x0361a000,56729600
245585,0x01153b90,7711,0x03c3e000,63168512
152297,0x01153c00,3351,0x01a2e000,27451392
155041,0x01153c10,3610,0x01c34000,29573120
245586,0x01153c20,7712,0x03c40000,63176704
245587,0x01153c80,7713,0x03c42000,63184896
122175,0x01153d00,2983,0x0174e000,24436736
152299,0x01153d10,3352,0x01a30000,27459584
243964,0x01153d20,6926,0x0361c000,56737792
245588,0x01153d30,7714,0x03c44000,63193088
560030,0x01153d40,8573,0x042fa000,70230016
243965,0x01153d80,6927,0x0361e000,56745984
245589,0x01153d90,7715,0x03c46000,63201280
243968,0x01153f00,6928,0x03620000,56754176
512190,0x01153f10,9443,0x049c6000,77357056
603900,0x01154080,1730,0x00d84000,14172160
603901,0x01154100,1731,0x00d86000,14180352
137647,0x01154180,3129,0x01872000,25632768
603903,0x01154200,1732,0x00d88000,14188544
185444,0x01154280,4300,0x02198000,35225600
185445,0x01154300,4301,0x0219a000,35233792
603906,0x01154380,1733,0x00d8a000,14196736
605488,0x01154390,1887,0x00ebe000,15458304
513320,0x01154400,8259,0x04086000,67657728
603908,0x01154480,1734,0x00d8c000,14204928
510570,0x01154490,8111,0x03f5e000,66445312
603860,0x01154500,1702,0x00d4c000,13942784
603909,0x01154510,1735,0x00d8e000,14213120
603861,0x01154580,1703,0x00d4e000,13950976
115418,0x01154590,2823,0x0160e000,23126016
115419,0x01154600,2824,0x01610000,23134208
240221,0x01154610,4868,0x02608000,39878656
511700,0x01154620,8161,0x03fc2000,66854912
603863,0x01154680,1704,0x00d50000,13959168
240222,0x01154690,4869,0x0260a000,39886848
561120,0x011546a0,8662,0x043ac000,70959104
603866,0x01154800,1705,0x00d52000,13967360
115374,0x01154810,2816,0x01600000,23068672
603867,0x01154880,1706,0x00d54000,13975552
240226,0x01154890,4870,0x0260c000,39895040
513280,0x011548a0,8255,0x0407e000,67624960
603868,0x01154900,1707,0x00d56000,13983744
240227,0x01154910,4871,0x0260e000,39903232
603869,0x01154980,1708,0x00d58000,13991936
115377,0x01154990,2817,0x01602000,23076864
240180,0x01154a00,4852,0x025e8000,39747584
511660,0x01154a80,8158,0x03fbc000,66830336
240182,0x01154b00,4853,0x025ea000,39755776
561080,0x01154b10,8659,0x043a6000,70934528
900910,0x01154b80,2525,0x013ba000,20684800
240183,0x01154b90,4854,0x025ec000,39763968
600120,0x01154c00,269,0x0021a000,2203648
900911,0x01154c10,2526,0x013bc000,20692992
600121,0x01154c80,270,0x0021c000,2211840
900912,0x01154c90,2527,0x013be000,20701184
900913,0x01154d00,2528,0x013c0000,20709376
157224,0x01154d10,3679,0x01cbe000,30138368
600123,0x01154d80,271,0x0021e000,2220032
900914,0x01154d90,2529,0x013c2000,20717568
152850,0x01154da0,3555,0x01bc6000,29122560
240187,0x01154db0,4855,0x025ee000,39772160
900915,0x01154e00,2530,0x013c4000,20725760
600125,0x01154e80,272,0x00220000,2228224
900916,0x01154e90,2531,0x013c6000,20733952
157227,0x01154ea0,3680,0x01cc0000,30146560
600126,0x01154f00,273,0x00222000,2236416
900917,0x01154f10,2532,0x013c8000,20742144
138696,0x01154f20,3225,0x01932000,26419200
241310,0x01154f30,5523,0x02b26000,45244416
600127,0x01154f80,274,0x00224000,2244608
900918,0x01154f90,2533,0x013ca000,20750336
160748,0x01154fa0,3704,0x01cf0000,30343168
241311,0x01154fb0,5524,0x02b28000,45252608
600128,0x01155000,275,0x00226000,2252800
155606,0x01155010,3650,0x01c84000,29900800
600080,0x01155080,238,0x001dc000,1949696
600129,0x01155090,276,0x00228000,2260992
241313,0x011550a0,5525,0x02b2a000,45260800
600081,0x01155100,239,0x001de000,1957888
152857,0x01155110,3556,0x01bc8000,29130752
600082,0x01155180,240,0x001e0000,1966080
152858,0x01155190,3557,0x01bca000,29138944
241315,0x011551a0,5526,0x02b2c000,45268992
152859,0x01155200,3558,0x01bcc000,29147136
155561,0x01155210,3647,0x01c7e000,29876224
241316,0x01155220,5527,0x02b2e000,45277184
600084,0x01155280,241,0x001e2000,1974272
688330,0x01155290,2188,0x01118000,17924096
600085,0x01155300,242,0x001e4000,1982464
688331,0x01155310,2189,0x0111a000,17932288
122737,0x01155320,2998,0x0176c000,24559616
241318,0x01155330,5528,0x02b30000,45285376
244020,0x01155340,6953,0x03652000,56958976
000130,0x01155380,113,0x000e2000,925696
688332,0x01155390,2190,0x0111c000,17940480
241270,0x011553a0,5495,0x02aee000,45015040
000131,0x01155400,114,0x000e4000,933888
688333,0x01155410,2191,0x0111e000,17948672
122690,0x01155420,2997,0x0176a000,24551424
163452,0x01155430,3755,0x01d56000,30760960
512750,0x01155440,8211,0x04026000,67264512
000132,0x01155480,115,0x000e6000,942080
600088,0x01155490,243,0x001e6000,1990656
688334,0x011554a0,2192,0x01120000,17956864
171347,0x011554b0,3790,0x01d9c000,31047680
241272,0x011554c0,5496,0x02af0000,45023232
244023,0x011554d0,6954,0x03654000,56967168
000133,0x01155500,116,0x000e8000,950272
600089,0x01155510,244,0x001e8000,1998848
688335,0x01155520,2193,0x01122000,17965056
241273,0x01155530,5497,0x02af2000,45031424
244024,0x01155540,6955,0x03656000,56975360
517120,0x01155550,8461,0x0421a000,69312512
000134,0x01155580,117,0x000ea000,958464
688336,0x01155590,2194,0x01124000,17973248
242401,0x011555a0,6123,0x02fd6000,50159616
000135,0x01155600,118,0x000ec000,966656
601211,0x01155610,1017,0x007f2000,8331264
688337,0x01155620,2195,0x01126000,17981440
241275,0x01155630,5498,0x02af4000,45039616
242402,0x01155640,6124,0x02fd8000,50167808
000136,0x01155680,119,0x000ee000,974848
601212,0x01155690,1018,0x007f4000,8339456
688338,0x011556a0,2196,0x01128000,17989632
241276,0x011556b0,5499,0x02af6000,45047808
560550,0x011556c0,8617,0x04352000,70590464
000137,0x01155700,120,0x000f0000,983040
688290,0x01155710,2151,0x010ce000,17620992
688339,0x01155720,2197,0x0112a000,17997824
241277,0x01155730,5500,0x02af8000,45056000
242404,0x01155740,6125,0x02fda000,50176000
000138,0x01155780,121,0x000f2000,991232
688291,0x01155790,2152,0x010d0000,17629184
241278,0x011557a0,5501,0x02afa000,45064192
242405,0x011557b0,6126,0x02fdc000,50184192
000090,0x01155800,75,0x00096000,614400
000139,0x01155810,122,0x000f4000,999424
688292,0x01155820,2153,0x010d2000,17637376
241279,0x01155830,5502,0x02afc000,45072384
242406,0x01155840,6127,0x02fde000,50192384
000091,0x01155880,76,0x00098000,622592
601216,0x01155890,1019,0x007f6000,8347648
688293,0x011558a0,2154,0x010d4000,17645568
242407,0x011558b0,6128,0x02fe0000,50200576
000092,0x01155900,77,0x0009a000,630784
242408,0x01155910,6129,0x02fe2000,50208768
000093,0x01155980,78,0x0009c000,638976
601218,0x01155990,1020,0x007f8000,8355840
688295,0x011559a0,2155,0x010d6000,17653760
517080,0x011559b0,8457,0x04212000,69279744
563300,0x011559c0,8781,0x0449a000,71933952
000094,0x01155a00,79,0x0009e000,647168
688296,0x01155a10,2156,0x010d8000,17661952
242361,0x01155a20,6103,0x02fae000,49995776
588240,0x01155a30,8847,0x0451e000,72474624
000095,0x01155a80,80,0x000a0000,655360
688297,0x01155a90,2157,0x010da000,17670144
000096,0x01155b00,81,0x000a2000,663552
688298,0x01155b10,2158,0x010dc000,17678336
115930,0x01155b20,2943,0x016fe000,24109056
188713,0x01155b30,4473,0x022f2000,36642816
000097,0x01155b80,82,0x000a4000,671744
688299,0x01155b90,2159,0x010de000,17686528
019123,0x01155ba0,2582,0x0142c000,21151744
115931,0x01155bb0,2944,0x01700000,24117248
242364,0x01155bc0,6104,0x02fb0000,50003968
515460,0x01155bd0,8339,0x04126000,68313088
000098,0x01155c00,83,0x000a6000,679936
188715,0x01155c10,4474,0x022f4000,36651008
242365,0x01155c20,6105,0x02fb2000,50012160
000099,0x01155c80,84,0x000a8000,688128
115933,0x01155c90,2945,0x01702000,24125440
188716,0x01155ca0,4475,0x022f6000,36659200
242366,0x01155cb0,6106,0x02fb4000,50020352
242367,0x01155d00,6107,0x02fb6000,50028544
601177,0x01155d80,1008,0x007e0000,8257536
245112,0x01155d90,7498,0x03a94000,61423616
115936,0x01155e00,2946,0x01704000,24133632
185968,0x01155e10,4409,0x02272000,36118528
242369,0x01155e20,6108,0x02fb8000,50036736
245113,0x01155e30,7499,0x03a96000,61431808
601179,0x01155e80,1009,0x007e2000,8265728
245114,0x01155e90,7500,0x03a98000,61440000
115938,0x01155f00,2947,0x01706000,24141824
240740,0x01155f10,5159,0x0284e000,42262528
245115,0x01155f20,7501,0x03a9a000,61448192
115890,0x01155f80,2925,0x016da000,23961600
115939,0x01155f90,2948,0x01708000,24150016
240741,0x01155fa0,5160,0x02850000,42270720
115891,0x01156000,2926,0x016dc000,23969792
245117,0x01156010,7502,0x03a9c000,61456384
520920,0x01156020,8532,0x042a8000,69894144
115892,0x01156080,2927,0x016de000,23977984
240743,0x01156090,5161,0x02852000,42278912
245118,0x011560a0,7503,0x03a9e000,61464576
240744,0x01156100,5162,0x02854000,42287104
245119,0x01156110,7504,0x03aa0000,61472768
115894,0x01156180,2928,0x016e0000,23986176
188677,0x01156190,4465,0x022e2000,36577280
240745,0x011561a0,5163,0x02856000,42295296
245071,0x011561b0,7480,0x03a70000,61276160
501080,0x011561c0,9290,0x04894000,76103680
240746,0x01156200,5164,0x02858000,42303488
245072,0x01156210,7481,0x03a72000,61284352
501081,0x01156220,9291,0x04896000,76111872
240747,0x01156280,5165,0x0285a000,42311680
501082,0x01156290,9292,0x04898000,76120064
240748,0x01156300,5166,0x0285c000,42319872
243450,0x01156310,6686,0x0343c000,54771712
245074,0x01156320,7482,0x03a74000,61292544
501083,0x01156330,9293,0x0489a000,76128256
605011,0x01156380,1794,0x00e04000,14696448
240749,0x01156390,5167,0x0285e000,42328064
243451,0x011563a0,6687,0x0343e000,54779904
245075,0x011563b0,7483,0x03a76000,61300736
589330,0x011563c0,8937,0x045d2000,73211904
245076,0x01156400,7484,0x03a78000,61308928
501085,0x01156410,9294,0x0489c000,76136448
245077,0x01156480,7485,0x03a7a000,61317120
520880,0x01156490,8528,0x042a0000,69861376
751240,0x011564a0,9095,0x0470e000,74506240
243454,0x01156500,6688,0x03440000,54788096
245078,0x01156510,7486,0x03a7c000,61325312
516550,0x01156520,8414,0x041bc000,68927488
751241,0x01156530,9096,0x04710000,74514432
501087,0x01156540,9295,0x0489e000,76144640
600640,0x01156580,665,0x00532000,5447680
501088,0x01156590,9296,0x048a0000,76152832
600641,0x01156600,666,0x00534000,5455872
605016,0x01156610,1795,0x00e06000,14704640
501089,0x01156620,9297,0x048a2000,76161024
600642,0x01156680,667,0x00536000,5464064
243457,0x01156690,6689,0x03442000,54796288
751244,0x011566a0,9097,0x04712000,74522624
600643,0x01156700,668,0x00538000,5472256
605018,0x01156710,1796,0x00e08000,14712832
751245,0x01156720,9098,0x04714000,74530816
600644,0x01156780,669,0x0053a000,5480448
243459,0x01156790,6690,0x03444000,54804480
600645,0x01156800,670,0x0053c000,5488640
510100,0x01156810,8083,0x03f26000,66215936
589290,0x01156820,8933,0x045ca000,73179136
241830,0x01156880,5827,0x02d86000,47734784
751248,0x01156890,9099,0x04716000,74539008
751249,0x01156900,9100,0x04718000,74547200
600648,0x01156980,671,0x0053e000,5496832
241832,0x01156990,5828,0x02d88000,47742976
600649,0x01156a00,672,0x00540000,5505024
241834,0x01156a80,5829,0x02d8a000,47751168
241835,0x01156b00,5830,0x02d8c000,47759360
241837,0x01156c00,5831,0x02d8e000,47767552
241838,0x01156c80,5832,0x02d90000,47775744
244540,0x01156c90,7193,0x03832000,58925056
510060,0x01156ca0,8081,0x03f22000,66199552
603350,0x01156d00,1455,0x00b5e000,11919360
171865,0x01156d10,3797,0x01daa000,31105024
603351,0x01156d80,1456,0x00b60000,11927552
241791,0x01156d90,5810,0x02d64000,47595520
603352,0x01156e00,1457,0x00b62000,11935744
244543,0x01156e10,7194,0x03834000,58933248
603353,0x01156e80,1458,0x00b64000,11943936
244544,0x01156e90,7195,0x03836000,58941440
241794,0x01156f00,5811,0x02d66000,47603712
242921,0x01156f10,6394,0x031f4000,52379648
588800,0x01156f20,8888,0x04570000,72810496
603355,0x01156f80,1459,0x00b66000,11952128
244546,0x01156f90,7196,0x03838000,58949632
603356,0x01157000,1460,0x00b68000,11960320
242923,0x01157010,6395,0x031f6000,52387840
244547,0x01157020,7197,0x0383a000,58957824
603357,0x01157080,1461,0x00b6a000,11968512
242924,0x01157090,6396,0x031f8000,52396032
603358,0x01157100,1462,0x00b6c000,11976704
242925,0x01157110,6397,0x031fa000,52404224
244549,0x01157120,7198,0x0383c000,58966016
603359,0x01157180,1463,0x00b6e000,11984896
242926,0x01157190,6398,0x031fc000,52412416
242927,0x01157200,6399,0x031fe000,52420608
242928,0x01157280,6400,0x03200000,52428800
511150,0x01157290,8143,0x03f9e000,66707456
127589,0x01157300,3022,0x0179c000,24756224
242880,0x01157310,6373,0x031ca000,52207616
242881,0x01157380,6374,0x031cc000,52215808
588760,0x01157390,8884,0x04568000,72777728
242882,0x01157400,6375,0x031ce000,52224000
019642,0x01157480,2636,0x01498000,21594112
184401,0x01157490,4058,0x01fb4000,33243136
242883,0x011574a0,6376,0x031d0000,52232192
515980,0x01157500,8373,0x0416a000,68591616
184403,0x01157580,4059,0x01fb6000,33251328
242885,0x01157590,6377,0x031d2000,52240384
152341,0x01157600,3366,0x01a4c000,27574272
184404,0x01157610,4060,0x01fb8000,33259520
242886,0x01157620,6378,0x031d4000,52248576
601696,0x01157680,1093,0x0088a000,8953856
019646,0x01157690,2637,0x0149a000,21602304
152342,0x011576a0,3367,0x01a4e000,27582464
242887,0x011576b0,6379,0x031d6000,52256768
245631,0x011576c0,7737,0x03c72000,63381504
019647,0x01157700,2638,0x0149c000,21610496
242888,0x01157710,6380,0x031d8000,52264960
551060,0x01157720,8561,0x042e2000,70131712
601698,0x01157780,1094,0x0088c000,8962048
184407,0x01157790,4061,0x01fba000,33267712
245633,0x011577a0,7738,0x03c74000,63389696
563780,0x011577b0,8809,0x044d2000,72163328
601699,0x01157800,1095,0x0088e000,8970240
136564,0x01157810,3070,0x017fc000,25149440
152345,0x01157820,3368,0x01a50000,27590656
184409,0x01157880,4062,0x01fbc000,33275904
245635,0x01157890,7739,0x03c76000,63397888
152347,0x01157900,3369,0x01a52000,27598848
184361,0x01157910,4041,0x01f92000,33103872
245636,0x01157920,7740,0x03c78000,63406080
152349,0x01157a00,3370,0x01a54000,27607040
184363,0x01157a10,4042,0x01f94000,33112064
245590,0x01157a80,7716,0x03c48000,63209472
245639,0x01157a90,7741,0x03c7a000,63414272
184365,0x01157b00,4043,0x01f96000,33120256
245591,0x01157b10,7717,0x03c4a000,63217664
184367,0x01157c00,4044,0x01f98000,33128448
245593,0x01157c10,7718,0x03c4c000,63225856
512240,0x01157c20,8174,0x03fdc000,66961408
184368,0x01157c80,4045,0x01f9a000,33136640
245594,0x01157c90,7719,0x03c4e000,63234048
245595,0x01157d00,7720,0x03c50000,63242240
589850,0x01157d10,8961,0x04602000,73408512
243972,0x01157d80,6929,0x03622000,56762368
245597,0x01157e00,7721,0x03c52000,63250432
243974,0x01157e80,6930,0x03624000,56770560
245598,0x01157e90,7722,0x03c54000,63258624
137650,0x01157f80,3130,0x01874000,25640960
243976,0x01157f90,6931,0x03626000,56778752
175669,0x01158000,3871,0x01e3e000,31711232
243977,0x01158010,6932,0x03628000,56786944
188200,0x01158180,4437,0x022aa000,36347904
603912,0x01158300,1736,0x00d90000,14221312
137657,0x01158310,3131,0x01876000,25649152
188204,0x01158380,4438,0x022ac000,36356096
185454,0x01158400,4302,0x0219c000,35241984
603915,0x01158480,1737,0x00d92000,14229504
188206,0x01158490,4439,0x022ae000,36364288
603916,0x01158500,1738,0x00d94000,14237696
603917,0x01158580,1739,0x00d96000,14245888
605499,0x01158590,1888,0x00ec0000,15466496
115425,0x011585a0,2825,0x01612000,23142400
513330,0x011585b0,8260,0x04088000,67665920
603918,0x01158600,1740,0x00d98000,14254080
510580,0x01158610,8112,0x03f60000,66453504
603919,0x01158680,1741,0x00d9a000,14262272
603871,0x01158700,1709,0x00d5a000,14000128
232343,0x01158710,4591,0x023de000,37609472
115381,0x01158800,2818,0x01604000,23085056
561130,0x01158810,8663,0x043ae000,70967296
603876,0x01158980,1710,0x00d5c000,14008320
240235,0x01158990,4872,0x02610000,39911424
603877,0x01158a00,1711,0x00d5e000,14016512
240236,0x01158a10,4873,0x02612000,39919616
513290,0x01158a20,8256,0x04080000,67633152
603878,0x01158a80,1712,0x00d60000,14024704
115386,0x01158a90,2819,0x01606000,23093248
152900,0x01158aa0,3570,0x01be4000,29245440
603879,0x01158b00,1713,0x00d62000,14032896
152901,0x01158b10,3571,0x01be6000,29253632
240239,0x01158b80,4874,0x02614000,39927808
138746,0x01158c00,3227,0x01936000,26435584
511670,0x01158c10,8159,0x03fbe000,66838528
240192,0x01158c80,4856,0x025f0000,39780352
561090,0x01158c90,8660,0x043a8000,70942720
900920,0x01158d00,2534,0x013cc000,20758528
160750,0x01158d10,3705,0x01cf2000,30351360
600130,0x01158d80,277,0x0022a000,2269184
900921,0x01158d90,2535,0x013ce000,20766720
600131,0x01158e00,278,0x0022c000,2277376
900922,0x01158e10,2536,0x013d0000,20774912
152907,0x01158e20,3572,0x01be8000,29261824
600132,0x01158e80,279,0x0022e000,2285568
900923,0x01158e90,2537,0x013d2000,20783104
152908,0x01158ea0,3573,0x01bea000,29270016
240196,0x01158eb0,4857,0x025f2000,39788544
600133,0x01158f00,280,0x00230000,2293760
900924,0x01158f10,2538,0x013d4000,20791296
152909,0x01158f20,3574,0x01bec000,29278208
900925,0x01158f80,2539,0x013d6000,20799488
600135,0x01159000,281,0x00232000,2301952
900926,0x01159010,2540,0x013d8000,20807680
600136,0x01159080,282,0x00234000,2310144
900927,0x01159090,2541,0x013da000,20815872
155614,0x011590a0,3651,0x01c86000,29908992
551580,0x011590b0,8568,0x042f0000,70189056
600137,0x01159100,283,0x00236000,2318336
900928,0x01159110,2542,0x013dc000,20824064
155615,0x01159120,3652,0x01c88000,29917184
241321,0x01159130,5529,0x02b32000,45293568
512800,0x01159140,8214,0x0402c000,67289088
600138,0x01159180,284,0x00238000,2326528
900929,0x01159190,2543,0x013de000,20832256
231811,0x011591a0,4559,0x0239e000,37347328
241322,0x011591b0,5530,0x02b34000,45301760
230686,0x01159280,4538,0x02374000,37175296
241324,0x01159290,5531,0x02b36000,45309952
152869,0x01159380,3559,0x01bce000,29155328
171352,0x01159390,3791,0x01d9e000,31055872
241326,0x011593a0,5532,0x02b38000,45318144
600094,0x01159400,245,0x001ea000,2007040
147727,0x01159410,3303,0x019ce000,27058176
241327,0x01159420,5533,0x02b3a000,45326336
600095,0x01159480,246,0x001ec000,2015232
163460,0x01159490,3756,0x01d58000,30769152
241328,0x011594a0,5534,0x02b3c000,45334528
600096,0x01159500,247,0x001ee000,2023424
163461,0x01159510,3757,0x01d5a000,30777344
241280,0x01159520,5503,0x02afe000,45080576
000141,0x01159580,123,0x000f6000,1007616
600097,0x01159590,248,0x001f0000,2031616
688343,0x011595a0,2198,0x0112c000,18006016
241281,0x011595b0,5504,0x02b00000,45088768
244032,0x011595c0,6956,0x03658000,56983552
512760,0x011595d0,8212,0x04028000,67272704
000142,0x01159600,124,0x000f8000,1015808
600098,0x01159610,249,0x001f2000,2039808
244033,0x01159620,6957,0x0365a000,56991744
600099,0x01159680,250,0x001f4000,2048000
688345,0x01159690,2199,0x0112e000,18014208
163464,0x011596a0,3758,0x01d5c000,30785536
231772,0x011596b0,4558,0x0239c000,37339136
244034,0x011596c0,6958,0x0365c000,56999936
517130,0x011596d0,8462,0x0421c000,69320704
171359,0x01159700,3792,0x01da0000,31064064
241284,0x01159710,5505,0x02b02000,45096960
244035,0x01159720,6959,0x0365e000,57008128
000145,0x01159780,125,0x000fa000,1024000
688347,0x01159790,2200,0x01130000,18022400
244036,0x011597a0,6960,0x03660000,57016320
000146,0x01159800,126,0x000fc000,1032192
601222,0x01159810,1021,0x007fa000,8364032
688348,0x01159820,2201,0x01132000,18030592
244037,0x01159830,6961,0x03662000,57024512
560560,0x01159840,8618,0x04354000,70598656
000147,0x01159880,127,0x000fe000,1040384
688349,0x01159890,2202,0x01134000,18038784
241287,0x011598a0,5506,0x02b04000,45105152
242414,0x011598b0,6130,0x02fe4000,50216960
000148,0x01159900,128,0x00100000,1048576
241288,0x01159910,5507,0x02b06000,45113344
242415,0x01159920,6131,0x02fe6000,50225152
000149,0x01159980,129,0x00102000,1056768
601225,0x01159990,1022,0x007fc000,8372224
241289,0x011599a0,5508,0x02b08000,45121536
242416,0x011599b0,6132,0x02fe8000,50233344
601226,0x01159a00,1023,0x007fe000,8380416
242417,0x01159a10,6133,0x02fea000,50241536
242418,0x01159a80,6134,0x02fec000,50249728
601228,0x01159b00,1024,0x00800000,8388608
517090,0x01159b10,8458,0x04214000,69287936
601229,0x01159b80,1025,0x00802000,8396800
185970,0x01159b90,4410,0x02274000,36126720
588250,0x01159ba0,8848,0x04520000,72482816
232903,0x01159c00,4615,0x0240e000,37806080
242372,0x01159c10,6109,0x02fba000,50044928
115940,0x01159c80,2949,0x0170a000,24158208
232904,0x01159c90,4616,0x02410000,37814272
115941,0x01159d00,2950,0x0170c000,24166400
115943,0x01159e00,2951,0x0170e000,24174592
245120,0x01159e10,7505,0x03aa2000,61480960
601186,0x01159e80,1010,0x007e4000,8273920
188727,0x01159e90,4476,0x022f8000,36667392
232908,0x01159ea0,4617,0x02412000,37822464
245121,0x01159eb0,7506,0x03aa4000,61489152
601187,0x01159f00,1011,0x007e6000,8282112
115945,0x01159f10,2952,0x01710000,24182784
198239,0x01159f20,4527,0x0235e000,37085184
513850,0x01159f30,8289,0x040c2000,67903488
601188,0x01159f80,1012,0x007e8000,8290304
242379,0x01159f90,6110,0x02fbc000,50053120
245123,0x01159fa0,7507,0x03aa6000,61497344
115947,0x0115a000,2953,0x01712000,24190976
245124,0x0115a010,7508,0x03aa8000,61505536
188682,0x0115a080,4466,0x022e4000,36585472
240750,0x0115a090,5168,0x02860000,42336256
245125,0x0115a0a0,7509,0x03aaa000,61513728
188683,0x0115a100,4467,0x022e6000,36593664
243502,0x0115a110,6713,0x03472000,54992896
245126,0x0115a120,7510,0x03aac000,61521920
240752,0x0115a180,5169,0x02862000,42344448
245127,0x0115a190,7511,0x03aae000,61530112
520930,0x0115a1a0,8533,0x042aa000,69902336
136058,0x0115a200,3050,0x017d4000,24985600
245128,0x0115a210,7512,0x03ab0000,61538304
516600,0x0115a220,8419,0x041c6000,68968448
243505,0x0115a280,6714,0x03474000,55001088
245129,0x0115a290,7513,0x03ab2000,61546496
243506,0x0115a300,6715,0x03476000,55009280
245081,0x0115a310,7487,0x03a7e000,61333504
501090,0x0115a320,9298,0x048a4000,76169216
240756,0x0115a380,5170,0x02864000,42352640
501091,0x0115a390,9299,0x048a6000,76177408
243508,0x0115a400,6716,0x03478000,55017472
501092,0x0115a410,9300,0x048a8000,76185600
605020,0x0115a480,1797,0x00e0a000,14721024
240758,0x0115a490,5171,0x02866000,42360832
243460,0x0115a4a0,6691,0x03446000,54812672
501093,0x0115a4b0,9301,0x048aa000,76193792
240759,0x0115a500,5172,0x02868000,42369024
243461,0x0115a510,6692,0x03448000,54820864
245085,0x0115a520,7488,0x03a80000,61341696
245086,0x0115a580,7489,0x03a82000,61349888
501095,0x0115a590,9302,0x048ac000,76201984
520890,0x0115a600,8529,0x042a2000,69869568
501096,0x0115a610,9303,0x048ae000,76210176
516560,0x0115a680,8415,0x041be000,68935680
501097,0x0115a690,9304,0x048b0000,76218368
600650,0x0115a700,673,0x00542000,5513216
751252,0x0115a710,9101,0x0471a000,74555392
501098,0x0115a720,9305,0x048b2000,76226560
600651,0x0115a780,674,0x00544000,5521408
751253,0x0115a790,9102,0x0471c000,74563584
501099,0x0115a7a0,9306,0x048b4000,76234752
140660,0x0115a800,3253,0x0196a000,26648576
600653,0x0115a880,675,0x00546000,5529600
605028,0x0115a890,1798,0x00e0c000,14729216
243468,0x0115a8a0,6693,0x0344a000,54829056
600654,0x0115a900,676,0x00548000,5537792
751256,0x0115a910,9103,0x0471e000,74571776
600655,0x0115a980,677,0x0054a000,5545984
751257,0x0115a990,9104,0x04720000,74579968
603400,0x0115aa00,1495,0x00bae000,12247040
600657,0x0115aa80,678,0x0054c000,5554176
600658,0x0115ab00,679,0x0054e000,5562368
603402,0x0115ab10,1496,0x00bb0000,12255232
241842,0x0115ab20,5833,0x02d92000,47783936
233957,0x0115ac00,4661,0x0246a000,38182912
241845,0x0115ac80,5834,0x02d94000,47792128
603406,0x0115ad00,1497,0x00bb2000,12263424
241846,0x0115ad10,5835,0x02d96000,47800320
603407,0x0115ad80,1498,0x00bb4000,12271616
241847,0x0115ad90,5836,0x02d98000,47808512
603408,0x0115ae00,1499,0x00bb6000,12279808
241848,0x0115ae10,5837,0x02d9a000,47816704
603360,0x0115ae80,1464,0x00b70000,11993088
603409,0x0115ae90,1500,0x00bb8000,12288000
241849,0x0115aea0,5838,0x02d9c000,47824896
244551,0x0115aeb0,7199,0x0383e000,58974208
244552,0x0115af00,7200,0x03840000,58982400
236708,0x0115af80,4734,0x024fc000,38780928
511200,0x0115af90,8147,0x03fa6000,66740224
603363,0x0115b000,1465,0x00b72000,12001280
127639,0x0115b010,3023,0x0179e000,24764416
242930,0x0115b020,6401,0x03202000,52436992
244554,0x0115b030,7201,0x03842000,58990592
588810,0x0115b080,8889,0x04572000,72818688
603365,0x0115b100,1466,0x00b74000,12009472
242932,0x0115b110,6402,0x03204000,52445184
244556,0x0115b120,7202,0x03844000,58998784
603366,0x0115b180,1467,0x00b76000,12017664
242933,0x0115b190,6403,0x03206000,52453376
244557,0x0115b1a0,7203,0x03846000,59006976
603367,0x0115b200,1468,0x00b78000,12025856
242934,0x0115b210,6404,0x03208000,52461568
603368,0x0115b280,1469,0x00b7a000,12034048
242935,0x0115b290,6405,0x0320a000,52469760
244559,0x0115b2a0,7204,0x03848000,59015168
603369,0x0115b300,1470,0x00b7c000,12042240
136610,0x0115b310,3073,0x01802000,25174016
242938,0x0115b400,6406,0x0320c000,52477952
511160,0x0115b410,8144,0x03fa0000,66715648
242939,0x0115b480,6407,0x0320e000,52486144
563830,0x0115b490,8812,0x044d8000,72187904
588770,0x0115b500,8885,0x0456a000,72785920
019653,0x0115b680,2639,0x0149e000,21618688
184412,0x0115b690,4063,0x01fbe000,33284096
515990,0x0115b6a0,8374,0x0416c000,68599808
152350,0x0115b700,3371,0x01a56000,27615232
019655,0x0115b780,2640,0x014a0000,21626880
136619,0x0115b790,3074,0x01804000,25182208
155102,0x0115b7a0,3614,0x01c3c000,29605888
136571,0x0115b800,3071,0x017fe000,25157632
152352,0x0115b810,3372,0x01a58000,27623424
155103,0x0115b820,3615,0x01c3e000,29614080
184415,0x0115b830,4064,0x01fc0000,33292288
242897,0x0115b840,6381,0x031da000,52273152
245641,0x0115b850,7742,0x03c7c000,63422464
019657,0x0115b880,2641,0x014a2000,21635072
245642,0x0115b890,7743,0x03c7e000,63430656
152354,0x0115b900,3373,0x01a5a000,27631616
242899,0x0115b910,6382,0x031dc000,52281344
563790,0x0115b920,8810,0x044d4000,72171520
155106,0x0115b980,3616,0x01c40000,29622272
184418,0x0115b990,4065,0x01fc2000,33300480
184370,0x0115ba00,4046,0x01f9c000,33144832
184419,0x0115ba10,4066,0x01fc4000,33308672
589900,0x0115ba20,8965,0x0460a000,73441280
152358,0x0115bb00,3374,0x01a5c000,27639808
184372,0x0115bb10,4047,0x01f9e000,33153024
245648,0x0115bb80,7744,0x03c80000,63438848
136579,0x0115bc00,3072,0x01800000,25165824
175717,0x0115bc10,3873,0x01e42000,31727616
245649,0x0115bc20,7745,0x03c82000,63447040
137700,0x0115bc80,3142,0x0188c000,25739264
184375,0x0115bc90,4048,0x01fa0000,33161216
175670,0x0115bd00,3872,0x01e40000,31719424
184377,0x0115bd80,4049,0x01fa2000,33169408
512250,0x0115bd90,8175,0x03fde000,66969600
243980,0x0115be00,6933,0x0362a000,56795136
589860,0x0115be80,8962,0x04604000,73416704
155061,0x0115bf00,3611,0x01c36000,29581312
243983,0x0115bf80,6934,0x0362c000,56803328
510630,0x0115bf90,8115,0x03f66000,66478080
243984,0x0115c000,6935,0x0362e000,56811520
560050,0x0115c010,8574,0x042fc000,70238208
185503,0x0115c080,4311,0x021ae000,35315712
515000,0x0115c090,8302,0x040dc000,68009984
137660,0x0115c100,3132,0x01878000,25657344
137709,0x0115c110,3143,0x0188e000,25747456
243986,0x0115c120,6936,0x03630000,56819712
185506,0x0115c200,4312,0x021b0000,35323904
243988,0x0115c210,6937,0x03632000,56827904
137663,0x0115c280,3133,0x0187a000,25665536
603920,0x0115c380,1742,0x00d9c000,14270464
603922,0x0115c480,1743,0x00d9e000,14278656
603926,0x0115c680,1744,0x00da0000,14286848
185466,0x0115c690,4303,0x0219e000,35250176
603927,0x0115c700,1745,0x00da2000,14295040
603928,0x0115c780,1746,0x00da4000,14303232
510590,0x0115c790,8113,0x03f62000,66461696
603880,0x0115c800,1714,0x00d64000,14041088
603929,0x0115c810,1747,0x00da6000,14311424
603881,0x0115c880,1715,0x00d66000,14049280
603882,0x0115c900,1716,0x00d68000,14057472
603883,0x0115c980,1717,0x00d6a000,14065664
240242,0x0115c990,4875,0x02616000,39936000
115392,0x0115ca00,2820,0x01608000,23101440
240243,0x0115ca10,4876,0x02618000,39944192
603885,0x0115ca80,1718,0x00d6c000,14073856
240244,0x0115ca90,4877,0x0261a000,39952384
603886,0x0115cb00,1719,0x00d6e000,14082048
603887,0x0115cb80,1720,0x00d70000,14090240
240246,0x0115cb90,4878,0x0261c000,39960576
603888,0x0115cc00,1721,0x00d72000,14098432
240247,0x0115cc10,4879,0x0261e000,39968768
603889,0x0115cc80,1722,0x00d74000,14106624
124411,0x0115cc90,3002,0x01774000,24592384
240248,0x0115cca0,4880,0x02620000,39976960
240249,0x0115cd00,4881,0x02622000,39985152
143899,0x0115cd80,3292,0x019b8000,26968064
152913,0x0115cd90,3575,0x01bee000,29286400
138757,0x0115ce00,3228,0x01938000,26443776
516050,0x0115ce80,8378,0x04174000,68632576
124416,0x0115cf00,3003,0x01776000,24600576
152916,0x0115cf10,3576,0x01bf0000,29294592
600141,0x0115cf80,285,0x0023a000,2334720
900932,0x0115cf90,2544,0x013e0000,20840448
152917,0x0115cfa0,3577,0x01bf2000,29302784
152918,0x0115d000,3578,0x01bf4000,29310976
600143,0x0115d080,286,0x0023c000,2342912
900934,0x0115d090,2545,0x013e2000,20848640
152870,0x0115d0a0,3560,0x01bd0000,29163520
152919,0x0115d0b0,3579,0x01bf6000,29319168
900936,0x0115d180,2546,0x013e4000,20856832
152872,0x0115d190,3561,0x01bd2000,29171712
900937,0x0115d200,2547,0x013e6000,20865024
152873,0x0115d210,3562,0x01bd4000,29179904
241330,0x0115d220,5535,0x02b3e000,45342720
900938,0x0115d280,2548,0x013e8000,20873216
147731,0x0115d290,3304,0x019d0000,27066368
152874,0x0115d2a0,3563,0x01bd6000,29188096
512810,0x0115d2b0,8215,0x0402e000,67297280
600148,0x0115d300,287,0x0023e000,2351104
900939,0x0115d310,2549,0x013ea000,20881408
241332,0x0115d320,5536,0x02b40000,45350912
600149,0x0115d380,288,0x00240000,2359296
155627,0x0115d390,3653,0x01c8a000,29925376
152877,0x0115d400,3564,0x01bd8000,29196288
241334,0x0115d410,5537,0x02b42000,45359104
231824,0x0115d480,4560,0x023a0000,37355520
241335,0x0115d490,5538,0x02b44000,45367296
152879,0x0115d500,3565,0x01bda000,29204480
231825,0x0115d510,4561,0x023a2000,37363712
241336,0x0115d520,5539,0x02b46000,45375488
560610,0x0115d530,8622,0x0435c000,70631424
688350,0x0115d580,2203,0x01136000,18046976
688351,0x0115d600,2204,0x01138000,18055168
241338,0x0115d610,5540,0x02b48000,45383680
244040,0x0115d620,6962,0x03664000,57032704
000150,0x0115d680,130,0x00104000,1064960
688352,0x0115d690,2205,0x0113a000,18063360
147739,0x0115d6a0,3305,0x019d2000,27074560
241290,0x0115d6b0,5509,0x02b0a000,45129728
241339,0x0115d6c0,5541,0x02b4a000,45391872
244041,0x0115d6d0,6963,0x03666000,57040896
000151,0x0115d700,131,0x00106000,1073152
688353,0x0115d710,2206,0x0113c000,18071552
155585,0x0115d720,3648,0x01c80000,29884416
163472,0x0115d730,3759,0x01d5e000,30793728
241291,0x0115d740,5510,0x02b0c000,45137920
512770,0x0115d750,8213,0x0402a000,67280896
000152,0x0115d780,132,0x00108000,1081344
000153,0x0115d800,133,0x0010a000,1089536
688355,0x0115d810,2207,0x0113e000,18079744
241293,0x0115d820,5511,0x02b0e000,45146112
242420,0x0115d830,6135,0x02fee000,50257920
244044,0x0115d840,6964,0x03668000,57049088
688356,0x0115d880,2208,0x01140000,18087936
244045,0x0115d890,6965,0x0366a000,57057280
588300,0x0115d8a0,8853,0x0452a000,72523776
000155,0x0115d900,134,0x0010c000,1097728
601231,0x0115d910,1026,0x00804000,8404992
688357,0x0115d920,2209,0x01142000,18096128
236152,0x0115d930,4725,0x024ea000,38707200
688358,0x0115d980,2210,0x01144000,18104320
241296,0x0115d990,5512,0x02b10000,45154304
242423,0x0115d9a0,6136,0x02ff0000,50266112
244047,0x0115d9b0,6966,0x0366c000,57065472
560570,0x0115d9c0,8619,0x04356000,70606848
601233,0x0115da00,1027,0x00806000,8413184
688359,0x0115da10,2211,0x01146000,18112512
163478,0x0115da20,3760,0x01d60000,30801920
241297,0x0115da30,5513,0x02b12000,45162496
242424,0x0115da40,6137,0x02ff2000,50274304
204091,0x0115da50,8074,0x03f14000,66142208
000158,0x0115da80,135,0x0010e000,1105920
241298,0x0115da90,5514,0x02b14000,45170688
242425,0x0115daa0,6138,0x02ff4000,50282496
244049,0x0115dab0,6967,0x0366e000,57073664
000159,0x0115db00,136,0x00110000,1114112
601236,0x0115db80,1028,0x00808000,8421376
242427,0x0115db90,6139,0x02ff6000,50290688
242428,0x0115dc00,6140,0x02ff8000,50298880
513900,0x0115dc10,8294,0x040cc000,67944448
601238,0x0115dc80,1029,0x0080a000,8429568
188730,0x0115dc90,4477,0x022fa000,36675584
242380,0x0115dca0,6111,0x02fbe000,50061312
563320,0x0115dcb0,8782,0x0449c000,71942144
188731,0x0115dd00,4478,0x022fc000,36683776
588260,0x0115dd10,8849,0x04522000,72491008
185981,0x0115dd80,4411,0x02276000,36134912
240801,0x0115de00,5193,0x02892000,42541056
185983,0x0115de80,4412,0x02278000,36143104
515480,0x0115de90,8340,0x04128000,68321280
561700,0x0115dea0,8703,0x043fe000,71294976
115952,0x0115df00,2954,0x01714000,24199168
240803,0x0115df10,5194,0x02894000,42549248
242385,0x0115df20,6112,0x02fc0000,50069504
240804,0x0115df80,5195,0x02896000,42557440
245130,0x0115df90,7514,0x03ab4000,61554688
240805,0x0115e000,5196,0x02898000,42565632
242387,0x0115e010,6113,0x02fc2000,50077696
245131,0x0115e020,7515,0x03ab6000,61562880
115955,0x0115e080,2955,0x01716000,24207360
242388,0x0115e090,6114,0x02fc4000,50085888
245132,0x0115e0a0,7516,0x03ab8000,61571072
513860,0x0115e0b0,8290,0x040c4000,67911680
601198,0x0115e100,1013,0x007ea000,8298496
115956,0x0115e110,2956,0x01718000,24215552
175201,0x0115e120,3852,0x01e18000,31555584
188739,0x0115e130,4479,0x022fe000,36691968
242389,0x0115e140,6115,0x02fc6000,50094080
563280,0x0115e150,8780,0x04498000,71925760
601199,0x0115e180,1014,0x007ec000,8306688
115957,0x0115e190,2957,0x0171a000,24223744
188691,0x0115e1a0,4468,0x022e8000,36601856
245134,0x0115e1b0,7517,0x03aba000,61579264
188692,0x0115e200,4469,0x022ea000,36610048
240809,0x0115e210,5197,0x0289a000,42573824
240761,0x0115e280,5173,0x0286a000,42377216
188694,0x0115e300,4470,0x022ec000,36618240
245137,0x0115e310,7518,0x03abc000,61587456
520940,0x0115e320,8534,0x042ac000,69910528
561660,0x0115e330,8701,0x043fa000,71278592
751300,0x0115e340,9125,0x0474a000,74752000
243514,0x0115e380,6717,0x0347a000,55025664
245138,0x0115e390,7519,0x03abe000,61595648
516610,0x0115e3a0,8420,0x041c8000,68976640
751301,0x0115e3b0,9126,0x0474c000,74760192
240764,0x0115e400,5174,0x0286c000,42385408
245090,0x0115e410,7490,0x03a84000,61358080
240765,0x0115e480,5175,0x0286e000,42393600
600702,0x0115e500,713,0x00592000,5840896
243517,0x0115e510,6718,0x0347c000,55033856
751304,0x0115e520,9127,0x0474e000,74768384
600703,0x0115e580,714,0x00594000,5849088
245093,0x0115e590,7491,0x03a86000,61366272
751305,0x0115e5a0,9128,0x04750000,74776576
600704,0x0115e600,715,0x00596000,5857280
240768,0x0115e610,5176,0x02870000,42401792
243470,0x0115e620,6694,0x0344c000,54837248
600705,0x0115e680,716,0x00598000,5865472
243471,0x0115e690,6695,0x0344e000,54845440
589350,0x0115e6a0,8938,0x045d4000,73220096
600706,0x0115e700,717,0x0059a000,5873664
751308,0x0115e710,9129,0x04752000,74784768
600707,0x0115e780,718,0x0059c000,5881856
605033,0x0115e790,1799,0x00e0e000,14737408
243473,0x0115e7a0,6696,0x03450000,54853632
751260,0x0115e7b0,9105,0x04722000,74588160
751309,0x0115e7c0,9130,0x04754000,74792960
600708,0x0115e800,719,0x0059e000,5890048
175166,0x0115e810,3849,0x01e12000,31531008
245098,0x0115e820,7492,0x03a88000,61374464
516570,0x0115e830,8416,0x041c0000,68943872
751261,0x0115e840,9106,0x04724000,74596352
600660,0x0115e880,680,0x00550000,5570560
243475,0x0115e890,6697,0x03452000,54861824
245099,0x0115e8a0,7493,0x03a8a000,61382656
600661,0x0115e900,681,0x00552000,5578752
243476,0x0115e910,6698,0x03454000,54870016
600662,0x0115e980,682,0x00554000,5586944
243477,0x0115e990,6699,0x03456000,54878208
751264,0x0115e9a0,9107,0x04726000,74604544
600663,0x0115ea00,683,0x00556000,5595136
243478,0x0115ea10,6700,0x03458000,54886400
751265,0x0115ea20,9108,0x04728000,74612736
600664,0x0115ea80,684,0x00558000,5603328
243479,0x0115ea90,6701,0x0345a000,54894592
600665,0x0115eb00,685,0x0055a000,5611520
600666,0x0115eb80,686,0x0055c000,5619712
244601,0x0115eb90,7233,0x03882000,59252736
751268,0x0115eba0,9109,0x0472a000,74620928
600667,0x0115ec00,687,0x0055e000,5627904
241851,0x0115ec10,5839,0x02d9e000,47833088
244602,0x0115ec20,7234,0x03884000,59260928
751269,0x0115ec30,9110,0x0472c000,74629120
600668,0x0115ec80,688,0x00560000,5636096
241852,0x0115ec90,5840,0x02da0000,47841280
244603,0x0115eca0,7235,0x03886000,59269120
241854,0x0115ed80,5841,0x02da2000,47849472
517660,0x0115ee00,8477,0x0423a000,69443584
603416,0x0115ee80,1501,0x00bba000,12296192
241857,0x0115ef00,5842,0x02da4000,47857664
244608,0x0115ef10,7236,0x03888000,59277312
603418,0x0115ef80,1502,0x00bbc000,12304384
241858,0x0115ef90,5843,0x02da6000,47865856
244560,0x0115efa0,7205,0x0384a000,59023360
244609,0x0115efb0,7237,0x0388a000,59285504
603370,0x0115f000,1471,0x00b7e000,12050432
244561,0x0115f010,7206,0x0384c000,59031552
244562,0x0115f080,7207,0x0384e000,59039744
603373,0x0115f180,1472,0x00b80000,12058624
244564,0x0115f190,7208,0x03850000,59047936
588820,0x0115f200,8890,0x04574000,72826880
603375,0x0115f280,1473,0x00b82000,12066816
019701,0x0115f290,2662,0x014cc000,21807104
603376,0x0115f300,1474,0x00b84000,12075008
019702,0x0115f310,2663,0x014ce000,21815296
244567,0x0115f320,7209,0x03852000,59056128
603377,0x0115f380,1475,0x00b86000,12083200
244568,0x0115f390,7210,0x03854000,59064320
603378,0x0115f400,1476,0x00b88000,12091392
152400,0x0115f410,3393,0x01a82000,27795456
603379,0x0115f480,1477,0x00b8a000,12099584
019705,0x0115f490,2664,0x014d0000,21823488
152401,0x0115f4a0,3394,0x01a84000,27803648
242946,0x0115f4b0,6408,0x03210000,52494336
136621,0x0115f500,3075,0x01806000,25190400
019707,0x0115f580,2665,0x014d2000,21831680
019708,0x0115f600,2666,0x014d4000,21839872
242949,0x0115f610,6409,0x03212000,52502528
136624,0x0115f680,3076,0x01808000,25198592
588780,0x0115f690,8886,0x0456c000,72794112
019661,0x0115f700,2642,0x014a4000,21643264
152406,0x0115f710,3395,0x01a86000,27811840
019662,0x0115f780,2643,0x014a6000,21651456
152408,0x0115f800,3396,0x01a88000,27820032
184422,0x0115f810,4067,0x01fc6000,33316864
152360,0x0115f880,3375,0x01a5e000,27648000
152409,0x0115f890,3397,0x01a8a000,27828224
184423,0x0115f8a0,4068,0x01fc8000,33325056
019665,0x0115f900,2644,0x014a8000,21659648
152361,0x0115f910,3376,0x01a60000,27656192
184424,0x0115f920,4069,0x01fca000,33333248
245650,0x0115f930,7746,0x03c84000,63455232
019667,0x0115fa00,2645,0x014aa000,21667840
184426,0x0115fa10,4070,0x01fcc000,33341440
019668,0x0115fa80,2646,0x014ac000,21676032
245653,0x0115fa90,7747,0x03c86000,63463424
245654,0x0115fb00,7748,0x03c88000,63471616
152366,0x0115fb80,3377,0x01a62000,27664384
155117,0x0115fb90,3617,0x01c42000,29630464
184380,0x0115fba0,4050,0x01fa4000,33177600
184429,0x0115fbb0,4071,0x01fce000,33349632
184381,0x0115fc00,4051,0x01fa6000,33185792
184382,0x0115fc80,4052,0x01fa8000,33193984
560100,0x0115fd00,8579,0x04306000,70279168
184384,0x0115fd80,4053,0x01faa000,33202176
137711,0x0115fe80,3144,0x01890000,25755648
147180,0x0115fe90,3293,0x019ba000,26976256
137712,0x0115ff00,3145,0x01892000,25763840
184387,0x0115ff10,4054,0x01fac000,33210368
512260,0x0115ff20,8176,0x03fe0000,66977792
184388,0x0115ff80,4055,0x01fae000,33218560
243990,0x0115ff90,6938,0x03634000,56836096
243993,0x01160100,6939,0x03636000,56844288
560060,0x01160180,8575,0x042fe000,70246400
605555,0x01160200,1891,0x00ec6000,15491072
243995,0x01160210,6940,0x03638000,56852480
515010,0x01160220,8303,0x040de000,68018176
231277,0x01160280,4549,0x0238a000,37265408
243996,0x01160290,6941,0x0363a000,56860672
243997,0x01160300,6942,0x0363c000,56868864
243998,0x01160380,6943,0x0363e000,56877056
185518,0x01160480,4313,0x021b2000,35332096
137675,0x01160500,3134,0x0187c000,25673728
603931,0x01160580,1748,0x00da8000,14319616
137677,0x01160600,3135,0x0187e000,25681920
603933,0x01160680,1749,0x00daa000,14327808
137679,0x01160700,3136,0x01880000,25690112
185475,0x01160780,4304,0x021a0000,35258368
603936,0x01160800,1750,0x00dac000,14336000
603937,0x01160880,1751,0x00dae000,14344192
232360,0x01160890,4592,0x023e0000,37617664
513350,0x011608a0,8261,0x0408a000,67674112
603938,0x01160900,1752,0x00db0000,14352384
603890,0x01160980,1723,0x00d76000,14114816
603939,0x01160990,1753,0x00db2000,14360576
243001,0x01160a00,6441,0x03252000,52764672
243002,0x01160a80,6442,0x03254000,52772864
603893,0x01160b00,1724,0x00d78000,14123008
240252,0x01160b10,4882,0x02624000,39993344
243003,0x01160b20,6443,0x03256000,52781056
516100,0x01160b80,8383,0x0417e000,68673536
603895,0x01160c00,1725,0x00d7a000,14131200
232367,0x01160c10,4593,0x023e2000,37625856
240254,0x01160c20,4883,0x02626000,40001536
243005,0x01160c30,6444,0x03258000,52789248
603896,0x01160c80,1726,0x00d7c000,14139392
240255,0x01160c90,4884,0x02628000,40009728
603897,0x01160d00,1727,0x00d7e000,14147584
240256,0x01160d10,4885,0x0262a000,40017920
603898,0x01160d80,1728,0x00d80000,14155776
188189,0x01160d90,4436,0x022a8000,36339712
603899,0x01160e00,1729,0x00d82000,14163968
152921,0x01160e10,3580,0x01bf8000,29327360
240258,0x01160e20,4886,0x0262c000,40026112
243009,0x01160e30,6445,0x0325a000,52797440
152923,0x01160f00,3581,0x01bfa000,29335552
511690,0x01160f10,8160,0x03fc0000,66846720
152924,0x01160f80,3582,0x01bfc000,29343744
900940,0x01161000,2550,0x013ec000,20889600
516060,0x01161010,8379,0x04176000,68640768
600150,0x01161080,289,0x00242000,2367488
900941,0x01161090,2551,0x013ee000,20897792
600151,0x01161100,290,0x00244000,2375680
900942,0x01161110,2552,0x013f0000,20905984
600152,0x01161180,291,0x00246000,2383872
900943,0x01161190,2553,0x013f2000,20914176
152928,0x011611a0,3583,0x01bfe000,29351936
600153,0x01161200,292,0x00248000,2392064
152929,0x01161210,3584,0x01c00000,29360128
688400,0x01161280,2247,0x0118e000,18407424
900945,0x01161290,2554,0x013f4000,20922368
600155,0x01161300,293,0x0024a000,2400256
688401,0x01161310,2248,0x01190000,18415616
900946,0x01161320,2555,0x013f6000,20930560
152882,0x01161330,3566,0x01bdc000,29212672
600156,0x01161380,294,0x0024c000,2408448
900947,0x01161390,2556,0x013f8000,20938752
152883,0x011613a0,3567,0x01bde000,29220864
241340,0x011613b0,5542,0x02b4c000,45400064
600157,0x01161400,295,0x0024e000,2416640
688403,0x01161410,2249,0x01192000,18423808
900948,0x01161420,2557,0x013fa000,20946944
241341,0x01161430,5543,0x02b4e000,45408256
512820,0x01161440,8216,0x04030000,67305472
600158,0x01161480,296,0x00250000,2424832
233455,0x01161490,4636,0x02438000,37978112
600159,0x01161500,297,0x00252000,2433024
241343,0x01161510,5544,0x02b50000,45416448
241345,0x01161600,5545,0x02b52000,45424640
688408,0x01161680,2250,0x01194000,18432000
241346,0x01161690,5546,0x02b54000,45432832
560620,0x011616a0,8623,0x0435e000,70639616
688360,0x01161700,2212,0x01148000,18120704
688409,0x01161710,2251,0x01196000,18440192
688361,0x01161780,2213,0x0114a000,18128896
241348,0x01161790,5547,0x02b56000,45441024
244050,0x011617a0,6968,0x03670000,57081856
000160,0x01161800,137,0x00112000,1122304
688362,0x01161810,2214,0x0114c000,18137088
155594,0x01161820,3649,0x01c82000,29892608
244051,0x01161830,6969,0x03672000,57090048
000161,0x01161880,138,0x00114000,1130496
688363,0x01161890,2215,0x0114e000,18145280
244052,0x011618a0,6970,0x03674000,57098240
000162,0x01161900,139,0x00116000,1138688
244053,0x01161910,6971,0x03676000,57106432
688365,0x01161980,2216,0x01150000,18153472
242430,0x01161990,6141,0x02ffa000,50307072
244054,0x011619a0,6972,0x03678000,57114624
688366,0x01161a00,2217,0x01152000,18161664
242431,0x01161a10,6142,0x02ffc000,50315264
588310,0x01161a20,8854,0x0452c000,72531968
688367,0x01161a80,2218,0x01154000,18169856
242432,0x01161a90,6143,0x02ffe000,50323456
688368,0x01161b00,2219,0x01156000,18178048
560580,0x01161b10,8620,0x04358000,70615040
688369,0x01161b80,2220,0x01158000,18186240
242434,0x01161b90,6144,0x03000000,50331648
515530,0x01161ba0,8341,0x0412a000,68329472
242435,0x01161c00,6145,0x03002000,50339840
244059,0x01161c10,6973,0x0367a000,57122816
242436,0x01161c80,6146,0x03004000,50348032
242437,0x01161d00,6147,0x03006000,50356224
513910,0x01161d80,8295,0x040ce000,67952640
242439,0x01161e00,6148,0x03008000,50364416
563330,0x01161e10,8783,0x0449e000,71950336
185990,0x01161e80,4413,0x0227a000,36151296
242391,0x01161e90,6116,0x02fc8000,50102272
588270,0x01161ea0,8850,0x04524000,72499200
240810,0x01161f00,5198,0x0289c000,42582016
242392,0x01161f10,6117,0x02fca000,50110464
115960,0x01161f80,2958,0x0171c000,24231936
185992,0x01161f90,4414,0x0227c000,36159488
240811,0x01161fa0,5199,0x0289e000,42590208
115961,0x01162000,2959,0x0171e000,24240128
240812,0x01162010,5200,0x028a0000,42598400
242394,0x01162020,6118,0x02fcc000,50118656
185994,0x01162080,4415,0x0227e000,36167680
188745,0x01162090,4480,0x02300000,36700160
240813,0x011620a0,5201,0x028a2000,42606592
242396,0x01162100,6119,0x02fce000,50126848
245140,0x01162110,7520,0x03ac0000,61603840
242397,0x01162180,6120,0x02fd0000,50135040
245141,0x01162190,7521,0x03ac2000,61612032
185997,0x01162200,4416,0x02280000,36175872
188748,0x01162210,4481,0x02302000,36708352
242398,0x01162220,6121,0x02fd2000,50143232
513870,0x01162230,8291,0x040c6000,67919872
240817,0x01162280,5202,0x028a4000,42614784
242399,0x01162290,6122,0x02fd4000,50151424
115967,0x01162300,2960,0x01720000,24248320
185999,0x01162310,4417,0x02282000,36184064
245144,0x01162320,7522,0x03ac4000,61620224
115968,0x01162380,2961,0x01722000,24256512
240770,0x01162390,5177,0x02872000,42409984
240819,0x011623a0,5203,0x028a6000,42622976
243521,0x011623b0,6719,0x0347e000,55042048
589400,0x011623c0,8942,0x045dc000,73252864
115969,0x01162400,2962,0x01724000,24264704
175214,0x01162410,3853,0x01e1a000,31563776
243522,0x01162420,6720,0x03480000,55050240
245146,0x01162430,7523,0x03ac6000,61628416
245147,0x01162480,7524,0x03ac8000,61636608
520950,0x01162490,8535,0x042ae000,69918720
243524,0x01162500,6721,0x03482000,55058432
245148,0x01162510,7525,0x03aca000,61644800
516620,0x01162520,8421,0x041ca000,68984832
600710,0x01162580,720,0x005a0000,5898240
240774,0x01162590,5178,0x02874000,42418176
245149,0x011625a0,7526,0x03acc000,61652992
751312,0x011625b0,9131,0x04756000,74801152
600711,0x01162600,721,0x005a2000,5906432
240775,0x01162610,5179,0x02876000,42426368
751313,0x01162620,9132,0x04758000,74809344
600712,0x01162680,722,0x005a4000,5914624
600713,0x01162700,723,0x005a6000,5922816
243528,0x01162710,6722,0x03484000,55066624
600714,0x01162780,724,0x005a8000,5931008
240778,0x01162790,5180,0x02878000,42434560
243480,0x011627a0,6702,0x0345c000,54902784
243529,0x011627b0,6723,0x03486000,55074816
751316,0x011627c0,9133,0x0475a000,74817536
600715,0x01162800,725,0x005aa000,5939200
589360,0x01162810,8939,0x045d6000,73228288
751317,0x01162820,9134,0x0475c000,74825728
600716,0x01162880,726,0x005ac000,5947392
600717,0x01162900,727,0x005ae000,5955584
241901,0x01162910,5866,0x02dd4000,48054272
243483,0x01162920,6703,0x0345e000,54910976
600718,0x01162980,728,0x005b0000,5963776
241902,0x01162990,5867,0x02dd6000,48062464
516580,0x011629a0,8417,0x041c2000,68952064
562800,0x011629b0,8750,0x0445c000,71680000
600719,0x01162a00,729,0x005b2000,5971968
751272,0x01162a10,9111,0x0472e000,74637312
600671,0x01162a80,689,0x00562000,5644288
185004,0x01162a90,4213,0x020ea000,34512896
241904,0x01162aa0,5868,0x02dd8000,48070656
243486,0x01162ab0,6704,0x03460000,54919168
751273,0x01162ac0,9112,0x04730000,74645504
185005,0x01162b00,4214,0x020ec000,34521088
243487,0x01162b10,6705,0x03462000,54927360
600673,0x01162b80,690,0x00564000,5652480
241906,0x01162b90,5869,0x02dda000,48078848
243488,0x01162ba0,6706,0x03464000,54935552
600674,0x01162c00,691,0x00566000,5660672
243489,0x01162c10,6707,0x03466000,54943744
751276,0x01162c20,9113,0x04732000,74653696
600675,0x01162c80,692,0x00568000,5668864
510130,0x01162c90,8084,0x03f28000,66224128
751277,0x01162ca0,9114,0x04734000,74661888
600676,0x01162d00,693,0x0056a000,5677056
244611,0x01162d10,7238,0x0388c000,59293696
603421,0x01162d80,1503,0x00bbe000,12312576
241861,0x01162d90,5844,0x02da8000,47874048
600678,0x01162e00,694,0x0056c000,5685248
600679,0x01162e80,695,0x0056e000,5693440
236720,0x01162e90,4735,0x024fe000,38789120
241863,0x01162ea0,5845,0x02daa000,47882240
244614,0x01162eb0,7239,0x0388e000,59301888
601800,0x01162f00,1109,0x008aa000,9084928
244615,0x01162f10,7240,0x03890000,59310080
601801,0x01162f80,1110,0x008ac000,9093120
241865,0x01162f90,5846,0x02dac000,47890432
241866,0x01163000,5847,0x02dae000,47898624
244617,0x01163010,7241,0x03892000,59318272
241867,0x01163080,5848,0x02db0000,47906816
244618,0x01163090,7242,0x03894000,59326464
241868,0x01163100,5849,0x02db2000,47915008
244570,0x01163110,7211,0x03856000,59072512
510090,0x01163120,8082,0x03f24000,66207744
000680,0x01163180,142,0x0011c000,1163264
603380,0x01163190,1478,0x00b8c000,12107776
603429,0x011631a0,1504,0x00bc0000,12320768
241869,0x011631b0,5850,0x02db4000,47923200
000681,0x01163200,143,0x0011e000,1171456
603381,0x01163210,1479,0x00b8e000,12115968
244572,0x01163220,7212,0x03858000,59080704
000682,0x01163280,144,0x00120000,1179648
603382,0x01163290,1480,0x00b90000,12124160
244573,0x011632a0,7213,0x0385a000,59088896
511220,0x011632b0,8148,0x03fa8000,66748416
000683,0x01163300,145,0x00122000,1187840
601808,0x01163310,1111,0x008ae000,9101312
603383,0x01163320,1481,0x00b92000,12132352
143391,0x01163330,3273,0x01992000,26812416
244574,0x01163340,7214,0x0385c000,59097088
244575,0x01163380,7215,0x0385e000,59105280
588830,0x01163390,8891,0x04576000,72835072
000685,0x01163400,146,0x00124000,1196032
603385,0x01163410,1482,0x00b94000,12140544
242952,0x01163420,6410,0x03214000,52510720
244576,0x01163430,7216,0x03860000,59113472
603386,0x01163480,1483,0x00b96000,12148736
242953,0x01163490,6411,0x03216000,52518912
244577,0x011634a0,7217,0x03862000,59121664
518800,0x011634b0,8488,0x04250000,69533696
000687,0x01163500,147,0x00126000,1204224
603387,0x01163510,1484,0x00b98000,12156928
244578,0x01163520,7218,0x03864000,59129856
000688,0x01163580,148,0x00128000,1212416
603388,0x01163590,1485,0x00b9a000,12165120
242955,0x011635a0,6412,0x03218000,52527104
000689,0x01163600,149,0x0012a000,1220608
603389,0x01163610,1486,0x00b9c000,12173312
245700,0x01163620,7764,0x03ca8000,63602688
601766,0x01163680,1102,0x0089c000,9027584
152412,0x01163690,3398,0x01a8c000,27836416
242957,0x011636a0,6413,0x0321a000,52535296
152413,0x01163700,3399,0x01a8e000,27844608
242958,0x01163710,6414,0x0321c000,52543488
511180,0x01163720,8145,0x03fa2000,66723840
563850,0x01163780,8813,0x044da000,72196096
588790,0x01163800,8887,0x0456e000,72802304
019671,0x01163880,2647,0x014ae000,21684224
019672,0x01163900,2648,0x014b0000,21692416
019673,0x01163980,2649,0x014b2000,21700608
152418,0x01163990,3400,0x01a90000,27852800
152370,0x01163a00,3378,0x01a64000,27672576
152419,0x01163a10,3401,0x01a92000,27860992
184433,0x01163a20,4072,0x01fd0000,33357824
019675,0x01163a80,2650,0x014b4000,21708800
152371,0x01163a90,3379,0x01a66000,27680768
152372,0x01163b00,3380,0x01a68000,27688960
019677,0x01163b80,2651,0x014b6000,21716992
152373,0x01163b90,3381,0x01a6a000,27697152
163011,0x01163ba0,3711,0x01cfe000,30400512
184436,0x01163bb0,4073,0x01fd2000,33366016
245662,0x01163bc0,7749,0x03c8a000,63479808
163012,0x01163c00,3712,0x01d00000,30408704
245663,0x01163c10,7750,0x03c8c000,63488000
184438,0x01163c80,4074,0x01fd4000,33374208
245664,0x01163c90,7751,0x03c8e000,63496192
152376,0x01163d00,3382,0x01a6c000,27705344
152377,0x01163d80,3383,0x01a6e000,27713536
163015,0x01163d90,3713,0x01d02000,30416896
152379,0x01163e80,3384,0x01a70000,27721728
184393,0x01163e90,4056,0x01fb0000,33226752
560110,0x01163ea0,8580,0x04308000,70287360
137720,0x01163f80,3146,0x01894000,25772032
231327,0x01163f90,4550,0x0238c000,37273600
137724,0x01164180,3147,0x01896000,25780224
184399,0x01164190,4057,0x01fb2000,33234944
589880,0x011641a0,8963,0x04606000,73424896
137725,0x01164200,3148,0x01898000,25788416
510650,0x01164280,8116,0x03f68000,66486272
137727,0x01164300,3149,0x0189a000,25796608
560070,0x01164310,8576,0x04300000,70254592
137728,0x01164380,3150,0x0189c000,25804800
515020,0x01164390,8304,0x040e0000,68026368
605566,0x01164400,1892,0x00ec8000,15499264
605567,0x01164480,1893,0x00eca000,15507456
185526,0x01164500,4314,0x021b4000,35340288
513400,0x01164580,8265,0x04092000,67706880
232411,0x01164600,4595,0x023e6000,37642240
519858,0x01164680,8970,0x04614000,73482240
185482,0x01164780,4305,0x021a2000,35266560
240301,0x01164790,4904,0x02650000,40173568
137688,0x01164800,3137,0x01882000,25698304
561200,0x01164810,8668,0x043b8000,71008256
240303,0x01164880,4905,0x02652000,40181760
240304,0x01164900,4906,0x02654000,40189952
138811,0x01164980,3231,0x0193e000,26468352
185486,0x01164990,4306,0x021a4000,35274752
240305,0x011649a0,4907,0x02656000,40198144
115455,0x01164a00,2826,0x01614000,23150592
240306,0x01164a10,4908,0x02658000,40206336
513360,0x01164a20,8262,0x0408c000,67682304
603948,0x01164a80,1754,0x00db4000,14368768
240307,0x01164a90,4909,0x0265a000,40214528
603949,0x01164b00,1755,0x00db6000,14376960
243010,0x01164b10,6446,0x0325c000,52805632
240309,0x01164b80,4910,0x0265c000,40222720
240261,0x01164c00,4887,0x0262e000,40034304
243012,0x01164c10,6447,0x0325e000,52813824
561160,0x01164c80,8664,0x043b0000,70975488
240263,0x01164d00,4888,0x02630000,40042496
516110,0x01164d10,8384,0x04180000,68681728
600200,0x01164d80,333,0x0029a000,2727936
240264,0x01164d90,4889,0x02632000,40050688
600201,0x01164e00,334,0x0029c000,2736128
240265,0x01164e10,4890,0x02634000,40058880
243016,0x01164e20,6448,0x03260000,52822016
600202,0x01164e80,335,0x0029e000,2744320
243017,0x01164e90,6449,0x03262000,52830208
600203,0x01164f00,336,0x002a0000,2752512
243018,0x01164f10,6450,0x03264000,52838400
138774,0x01164f80,3229,0x0193a000,26451968
243019,0x01164f90,6451,0x03266000,52846592
240269,0x01165000,4891,0x02636000,40067072
600206,0x01165080,337,0x002a2000,2760704
600207,0x01165100,338,0x002a4000,2768896
233504,0x01165110,4640,0x02440000,38010880
600208,0x01165180,339,0x002a6000,2777088
152935,0x01165190,3585,0x01c02000,29368320
516070,0x011651a0,8380,0x04178000,68648960
600160,0x01165200,298,0x00254000,2441216
600161,0x01165280,299,0x00256000,2449408
900952,0x01165290,2558,0x013fc000,20955136
152937,0x011652a0,3586,0x01c04000,29376512
600162,0x01165300,300,0x00258000,2457600
233508,0x01165310,4641,0x02442000,38019072
600163,0x01165380,301,0x0025a000,2465792
230758,0x01165390,4540,0x02378000,37191680
688410,0x01165400,2252,0x01198000,18448384
600165,0x01165480,302,0x0025c000,2473984
688411,0x01165490,2253,0x0119a000,18456576
152892,0x011654a0,3568,0x01be0000,29229056
600166,0x01165500,303,0x0025e000,2482176
900957,0x01165510,2559,0x013fe000,20963328
152893,0x01165520,3569,0x01be2000,29237248
600167,0x01165580,304,0x00260000,2490368
241351,0x01165590,5548,0x02b58000,45449216
600168,0x01165600,305,0x00262000,2498560
122771,0x01165610,2999,0x0176e000,24567808
160789,0x01165620,3706,0x01cf4000,30359552
241352,0x01165630,5549,0x02b5a000,45457408
244103,0x01165640,6991,0x0369e000,57270272
600169,0x01165680,306,0x00264000,2506752
517200,0x01165690,8466,0x04224000,69353472
688416,0x01165700,2254,0x0119c000,18464768
241354,0x01165710,5550,0x02b5c000,45465600
231844,0x01165780,4562,0x023a4000,37371904
244106,0x01165790,6992,0x036a0000,57278464
688418,0x01165800,2255,0x0119e000,18472960
231845,0x01165810,4563,0x023a6000,37380096
241356,0x01165820,5551,0x02b5e000,45473792
560630,0x01165830,8624,0x04360000,70647808
688370,0x01165880,2221,0x0115a000,18194432
688419,0x01165890,2256,0x011a0000,18481152
241357,0x011658a0,5552,0x02b60000,45481984
244108,0x011658b0,6993,0x036a2000,57286656
688371,0x01165900,2222,0x0115c000,18202624
163539,0x01165910,3762,0x01d64000,30818304
000170,0x01165980,140,0x00118000,1146880
688372,0x01165990,2223,0x0115e000,18210816
241359,0x011659a0,5553,0x02b62000,45490176
688373,0x01165a00,2224,0x01160000,18219008
163492,0x01165a10,3761,0x01d62000,30810112
688375,0x01165b00,2225,0x01162000,18227200
127149,0x01165b10,3010,0x01784000,24657920
242440,0x01165b20,6149,0x0300a000,50372608
244064,0x01165b30,6974,0x0367c000,57131008
517160,0x01165b40,8463,0x0421e000,69328896
688376,0x01165b80,2226,0x01164000,18235392
244065,0x01165b90,6975,0x0367e000,57139200
588320,0x01165ba0,8855,0x0452e000,72540160
688377,0x01165c00,2227,0x01166000,18243584
242442,0x01165c10,6150,0x0300c000,50380800
244066,0x01165c20,6976,0x03680000,57147392
688378,0x01165c80,2228,0x01168000,18251776
244067,0x01165c90,6977,0x03682000,57155584
560590,0x01165ca0,8621,0x0435a000,70623232
688379,0x01165d00,2229,0x0116a000,18259968
242444,0x01165d10,6151,0x0300e000,50388992
234552,0x01165e00,4664,0x02470000,38207488
019206,0x01165e80,2583,0x0142e000,21159936
501200,0x01165e90,9310,0x048bc000,76267520
242448,0x01165f00,6152,0x03010000,50397184
513920,0x01165f10,8296,0x040d0000,67960832
501201,0x01165f20,9311,0x048be000,76275712
019208,0x01165f80,2584,0x01430000,21168128
501202,0x01165f90,9312,0x048c0000,76283904
588280,0x01166000,8851,0x04526000,72507392
501203,0x01166010,9313,0x048c2000,76292096
188752,0x01166080,4482,0x02304000,36716544
240820,0x01166090,5204,0x028a8000,42631168
115970,0x01166100,2963,0x01726000,24272896
240821,0x01166110,5205,0x028aa000,42639360
501205,0x01166120,9314,0x048c4000,76300288
115971,0x01166180,2964,0x01728000,24281088
501206,0x01166190,9315,0x048c6000,76308480
501207,0x01166200,9316,0x048c8000,76316672
115973,0x01166280,2965,0x0172a000,24289280
188756,0x01166290,4483,0x02306000,36724736
232937,0x011662a0,4618,0x02414000,37830656
240824,0x011662b0,5206,0x028ac000,42647552
501208,0x011662c0,9317,0x048ca000,76324864
188757,0x01166300,4484,0x02308000,36732928
245151,0x01166310,7527,0x03ace000,61661184
501209,0x01166320,9318,0x048cc000,76333056
240826,0x01166380,5207,0x028ae000,42655744
245152,0x01166390,7528,0x03ad0000,61669376
513880,0x011663a0,8292,0x040c8000,67928064
115976,0x01166400,2966,0x0172c000,24297472
240827,0x01166410,5208,0x028b0000,42663936
245153,0x01166420,7529,0x03ad2000,61677568
115977,0x01166480,2967,0x0172e000,24305664
240828,0x01166490,5209,0x028b2000,42672128
245154,0x011664a0,7530,0x03ad4000,61685760
115978,0x01166500,2968,0x01730000,24313856
240780,0x01166510,5181,0x0287a000,42442752
240829,0x01166520,5210,0x028b4000,42680320
589410,0x01166530,8943,0x045de000,73261056
115979,0x01166580,2969,0x01732000,24322048
240781,0x01166590,5182,0x0287c000,42450944
240782,0x01166600,5183,0x0287e000,42459136
520960,0x01166610,8536,0x042b0000,69926912
561680,0x01166620,8702,0x043fc000,71286784
751320,0x01166630,9135,0x0475e000,74833920
240783,0x01166680,5184,0x02880000,42467328
243534,0x01166690,6724,0x03488000,55083008
516630,0x011666a0,8422,0x041cc000,68993024
751321,0x011666b0,9136,0x04760000,74842112
600720,0x01166700,730,0x005b4000,5980160
235641,0x01166710,4686,0x0249c000,38387712
240784,0x01166720,5185,0x02882000,42475520
243535,0x01166730,6725,0x0348a000,55091200
600721,0x01166780,731,0x005b6000,5988352
240785,0x01166790,5186,0x02884000,42483712
600722,0x01166800,732,0x005b8000,5996544
751324,0x01166810,9137,0x04762000,74850304
175181,0x01166880,3850,0x01e14000,31539200
240787,0x01166890,5187,0x02886000,42491904
751325,0x011668a0,9138,0x04764000,74858496
600724,0x01166900,733,0x005ba000,6004736
605050,0x01166910,1800,0x00e10000,14745600
243490,0x01166920,6708,0x03468000,54951936
600725,0x01166980,734,0x005bc000,6012928
600726,0x01166a00,735,0x005be000,6021120
751328,0x01166a10,9139,0x04766000,74866688
600727,0x01166a80,736,0x005c0000,6029312
241911,0x01166a90,5870,0x02ddc000,48087040
243493,0x01166aa0,6709,0x0346a000,54960128
751280,0x01166ab0,9115,0x04736000,74670080
751329,0x01166ac0,9140,0x04768000,74874880
600728,0x01166b00,737,0x005c2000,6037504
241912,0x01166b10,5871,0x02dde000,48095232
243494,0x01166b20,6710,0x0346c000,54968320
516590,0x01166b30,8418,0x041c4000,68960256
562810,0x01166b40,8751,0x0445e000,71688192
751281,0x01166b50,9116,0x04738000,74678272
600729,0x01166b80,738,0x005c4000,6045696
605055,0x01166b90,1801,0x00e12000,14753792
173563,0x01166ba0,3827,0x01de6000,31350784
600681,0x01166c00,696,0x00570000,5701632
605056,0x01166c10,1802,0x00e14000,14761984
241914,0x01166c20,5872,0x02de0000,48103424
600682,0x01166c80,697,0x00572000,5709824
751284,0x01166c90,9117,0x0473a000,74686464
600683,0x01166d00,698,0x00574000,5718016
605058,0x01166d10,1803,0x00e16000,14770176
173566,0x01166d20,3828,0x01de8000,31358976
241916,0x01166d30,5873,0x02de2000,48111616
243498,0x01166d40,6711,0x0346e000,54976512
751285,0x01166d50,9118,0x0473c000,74694656
600684,0x01166d80,699,0x00576000,5726208
243499,0x01166d90,6712,0x03470000,54984704
600685,0x01166e00,700,0x00578000,5734400
244620,0x01166e10,7243,0x03896000,59334656
510140,0x01166e20,8085,0x03f2a000,66232320
600686,0x01166e80,701,0x0057a000,5742592
185019,0x01166e90,4215,0x020ee000,34529280
241870,0x01166ea0,5851,0x02db6000,47931392
244621,0x01166eb0,7244,0x03898000,59342848
751288,0x01166ec0,9119,0x0473e000,74702848
241871,0x01166f00,5852,0x02db8000,47939584
244622,0x01166f10,7245,0x0389a000,59351040
751289,0x01166f20,9120,0x04740000,74711040
600688,0x01166f80,702,0x0057c000,5750784
241872,0x01166f90,5853,0x02dba000,47947776
244623,0x01166fa0,7246,0x0389c000,59359232
600689,0x01167000,703,0x0057e000,5758976
244624,0x01167010,7247,0x0389e000,59367424
127661,0x01167080,3024,0x017a0000,24772608
244625,0x01167090,7248,0x038a0000,59375616
601811,0x01167100,1112,0x008b0000,9109504
603435,0x01167110,1505,0x00bc2000,12328960
143443,0x01167120,3274,0x01994000,26820608
241875,0x01167130,5854,0x02dbc000,47955968
244627,0x01167180,7249,0x038a2000,59383808
241877,0x01167200,5855,0x02dbe000,47964160
244580,0x01167280,7219,0x03866000,59138048
244629,0x01167290,7250,0x038a4000,59392000
000690,0x01167300,150,0x0012c000,1228800
603390,0x01167310,1487,0x00b9e000,12181504
603439,0x01167320,1506,0x00bc4000,12337152
271000,0x01167330,7858,0x03d64000,64372736
000691,0x01167380,151,0x0012e000,1236992
601816,0x01167390,1113,0x008b2000,9117696
603391,0x011673a0,1488,0x00ba0000,12189696
244582,0x011673b0,7220,0x03868000,59146240
000692,0x01167400,152,0x00130000,1245184
603392,0x01167410,1489,0x00ba2000,12197888
236738,0x01167420,4736,0x02500000,38797312
000693,0x01167480,153,0x00132000,1253376
601818,0x01167490,1114,0x008b4000,9125888
603393,0x011674a0,1490,0x00ba4000,12206080
244584,0x011674b0,7221,0x0386a000,59154432
271003,0x011674c0,7859,0x03d66000,64380928
563900,0x011674d0,8818,0x044e4000,72237056
242961,0x01167500,6415,0x0321e000,52551680
244585,0x01167510,7222,0x0386c000,59162624
588840,0x01167520,8892,0x04578000,72843264
000695,0x01167580,154,0x00134000,1261568
603395,0x01167590,1491,0x00ba6000,12214272
019721,0x011675a0,2667,0x014d6000,21848064
242962,0x011675b0,6416,0x03220000,52559872
244586,0x011675c0,7223,0x0386e000,59170816
603396,0x01167600,1492,0x00ba8000,12222464
019722,0x01167610,2668,0x014d8000,21856256
242963,0x01167620,6417,0x03222000,52568064
000697,0x01167680,155,0x00136000,1269760
186106,0x01167690,4420,0x02288000,36208640
244588,0x011676a0,7224,0x03870000,59179008
000698,0x01167700,156,0x00138000,1277952
603398,0x01167710,1493,0x00baa000,12230656
019724,0x01167720,2669,0x014da000,21864448
152420,0x01167730,3402,0x01a94000,27869184
244589,0x01167740,7225,0x03872000,59187200
000699,0x01167780,157,0x0013a000,1286144
603399,0x01167790,1494,0x00bac000,12238848
019725,0x011677a0,2670,0x014dc000,21872640
242966,0x011677b0,6418,0x03224000,52576256
019726,0x01167800,2671,0x014de000,21880832
242967,0x01167810,6419,0x03226000,52584448
601777,0x01167880,1103,0x0089e000,9035776
242968,0x01167890,6420,0x03228000,52592640
511190,0x011678a0,8146,0x03fa4000,66732032
601778,0x01167900,1104,0x008a0000,9043968
019728,0x01167910,2672,0x014e0000,21889024
242969,0x01167920,6421,0x0322a000,52600832
563860,0x01167930,8814,0x044dc000,72204288
019729,0x01167980,2673,0x014e2000,21897216
152425,0x01167990,3403,0x01a96000,27877376
245714,0x011679a0,7765,0x03caa000,63610880
019681,0x01167a00,2652,0x014b8000,21725184
152426,0x01167a10,3404,0x01a98000,27885568
184440,0x01167a20,4075,0x01fd6000,33382400
019682,0x01167a80,2653,0x014ba000,21733376
152427,0x01167a90,3405,0x01a9a000,27893760
245717,0x01167b00,7766,0x03cac000,63619072
019684,0x01167b80,2654,0x014bc000,21741568
152429,0x01167b90,3406,0x01a9c000,27901952
184443,0x01167ba0,4076,0x01fd8000,33390592
186068,0x01167c00,4419,0x02286000,36200448
245670,0x01167c10,7752,0x03c90000,63504384
019686,0x01167c80,2655,0x014be000,21749760
152382,0x01167c90,3385,0x01a72000,27729920
019687,0x01167d00,2656,0x014c0000,21757952
184447,0x01167d80,4077,0x01fda000,33398784
019689,0x01167e00,2657,0x014c2000,21766144
163023,0x01167e10,3714,0x01d04000,30425088
152386,0x01167e80,3386,0x01a74000,27738112
175743,0x01167e90,3874,0x01e44000,31735808
163025,0x01167f00,3715,0x01d06000,30433280
152389,0x01168000,3387,0x01a76000,27746304
560120,0x01168010,8581,0x0430a000,70295552
245679,0x01168080,7753,0x03c92000,63512576
137733,0x01168280,3151,0x0189e000,25812992
155090,0x01168300,3612,0x01c38000,29589504
589890,0x01168310,8964,0x04608000,73433088
137736,0x01168400,3152,0x018a0000,25821184
155092,0x01168410,3613,0x01c3a000,29597696
185531,0x01168420,4315,0x021b6000,35348480
510660,0x01168430,8117,0x03f6a000,66494464
185532,0x01168480,4316,0x021b8000,35356672
560080,0x01168490,8577,0x04302000,70262784
515030,0x01168500,8305,0x040e2000,68034560
530000,0x01168580,8545,0x042c2000,70000640
605577,0x01168600,1894,0x00ecc000,15515648
137691,0x01168610,3138,0x01884000,25706496
137694,0x01168780,3139,0x01886000,25714688
603950,0x01168800,1756,0x00db8000,14385152
137696,0x01168880,3140,0x01888000,25722880
185491,0x01168890,4307,0x021a6000,35282944
240310,0x011688a0,4911,0x0265e000,40230912
115509,0x01168900,2837,0x0162a000,23240704
185492,0x01168910,4308,0x021a8000,35291136
115461,0x01168980,2827,0x01616000,23158784
137698,0x01168990,3141,0x0188a000,25731072
240312,0x011689a0,4912,0x02660000,40239104
603955,0x01168a80,1757,0x00dba000,14393344
603956,0x01168b00,1758,0x00dbc000,14401536
240315,0x01168b10,4913,0x02662000,40247296
185497,0x01168b80,4309,0x021aa000,35299328
603958,0x01168c00,1759,0x00dbe000,14409728
185498,0x01168c10,4310,0x021ac000,35307520
603959,0x01168c80,1760,0x00dc0000,14417920
240318,0x01168c90,4914,0x02664000,40255488
240270,0x01168d00,4892,0x02638000,40075264
240319,0x01168d10,4915,0x02666000,40263680
243022,0x01168d80,6452,0x03268000,52854784
240272,0x01168e00,4893,0x0263a000,40083456
561170,0x01168e10,8665,0x043b2000,70983680
240273,0x01168e80,4894,0x0263c000,40091648
243024,0x01168e90,6453,0x0326a000,52862976
516120,0x01168ea0,8385,0x04182000,68689920
600210,0x01168f00,340,0x002a8000,2785280
240274,0x01168f10,4895,0x0263e000,40099840
600211,0x01168f80,341,0x002aa000,2793472
600212,0x01169000,342,0x002ac000,2801664
233510,0x01169080,4642,0x02444000,38027264
240277,0x01169090,4896,0x02640000,40108032
240278,0x01169100,4897,0x02642000,40116224
243029,0x01169110,6454,0x0326c000,52871168
600215,0x01169180,343,0x002ae000,2809856
600216,0x01169200,344,0x002b0000,2818048
233513,0x01169210,4643,0x02446000,38035456
241400,0x01169220,5580,0x02b98000,45711360
600217,0x01169280,345,0x002b2000,2826240
152944,0x01169290,3587,0x01c06000,29384704
233514,0x011692a0,4644,0x02448000,38043648
600218,0x01169300,346,0x002b4000,2834432
241402,0x01169310,5581,0x02b9a000,45719552
516080,0x01169320,8381,0x0417a000,68657152
562300,0x01169330,8729,0x04432000,71507968
600170,0x01169380,307,0x00266000,2514944
600219,0x01169390,347,0x002b6000,2842624
600171,0x01169400,308,0x00268000,2523136
241404,0x01169410,5582,0x02b9c000,45727744
600172,0x01169480,309,0x0026a000,2531328
152948,0x01169490,3588,0x01c08000,29392896
600173,0x01169500,310,0x0026c000,2539520
152949,0x01169510,3589,0x01c0a000,29401088
241406,0x01169520,5583,0x02b9e000,45735936
688420,0x01169580,2257,0x011a2000,18489344
241407,0x01169590,5584,0x02ba0000,45744128
110100,0x011695a0,7929,0x03df2000,64954368
163540,0x01169600,3763,0x01d66000,30826496
110101,0x01169610,7930,0x03df4000,64962560
600176,0x01169680,311,0x0026e000,2547712
241360,0x01169690,5554,0x02b64000,45498368
241409,0x011696a0,5585,0x02ba2000,45752320
244111,0x011696b0,6994,0x036a4000,57294848
110102,0x011696c0,7931,0x03df6000,64970752
600177,0x01169700,312,0x00270000,2555904
241361,0x01169710,5555,0x02b66000,45506560
110103,0x01169720,7932,0x03df8000,64978944
600178,0x01169780,313,0x00272000,2564096
241362,0x01169790,5556,0x02b68000,45514752
600179,0x01169800,314,0x00274000,2572288
688425,0x01169810,2258,0x011a4000,18497536
147763,0x01169820,3306,0x019d4000,27082752
241363,0x01169830,5557,0x02b6a000,45522944
688426,0x01169880,2259,0x011a6000,18505728
244115,0x01169890,6995,0x036a6000,57303040
233478,0x01169900,4637,0x0243a000,37986304
241365,0x01169910,5558,0x02b6c000,45531136
244116,0x01169920,6996,0x036a8000,57311232
688428,0x01169980,2260,0x011a8000,18513920
233479,0x01169990,4638,0x0243c000,37994496
236223,0x011699a0,4726,0x024ec000,38715392
688380,0x01169a00,2230,0x0116c000,18268160
688429,0x01169a10,2261,0x011aa000,18522112
018084,0x01169a20,2568,0x01410000,21037056
241367,0x01169a30,5559,0x02b6e000,45539328
244118,0x01169a40,6997,0x036aa000,57319424
688381,0x01169a80,2231,0x0116e000,18276352
241368,0x01169a90,5560,0x02b70000,45547520
244119,0x01169aa0,6998,0x036ac000,57327616
688382,0x01169b00,2232,0x01170000,18284544
231858,0x01169b10,4564,0x023a8000,37388288
241369,0x01169b20,5561,0x02b72000,45555712
244071,0x01169b30,6978,0x03684000,57163776
688383,0x01169b80,2233,0x01172000,18292736
244072,0x01169b90,6979,0x03686000,57171968
688385,0x01169c80,2234,0x01174000,18300928
244074,0x01169c90,6980,0x03688000,57180160
517170,0x01169ca0,8464,0x04220000,69337088
688386,0x01169d00,2235,0x01176000,18309120
588330,0x01169d10,8856,0x04530000,72548352
688387,0x01169d80,2236,0x01178000,18317312
188802,0x01169d90,4491,0x02316000,36790272
244076,0x01169da0,6981,0x0368a000,57188352
688388,0x01169e00,2237,0x0117a000,18325504
019212,0x01169e10,2585,0x01432000,21176320
242453,0x01169e20,6153,0x03012000,50405376
244077,0x01169e30,6982,0x0368c000,57196544
688389,0x01169e80,2238,0x0117c000,18333696
019213,0x01169e90,2586,0x01434000,21184512
242454,0x01169ea0,6154,0x03014000,50413568
515550,0x01169eb0,8342,0x0412c000,68337664
242455,0x01169f00,6155,0x03016000,50421760
242456,0x01169f80,6156,0x03018000,50429952
242457,0x0116a000,6157,0x0301a000,50438144
245201,0x0116a010,7551,0x03afe000,61857792
501210,0x0116a020,9319,0x048ce000,76341248
513930,0x0116a080,8297,0x040d2000,67969024
501211,0x0116a090,9320,0x048d0000,76349440
019218,0x0116a100,2587,0x01436000,21192704
242459,0x0116a110,6158,0x0301c000,50446336
563350,0x0116a120,8784,0x044a0000,71958528
501212,0x0116a130,9321,0x048d2000,76357632
245204,0x0116a180,7552,0x03b00000,61865984
588290,0x0116a190,8852,0x04528000,72515584
501213,0x0116a1a0,9322,0x048d4000,76365824
240830,0x0116a200,5211,0x028b6000,42688512
245205,0x0116a210,7553,0x03b02000,61874176
188763,0x0116a280,4485,0x0230a000,36741120
240831,0x0116a290,5212,0x028b8000,42696704
245206,0x0116a2a0,7554,0x03b04000,61882368
501215,0x0116a2b0,9323,0x048d6000,76374016
115981,0x0116a300,2970,0x01734000,24330240
501216,0x0116a310,9324,0x048d8000,76382208
501217,0x0116a380,9325,0x048da000,76390400
115983,0x0116a400,2971,0x01736000,24338432
245160,0x0116a410,7531,0x03ad6000,61693952
501218,0x0116a420,9326,0x048dc000,76398592
115984,0x0116a480,2972,0x01738000,24346624
245161,0x0116a490,7532,0x03ad8000,61702144
501219,0x0116a4a0,9327,0x048de000,76406784
240836,0x0116a500,5213,0x028ba000,42704896
245162,0x0116a510,7533,0x03ada000,61710336
513890,0x0116a520,8293,0x040ca000,67936256
115986,0x0116a580,2973,0x0173a000,24354816
245163,0x0116a590,7534,0x03adc000,61718528
605100,0x0116a600,1817,0x00e32000,14884864
115987,0x0116a610,2974,0x0173c000,24363008
240838,0x0116a620,5214,0x028bc000,42713088
243540,0x0116a630,6726,0x0348c000,55099392
115988,0x0116a680,2975,0x0173e000,24371200
240839,0x0116a690,5215,0x028be000,42721280
589420,0x0116a6a0,8944,0x045e0000,73269248
115989,0x0116a700,2976,0x01740000,24379392
245166,0x0116a710,7535,0x03ade000,61726720
240792,0x0116a780,5188,0x02888000,42500096
245167,0x0116a790,7536,0x03ae0000,61734912
520970,0x0116a7a0,8537,0x042b2000,69935104
240793,0x0116a800,5189,0x0288a000,42508288
243544,0x0116a810,6727,0x0348e000,55107584
245168,0x0116a820,7537,0x03ae2000,61743104
516640,0x0116a830,8423,0x041ce000,69001216
600730,0x0116a880,739,0x005c6000,6053888
243545,0x0116a890,6728,0x03490000,55115776
751332,0x0116a8a0,9141,0x0476a000,74883072
600731,0x0116a900,740,0x005c8000,6062080
173614,0x0116a910,3830,0x01dec000,31375360
751333,0x0116a920,9142,0x0476c000,74891264
600732,0x0116a980,741,0x005ca000,6070272
600733,0x0116aa00,742,0x005cc000,6078464
605108,0x0116aa10,1818,0x00e34000,14893056
240797,0x0116aa20,5190,0x0288c000,42516480
600734,0x0116aa80,743,0x005ce000,6086656
605060,0x0116aa90,1804,0x00e18000,14778368
175192,0x0116aaa0,3851,0x01e16000,31547392
240798,0x0116aab0,5191,0x0288e000,42524672
751336,0x0116aac0,9143,0x0476e000,74899456
600735,0x0116ab00,744,0x005d0000,6094848
109993,0x0116ab10,2773,0x015aa000,22716416
240799,0x0116ab20,5192,0x02890000,42532864
589380,0x0116ab30,8940,0x045d8000,73236480
751337,0x0116ab40,9144,0x04770000,74907648
600736,0x0116ab80,745,0x005d2000,6103040
600737,0x0116ac00,746,0x005d4000,6111232
241921,0x0116ac10,5874,0x02de4000,48119808
600738,0x0116ac80,747,0x005d6000,6119424
562820,0x0116ac90,8752,0x04460000,71696384
600690,0x0116ad00,704,0x00580000,5767168
600739,0x0116ad10,748,0x005d8000,6127616
124966,0x0116ad20,3007,0x0177e000,24633344
241923,0x0116ad30,5875,0x02de6000,48128000
751292,0x0116ad40,9121,0x04742000,74719232
600691,0x0116ad80,705,0x00582000,5775360
605066,0x0116ad90,1805,0x00e1a000,14786560
241924,0x0116ada0,5876,0x02de8000,48136192
751293,0x0116adb0,9122,0x04744000,74727424
600692,0x0116ae00,706,0x00584000,5783552
600693,0x0116ae80,707,0x00586000,5791744
605068,0x0116ae90,1806,0x00e1c000,14794752
241926,0x0116aea0,5877,0x02dea000,48144384
600694,0x0116af00,708,0x00588000,5799936
605069,0x0116af10,1807,0x00e1e000,14802944
241927,0x0116af20,5878,0x02dec000,48152576
751296,0x0116af30,9123,0x04746000,74735616
241928,0x0116af80,5879,0x02dee000,48160768
510150,0x0116af90,8086,0x03f2c000,66240512
751297,0x0116afa0,9124,0x04748000,74743808
600696,0x0116b000,709,0x0058a000,5808128
241880,0x0116b010,5856,0x02dc0000,47972352
241929,0x0116b020,5880,0x02df0000,48168960
244631,0x0116b030,7251,0x038a6000,59400192
600697,0x0116b080,710,0x0058c000,5816320
600698,0x0116b100,711,0x0058e000,5824512
241882,0x0116b110,5857,0x02dc2000,47980544
244633,0x0116b120,7252,0x038a8000,59408384
600699,0x0116b180,712,0x00590000,5832704
241883,0x0116b190,5858,0x02dc4000,47988736
244634,0x0116b1a0,7253,0x038aa000,59416576
603444,0x0116b200,1507,0x00bc6000,12345344
236741,0x0116b210,4737,0x02502000,38805504
241884,0x0116b220,5859,0x02dc6000,47996928
244635,0x0116b230,7254,0x038ac000,59424768
236742,0x0116b280,4738,0x02504000,38813696
236743,0x0116b300,4739,0x02506000,38821888
236744,0x0116b380,4740,0x02508000,38830080
236745,0x0116b400,4741,0x0250a000,38838272
244590,0x0116b410,7226,0x03874000,59195392
244639,0x0116b420,7255,0x038ae000,59432960
601825,0x0116b480,1115,0x008b6000,9134080
236746,0x0116b490,4742,0x0250c000,38846464
244592,0x0116b500,7227,0x03876000,59203584
601827,0x0116b580,1116,0x008b8000,9142272
601828,0x0116b600,1117,0x008ba000,9150464
242970,0x0116b610,6422,0x0322c000,52609024
244594,0x0116b620,7228,0x03878000,59211776
242971,0x0116b680,6423,0x0322e000,52617216
588850,0x0116b690,8893,0x0457a000,72851456
019731,0x0116b700,2674,0x014e4000,21905408
244596,0x0116b710,7229,0x0387a000,59219968
019732,0x0116b780,2675,0x014e6000,21913600
242973,0x0116b790,6424,0x03230000,52625408
244597,0x0116b7a0,7230,0x0387c000,59228160
244598,0x0116b800,7231,0x0387e000,59236352
019734,0x0116b880,2676,0x014e8000,21921792
152430,0x0116b890,3407,0x01a9e000,27910144
242975,0x0116b8a0,6425,0x03232000,52633600
244599,0x0116b8b0,7232,0x03880000,59244544
019735,0x0116b900,2677,0x014ea000,21929984
242976,0x0116b910,6426,0x03234000,52641792
233002,0x0116b980,4628,0x02428000,37912576
242977,0x0116b990,6427,0x03236000,52649984
245721,0x0116b9a0,7767,0x03cae000,63627264
152433,0x0116ba00,3408,0x01aa0000,27918336
245722,0x0116ba10,7768,0x03cb0000,63635456
601788,0x0116ba80,1105,0x008a2000,9052160
019738,0x0116ba90,2678,0x014ec000,21938176
233004,0x0116baa0,4629,0x0242a000,37920768
242979,0x0116bab0,6428,0x03238000,52658176
245723,0x0116bac0,7769,0x03cb2000,63643648
563870,0x0116bad0,8815,0x044de000,72212480
601789,0x0116bb00,1106,0x008a4000,9060352
019690,0x0116bb10,2658,0x014c4000,21774336
019739,0x0116bb20,2679,0x014ee000,21946368
245725,0x0116bb80,7770,0x03cb4000,63651840
019692,0x0116bc00,2659,0x014c6000,21782528
152437,0x0116bc10,3409,0x01aa2000,27926528
245726,0x0116bc20,7771,0x03cb6000,63660032
152439,0x0116bd00,3410,0x01aa4000,27934720
184453,0x0116bd10,4078,0x01fdc000,33406976
245728,0x0116bd20,7772,0x03cb8000,63668224
019695,0x0116bd80,2660,0x014c8000,21790720
152391,0x0116bd90,3388,0x01a78000,27754496
184454,0x0116bda0,4079,0x01fde000,33415168
019697,0x0116be80,2661,0x014ca000,21798912
152393,0x0116be90,3389,0x01a7a000,27762688
245682,0x0116bea0,7754,0x03c94000,63520768
152394,0x0116bf00,3390,0x01a7c000,27770880
245683,0x0116bf10,7755,0x03c96000,63528960
512330,0x0116bf20,8178,0x03fe4000,66994176
152395,0x0116bf80,3391,0x01a7e000,27779072
184459,0x0116c000,4080,0x01fe0000,33423360
245685,0x0116c010,7756,0x03c98000,63537152
152397,0x0116c080,3392,0x01a80000,27787264
245686,0x0116c090,7757,0x03c9a000,63545344
510710,0x0116c100,8120,0x03f70000,66519040
751850,0x0116c110,9169,0x047a2000,75112448
560130,0x0116c180,8582,0x0430c000,70303744
245689,0x0116c200,7758,0x03c9c000,63553536
512290,0x0116c380,8177,0x03fe2000,66985984
605580,0x0116c400,1895,0x00ece000,15523840
137743,0x0116c410,3153,0x018a2000,25829376
137745,0x0116c500,3154,0x018a4000,25837568
510670,0x0116c580,8118,0x03f6c000,66502656
560090,0x0116c600,8578,0x04304000,70270976
137748,0x0116c680,3155,0x018a6000,25845760
515040,0x0116c690,8306,0x040e4000,68042752
605588,0x0116c800,1896,0x00ed0000,15532032
115514,0x0116c810,2838,0x0162c000,23248896
185546,0x0116c820,4317,0x021ba000,35364864
605589,0x0116c880,1897,0x00ed2000,15540224
232430,0x0116c890,4596,0x023e8000,37650432
185548,0x0116c900,4318,0x021bc000,35373056
603960,0x0116c980,1761,0x00dc2000,14426112
519878,0x0116c990,8971,0x04616000,73490432
115518,0x0116ca00,2839,0x0162e000,23257088
240321,0x0116ca80,4916,0x02668000,40271872
511800,0x0116ca90,8163,0x03fc6000,66871296
115471,0x0116cb00,2828,0x01618000,23166976
240322,0x0116cb10,4917,0x0266a000,40280064
520500,0x0116cb20,8493,0x0425a000,69574656
561220,0x0116cb30,8669,0x043ba000,71016448
689009,0x0116cb80,2516,0x013a8000,20611072
240324,0x0116cc00,4918,0x0266c000,40288256
603966,0x0116cc80,1762,0x00dc4000,14434304
115474,0x0116cc90,2829,0x0161a000,23175168
603967,0x0116cd00,1763,0x00dc6000,14442496
513380,0x0116cd10,8263,0x0408e000,67690496
603968,0x0116cd80,1764,0x00dc8000,14450688
232391,0x0116cd90,4594,0x023e4000,37634048
603969,0x0116ce00,1765,0x00dca000,14458880
115477,0x0116ce10,2830,0x0161c000,23183360
138834,0x0116ce20,3232,0x01940000,26476544
240328,0x0116ce30,4919,0x0266e000,40296448
243030,0x0116ce40,6455,0x0326e000,52879360
240329,0x0116ce80,4920,0x02670000,40304640
243031,0x0116ce90,6456,0x03270000,52887552
115479,0x0116cf00,2831,0x0161e000,23191552
561180,0x0116cf80,8666,0x043b4000,70991872
240283,0x0116d000,4898,0x02644000,40124416
243034,0x0116d010,6457,0x03272000,52895744
516130,0x0116d020,8386,0x04184000,68698112
138790,0x0116d080,3230,0x0193c000,26460160
243035,0x0116d090,6458,0x03274000,52903936
600221,0x0116d100,348,0x002b8000,2850816
240285,0x0116d110,4899,0x02646000,40132608
243036,0x0116d120,6459,0x03276000,52912128
600222,0x0116d180,349,0x002ba000,2859008
240286,0x0116d190,4900,0x02648000,40140800
243037,0x0116d1a0,6460,0x03278000,52920320
600223,0x0116d200,350,0x002bc000,2867200
152950,0x0116d210,3590,0x01c0c000,29409280
233520,0x0116d220,4645,0x0244a000,38051840
243038,0x0116d230,6461,0x0327a000,52928512
240288,0x0116d280,4901,0x0264a000,40148992
243039,0x0116d290,6462,0x0327c000,52936704
152952,0x0116d300,3591,0x01c0e000,29417472
600226,0x0116d380,351,0x002be000,2875392
241410,0x0116d390,5586,0x02ba4000,45760512
600227,0x0116d400,352,0x002c0000,2883584
600228,0x0116d480,353,0x002c2000,2891776
231901,0x0116d490,4569,0x023b2000,37429248
241412,0x0116d4a0,5587,0x02ba6000,45768704
516090,0x0116d4b0,8382,0x0417c000,68665344
562310,0x0116d4c0,8730,0x04434000,71516160
600180,0x0116d500,315,0x00276000,2580480
600229,0x0116d510,354,0x002c4000,2899968
241413,0x0116d520,5588,0x02ba8000,45776896
155708,0x0116d580,3658,0x01c94000,29966336
241414,0x0116d590,5589,0x02baa000,45785088
600182,0x0116d600,316,0x00278000,2588672
241415,0x0116d610,5590,0x02bac000,45793280
600183,0x0116d680,317,0x0027a000,2596864
155661,0x0116d690,3654,0x01c8c000,29933568
600184,0x0116d700,318,0x0027c000,2605056
241417,0x0116d710,5591,0x02bae000,45801472
600185,0x0116d780,319,0x0027e000,2613248
600186,0x0116d800,320,0x00280000,2621440
688432,0x0116d810,2262,0x011ac000,18530304
241370,0x0116d820,5562,0x02b74000,45563904
241419,0x0116d830,5592,0x02bb0000,45809664
600187,0x0116d880,321,0x00282000,2629632
688433,0x0116d890,2263,0x011ae000,18538496
147771,0x0116d8a0,3307,0x019d6000,27090944
233484,0x0116d8b0,4639,0x0243e000,38002688
600188,0x0116d900,322,0x00284000,2637824
241372,0x0116d910,5563,0x02b76000,45572096
600189,0x0116d980,323,0x00286000,2646016
688435,0x0116d990,2264,0x011b0000,18546688
241373,0x0116d9a0,5564,0x02b78000,45580288
244124,0x0116d9b0,6999,0x036ae000,57335808
601311,0x0116da80,1033,0x00812000,8462336
241375,0x0116da90,5565,0x02b7a000,45588480
688390,0x0116db80,2239,0x0117e000,18341888
688439,0x0116db90,2265,0x011b2000,18554880
241377,0x0116dba0,5566,0x02b7c000,45596672
244128,0x0116dbb0,7000,0x036b0000,57344000
515600,0x0116dbc0,8346,0x04134000,68370432
688391,0x0116dc00,2240,0x01180000,18350080
241378,0x0116dc10,5567,0x02b7e000,45604864
242505,0x0116dc20,6183,0x0304e000,50651136
688392,0x0116dc80,2241,0x01182000,18358272
241379,0x0116dc90,5568,0x02b80000,45613056
688393,0x0116dd00,2242,0x01184000,18366464
244082,0x0116dd10,6983,0x0368e000,57204736
242508,0x0116dd80,6184,0x03050000,50659328
244083,0x0116dd90,6984,0x03690000,57212928
601318,0x0116de00,1034,0x00814000,8470528
688395,0x0116de10,2243,0x01186000,18374656
242460,0x0116de20,6159,0x0301e000,50454528
242509,0x0116de30,6185,0x03052000,50667520
110075,0x0116de40,7914,0x03dd4000,64831488
517180,0x0116de50,8465,0x04222000,69345280
601319,0x0116de80,1035,0x00816000,8478720
688396,0x0116de90,2244,0x01188000,18382848
019220,0x0116dea0,2588,0x01438000,21200896
188811,0x0116deb0,4492,0x02318000,36798464
242461,0x0116dec0,6160,0x03020000,50462720
110076,0x0116ded0,7915,0x03dd6000,64839680
242462,0x0116df00,6161,0x03022000,50470912
244086,0x0116df10,6985,0x03692000,57221120
110077,0x0116df20,7916,0x03dd8000,64847872
688398,0x0116df80,2245,0x0118a000,18391040
242463,0x0116df90,6162,0x03024000,50479104
688399,0x0116e000,2246,0x0118c000,18399232
188814,0x0116e010,4493,0x0231a000,36806656
242464,0x0116e020,6163,0x03026000,50487296
244088,0x0116e030,6986,0x03694000,57229312
515560,0x0116e040,8343,0x0412e000,68345856
242465,0x0116e080,6164,0x03028000,50495488
530530,0x0116e090,8554,0x042d4000,70074368
242467,0x0116e180,6165,0x0302a000,50503680
501220,0x0116e190,9328,0x048e0000,76414976
188818,0x0116e200,4494,0x0231c000,36814848
242468,0x0116e210,6166,0x0302c000,50511872
245212,0x0116e220,7555,0x03b06000,61890560
188770,0x0116e280,4486,0x0230c000,36749312
242469,0x0116e290,6167,0x0302e000,50520064
563360,0x0116e2a0,8785,0x044a2000,71966720
501222,0x0116e2b0,9329,0x048e2000,76423168
601279,0x0116e300,1030,0x0080c000,8437760
245214,0x0116e310,7556,0x03b08000,61898752
245215,0x0116e380,7557,0x03b0a000,61906944
232954,0x0116e400,4619,0x02416000,37838848
245216,0x0116e410,7558,0x03b0c000,61915136
501225,0x0116e420,9330,0x048e4000,76431360
232955,0x0116e480,4620,0x02418000,37847040
240842,0x0116e490,5216,0x028c0000,42729472
245217,0x0116e4a0,7559,0x03b0e000,61923328
232956,0x0116e500,4621,0x0241a000,37855232
235700,0x0116e510,4687,0x0249e000,38395904
501227,0x0116e520,9331,0x048e6000,76439552
115993,0x0116e580,2977,0x01742000,24387584
240844,0x0116e590,5217,0x028c2000,42737664
115994,0x0116e600,2978,0x01744000,24395776
240845,0x0116e610,5218,0x028c4000,42745856
245171,0x0116e620,7538,0x03ae4000,61751296
115995,0x0116e680,2979,0x01746000,24403968
240846,0x0116e690,5219,0x028c6000,42754048
188779,0x0116e700,4487,0x0230e000,36757504
240847,0x0116e710,5220,0x028c8000,42762240
115997,0x0116e780,2980,0x01748000,24412160
175242,0x0116e790,3854,0x01e1c000,31571968
243550,0x0116e7a0,6729,0x03492000,55123968
245174,0x0116e7b0,7539,0x03ae6000,61759488
605111,0x0116e800,1819,0x00e36000,14901248
115998,0x0116e810,2981,0x0174a000,24420352
175243,0x0116e820,3855,0x01e1e000,31580160
240849,0x0116e830,5221,0x028ca000,42770432
243551,0x0116e840,6730,0x03494000,55132160
245176,0x0116e880,7540,0x03ae8000,61767680
520980,0x0116e900,8538,0x042b4000,69943296
751340,0x0116e910,9145,0x04772000,74915840
501186,0x0116e920,9307,0x048b6000,76242944
235709,0x0116e980,4688,0x024a0000,38404096
516650,0x0116e990,8424,0x041d0000,69009408
751341,0x0116e9a0,9146,0x04774000,74924032
600740,0x0116ea00,749,0x005da000,6135808
245179,0x0116ea10,7541,0x03aea000,61775872
501188,0x0116ea20,9308,0x048b8000,76251136
600741,0x0116ea80,750,0x005dc000,6144000
605116,0x0116ea90,1820,0x00e38000,14909440
243556,0x0116eaa0,6731,0x03496000,55140352
501189,0x0116eab0,9309,0x048ba000,76259328
600742,0x0116eb00,751,0x005de000,6152192
605117,0x0116eb10,1821,0x00e3a000,14917632
243557,0x0116eb20,6732,0x03498000,55148544
751344,0x0116eb30,9147,0x04776000,74932224
600743,0x0116eb80,752,0x005e0000,6160384
605118,0x0116eb90,1822,0x00e3c000,14925824
751345,0x0116eba0,9148,0x04778000,74940416
600744,0x0116ec00,753,0x005e2000,6168576
243559,0x0116ec10,6733,0x0349a000,55156736
600745,0x0116ec80,754,0x005e4000,6176768
510200,0x0116ec90,8091,0x03f36000,66281472
589390,0x0116eca0,8941,0x045da000,73244672
600746,0x0116ed00,755,0x005e6000,6184960
241930,0x0116ed10,5881,0x02df2000,48177152
751348,0x0116ed20,9149,0x0477a000,74948608
241931,0x0116ed80,5882,0x02df4000,48185344
751349,0x0116ed90,9150,0x0477c000,74956800
600748,0x0116ee00,756,0x005e8000,6193152
241932,0x0116ee10,5883,0x02df6000,48193536
600749,0x0116ee80,757,0x005ea000,6201344
605077,0x0116ef80,1808,0x00e20000,14811136
241935,0x0116ef90,5884,0x02df8000,48201728
173587,0x0116f080,3829,0x01dea000,31367168
185038,0x0116f100,4216,0x020f0000,34537472
244640,0x0116f110,7256,0x038b0000,59441152
510160,0x0116f120,8087,0x03f2e000,66248704
241939,0x0116f180,5885,0x02dfa000,48209920
241891,0x0116f200,5860,0x02dc8000,48005120
244642,0x0116f210,7257,0x038b2000,59449344
143509,0x0116f280,3275,0x01996000,26828800
241892,0x0116f290,5861,0x02dca000,48013312
236750,0x0116f300,4743,0x0250e000,38854656
241893,0x0116f310,5862,0x02dcc000,48021504
244644,0x0116f320,7258,0x038b4000,59457536
236751,0x0116f380,4744,0x02510000,38862848
588900,0x0116f390,8898,0x04584000,72892416
236752,0x0116f400,4745,0x02512000,38871040
241895,0x0116f410,5863,0x02dce000,48029696
244646,0x0116f420,7259,0x038b6000,59465728
603456,0x0116f480,1508,0x00bc8000,12353536
241896,0x0116f490,5864,0x02dd0000,48037888
603458,0x0116f580,1509,0x00bca000,12361728
241898,0x0116f590,5865,0x02dd2000,48046080
244649,0x0116f5a0,7260,0x038b8000,59473920
603459,0x0116f600,1510,0x00bcc000,12369920
127686,0x0116f610,3025,0x017a2000,24780800
136700,0x0116f620,3079,0x0180e000,25223168
601838,0x0116f780,1118,0x008bc000,9158656
242981,0x0116f800,6429,0x0323a000,52666368
588860,0x0116f810,8894,0x0457c000,72859648
019741,0x0116f880,2680,0x014f0000,21954560
230305,0x0116f890,4536,0x02370000,37158912
019742,0x0116f900,2681,0x014f2000,21962752
242983,0x0116f910,6430,0x0323c000,52674560
019743,0x0116f980,2682,0x014f4000,21970944
160333,0x0116f990,3694,0x01cdc000,30261248
242984,0x0116f9a0,6431,0x0323e000,52682752
019744,0x0116fa00,2683,0x014f6000,21979136
152440,0x0116fa10,3411,0x01aa6000,27942912
184503,0x0116fa20,4095,0x01ffe000,33546240
242985,0x0116fa30,6432,0x03240000,52690944
271028,0x0116fa40,7860,0x03d68000,64389120
136709,0x0116fa80,3080,0x01810000,25231360
245730,0x0116fa90,7773,0x03cba000,63676416
019746,0x0116fb00,2684,0x014f8000,21987328
184505,0x0116fb10,4096,0x02000000,33554432
245731,0x0116fb20,7774,0x03cbc000,63684608
019747,0x0116fb80,2685,0x014fa000,21995520
160337,0x0116fb90,3695,0x01cde000,30269440
242988,0x0116fba0,6433,0x03242000,52699136
601798,0x0116fc00,1107,0x008a6000,9068544
019748,0x0116fc10,2686,0x014fc000,22003712
152444,0x0116fc20,3412,0x01aa8000,27951104
184507,0x0116fc30,4097,0x02002000,33562624
563880,0x0116fc40,8816,0x044e0000,72220672
601799,0x0116fc80,1108,0x008a8000,9076736
152445,0x0116fc90,3413,0x01aaa000,27959296
160339,0x0116fca0,3696,0x01ce0000,30277632
184509,0x0116fd00,4098,0x02004000,33570816
245735,0x0116fd10,7775,0x03cbe000,63692800
152448,0x0116fe00,3414,0x01aac000,27967488
751900,0x0116fe10,9170,0x047a4000,75120640
152449,0x0116fe80,3415,0x01aae000,27975680
184463,0x0116fe90,4081,0x01fe2000,33431552
751901,0x0116fea0,9171,0x047a6000,75128832
184464,0x0116ff00,4082,0x01fe4000,33439744
245690,0x0116ff10,7759,0x03c9e000,63561728
751902,0x0116ff20,9172,0x047a8000,75137024
751903,0x0116ff80,9173,0x047aa000,75145216
175809,0x01170000,3877,0x01e4a000,31760384
751904,0x01170010,9174,0x047ac000,75153408
751905,0x01170080,9175,0x047ae000,75161600
175762,0x01170100,3875,0x01e46000,31744000
245694,0x01170110,7760,0x03ca0000,63569920
751906,0x01170120,9176,0x047b0000,75169792
589950,0x01170180,8966,0x0460c000,73449472
751907,0x01170190,9177,0x047b2000,75177984
245696,0x01170200,7761,0x03ca2000,63578112
245697,0x01170280,7762,0x03ca4000,63586304
510720,0x01170290,8121,0x03f72000,66527232
175766,0x01170300,3876,0x01e48000,31752192
245699,0x01170380,7763,0x03ca6000,63594496
510680,0x01170700,8119,0x03f6e000,66510848
515050,0x01170800,8307,0x040e6000,68050944
137759,0x01170880,3156,0x018a8000,25853952
188305,0x01170890,4442,0x022b4000,36388864
115523,0x01170900,2840,0x01630000,23265280
605598,0x01170980,1898,0x00ed4000,15548416
605599,0x01170a00,1899,0x00ed6000,15556608
232441,0x01170a80,4597,0x023ea000,37658624
603970,0x01170b00,1766,0x00dcc000,14467072
240330,0x01170b80,4921,0x02672000,40312832
511810,0x01170c00,8164,0x03fc8000,66879488
188264,0x01170c80,4440,0x022b0000,36372480
520510,0x01170c90,8494,0x0425c000,69582848
561230,0x01170ca0,8670,0x043bc000,71024640
115483,0x01170d80,2832,0x01620000,23199744
240334,0x01170d90,4922,0x02674000,40321024
603976,0x01170e00,1767,0x00dce000,14475264
115484,0x01170e10,2833,0x01622000,23207936
232448,0x01170e20,4598,0x023ec000,37666816
240335,0x01170e30,4923,0x02676000,40329216
603977,0x01170e80,1768,0x00dd0000,14483456
138842,0x01170e90,3233,0x01942000,26484736
232449,0x01170ea0,4599,0x023ee000,37675008
513390,0x01170eb0,8264,0x04090000,67698688
603978,0x01170f00,1769,0x00dd2000,14491648
115486,0x01170f10,2834,0x01624000,23216128
240337,0x01170f20,4924,0x02678000,40337408
603979,0x01170f80,1770,0x00dd4000,14499840
243040,0x01170f90,6463,0x0327e000,52944896
115488,0x01171000,2835,0x01626000,23224320
138845,0x01171010,3234,0x01944000,26492928
240339,0x01171020,4925,0x0267a000,40345600
240291,0x01171080,4902,0x0264c000,40157184
511770,0x01171090,8162,0x03fc4000,66863104
243043,0x01171100,6464,0x03280000,52953088
561190,0x01171110,8667,0x043b6000,71000064
600230,0x01171200,355,0x002c6000,2908160
240294,0x01171210,4903,0x0264e000,40165376
243045,0x01171220,6465,0x03282000,52961280
600231,0x01171280,356,0x002c8000,2916352
243046,0x01171290,6466,0x03284000,52969472
600232,0x01171300,357,0x002ca000,2924544
243047,0x01171310,6467,0x03286000,52977664
600233,0x01171380,358,0x002cc000,2932736
600234,0x01171400,359,0x002ce000,2940928
152961,0x01171410,3592,0x01c10000,29425664
243049,0x01171420,6468,0x03288000,52985856
600235,0x01171480,360,0x002d0000,2949120
152962,0x01171490,3593,0x01c12000,29433856
600236,0x01171500,361,0x002d2000,2957312
152963,0x01171510,3594,0x01c14000,29442048
173119,0x01171520,3802,0x01db4000,31145984
600237,0x01171580,362,0x002d4000,2965504
157339,0x01171590,3681,0x01cc2000,30154752
231910,0x011715a0,4570,0x023b4000,37437440
512900,0x011715b0,8220,0x04038000,67338240
600238,0x01171600,363,0x002d6000,2973696
241422,0x01171610,5593,0x02bb2000,45817856
562320,0x01171620,8731,0x04436000,71524352
600190,0x01171680,324,0x00288000,2654208
600239,0x01171690,364,0x002d8000,2981888
233536,0x011716a0,4646,0x0244c000,38060032
241423,0x011716b0,5594,0x02bb4000,45826048
600191,0x01171700,325,0x0028a000,2662400
152967,0x01171710,3595,0x01c16000,29450240
600192,0x01171780,326,0x0028c000,2670592
155719,0x01171790,3659,0x01c96000,29974528
241425,0x011717a0,5595,0x02bb6000,45834240
600193,0x01171800,327,0x0028e000,2678784
560700,0x01171810,8629,0x0436a000,70688768
241427,0x01171880,5596,0x02bb8000,45842432
600195,0x01171900,328,0x00290000,2686976
241428,0x01171910,5597,0x02bba000,45850624
600196,0x01171980,329,0x00292000,2695168
241380,0x01171990,5569,0x02b82000,45621248
241429,0x011719a0,5598,0x02bbc000,45858816
600197,0x01171a00,330,0x00294000,2703360
688443,0x01171a10,2266,0x011b4000,18563072
155675,0x01171a20,3655,0x01c8e000,29941760
241381,0x01171a30,5570,0x02b84000,45629440
244132,0x01171a40,7001,0x036b2000,57352192
600198,0x01171a80,331,0x00296000,2711552
241382,0x01171a90,5571,0x02b86000,45637632
600199,0x01171b00,332,0x00298000,2719744
242510,0x01171b10,6186,0x03054000,50675712
244134,0x01171b20,7002,0x036b4000,57360384
517230,0x01171b30,8467,0x04226000,69361664
242511,0x01171b80,6187,0x03056000,50683904
244135,0x01171b90,7003,0x036b6000,57368576
241385,0x01171c00,5572,0x02b88000,45645824
242512,0x01171c10,6188,0x03058000,50692096
244136,0x01171c20,7004,0x036b8000,57376768
688448,0x01171c80,2267,0x011b6000,18571264
242513,0x01171c90,6189,0x0305a000,50700288
244137,0x01171ca0,7005,0x036ba000,57384960
560660,0x01171cb0,8625,0x04362000,70656000
688449,0x01171d00,2268,0x011b8000,18579456
242514,0x01171d10,6190,0x0305c000,50708480
127175,0x01171d80,3011,0x01786000,24666112
242515,0x01171d90,6191,0x0305e000,50716672
244139,0x01171da0,7006,0x036bc000,57393152
110081,0x01171db0,7917,0x03dda000,64856064
204182,0x01171dc0,8075,0x03f16000,66150400
242516,0x01171e00,6192,0x03060000,50724864
601326,0x01171e80,1036,0x00818000,8486912
242517,0x01171e90,6193,0x03062000,50733056
244092,0x01171ea0,6987,0x03696000,57237504
244093,0x01171f00,6988,0x03698000,57245696
110084,0x01171f10,7918,0x03ddc000,64864256
601328,0x01171f80,1037,0x0081a000,8495104
242519,0x01171f90,6194,0x03064000,50741248
244094,0x01171fa0,6989,0x0369a000,57253888
110085,0x01171fb0,7919,0x03dde000,64872448
242471,0x01172000,6168,0x03030000,50528256
110086,0x01172010,7920,0x03de0000,64880640
588350,0x01172020,8857,0x04532000,72556544
110087,0x01172080,7921,0x03de2000,64888832
188823,0x01172100,4495,0x0231e000,36823040
242473,0x01172110,6169,0x03032000,50536448
188824,0x01172180,4496,0x02320000,36831232
242475,0x01172200,6170,0x03034000,50544640
244099,0x01172210,6990,0x0369c000,57262080
242476,0x01172280,6171,0x03036000,50552832
245220,0x01172290,7560,0x03b10000,61931520
242477,0x01172300,6172,0x03038000,50561024
245221,0x01172310,7561,0x03b12000,61939712
188828,0x01172380,4497,0x02322000,36839424
242478,0x01172390,6173,0x0303a000,50569216
245222,0x011723a0,7562,0x03b14000,61947904
513950,0x011723b0,8298,0x040d4000,67977216
601288,0x01172400,1031,0x0080e000,8445952
232962,0x01172480,4622,0x0241c000,37863424
243600,0x01172490,6754,0x034c4000,55328768
232963,0x01172500,4623,0x0241e000,37871616
240850,0x01172510,5222,0x028cc000,42778624
245225,0x01172520,7563,0x03b16000,61956096
136156,0x01172580,3051,0x017d6000,24993792
188783,0x01172590,4488,0x02310000,36765696
240851,0x011725a0,5223,0x028ce000,42786816
243602,0x011725b0,6755,0x034c6000,55336960
245226,0x011725c0,7564,0x03b18000,61964288
243603,0x01172600,6756,0x034c8000,55345152
245227,0x01172610,7565,0x03b1a000,61972480
561750,0x01172620,8704,0x04400000,71303168
188785,0x01172680,4489,0x02312000,36773888
232966,0x01172690,4624,0x02420000,37879808
240853,0x011726a0,5224,0x028d0000,42795008
516700,0x011726b0,8427,0x041d6000,69033984
240854,0x01172700,5225,0x028d2000,42803200
245180,0x01172710,7542,0x03aec000,61784064
240855,0x01172780,5226,0x028d4000,42811392
245181,0x01172790,7543,0x03aee000,61792256
198299,0x01172800,4528,0x02360000,37093376
240857,0x01172880,5227,0x028d6000,42819584
240858,0x01172900,5228,0x028d8000,42827776
243560,0x01172910,6734,0x0349c000,55164928
235716,0x01172980,4689,0x024a2000,38412288
243561,0x01172990,6735,0x0349e000,55173120
245185,0x011729a0,7544,0x03af0000,61800448
605122,0x01172a00,1823,0x00e3e000,14934016
243562,0x01172a10,6736,0x034a0000,55181312
605123,0x01172a80,1824,0x00e40000,14942208
245187,0x01172a90,7545,0x03af2000,61808640
520990,0x01172aa0,8539,0x042b6000,69951488
516660,0x01172b00,8425,0x041d2000,69017600
600750,0x01172b80,758,0x005ec000,6209536
243565,0x01172b90,6737,0x034a2000,55189504
751352,0x01172ba0,9151,0x0477e000,74964992
600751,0x01172c00,759,0x005ee000,6217728
243566,0x01172c10,6738,0x034a4000,55197696
751353,0x01172c20,9152,0x04780000,74973184
175259,0x01172c80,3856,0x01e20000,31588352
600753,0x01172d00,760,0x005f0000,6225920
605128,0x01172d10,1825,0x00e42000,14950400
600754,0x01172d80,761,0x005f2000,6234112
605080,0x01172d90,1809,0x00e22000,14819328
751356,0x01172da0,9153,0x04782000,74981376
600755,0x01172e00,762,0x005f4000,6242304
605081,0x01172e10,1810,0x00e24000,14827520
510210,0x01172e20,8092,0x03f38000,66289664
751357,0x01172e30,9154,0x04784000,74989568
600756,0x01172e80,763,0x005f6000,6250496
603500,0x01172e90,1519,0x00bde000,12443648
600757,0x01172f00,764,0x005f8000,6258688
603501,0x01172f10,1520,0x00be0000,12451840
185041,0x01172f20,4217,0x020f2000,34545664
000802,0x01172f80,158,0x0013c000,1294336
600758,0x01172f90,765,0x005fa000,6266880
115010,0x01172fa0,2774,0x015ac000,22724608
600759,0x01173000,766,0x005fc000,6275072
115011,0x01173010,2775,0x015ae000,22732800
241943,0x01173020,5886,0x02dfc000,48218112
605086,0x01173080,1811,0x00e26000,14835712
241944,0x01173090,5887,0x02dfe000,48226304
603505,0x01173100,1521,0x00be2000,12460032
603506,0x01173180,1522,0x00be4000,12468224
605088,0x01173190,1812,0x00e28000,14843904
236803,0x011731a0,4753,0x02522000,38936576
603507,0x01173200,1523,0x00be6000,12476416
605089,0x01173210,1813,0x00e2a000,14852096
603508,0x01173280,1524,0x00be8000,12484608
236805,0x01173290,4754,0x02524000,38944768
241948,0x011732a0,5888,0x02e00000,48234496
510170,0x011732b0,8088,0x03f30000,66256896
244653,0x01173400,7261,0x038ba000,59482112
244654,0x01173480,7262,0x038bc000,59490304
588910,0x01173500,8899,0x04586000,72900608
236762,0x01173580,4746,0x02514000,38879232
603466,0x01173600,1511,0x00bce000,12378112
244657,0x01173610,7263,0x038be000,59498496
603468,0x01173700,1512,0x00bd0000,12386304
244659,0x01173710,7264,0x038c0000,59506688
109022,0x01173780,2764,0x01598000,22642688
186130,0x01173800,4421,0x0228a000,36216832
230311,0x01173810,4537,0x02372000,37167104
236768,0x01173880,4747,0x02516000,38887424
511260,0x01173890,8149,0x03faa000,66756608
242990,0x01173900,6434,0x03244000,52707328
563930,0x01173910,8819,0x044e6000,72245248
019750,0x01173980,2687,0x014fe000,22011904
242991,0x01173990,6435,0x03246000,52715520
588870,0x011739a0,8895,0x0457e000,72867840
019751,0x01173a00,2688,0x01500000,22020096
136715,0x01173a10,3081,0x01812000,25239552
184510,0x01173a20,4099,0x02006000,33579008
019752,0x01173a80,2689,0x01502000,22028288
198854,0x01173a90,4530,0x02364000,37109760
242993,0x01173aa0,6436,0x03248000,52723712
019753,0x01173b00,2690,0x01504000,22036480
242994,0x01173b10,6437,0x0324a000,52731904
271037,0x01173b20,7861,0x03d6a000,64397312
019754,0x01173b80,2691,0x01506000,22044672
019755,0x01173c00,2692,0x01508000,22052864
152451,0x01173c10,3416,0x01ab0000,27983872
242996,0x01173c20,6438,0x0324c000,52740096
245740,0x01173c30,7776,0x03cc0000,63700992
019756,0x01173c80,2693,0x0150a000,22061056
160346,0x01173c90,3697,0x01ce2000,30285824
184515,0x01173ca0,4100,0x02008000,33587200
233022,0x01173cb0,4630,0x0242c000,37928960
242997,0x01173cc0,6439,0x0324e000,52748288
019757,0x01173d00,2694,0x0150c000,22069248
152453,0x01173d10,3417,0x01ab2000,27992064
184516,0x01173d20,4101,0x0200a000,33595392
152454,0x01173d80,3418,0x01ab4000,28000256
155205,0x01173d90,3622,0x01c4c000,29671424
184517,0x01173da0,4102,0x0200c000,33603584
242999,0x01173db0,6440,0x03250000,52756480
563890,0x01173dc0,8817,0x044e2000,72228864
019759,0x01173e00,2695,0x0150e000,22077440
152455,0x01173e10,3419,0x01ab6000,28008448
155206,0x01173e20,3623,0x01c4e000,29679616
152456,0x01173e80,3420,0x01ab8000,28016640
184470,0x01173e90,4083,0x01fe6000,33447936
184519,0x01173ea0,4103,0x0200e000,33611776
184471,0x01173f00,4084,0x01fe8000,33456128
245747,0x01173f80,7777,0x03cc2000,63709184
245748,0x01174000,7778,0x03cc4000,63717376
137800,0x01174100,3164,0x018b8000,25919488
155163,0x01174110,3618,0x01c44000,29638656
163050,0x01174120,3716,0x01d08000,30441472
184476,0x01174180,4085,0x01fea000,33464320
137804,0x01174300,3165,0x018ba000,25927680
184479,0x01174310,4086,0x01fec000,33472512
589960,0x01174320,8967,0x0460e000,73457664
185600,0x01174380,4329,0x021d2000,35463168
560150,0x01174480,8583,0x0430e000,70311936
163058,0x01174500,3717,0x01d0a000,30449664
515100,0x01174510,8312,0x040f0000,68091904
185606,0x01174680,4330,0x021d4000,35471360
242000,0x01174690,5915,0x02e36000,48455680
137764,0x01174780,3157,0x018aa000,25862144
185608,0x01174790,4331,0x021d6000,35479552
137765,0x01174800,3158,0x018ac000,25870336
185560,0x01174810,4319,0x021be000,35381248
242003,0x01174820,5916,0x02e38000,48463872
185561,0x01174880,4320,0x021c0000,35389440
185562,0x01174900,4321,0x021c2000,35397632
242006,0x01174980,5917,0x02e3a000,48472064
515060,0x01174990,8308,0x040e8000,68059136
137769,0x01174a00,3159,0x018ae000,25878528
242007,0x01174a10,5918,0x02e3c000,48480256
242008,0x01174a80,5919,0x02e3e000,48488448
242009,0x01174b00,5920,0x02e40000,48496640
232451,0x01174c00,4600,0x023f0000,37683200
603980,0x01174c80,1771,0x00dd6000,14508032
115537,0x01174c90,2841,0x01632000,23273472
185569,0x01174ca0,4322,0x021c4000,35405824
115538,0x01174d00,2842,0x01634000,23281664
240340,0x01174d10,4926,0x0267c000,40353792
603982,0x01174d80,1772,0x00dd8000,14516224
240341,0x01174d90,4927,0x0267e000,40361984
511820,0x01174da0,8165,0x03fca000,66887680
603983,0x01174e00,1773,0x00dda000,14524416
520520,0x01174e10,8495,0x0425e000,69591040
603985,0x01174f00,1774,0x00ddc000,14532608
240344,0x01174f10,4928,0x02680000,40370176
603986,0x01174f80,1775,0x00dde000,14540800
240345,0x01174f90,4929,0x02682000,40378368
185732,0x01193000,4500,0x02328000,36864000
185738,0x01193010,4501,0x0232a000,36872192
185739,0x01193020,4502,0x0232c000,36880384
185741,0x01193030,4503,0x0232e000,36888576
185744,0x01193040,4504,0x02330000,36896768
185746,0x01193050,4505,0x02332000,36904960
185760,0x01193060,4506,0x02334000,36913152
185763,0x01193070,4507,0x02336000,36921344
185764,0x01193080,4508,0x02338000,36929536
185769,0x01193090,4509,0x0233a000,36937728
185770,0x011930a0,4510,0x0233c000,36945920
185771,0x011930b0,4511,0x0233e000,36954112
185772,0x011930c0,4512,0x02340000,36962304
185773,0x011930d0,4513,0x02342000,36970496
185774,0x011930e0,4514,0x02344000,36978688
185781,0x011930f0,4515,0x02346000,36986880
185785,0x01193100,4516,0x02348000,36995072
185798,0x01193110,4517,0x0234a000,37003264
185805,0x01193120,4518,0x0234c000,37011456
185808,0x01193130,4519,0x0234e000,37019648
185810,0x01193140,4520,0x02350000,37027840
185815,0x01193150,4521,0x02352000,37036032
185818,0x01193160,4522,0x02354000,37044224
185826,0x01193170,4523,0x02356000,37052416
185827,0x01193180,4524,0x02358000,37060608
185831,0x01193190,4525,0x0235a000,37068800
185838,0x011931a0,4526,0x0235c000,37076992
185840,0x011931b0,4527,0x0235e000,37085184
185843,0x011931c0,4528,0x02360000,37093376
185851,0x011931d0,4529,0x02362000,37101568
185852,0x011931e0,4530,0x02364000,37109760
185858,0x011931f0,4531,0x02366000,37117952
185859,0x01193200,4532,0x02368000,37126144
185860,0x01193210,4533,0x0236a000,37134336
185865,0x01193220,4534,0x0236c000,37142528
185869,0x01193230,4535,0x0236e000,37150720
185873,0x01193240,4536,0x02370000,37158912
185874,0x01193250,4537,0x02372000,37167104
185878,0x01193260,4538,0x02374000,37175296
185879,0x01193270,4539,0x02376000,37183488
185888,0x01193280,4540,0x02378000,37191680
185896,0x01193290,4541,0x0237a000,37199872
185901,0x011932a0,4542,0x0237c000,37208064
185906,0x011932b0,4543,0x0237e000,37216256
185909,0x011932c0,4544,0x02380000,37224448
185910,0x011932d0,4545,0x02382000,37232640
185911,0x011932e0,4546,0x02384000,37240832
185912,0x011932f0,4547,0x02386000,37249024
185913,0x01193300,4548,0x02388000,37257216
185917,0x01193310,4549,0x0238a000,37265408
185926,0x01193320,4550,0x0238c000,37273600
185928,0x01193330,4551,0x0238e000,37281792
185940,0x01193340,4552,0x02390000,37289984
185943,0x01193350,4553,0x02392000,37298176
185951,0x01193360,4554,0x02394000,37306368
185952,0x01193370,4555,0x02396000,37314560
185954,0x01193380,4556,0x02398000,37322752
185968,0x01193390,4557,0x0239a000,37330944
185970,0x011933a0,4558,0x0239c000,37339136
185981,0x011933b0,4559,0x0239e000,37347328
185983,0x011933c0,4560,0x023a0000,37355520
185990,0x011933d0,4561,0x023a2000,37363712
185992,0x011933e0,4562,0x023a4000,37371904
185994,0x011933f0,4563,0x023a6000,37380096
185997,0x01193400,4564,0x023a8000,37388288
185999,0x01193410,4565,0x023aa000,37396480
186001,0x01193420,4566,0x023ac000,37404672
186068,0x01193430,4567,0x023ae000,37412864
186106,0x01193440,4568,0x023b0000,37421056
186130,0x01193450,4569,0x023b2000,37429248
186190,0x01193460,4570,0x023b4000,37437440
186207,0x01193470,4571,0x023b6000,37445632
186285,0x01193480,4572,0x023b8000,37453824
186288,0x01193490,4573,0x023ba000,37462016
186317,0x011934a0,4574,0x023bc000,37470208
186426,0x011934b0,4575,0x023be000,37478400
186714,0x011934c0,4576,0x023c0000,37486592
186725,0x011934d0,4577,0x023c2000,37494784
188069,0x011934e0,4578,0x023c4000,37502976
188089,0x011934f0,4579,0x023c6000,37511168
188102,0x01193500,4580,0x023c8000,37519360
188136,0x01193510,4581,0x023ca000,37527552
188146,0x01193520,4582,0x023cc000,37535744
188147,0x01193530,4583,0x023ce000,37543936
188189,0x01193540,4584,0x023d0000,37552128
188200,0x01193550,4585,0x023d2000,37560320
188204,0x01193560,4586,0x023d4000,37568512
188206,0x01193570,4587,0x023d6000,37576704
188264,0x01193580,4588,0x023d8000,37584896
188289,0x01193590,4589,0x023da000,37593088
188305,0x011935a0,4590,0x023dc000,37601280
188325,0x011935b0,4591,0x023de000,37609472
188326,0x011935c0,4592,0x023e0000,37617664
188329,0x011935d0,4593,0x023e2000,37625856
188364,0x011935e0,4594,0x023e4000,37634048
188454,0x011935f0,4595,0x023e6000,37642240
188499,0x01193600,4596,0x023e8000,37650432
188524,0x01193610,4597,0x023ea000,37658624
188557,0x01193620,4598,0x023ec000,37666816
188561,0x01193630,4599,0x023ee000,37675008
188576,0x01193640,4600,0x023f0000,37683200
188584,0x01193650,4601,0x023f2000,37691392
188619,0x01193660,4602,0x023f4000,37699584
188629,0x01193670,4603,0x023f6000,37707776
188631,0x01193680,4604,0x023f8000,37715968
188642,0x01193690,4605,0x023fa000,37724160
188644,0x011936a0,4606,0x023fc000,37732352
188645,0x011936b0,4607,0x023fe000,37740544
188648,0x011936c0,4608,0x02400000,37748736
188649,0x011936d0,4609,0x02402000,37756928
188664,0x011936e0,4610,0x02404000,37765120
188667,0x011936f0,4611,0x02406000,37773312
188669,0x01193700,4612,0x02408000,37781504
188677,0x01193710,4613,0x0240a000,37789696
188682,0x01193720,4614,0x0240c000,37797888
188683,0x01193730,4615,0x0240e000,37806080
188691,0x01193740,4616,0x02410000,37814272
188692,0x01193750,4617,0x02412000,37822464
188694,0x01193760,4618,0x02414000,37830656
188705,0x01193770,4619,0x02416000,37838848
188706,0x01193780,4620,0x02418000,37847040
188713,0x01193790,4621,0x0241a000,37855232
188715,0x011937a0,4622,0x0241c000,37863424
188716,0x011937b0,4623,0x0241e000,37871616
188727,0x011937c0,4624,0x02420000,37879808
188730,0x011937d0,4625,0x02422000,37888000
188731,0x011937e0,4626,0x02424000,37896192
188739,0x011937f0,4627,0x02426000,37904384
188745,0x01193800,4628,0x02428000,37912576
188748,0x01193810,4629,0x0242a000,37920768
188752,0x01193820,4630,0x0242c000,37928960
188756,0x01193830,4631,0x0242e000,37937152
188757,0x01193840,4632,0x02430000,37945344
188763,0x01193850,4633,0x02432000,37953536
188770,0x01193860,4634,0x02434000,37961728
188779,0x01193870,4635,0x02436000,37969920
188783,0x01193880,4636,0x02438000,37978112
188785,0x01193890,4637,0x0243a000,37986304
188792,0x011938a0,4638,0x0243c000,37994496
188802,0x011938b0,4639,0x0243e000,38002688
188811,0x011938c0,4640,0x02440000,38010880
188814,0x011938d0,4641,0x02442000,38019072
188818,0x011938e0,4642,0x02444000,38027264
188823,0x011938f0,4643,0x02446000,38035456
188824,0x01193900,4644,0x02448000,38043648
188828,0x01193910,4645,0x0244a000,38051840
188840,0x01193920,4646,0x0244c000,38060032
188845,0x01193930,4647,0x0244e000,38068224
188846,0x01193940,4648,0x02450000,38076416
188847,0x01193950,4649,0x02452000,38084608
188860,0x01193960,4650,0x02454000,38092800
188866,0x01193970,4651,0x02456000,38100992
188869,0x01193980,4652,0x02458000,38109184
188873,0x01193990,4653,0x0245a000,38117376
188875,0x011939a0,4654,0x0245c000,38125568
188882,0x011939b0,4655,0x0245e000,38133760
188886,0x011939c0,4656,0x02460000,38141952
188895,0x011939d0,4657,0x02462000,38150144
188909,0x011939e0,4658,0x02464000,38158336
188911,0x011939f0,4659,0x02466000,38166528
188912,0x01193a00,4660,0x02468000,38174720
188917,0x01193a10,4661,0x0246a000,38182912
188927,0x01193a20,4662,0x0246c000,38191104
188929,0x01193a30,4663,0x0246e000,38199296
188935,0x01193a40,4664,0x02470000,38207488
188942,0x01193a50,4665,0x02472000,38215680
188943,0x01193a60,4666,0x02474000,38223872
188944,0x01193a70,4667,0x02476000,38232064
188946,0x01193a80,4668,0x02478000,38240256
188954,0x01193a90,4669,0x0247a000,38248448
188967,0x01193aa0,4670,0x0247c000,38256640
188970,0x01193ab0,4671,0x0247e000,38264832
188976,0x01193ac0,4672,0x02480000,38273024
188999,0x01193ad0,4673,0x02482000,38281216
198049,0x01193ae0,4674,0x02484000,38289408
198239,0x01193af0,4675,0x02486000,38297600
198299,0x01193b00,4676,0x02488000,38305792
198717,0x01193b10,4677,0x0248a000,38313984
198854,0x01193b20,4678,0x0248c000,38322176
198896,0x01193b30,4679,0x0248e000,38330368
198952,0x01193b40,4680,0x02490000,38338560
198965,0x01193b50,4681,0x02492000,38346752
230045,0x01193b60,4682,0x02494000,38354944
230049,0x01193b70,4683,0x02496000,38363136
230305,0x01193b80,4684,0x02498000,38371328
230311,0x01193b90,4685,0x0249a000,38379520
230686,0x01193ba0,4686,0x0249c000,38387712
230707,0x01193bb0,4687,0x0249e000,38395904
230758,0x01193bc0,4688,0x024a0000,38404096
230856,0x01193bd0,4689,0x024a2000,38412288
230877,0x01193be0,4690,0x024a4000,38420480
230898,0x01193bf0,4691,0x024a6000,38428672
230905,0x01193c00,4692,0x024a8000,38436864
230945,0x01193c10,4693,0x024aa000,38445056
230946,0x01193c20,4694,0x024ac000,38453248
231093,0x01193c30,4695,0x024ae000,38461440
231160,0x01193c40,4696,0x024b0000,38469632
231277,0x01193c50,4697,0x024b2000,38477824
231327,0x01193c60,4698,0x024b4000,38486016
231436,0x01193c70,4699,0x024b6000,38494208
231469,0x01193c80,4700,0x024b8000,38502400
231601,0x01193c90,4701,0x024ba000,38510592
231726,0x01193ca0,4702,0x024bc000,38518784
231738,0x01193cb0,4703,0x024be000,38526976
231740,0x01193cc0,4704,0x024c0000,38535168
231759,0x01193cd0,4705,0x024c2000,38543360
231772,0x01193ce0,4706,0x024c4000,38551552
231811,0x01193cf0,4707,0x024c6000,38559744
231824,0x01193d00,4708,0x024c8000,38567936
231825,0x01193d10,4709,0x024ca000,38576128
231844,0x01193d20,4710,0x024cc000,38584320
231845,0x01193d30,4711,0x024ce000,38592512
231858,0x01193d40,4712,0x024d0000,38600704
231880,0x01193d50,4713,0x024d2000,38608896
231891,0x01193d60,4714,0x024d4000,38617088
231895,0x01193d70,4715,0x024d6000,38625280
231899,0x01193d80,4716,0x024d8000,38633472
231901,0x01193d90,4717,0x024da000,38641664
231910,0x01193da0,4718,0x024dc000,38649856
231923,0x01193db0,4719,0x024de000,38658048
231955,0x01193dc0,4720,0x024e0000,38666240
231957,0x01193dd0,4721,0x024e2000,38674432
231991,0x01193de0,4722,0x024e4000,38682624
232001,0x01193df0,4723,0x024e6000,38690816
232036,0x01193e00,4724,0x024e8000,38699008
232070,0x01193e10,4725,0x024ea000,38707200
232088,0x01193e20,4726,0x024ec000,38715392
232096,0x01193e30,4727,0x024ee000,38723584
232115,0x01193e40,4728,0x024f0000,38731776
232116,0x01193e50,4729,0x024f2000,38739968
232119,0x01193e60,4730,0x024f4000,38748160
232169,0x01193e70,4731,0x024f6000,38756352
232173,0x01193e80,4732,0x024f8000,38764544
232188,0x01193e90,4733,0x024fa000,38772736
232208,0x01193ea0,4734,0x024fc000,38780928
232209,0x01193eb0,4735,0x024fe000,38789120
232210,0x01193ec0,4736,0x02500000,38797312
232310,0x01193ed0,4737,0x02502000,38805504
232323,0x01193ee0,4738,0x02504000,38813696
232343,0x01193ef0,4739,0x02506000,38821888
232360,0x01193f00,4740,0x02508000,38830080
232367,0x01193f10,4741,0x0250a000,38838272
232391,0x01193f20,4742,0x0250c000,38846464
232411,0x01193f30,4743,0x0250e000,38854656
232430,0x01193f40,4744,0x02510000,38862848
232441,0x01193f50,4745,0x02512000,38871040
232448,0x01193f60,4746,0x02514000,38879232
232449,0x01193f70,4747,0x02516000,38887424
232451,0x01193f80,4748,0x02518000,38895616
232468,0x01193f90,4749,0x0251a000,38903808
232507,0x01193fa0,4750,0x0251c000,38912000
232509,0x01193fb0,4751,0x0251e000,38920192
232511,0x01193fc0,4752,0x02520000,38928384
232512,0x01193fd0,4753,0x02522000,38936576
232535,0x01193fe0,4754,0x02524000,38944768
232542,0x01193ff0,4755,0x02526000,38952960
232558,0x01294000,4757,0x0252a000,38969344
232616,0x01294010,4758,0x0252c000,38977536
232635,0x01294020,4759,0x0252e000,38985728
232645,0x01294030,4760,0x02530000,38993920
232741,0x01294040,4761,0x02532000,39002112
232779,0x01294050,4762,0x02534000,39010304
232828,0x01294060,4763,0x02536000,39018496
232903,0x01294070,4764,0x02538000,39026688
232904,0x01294080,4765,0x0253a000,39034880
232908,0x01294090,4766,0x0253c000,39043072
232937,0x012940a0,4767,0x0253e000,39051264
232954,0x012940b0,4768,0x02540000,39059456
232955,0x012940c0,4769,0x02542000,39067648
232956,0x012940d0,4770,0x02544000,39075840
232962,0x012940e0,4771,0x02546000,39084032
232963,0x012940f0,4772,0x02548000,39092224
232966,0x01294100,4773,0x0254a000,39100416
232978,0x01294110,4774,0x0254c000,39108608
232980,0x01294120,4775,0x0254e000,39116800
232995,0x01294130,4776,0x02550000,39124992
233002,0x01294140,4777,0x02552000,39133184
233004,0x01294150,4778,0x02554000,39141376
233022,0x01294160,4779,0x02556000,39149568
233076,0x01294170,4780,0x02558000,39157760
233174,0x01294180,4781,0x0255a000,39165952
233247,0x01294190,4782,0x0255c000,39174144
233266,0x012941a0,4783,0x0255e000,39182336
233319,0x012941b0,4784,0x02560000,39190528
233455,0x012941c0,4785,0x02562000,39198720
233478,0x012941d0,4786,0x02564000,39206912
233479,0x012941e0,4787,0x02566000,39215104
233484,0x012941f0,4788,0x02568000,39223296
233504,0x01294200,4789,0x0256a000,39231488
233508,0x01294210,4790,0x0256c000,39239680
233510,0x01294220,4791,0x0256e000,39247872
233513,0x01294230,4792,0x02570000,39256064
233514,0x01294240,4793,0x02572000,39264256
233520,0x01294250,4794,0x02574000,39272448
233536,0x01294260,4795,0x02576000,39280640
233545,0x01294270,4796,0x02578000,39288832
233550,0x01294280,4797,0x0257a000,39297024
233569,0x01294290,4798,0x0257c000,39305216
233573,0x012942a0,4799,0x0257e000,39313408
233582,0x012942b0,4800,0x02580000,39321600
233584,0x012942c0,4801,0x02582000,39329792
233659,0x012942d0,4802,0x02584000,39337984
233660,0x012942e0,4803,0x02586000,39346176
233755,0x012942f0,4804,0x02588000,39354368
233770,0x01294300,4805,0x0258a000,39362560
233771,0x01294310,4806,0x0258c000,39370752
233883,0x01294320,4807,0x0258e000,39378944
233891,0x01294330,4808,0x02590000,39387136
233911,0x01294340,4809,0x02592000,39395328
233957,0x01294350,4810,0x02594000,39403520
234163,0x01294360,4811,0x02596000,39411712
234206,0x01294370,4812,0x02598000,39419904
234552,0x01294380,4813,0x0259a000,39428096
234805,0x01294390,4814,0x0259c000,39436288
234808,0x012943a0,4815,0x0259e000,39444480
234813,0x012943b0,4816,0x025a0000,39452672
234845,0x012943c0,4817,0x025a2000,39460864
234847,0x012943d0,4818,0x025a4000,39469056
234866,0x012943e0,4819,0x025a6000,39477248
234867,0x012943f0,4820,0x025a8000,39485440
234874,0x01294400,4821,0x025aa000,39493632
234876,0x01294410,4822,0x025ac000,39501824
234880,0x01294420,4823,0x025ae000,39510016
234889,0x01294430,4824,0x025b0000,39518208
234893,0x01294440,4825,0x025b2000,39526400
234909,0x01294450,4826,0x025b4000,39534592
234911,0x01294460,4827,0x025b6000,39542784
234934,0x01294470,4828,0x025b8000,39550976
234970,0x01294480,4829,0x025ba000,39559168
234971,0x01294490,4830,0x025bc000,39567360
234983,0x012944a0,4831,0x025be000,39575552
235267,0x012944b0,4832,0x025c0000,39583744
235393,0x012944c0,4833,0x025c2000,39591936
235408,0x012944d0,4834,0x025c4000,39600128
235641,0x012944e0,4835,0x025c6000,39608320
235700,0x012944f0,4836,0x025c8000,39616512
235709,0x01294500,4837,0x025ca000,39624704
235716,0x01294510,4838,0x025cc000,39632896
235724,0x01294520,4839,0x025ce000,39641088
235725,0x01294530,4840,0x025d0000,39649280
235729,0x01294540,4841,0x025d2000,39657472
235770,0x01294550,4842,0x025d4000,39665664
235775,0x01294560,4843,0x025d6000,39673856
235805,0x01294570,4844,0x025d8000,39682048
235808,0x01294580,4845,0x025da000,39690240
235833,0x01294590,4846,0x025dc000,39698432
235838,0x012945a0,4847,0x025de000,39706624
235857,0x012945b0,4848,0x025e0000,39714816
235858,0x012945c0,4849,0x025e2000,39723008
235862,0x012945d0,4850,0x025e4000,39731200
235863,0x012945e0,4851,0x025e6000,39739392
235865,0x012945f0,4852,0x025e8000,39747584
235882,0x01294600,4853,0x025ea000,39755776
235884,0x01294610,4854,0x025ec000,39763968
235885,0x01294620,4855,0x025ee000,39772160
235895,0x01294630,4856,0x025f0000,39780352
235896,0x01294640,4857,0x025f2000,39788544
235898,0x01294650,4858,0x025f4000,39796736
235909,0x01294660,4859,0x025f6000,39804928
235911,0x01294670,4860,0x025f8000,39813120
235914,0x01294680,4861,0x025fa000,39821312
235916,0x01294690,4862,0x025fc000,39829504
235920,0x012946a0,4863,0x025fe000,39837696
235921,0x012946b0,4864,0x02600000,39845888
235922,0x012946c0,4865,0x02602000,39854080
235952,0x012946d0,4866,0x02604000,39862272
235953,0x012946e0,4867,0x02606000,39870464
235954,0x012946f0,4868,0x02608000,39878656
235979,0x01294700,4869,0x0260a000,39886848
235980,0x01294710,4870,0x0260c000,39895040
235982,0x01294720,4871,0x0260e000,39903232
235984,0x01294730,4872,0x02610000,39911424
235991,0x01294740,4873,0x02612000,39919616
236152,0x01294750,4874,0x02614000,39927808
236223,0x01294760,4875,0x02616000,39936000
236360,0x01294770,4876,0x02618000,39944192
236381,0x01294780,4877,0x0261a000,39952384
236413,0x01294790,4878,0x0261c000,39960576
236436,0x012947a0,4879,0x0261e000,39968768
236474,0x012947b0,4880,0x02620000,39976960
236496,0x012947c0,4881,0x02622000,39985152
236533,0x012947d0,4882,0x02624000,39993344
236708,0x012947e0,4883,0x02626000,40001536
236720,0x012947f0,4884,0x02628000,40009728
236738,0x01294800,4885,0x0262a000,40017920
236741,0x01294810,4886,0x0262c000,40026112
236742,0x01294820,4887,0x0262e000,40034304
236743,0x01294830,4888,0x02630000,40042496
236744,0x01294840,4889,0x02632000,40050688
236745,0x01294850,4890,0x02634000,40058880
236746,0x01294860,4891,0x02636000,40067072
236750,0x01294870,4892,0x02638000,40075264
236751,0x01294880,4893,0x0263a000,40083456
236752,0x01294890,4894,0x0263c000,40091648
236762,0x012948a0,4895,0x0263e000,40099840
236768,0x012948b0,4896,0x02640000,40108032
236778,0x012948c0,4897,0x02642000,40116224
236780,0x012948d0,4898,0x02644000,40124416
236781,0x012948e0,4899,0x02646000,40132608
236785,0x012948f0,4900,0x02648000,40140800
236786,0x01294900,4901,0x0264a000,40148992
236803,0x01294910,4902,0x0264c000,40157184
236805,0x01294920,4903,0x0264e000,40165376
240000,0x01294930,4904,0x02650000,40173568
240001,0x01294940,4905,0x02652000,40181760
240002,0x01294950,4906,0x02654000,40189952
240007,0x01294960,4907,0x02656000,40198144
240010,0x01294970,4908,0x02658000,40206336
240017,0x01294980,4909,0x0265a000,40214528
240019,0x01294990,4910,0x0265c000,40222720
240020,0x012949a0,4911,0x0265e000,40230912
240025,0x012949b0,4912,0x02660000,40239104
240026,0x012949c0,4913,0x02662000,40247296
240029,0x012949d0,4914,0x02664000,40255488
240031,0x012949e0,4915,0x02666000,40263680
240034,0x012949f0,4916,0x02668000,40271872
240035,0x01294a00,4917,0x0266a000,40280064
240038,0x01294a10,4918,0x0266c000,40288256
240039,0x01294a20,4919,0x0266e000,40296448
240043,0x01294a30,4920,0x02670000,40304640
240044,0x01294a40,4921,0x02672000,40312832
240046,0x01294a50,4922,0x02674000,40321024
240047,0x01294a60,4923,0x02676000,40329216
240050,0x01294a70,4924,0x02678000,40337408
240054,0x01294a80,4925,0x0267a000,40345600
240055,0x01294a90,4926,0x0267c000,40353792
240056,0x01294aa0,4927,0x0267e000,40361984
240057,0x01294ab0,4928,0x02680000,40370176
240058,0x01294ac0,4929,0x02682000,40378368
240059,0x01294ad0,4930,0x02684000,40386560
240060,0x01294ae0,4931,0x02686000,40394752
240064,0x01294af0,4932,0x02688000,40402944
240065,0x01294b00,4933,0x0268a000,40411136
240067,0x01294b10,4934,0x0268c000,40419328
240069,0x01294b20,4935,0x0268e000,40427520
240073,0x01294b30,4936,0x02690000,40435712
240076,0x01294b40,4937,0x02692000,40443904
240077,0x01294b50,4938,0x02694000,40452096
240078,0x01294b60,4939,0x02696000,40460288
240079,0x01294b70,4940,0x02698000,40468480
240080,0x01294b80,4941,0x0269a000,40476672
240081,0x01294b90,4942,0x0269c000,40484864
240082,0x01294ba0,4943,0x0269e000,40493056
240083,0x01294bb0,4944,0x026a0000,40501248
240084,0x01294bc0,4945,0x026a2000,40509440
240085,0x01294bd0,4946,0x026a4000,40517632
240086,0x01294be0,4947,0x026a6000,40525824
240087,0x01294bf0,4948,0x026a8000,40534016
240089,0x01294c00,4949,0x026aa000,40542208
240094,0x01294c10,4950,0x026ac000,40550400
240096,0x01294c20,4951,0x026ae000,40558592
240098,0x01294c30,4952,0x026b0000,40566784
240099,0x01294c40,4953,0x026b2000,40574976
240102,0x01294c50,4954,0x026b4000,40583168
240105,0x01294c60,4955,0x026b6000,40591360
240106,0x01294c70,4956,0x026b8000,40599552
240109,0x01294c80,4957,0x026ba000,40607744
240111,0x01294c90,4958,0x026bc000,40615936
240113,0x01294ca0,4959,0x026be000,40624128
240114,0x01294cb0,4960,0x026c0000,40632320
240115,0x01294cc0,4961,0x026c2000,40640512
240116,0x01294cd0,4962,0x026c4000,40648704
240117,0x01294ce0,4963,0x026c6000,40656896
240118,0x01294cf0,4964,0x026c8000,40665088
240119,0x01294d00,4965,0x026ca000,40673280
240120,0x01294d10,4966,0x026cc000,40681472
240122,0x01294d20,4967,0x026ce000,40689664
240123,0x01294d30,4968,0x026d0000,40697856
240128,0x01294d40,4969,0x026d2000,40706048
240132,0x01294d50,4970,0x026d4000,40714240
240133,0x01294d60,4971,0x026d6000,40722432
240136,0x01294d70,4972,0x026d8000,40730624
240139,0x01294d80,4973,0x026da000,40738816
240143,0x01294d90,4974,0x026dc000,40747008
240146,0x01294da0,4975,0x026de000,40755200
240147,0x01294db0,4976,0x026e0000,40763392
240148,0x01294dc0,4977,0x026e2000,40771584
240149,0x01294dd0,4978,0x026e4000,40779776
240150,0x01294de0,4979,0x026e6000,40787968
240151,0x01294df0,4980,0x026e8000,40796160
240152,0x01294e00,4981,0x026ea000,40804352
240154,0x01294e10,4982,0x026ec000,40812544
240155,0x01294e20,4983,0x026ee000,40820736
240157,0x01294e30,4984,0x026f0000,40828928
240159,0x01294e40,4985,0x026f2000,40837120
240160,0x01294e50,4986,0x026f4000,40845312
240162,0x01294e60,4987,0x026f6000,40853504
240163,0x01294e70,4988,0x026f8000,40861696
240164,0x01294e80,4989,0x026fa000,40869888
240165,0x01294e90,4990,0x026fc000,40878080
240166,0x01294ea0,4991,0x026fe000,40886272
240168,0x01294eb0,4992,0x02700000,40894464
240169,0x01294ec0,4993,0x02702000,40902656
240170,0x01294ed0,4994,0x02704000,40910848
240171,0x01294ee0,4995,0x02706000,40919040
240172,0x01294ef0,4996,0x02708000,40927232
240173,0x01294f00,4997,0x0270a000,40935424
240175,0x01294f10,4998,0x0270c000,40943616
240176,0x01294f20,4999,0x0270e000,40951808
240179,0x01294f30,5000,0x02710000,40960000
240180,0x01294f40,5001,0x02712000,40968192
240182,0x01294f50,5002,0x02714000,40976384
240183,0x01294f60,5003,0x02716000,40984576
240187,0x01294f70,5004,0x02718000,40992768
240192,0x01294f80,5005,0x0271a000,41000960
240196,0x01294f90,5006,0x0271c000,41009152
240201,0x01294fa0,5007,0x0271e000,41017344
240202,0x01294fb0,5008,0x02720000,41025536
240203,0x01294fc0,5009,0x02722000,41033728
240208,0x01294fd0,5010,0x02724000,41041920
240210,0x01294fe0,5011,0x02726000,41050112
240211,0x01294ff0,5012,0x02728000,41058304
240213,0x01395000,5014,0x0272c000,41074688
240214,0x01395010,5015,0x0272e000,41082880
240217,0x01395020,5016,0x02730000,41091072
240218,0x01395030,5017,0x02732000,41099264
240221,0x01395040,5018,0x02734000,41107456
240222,0x01395050,5019,0x02736000,41115648
240226,0x01395060,5020,0x02738000,41123840
240227,0x01395070,5021,0x0273a000,41132032
240235,0x01395080,5022,0x0273c000,41140224
240236,0x01395090,5023,0x0273e000,41148416
240239,0x013950a0,5024,0x02740000,41156608
240242,0x013950b0,5025,0x02742000,41164800
240243,0x013950c0,5026,0x02744000,41172992
240244,0x013950d0,5027,0x02746000,41181184
240246,0x013950e0,5028,0x02748000,41189376
240247,0x013950f0,5029,0x0274a000,41197568
240248,0x01395100,5030,0x0274c000,41205760
240249,0x01395110,5031,0x0274e000,41213952
240252,0x01395120,5032,0x02750000,41222144
240254,0x01395130,5033,0x02752000,41230336
240255,0x01395140,5034,0x02754000,41238528
240256,0x01395150,5035,0x02756000,41246720
240258,0x01395160,5036,0x02758000,41254912
240261,0x01395170,5037,0x0275a000,41263104
240263,0x01395180,5038,0x0275c000,41271296
240264,0x01395190,5039,0x0275e000,41279488
240265,0x013951a0,5040,0x02760000,41287680
240269,0x013951b0,5041,0x02762000,41295872
240270,0x013951c0,5042,0x02764000,41304064
240272,0x013951d0,5043,0x02766000,41312256
240273,0x013951e0,5044,0x02768000,41320448
240274,0x013951f0,5045,0x0276a000,41328640
240277,0x01395200,5046,0x0276c000,41336832
240278,0x01395210,5047,0x0276e000,41345024
240283,0x01395220,5048,0x02770000,41353216
240285,0x01395230,5049,0x02772000,41361408
240286,0x01395240,5050,0x02774000,41369600
240288,0x01395250,5051,0x02776000,41377792
240291,0x01395260,5052,0x02778000,41385984
240294,0x01395270,5053,0x0277a000,41394176
240301,0x01395280,5054,0x0277c000,41402368
240303,0x01395290,5055,0x0277e000,41410560
240304,0x013952a0,5056,0x02780000,41418752
240305,0x013952b0,5057,0x02782000,41426944
240306,0x013952c0,5058,0x02784000,41435136
240307,0x013952d0,5059,0x02786000,41443328
240309,0x013952e0,5060,0x02788000,41451520
240310,0x013952f0,5061,0x0278a000,41459712
240312,0x01395300,5062,0x0278c000,41467904
240315,0x01395310,5063,0x0278e000,41476096
240318,0x01395320,5064,0x02790000,41484288
240319,0x01395330,5065,0x02792000,41492480
240321,0x01395340,5066,0x02794000,41500672
240322,0x01395350,5067,0x02796000,41508864
240324,0x01395360,5068,0x02798000,41517056
240328,0x01395370,5069,0x0279a000,41525248
240329,0x01395380,5070,0x0279c000,41533440
240330,0x01395390,5071,0x0279e000,41541632
240334,0x013953a0,5072,0x027a0000,41549824
240335,0x013953b0,5073,0x027a2000,41558016
240337,0x013953c0,5074,0x027a4000,41566208
240339,0x013953d0,5075,0x027a6000,41574400
240340,0x013953e0,5076,0x027a8000,41582592
240341,0x013953f0,5077,0x027aa000,41590784
240344,0x01395400,5078,0x027ac000,41598976
240345,0x01395410,5079,0x027ae000,41607168
240346,0x01395420,5080,0x027b0000,41615360
240347,0x01395430,5081,0x027b2000,41623552
240348,0x01395440,5082,0x027b4000,41631744
240349,0x01395450,5083,0x027b6000,41639936
240354,0x01395460,5084,0x027b8000,41648128
240358,0x01395470,5085,0x027ba000,41656320
240359,0x01395480,5086,0x027bc000,41664512
240360,0x01395490,5087,0x027be000,41672704
240361,0x013954a0,5088,0x027c0000,41680896
240362,0x013954b0,5089,0x027c2000,41689088
240364,0x013954c0,5090,0x027c4000,41697280
240366,0x013954d0,5091,0x027c6000,41705472
240367,0x013954e0,5092,0x027c8000,41713664
240368,0x013954f0,5093,0x027ca000,41721856
240370,0x01395500,5094,0x027cc000,41730048
240371,0x01395510,5095,0x027ce000,41738240
240373,0x01395520,5096,0x027d0000,41746432
240376,0x01395530,5097,0x027d2000,41754624
240378,0x01395540,5098,0x027d4000,41762816
240379,0x01395550,5099,0x027d6000,41771008
240380,0x01395560,5100,0x027d8000,41779200
240386,0x01395570,5101,0x027da000,41787392
240389,0x01395580,5102,0x027dc000,41795584
240390,0x01395590,5103,0x027de000,41803776
240392,0x013955a0,5104,0x027e0000,41811968
240397,0x013955b0,5105,0x027e2000,41820160
240401,0x013955c0,5106,0x027e4000,41828352
240402,0x013955d0,5107,0x027e6000,41836544
240404,0x013955e0,5108,0x027e8000,41844736
240408,0x013955f0,5109,0x027ea000,41852928
240409,0x01395600,5110,0x027ec000,41861120
240411,0x01395610,5111,0x027ee000,41869312
240415,0x01395620,5112,0x027f0000,41877504
240416,0x01395630,5113,0x027f2000,41885696
240417,0x01395640,5114,0x027f4000,41893888
240418,0x01395650,5115,0x027f6000,41902080
240425,0x01395660,5116,0x027f8000,41910272
240426,0x01395670,5117,0x027fa000,41918464
240427,0x01395680,5118,0x027fc000,41926656
240428,0x01395690,5119,0x027fe000,41934848
240430,0x013956a0,5120,0x02800000,41943040
240433,0x013956b0,5121,0x02802000,41951232
240444,0x013956c0,5122,0x02804000,41959424
240445,0x013956d0,5123,0x02806000,41967616
240449,0x013956e0,5124,0x02808000,41975808
240450,0x013956f0,5125,0x0280a000,41984000
240451,0x01395700,5126,0x0280c000,41992192
240454,0x01395710,5127,0x0280e000,42000384
240458,0x01395720,5128,0x02810000,42008576
240459,0x01395730,5129,0x02812000,42016768
240461,0x01395740,5130,0x02814000,42024960
240463,0x01395750,5131,0x02816000,42033152
240467,0x01395760,5132,0x02818000,42041344
240469,0x01395770,5133,0x0281a000,42049536
240470,0x01395780,5134,0x0281c000,42057728
240473,0x01395790,5135,0x0281e000,42065920
240474,0x013957a0,5136,0x02820000,42074112
240475,0x013957b0,5137,0x02822000,42082304
240476,0x013957c0,5138,0x02824000,42090496
240478,0x013957d0,5139,0x02826000,42098688
240480,0x013957e0,5140,0x02828000,42106880
240481,0x013957f0,5141,0x0282a000,42115072
240482,0x01395800,5142,0x0282c000,42123264
240485,0x01395810,5143,0x0282e000,42131456
240486,0x01395820,5144,0x02830000,42139648
240487,0x01395830,5145,0x02832000,42147840
240488,0x01395840,5146,0x02834000,42156032
240489,0x01395850,5147,0x02836000,42164224
240490,0x01395860,5148,0x02838000,42172416
240492,0x01395870,5149,0x0283a000,42180608
240493,0x01395880,5150,0x0283c000,42188800
240495,0x01395890,5151,0x0283e000,42196992
240496,0x013958a0,5152,0x02840000,42205184
240497,0x013958b0,5153,0x02842000,42213376
240498,0x013958c0,5154,0x02844000,42221568
240499,0x013958d0,5155,0x02846000,42229760
240502,0x013958e0,5156,0x02848000,42237952
240505,0x013958f0,5157,0x0284a000,42246144
240506,0x01395900,5158,0x0284c000,42254336
240507,0x01395910,5159,0x0284e000,42262528
240508,0x01395920,5160,0x02850000,42270720
240511,0x01395930,5161,0x02852000,42278912
240512,0x01395940,5162,0x02854000,42287104
240513,0x01395950,5163,0x02856000,42295296
240514,0x01395960,5164,0x02858000,42303488
240515,0x01395970,5165,0x0285a000,42311680
240516,0x01395980,5166,0x0285c000,42319872
240517,0x01395990,5167,0x0285e000,42328064
240519,0x013959a0,5168,0x02860000,42336256
240520,0x013959b0,5169,0x02862000,42344448
240521,0x013959c0,5170,0x02864000,42352640
240522,0x013959d0,5171,0x02866000,42360832
240525,0x013959e0,5172,0x02868000,42369024
240526,0x013959f0,5173,0x0286a000,42377216
240528,0x01395a00,5174,0x0286c000,42385408
240529,0x01395a10,5175,0x0286e000,42393600
240531,0x01395a20,5176,0x02870000,42401792
240532,0x01395a30,5177,0x02872000,42409984
240534,0x01395a40,5178,0x02874000,42418176
240536,0x01395a50,5179,0x02876000,42426368
240538,0x01395a60,5180,0x02878000,42434560
240539,0x01395a70,5181,0x0287a000,42442752
240540,0x01395a80,5182,0x0287c000,42450944
240541,0x01395a90,5183,0x0287e000,42459136
240542,0x01395aa0,5184,0x02880000,42467328
240544,0x01395ab0,5185,0x02882000,42475520
240547,0x01395ac0,5186,0x02884000,42483712
240548,0x01395ad0,5187,0x02886000,42491904
240549,0x01395ae0,5188,0x02888000,42500096
240550,0x01395af0,5189,0x0288a000,42508288
240552,0x01395b00,5190,0x0288c000,42516480
240553,0x01395b10,5191,0x0288e000,42524672
240556,0x01395b20,5192,0x02890000,42532864
240557,0x01395b30,5193,0x02892000,42541056
240559,0x01395b40,5194,0x02894000,42549248
240560,0x01395b50,5195,0x02896000,42557440
240561,0x01395b60,5196,0x02898000,42565632
240564,0x01395b70,5197,0x0289a000,42573824
240566,0x01395b80,5198,0x0289c000,42582016
240567,0x01395b90,5199,0x0289e000,42590208
240568,0x01395ba0,5200,0x028a0000,42598400
240570,0x01395bb0,5201,0x028a2000,42606592
240572,0x01395bc0,5202,0x028a4000,42614784
240573,0x01395bd0,5203,0x028a6000,42622976
240578,0x01395be0,5204,0x028a8000,42631168
240581,0x01395bf0,5205,0x028aa000,42639360
240582,0x01395c00,5206,0x028ac000,42647552
240584,0x01395c10,5207,0x028ae000,42655744
240585,0x01395c20,5208,0x028b0000,42663936
240587,0x01395c30,5209,0x028b2000,42672128
240589,0x01395c40,5210,0x028b4000,42680320
240590,0x01395c50,5211,0x028b6000,42688512
240595,0x01395c60,5212,0x028b8000,42696704
240598,0x01395c70,5213,0x028ba000,42704896
240599,0x01395c80,5214,0x028bc000,42713088
240600,0x01395c90,5215,0x028be000,42721280
240601,0x01395ca0,5216,0x028c0000,42729472
240603,0x01395cb0,5217,0x028c2000,42737664
240604,0x01395cc0,5218,0x028c4000,42745856
240608,0x01395cd0,5219,0x028c6000,42754048
240611,0x01395ce0,5220,0x028c8000,42762240
240612,0x01395cf0,5221,0x028ca000,42770432
240613,0x01395d00,5222,0x028cc000,42778624
240615,0x01395d10,5223,0x028ce000,42786816
240616,0x01395d20,5224,0x028d0000,42795008
240617,0x01395d30,5225,0x028d2000,42803200
240618,0x01395d40,5226,0x028d4000,42811392
240620,0x01395d50,5227,0x028d6000,42819584
240621,0x01395d60,5228,0x028d8000,42827776
240622,0x01395d70,5229,0x028da000,42835968
240623,0x01395d80,5230,0x028dc000,42844160
240625,0x01395d90,5231,0x028de000,42852352
240626,0x01395da0,5232,0x028e0000,42860544
240627,0x01395db0,5233,0x028e2000,42868736
240628,0x01395dc0,5234,0x028e4000,42876928
240630,0x01395dd0,5235,0x028e6000,42885120
240632,0x01395de0,5236,0x028e8000,42893312
240633,0x01395df0,5237,0x028ea000,42901504
240634,0x01395e00,5238,0x028ec000,42909696
240635,0x01395e10,5239,0x028ee000,42917888
240638,0x01395e20,5240,0x028f0000,42926080
240640,0x01395e30,5241,0x028f2000,42934272
240642,0x01395e40,5242,0x028f4000,42942464
240643,0x01395e50,5243,0x028f6000,42950656
240644,0x01395e60,5244,0x028f8000,42958848
240650,0x01395e70,5245,0x028fa000,42967040
240651,0x01395e80,5246,0x028fc000,42975232
240652,0x01395e90,5247,0x028fe000,42983424
240653,0x01395ea0,5248,0x02900000,42991616
240655,0x01395eb0,5249,0x02902000,42999808
240656,0x01395ec0,5250,0x02904000,43008000
240657,0x01395ed0,5251,0x02906000,43016192
240658,0x01395ee0,5252,0x02908000,43024384
240659,0x01395ef0,5253,0x0290a000,43032576
240660,0x01395f00,5254,0x0290c000,43040768
240661,0x01395f10,5255,0x0290e000,43048960
240662,0x01395f20,5256,0x02910000,43057152
240663,0x01395f30,5257,0x02912000,43065344
240664,0x01395f40,5258,0x02914000,43073536
240665,0x01395f50,5259,0x02916000,43081728
240666,0x01395f60,5260,0x02918000,43089920
240667,0x01395f70,5261,0x0291a000,43098112
240668,0x01395f80,5262,0x0291c000,43106304
240669,0x01395f90,5263,0x0291e000,43114496
240671,0x01395fa0,5264,0x02920000,43122688
240672,0x01395fb0,5265,0x02922000,43130880
240673,0x01395fc0,5266,0x02924000,43139072
240675,0x01395fd0,5267,0x02926000,43147264
240676,0x01395fe0,5268,0x02928000,43155456
240678,0x01395ff0,5269,0x0292a000,43163648
240679,0x01496000,5271,0x0292e000,43180032
240680,0x01496010,5272,0x02930000,43188224
240681,0x01496020,5273,0x02932000,43196416
240682,0x01496030,5274,0x02934000,43204608
240685,0x01496040,5275,0x02936000,43212800
240686,0x01496050,5276,0x02938000,43220992
240687,0x01496060,5277,0x0293a000,43229184
240688,0x01496070,5278,0x0293c000,43237376
240689,0x01496080,5279,0x0293e000,43245568
240690,0x01496090,5280,0x02940000,43253760
240691,0x014960a0,5281,0x02942000,43261952
240695,0x014960b0,5282,0x02944000,43270144
240696,0x014960c0,5283,0x02946000,43278336
240697,0x014960d0,5284,0x02948000,43286528
240699,0x014960e0,5285,0x0294a000,43294720
240700,0x014960f0,5286,0x0294c000,43302912
240703,0x01496100,5287,0x0294e000,43311104
240705,0x01496110,5288,0x02950000,43319296
240706,0x01496120,5289,0x02952000,43327488
240707,0x01496130,5290,0x02954000,43335680
240708,0x01496140,5291,0x02956000,43343872
240709,0x01496150,5292,0x02958000,43352064
240710,0x01496160,5293,0x0295a000,43360256
240711,0x01496170,5294,0x0295c000,43368448
240712,0x01496180,5295,0x0295e000,43376640
240713,0x01496190,5296,0x02960000,43384832
240714,0x014961a0,5297,0x02962000,43393024
240717,0x014961b0,5298,0x02964000,43401216
240718,0x014961c0,5299,0x02966000,43409408
240720,0x014961d0,5300,0x02968000,43417600
240724,0x014961e0,5301,0x0296a000,43425792
240726,0x014961f0,5302,0x0296c000,43433984
240729,0x01496200,5303,0x0296e000,43442176
240730,0x01496210,5304,0x02970000,43450368
240731,0x01496220,5305,0x02972000,43458560
240732,0x01496230,5306,0x02974000,43466752
240733,0x01496240,5307,0x02976000,43474944
240734,0x01496250,5308,0x02978000,43483136
240739,0x01496260,5309,0x0297a000,43491328
240740,0x01496270,5310,0x0297c000,43499520
240741,0x01496280,5311,0x0297e000,43507712
240743,0x01496290,5312,0x02980000,43515904
240744,0x014962a0,5313,0x02982000,43524096
240745,0x014962b0,5314,0x02984000,43532288
240746,0x014962c0,5315,0x02986000,43540480
240747,0x014962d0,5316,0x02988000,43548672
240748,0x014962e0,5317,0x0298a000,43556864
240749,0x014962f0,5318,0x0298c000,43565056
240750,0x01496300,5319,0x0298e000,43573248
240752,0x01496310,5320,0x02990000,43581440
240756,0x01496320,5321,0x02992000,43589632
240758,0x01496330,5322,0x02994000,43597824
240759,0x01496340,5323,0x02996000,43606016
240761,0x01496350,5324,0x02998000,43614208
240764,0x01496360,5325,0x0299a000,43622400
240765,0x01496370,5326,0x0299c000,43630592
240768,0x01496380,5327,0x0299e000,43638784
240770,0x01496390,5328,0x029a0000,43646976
240774,0x014963a0,5329,0x029a2000,43655168
240775,0x014963b0,5330,0x029a4000,43663360
240778,0x014963c0,5331,0x029a6000,43671552
240780,0x014963d0,5332,0x029a8000,43679744
240781,0x014963e0,5333,0x029aa000,43687936
240782,0x014963f0,5334,0x029ac000,43696128
240783,0x01496400,5335,0x029ae000,43704320
240784,0x01496410,5336,0x029b0000,43712512
240785,0x01496420,5337,0x029b2000,43720704
240787,0x01496430,5338,0x029b4000,43728896
240792,0x01496440,5339,0x029b6000,43737088
240793,0x01496450,5340,0x029b8000,43745280
240797,0x01496460,5341,0x029ba000,43753472
240798,0x01496470,5342,0x029bc000,43761664
240799,0x01496480,5343,0x029be000,43769856
240801,0x01496490,5344,0x029c0000,43778048
240803,0x014964a0,5345,0x029c2000,43786240
240804,0x014964b0,5346,0x029c4000,43794432
240805,0x014964c0,5347,0x029c6000,43802624
240809,0x014964d0,5348,0x029c8000,43810816
240810,0x014964e0,5349,0x029ca000,43819008
240811,0x014964f0,5350,0x029cc000,43827200
240812,0x01496500,5351,0x029ce000,43835392
240813,0x01496510,5352,0x029d0000,43843584
240817,0x01496520,5353,0x029d2000,43851776
240819,0x01496530,5354,0x029d4000,43859968
240820,0x01496540,5355,0x029d6000,43868160
240821,0x01496550,5356,0x029d8000,43876352
240824,0x01496560,5357,0x029da000,43884544
240826,0x01496570,5358,0x029dc000,43892736
240827,0x01496580,5359,0x029de000,43900928
240828,0x01496590,5360,0x029e0000,43909120
240829,0x014965a0,5361,0x029e2000,43917312
240830,0x014965b0,5362,0x029e4000,43925504
240831,0x014965c0,5363,0x029e6000,43933696
240836,0x014965d0,5364,0x029e8000,43941888
240838,0x014965e0,5365,0x029ea000,43950080
240839,0x014965f0,5366,0x029ec000,43958272
240842,0x01496600,5367,0x029ee000,43966464
240844,0x01496610,5368,0x029f0000,43974656
240845,0x01496620,5369,0x029f2000,43982848
240846,0x01496630,5370,0x029f4000,43991040
240847,0x01496640,5371,0x029f6000,43999232
240849,0x01496650,5372,0x029f8000,44007424
240850,0x01496660,5373,0x029fa000,44015616
240851,0x01496670,5374,0x029fc000,44023808
240853,0x01496680,5375,0x029fe000,44032000
240854,0x01496690,5376,0x02a00000,44040192
240855,0x014966a0,5377,0x02a02000,44048384
240857,0x014966b0,5378,0x02a04000,44056576
240858,0x014966c0,5379,0x02a06000,44064768
240861,0x014966d0,5380,0x02a08000,44072960
240864,0x014966e0,5381,0x02a0a000,44081152
240867,0x014966f0,5382,0x02a0c000,44089344
240868,0x01496700,5383,0x02a0e000,44097536
240869,0x01496710,5384,0x02a10000,44105728
240870,0x01496720,5385,0x02a12000,44113920
240871,0x01496730,5386,0x02a14000,44122112
240874,0x01496740,5387,0x02a16000,44130304
240875,0x01496750,5388,0x02a18000,44138496
240876,0x01496760,5389,0x02a1a000,44146688
240878,0x01496770,5390,0x02a1c000,44154880
240879,0x01496780,5391,0x02a1e000,44163072
240883,0x01496790,5392,0x02a20000,44171264
240887,0x014967a0,5393,0x02a22000,44179456
240888,0x014967b0,5394,0x02a24000,44187648
240889,0x014967c0,5395,0x02a26000,44195840
240893,0x014967d0,5396,0x02a28000,44204032
240895,0x014967e0,5397,0x02a2a000,44212224
240896,0x014967f0,5398,0x02a2c000,44220416
240898,0x01496800,5399,0x02a2e000,44228608
240899,0x01496810,5400,0x02a30000,44236800
240901,0x01496820,5401,0x02a32000,44244992
240903,0x01496830,5402,0x02a34000,44253184
240905,0x01496840,5403,0x02a36000,44261376
240906,0x01496850,5404,0x02a38000,44269568
240907,0x01496860,5405,0x02a3a000,44277760
240908,0x01496870,5406,0x02a3c000,44285952
240909,0x01496880,5407,0x02a3e000,44294144
240910,0x01496890,5408,0x02a40000,44302336
240912,0x014968a0,5409,0x02a42000,44310528
240913,0x014968b0,5410,0x02a44000,44318720
240914,0x014968c0,5411,0x02a46000,44326912
240915,0x014968d0,5412,0x02a48000,44335104
240916,0x014968e0,5413,0x02a4a000,44343296
240917,0x014968f0,5414,0x02a4c000,44351488
240918,0x01496900,5415,0x02a4e000,44359680
240922,0x01496910,5416,0x02a50000,44367872
240923,0x01496920,5417,0x02a52000,44376064
240924,0x01496930,5418,0x02a54000,44384256
240926,0x01496940,5419,0x02a56000,44392448
240927,0x01496950,5420,0x02a58000,44400640
240928,0x01496960,5421,0x02a5a000,44408832
240930,0x01496970,5422,0x02a5c000,44417024
240932,0x01496980,5423,0x02a5e000,44425216
240935,0x01496990,5424,0x02a60000,44433408
240936,0x014969a0,5425,0x02a62000,44441600
240937,0x014969b0,5426,0x02a64000,44449792
240938,0x014969c0,5427,0x02a66000,44457984
240940,0x014969d0,5428,0x02a68000,44466176
240946,0x014969e0,5429,0x02a6a000,44474368
240947,0x014969f0,5430,0x02a6c000,44482560
240949,0x01496a00,5431,0x02a6e000,44490752
240950,0x01496a10,5432,0x02a70000,44498944
240951,0x01496a20,5433,0x02a72000,44507136
240953,0x01496a30,5434,0x02a74000,44515328
240954,0x01496a40,5435,0x02a76000,44523520
240955,0x01496a50,5436,0x02a78000,44531712
240958,0x01496a60,5437,0x02a7a000,44539904
240960,0x01496a70,5438,0x02a7c000,44548096
240961,0x01496a80,5439,0x02a7e000,44556288
240962,0x01496a90,5440,0x02a80000,44564480
240963,0x01496aa0,5441,0x02a82000,44572672
240965,0x01496ab0,5442,0x02a84000,44580864
240968,0x01496ac0,5443,0x02a86000,44589056
240969,0x01496ad0,5444,0x02a88000,44597248
240970,0x01496ae0,5445,0x02a8a000,44605440
240972,0x01496af0,5446,0x02a8c000,44613632
240974,0x01496b00,5447,0x02a8e000,44621824
240975,0x01496b10,5448,0x02a90000,44630016
240976,0x01496b20,5449,0x02a92000,44638208
240977,0x01496b30,5450,0x02a94000,44646400
240979,0x01496b40,5451,0x02a96000,44654592
240980,0x01496b50,5452,0x02a98000,44662784
240981,0x01496b60,5453,0x02a9a000,44670976
240982,0x01496b70,5454,0x02a9c000,44679168
240983,0x01496b80,5455,0x02a9e000,44687360
240985,0x01496b90,5456,0x02aa0000,44695552
240986,0x01496ba0,5457,0x02aa2000,44703744
240988,0x01496bb0,5458,0x02aa4000,44711936
240990,0x01496bc0,5459,0x02aa6000,44720128
240991,0x01496bd0,5460,0x02aa8000,44728320
240992,0x01496be0,5461,0x02aaa000,44736512
240993,0x01496bf0,5462,0x02aac000,44744704
240995,0x01496c00,5463,0x02aae000,44752896
240996,0x01496c10,5464,0x02ab0000,44761088
240997,0x01496c20,5465,0x02ab2000,44769280
240998,0x01496c30,5466,0x02ab4000,44777472
241000,0x01496c40,5467,0x02ab6000,44785664
241001,0x01496c50,5468,0x02ab8000,44793856
241005,0x01496c60,5469,0x02aba000,44802048
241010,0x01496c70,5470,0x02abc000,44810240
241011,0x01496c80,5471,0x02abe000,44818432
241012,0x01496c90,5472,0x02ac0000,44826624
241013,0x01496ca0,5473,0x02ac2000,44834816
241015,0x01496cb0,5474,0x02ac4000,44843008
241017,0x01496cc0,5475,0x02ac6000,44851200
241018,0x01496cd0,5476,0x02ac8000,44859392
241019,0x01496ce0,5477,0x02aca000,44867584
241020,0x01496cf0,5478,0x02acc000,44875776
241021,0x01496d00,5479,0x02ace000,44883968
241023,0x01496d10,5480,0x02ad0000,44892160
241024,0x01496d20,5481,0x02ad2000,44900352
241025,0x01496d30,5482,0x02ad4000,44908544
241026,0x01496d40,5483,0x02ad6000,44916736
241028,0x01496d50,5484,0x02ad8000,44924928
241029,0x01496d60,5485,0x02ada000,44933120
241030,0x01496d70,5486,0x02adc000,44941312
241031,0x01496d80,5487,0x02ade000,44949504
241032,0x01496d90,5488,0x02ae0000,44957696
241033,0x01496da0,5489,0x02ae2000,44965888
241034,0x01496db0,5490,0x02ae4000,44974080
241035,0x01496dc0,5491,0x02ae6000,44982272
241036,0x01496dd0,5492,0x02ae8000,44990464
241037,0x01496de0,5493,0x02aea000,44998656
241038,0x01496df0,5494,0x02aec000,45006848
241039,0x01496e00,5495,0x02aee000,45015040
241041,0x01496e10,5496,0x02af0000,45023232
241043,0x01496e20,5497,0x02af2000,45031424
241045,0x01496e30,5498,0x02af4000,45039616
241047,0x01496e40,5499,0x02af6000,45047808
241048,0x01496e50,5500,0x02af8000,45056000
241050,0x01496e60,5501,0x02afa000,45064192
241051,0x01496e70,5502,0x02afc000,45072384
241052,0x01496e80,5503,0x02afe000,45080576
241053,0x01496e90,5504,0x02b00000,45088768
241054,0x01496ea0,5505,0x02b02000,45096960
241055,0x01496eb0,5506,0x02b04000,45105152
241056,0x01496ec0,5507,0x02b06000,45113344
241057,0x01496ed0,5508,0x02b08000,45121536
241058,0x01496ee0,5509,0x02b0a000,45129728
241060,0x01496ef0,5510,0x02b0c000,45137920
241061,0x01496f00,5511,0x02b0e000,45146112
241062,0x01496f10,5512,0x02b10000,45154304
241063,0x01496f20,5513,0x02b12000,45162496
241066,0x01496f30,5514,0x02b14000,45170688
241069,0x01496f40,5515,0x02b16000,45178880
241070,0x01496f50,5516,0x02b18000,45187072
241073,0x01496f60,5517,0x02b1a000,45195264
241074,0x01496f70,5518,0x02b1c000,45203456
241075,0x01496f80,5519,0x02b1e000,45211648
241077,0x01496f90,5520,0x02b20000,45219840
241080,0x01496fa0,5521,0x02b22000,45228032
241081,0x01496fb0,5522,0x02b24000,45236224
241082,0x01496fc0,5523,0x02b26000,45244416
241083,0x01496fd0,5524,0x02b28000,45252608
241086,0x01496fe0,5525,0x02b2a000,45260800
241089,0x01496ff0,5526,0x02b2c000,45268992
241090,0x01597000,5528,0x02b30000,45285376
241091,0x01597010,5529,0x02b32000,45293568
241092,0x01597020,5530,0x02b34000,45301760
241093,0x01597030,5531,0x02b36000,45309952
241094,0x01597040,5532,0x02b38000,45318144
241095,0x01597050,5533,0x02b3a000,45326336
241096,0x01597060,5534,0x02b3c000,45334528
241097,0x01597070,5535,0x02b3e000,45342720
241098,0x01597080,5536,0x02b40000,45350912
241102,0x01597090,5537,0x02b42000,45359104
241103,0x015970a0,5538,0x02b44000,45367296
241105,0x015970b0,5539,0x02b46000,45375488
241108,0x015970c0,5540,0x02b48000,45383680
241110,0x015970d0,5541,0x02b4a000,45391872
241111,0x015970e0,5542,0x02b4c000,45400064
241112,0x015970f0,5543,0x02b4e000,45408256
241113,0x01597100,5544,0x02b50000,45416448
241114,0x01597110,5545,0x02b52000,45424640
241115,0x01597120,5546,0x02b54000,45432832
241116,0x01597130,5547,0x02b56000,45441024
241117,0x01597140,5548,0x02b58000,45449216
241119,0x01597150,5549,0x02b5a000,45457408
241120,0x01597160,5550,0x02b5c000,45465600
241125,0x01597170,5551,0x02b5e000,45473792
241127,0x01597180,5552,0x02b60000,45481984
241130,0x01597190,5553,0x02b62000,45490176
241134,0x015971a0,5554,0x02b64000,45498368
241135,0x015971b0,5555,0x02b66000,45506560
241136,0x015971c0,5556,0x02b68000,45514752
241141,0x015971d0,5557,0x02b6a000,45522944
241142,0x015971e0,5558,0x02b6c000,45531136
241145,0x015971f0,5559,0x02b6e000,45539328
241146,0x01597200,5560,0x02b70000,45547520
241147,0x01597210,5561,0x02b72000,45555712
241149,0x01597220,5562,0x02b74000,45563904
241152,0x01597230,5563,0x02b76000,45572096
241153,0x01597240,5564,0x02b78000,45580288
241155,0x01597250,5565,0x02b7a000,45588480
241156,0x01597260,5566,0x02b7c000,45596672
241157,0x01597270,5567,0x02b7e000,45604864
241158,0x01597280,5568,0x02b80000,45613056
241159,0x01597290,5569,0x02b82000,45621248
241160,0x015972a0,5570,0x02b84000,45629440
241161,0x015972b0,5571,0x02b86000,45637632
241165,0x015972c0,5572,0x02b88000,45645824
241166,0x015972d0,5573,0x02b8a000,45654016
241167,0x015972e0,5574,0x02b8c000,45662208
241168,0x015972f0,5575,0x02b8e000,45670400
241169,0x01597300,5576,0x02b90000,45678592
241170,0x01597310,5577,0x02b92000,45686784
241172,0x01597320,5578,0x02b94000,45694976
241173,0x01597330,5579,0x02b96000,45703168
241174,0x01597340,5580,0x02b98000,45711360
241175,0x01597350,5581,0x02b9a000,45719552
241176,0x01597360,5582,0x02b9c000,45727744
241177,0x01597370,5583,0x02b9e000,45735936
241180,0x01597380,5584,0x02ba0000,45744128
241182,0x01597390,5585,0x02ba2000,45752320
241183,0x015973a0,5586,0x02ba4000,45760512
241186,0x015973b0,5587,0x02ba6000,45768704
241189,0x015973c0,5588,0x02ba8000,45776896
241190,0x015973d0,5589,0x02baa000,45785088
241191,0x015973e0,5590,0x02bac000,45793280
241192,0x015973f0,5591,0x02bae000,45801472
241193,0x01597400,5592,0x02bb0000,45809664
241194,0x01597410,5593,0x02bb2000,45817856
241195,0x01597420,5594,0x02bb4000,45826048
241196,0x01597430,5595,0x02bb6000,45834240
241197,0x01597440,5596,0x02bb8000,45842432
241200,0x01597450,5597,0x02bba000,45850624
241201,0x01597460,5598,0x02bbc000,45858816
241202,0x01597470,5599,0x02bbe000,45867008
241206,0x01597480,5600,0x02bc0000,45875200
241207,0x01597490,5601,0x02bc2000,45883392
241208,0x015974a0,5602,0x02bc4000,45891584
241209,0x015974b0,5603,0x02bc6000,45899776
241210,0x015974c0,5604,0x02bc8000,45907968
241211,0x015974d0,5605,0x02bca000,45916160
241212,0x015974e0,5606,0x02bcc000,45924352
241213,0x015974f0,5607,0x02bce000,45932544
241214,0x01597500,5608,0x02bd0000,45940736
241215,0x01597510,5609,0x02bd2000,45948928
241216,0x01597520,5610,0x02bd4000,45957120
241219,0x01597530,5611,0x02bd6000,45965312
241220,0x01597540,5612,0x02bd8000,45973504
241221,0x01597550,5613,0x02bda000,45981696
241225,0x01597560,5614,0x02bdc000,45989888
241226,0x01597570,5615,0x02bde000,45998080
241227,0x01597580,5616,0x02be0000,46006272
241228,0x01597590,5617,0x02be2000,46014464
241229,0x015975a0,5618,0x02be4000,46022656
241231,0x015975b0,5619,0x02be6000,46030848
241232,0x015975c0,5620,0x02be8000,46039040
241234,0x015975d0,5621,0x02bea000,46047232
241236,0x015975e0,5622,0x02bec000,46055424
241237,0x015975f0,5623,0x02bee000,46063616
241239,0x01597600,5624,0x02bf0000,46071808
241242,0x01597610,5625,0x02bf2000,46080000
241243,0x01597620,5626,0x02bf4000,46088192
241244,0x01597630,5627,0x02bf6000,46096384
241245,0x01597640,5628,0x02bf8000,46104576
241246,0x01597650,5629,0x02bfa000,46112768
241247,0x01597660,5630,0x02bfc000,46120960
241248,0x01597670,5631,0x02bfe000,46129152
241250,0x01597680,5632,0x02c00000,46137344
241251,0x01597690,5633,0x02c02000,46145536
241252,0x015976a0,5634,0x02c04000,46153728
241253,0x015976b0,5635,0x02c06000,46161920
241254,0x015976c0,5636,0x02c08000,46170112
241257,0x015976d0,5637,0x02c0a000,46178304
241258,0x015976e0,5638,0x02c0c000,46186496
241259,0x015976f0,5639,0x02c0e000,46194688
241261,0x01597700,5640,0x02c10000,46202880
241262,0x01597710,5641,0x02c12000,46211072
241263,0x01597720,5642,0x02c14000,46219264
241264,0x01597730,5643,0x02c16000,46227456
241266,0x01597740,5644,0x02c18000,46235648
241267,0x01597750,5645,0x02c1a000,46243840
241268,0x01597760,5646,0x02c1c000,46252032
241270,0x01597770,5647,0x02c1e000,46260224
241272,0x01597780,5648,0x02c20000,46268416
241273,0x01597790,5649,0x02c22000,46276608
241275,0x015977a0,5650,0x02c24000,46284800
241276,0x015977b0,5651,0x02c26000,46292992
241277,0x015977c0,5652,0x02c28000,46301184
241278,0x015977d0,5653,0x02c2a000,46309376
241279,0x015977e0,5654,0x02c2c000,46317568
241280,0x015977f0,5655,0x02c2e000,46325760
241281,0x01597800,5656,0x02c30000,46333952
241284,0x01597810,5657,0x02c32000,46342144
241287,0x01597820,5658,0x02c34000,46350336
241288,0x01597830,5659,0x02c36000,46358528
241289,0x01597840,5660,0x02c38000,46366720
241290,0x01597850,5661,0x02c3a000,46374912
241291,0x01597860,5662,0x02c3c000,46383104
241293,0x01597870,5663,0x02c3e000,46391296
241296,0x01597880,5664,0x02c40000,46399488
241297,0x01597890,5665,0x02c42000,46407680
241298,0x015978a0,5666,0x02c44000,46415872
241300,0x015978b0,5667,0x02c46000,46424064
241301,0x015978c0,5668,0x02c48000,46432256
241302,0x015978d0,5669,0x02c4a000,46440448
241304,0x015978e0,5670,0x02c4c000,46448640
241305,0x015978f0,5671,0x02c4e000,46456832
241306,0x01597900,5672,0x02c50000,46465024
241307,0x01597910,5673,0x02c52000,46473216
241309,0x01597920,5674,0x02c54000,46481408
241310,0x01597930,5675,0x02c56000,46489600
241311,0x01597940,5676,0x02c58000,46497792
241313,0x01597950,5677,0x02c5a000,46505984
241315,0x01597960,5678,0x02c5c000,46514176
241316,0x01597970,5679,0x02c5e000,46522368
241318,0x01597980,5680,0x02c60000,46530560
241321,0x01597990,5681,0x02c62000,46538752
241322,0x015979a0,5682,0x02c64000,46546944
241324,0x015979b0,5683,0x02c66000,46555136
241326,0x015979c0,5684,0x02c68000,46563328
241327,0x015979d0,5685,0x02c6a000,46571520
241328,0x015979e0,5686,0x02c6c000,46579712
241330,0x015979f0,5687,0x02c6e000,46587904
241332,0x01597a00,5688,0x02c70000,46596096
241334,0x01597a10,5689,0x02c72000,46604288
241335,0x01597a20,5690,0x02c74000,46612480
241336,0x01597a30,5691,0x02c76000,46620672
241338,0x01597a40,5692,0x02c78000,46628864
241339,0x01597a50,5693,0x02c7a000,46637056
241340,0x01597a60,5694,0x02c7c000,46645248
241341,0x01597a70,5695,0x02c7e000,46653440
241343,0x01597a80,5696,0x02c80000,46661632
241345,0x01597a90,5697,0x02c82000,46669824
241346,0x01597aa0,5698,0x02c84000,46678016
241348,0x01597ab0,5699,0x02c86000,46686208
241351,0x01597ac0,5700,0x02c88000,46694400
241352,0x01597ad0,5701,0x02c8a000,46702592
241354,0x01597ae0,5702,0x02c8c000,46710784
241356,0x01597af0,5703,0x02c8e000,46718976
241357,0x01597b00,5704,0x02c90000,46727168
241359,0x01597b10,5705,0x02c92000,46735360
241360,0x01597b20,5706,0x02c94000,46743552
241361,0x01597b30,5707,0x02c96000,46751744
241362,0x01597b40,5708,0x02c98000,46759936
241363,0x01597b50,5709,0x02c9a000,46768128
241365,0x01597b60,5710,0x02c9c000,46776320
241367,0x01597b70,5711,0x02c9e000,46784512
241368,0x01597b80,5712,0x02ca0000,46792704
241369,0x01597b90,5713,0x02ca2000,46800896
241370,0x01597ba0,5714,0x02ca4000,46809088
241372,0x01597bb0,5715,0x02ca6000,46817280
241373,0x01597bc0,5716,0x02ca8000,46825472
241375,0x01597bd0,5717,0x02caa000,46833664
241377,0x01597be0,5718,0x02cac000,46841856
241378,0x01597bf0,5719,0x02cae000,46850048
241379,0x01597c00,5720,0x02cb0000,46858240
241380,0x01597c10,5721,0x02cb2000,46866432
241381,0x01597c20,5722,0x02cb4000,46874624
241382,0x01597c30,5723,0x02cb6000,46882816
241385,0x01597c40,5724,0x02cb8000,46891008
241390,0x01597c50,5725,0x02cba000,46899200
241394,0x01597c60,5726,0x02cbc000,46907392
241395,0x01597c70,5727,0x02cbe000,46915584
241396,0x01597c80,5728,0x02cc0000,46923776
241397,0x01597c90,5729,0x02cc2000,46931968
241398,0x01597ca0,5730,0x02cc4000,46940160
241399,0x01597cb0,5731,0x02cc6000,46948352
241400,0x01597cc0,5732,0x02cc8000,46956544
241402,0x01597cd0,5733,0x02cca000,46964736
241404,0x01597ce0,5734,0x02ccc000,46972928
241406,0x01597cf0,5735,0x02cce000,46981120
241407,0x01597d00,5736,0x02cd0000,46989312
241409,0x01597d10,5737,0x02cd2000,46997504
241410,0x01597d20,5738,0x02cd4000,47005696
241412,0x01597d30,5739,0x02cd6000,47013888
241413,0x01597d40,5740,0x02cd8000,47022080
241414,0x01597d50,5741,0x02cda000,47030272
241415,0x01597d60,5742,0x02cdc000,47038464
241417,0x01597d70,5743,0x02cde000,47046656
241419,0x01597d80,5744,0x02ce0000,47054848
241422,0x01597d90,5745,0x02ce2000,47063040
241423,0x01597da0,5746,0x02ce4000,47071232
241425,0x01597db0,5747,0x02ce6000,47079424
241427,0x01597dc0,5748,0x02ce8000,47087616
241428,0x01597dd0,5749,0x02cea000,47095808
241429,0x01597de0,5750,0x02cec000,47104000
241430,0x01597df0,5751,0x02cee000,47112192
241434,0x01597e00,5752,0x02cf0000,47120384
241435,0x01597e10,5753,0x02cf2000,47128576
241437,0x01597e20,5754,0x02cf4000,47136768
241440,0x01597e30,5755,0x02cf6000,47144960
241441,0x01597e40,5756,0x02cf8000,47153152
241444,0x01597e50,5757,0x02cfa000,47161344
241445,0x01597e60,5758,0x02cfc000,47169536
241446,0x01597e70,5759,0x02cfe000,47177728
241447,0x01597e80,5760,0x02d00000,47185920
241448,0x01597e90,5761,0x02d02000,47194112
241449,0x01597ea0,5762,0x02d04000,47202304
241450,0x01597eb0,5763,0x02d06000,47210496
241451,0x01597ec0,5764,0x02d08000,47218688
241452,0x01597ed0,5765,0x02d0a000,47226880
241458,0x01597ee0,5766,0x02d0c000,47235072
241461,0x01597ef0,5767,0x02d0e000,47243264
241462,0x01597f00,5768,0x02d10000,47251456
241463,0x01597f10,5769,0x02d12000,47259648
241464,0x01597f20,5770,0x02d14000,47267840
241468,0x01597f30,5771,0x02d16000,47276032
241469,0x01597f40,5772,0x02d18000,47284224
241471,0x01597f50,5773,0x02d1a000,47292416
241472,0x01597f60,5774,0x02d1c000,47300608
241474,0x01597f70,5775,0x02d1e000,47308800
241475,0x01597f80,5776,0x02d20000,47316992
241478,0x01597f90,5777,0x02d22000,47325184
241480,0x01597fa0,5778,0x02d24000,47333376
241481,0x01597fb0,5779,0x02d26000,47341568
241482,0x01597fc0,5780,0x02d28000,47349760
241483,0x01597fd0,5781,0x02d2a000,47357952
241484,0x01597fe0,5782,0x02d2c000,47366144
241485,0x01597ff0,5783,0x02d2e000,47374336
241486,0x01698000,5785,0x02d32000,47390720
241488,0x01698010,5786,0x02d34000,47398912
241489,0x01698020,5787,0x02d36000,47407104
241490,0x01698030,5788,0x02d38000,47415296
241491,0x01698040,5789,0x02d3a000,47423488
241492,0x01698050,5790,0x02d3c000,47431680
241493,0x01698060,5791,0x02d3e000,47439872
241494,0x01698070,5792,0x02d40000,47448064
241495,0x01698080,5793,0x02d42000,47456256
241496,0x01698090,5794,0x02d44000,47464448
241499,0x016980a0,5795,0x02d46000,47472640
241500,0x016980b0,5796,0x02d48000,47480832
241502,0x016980c0,5797,0x02d4a000,47489024
241503,0x016980d0,5798,0x02d4c000,47497216
241504,0x016980e0,5799,0x02d4e000,47505408
241505,0x016980f0,5800,0x02d50000,47513600
241508,0x01698100,5801,0x02d52000,47521792
241513,0x01698110,5802,0x02d54000,47529984
241516,0x01698120,5803,0x02d56000,47538176
241517,0x01698130,5804,0x02d58000,47546368
241519,0x01698140,5805,0x02d5a000,47554560
241522,0x01698150,5806,0x02d5c000,47562752
241523,0x01698160,5807,0x02d5e000,47570944
241525,0x01698170,5808,0x02d60000,47579136
241526,0x01698180,5809,0x02d62000,47587328
241528,0x01698190,5810,0x02d64000,47595520
241530,0x016981a0,5811,0x02d66000,47603712
241531,0x016981b0,5812,0x02d68000,47611904
241532,0x016981c0,5813,0x02d6a000,47620096
241535,0x016981d0,5814,0x02d6c000,47628288
241536,0x016981e0,5815,0x02d6e000,47636480
241537,0x016981f0,5816,0x02d70000,47644672
241540,0x01698200,5817,0x02d72000,47652864
241541,0x01698210,5818,0x02d74000,47661056
241545,0x01698220,5819,0x02d76000,47669248
241546,0x01698230,5820,0x02d78000,47677440
241547,0x01698240,5821,0x02d7a000,47685632
241548,0x01698250,5822,0x02d7c000,47693824
241549,0x01698260,5823,0x02d7e000,47702016
241550,0x01698270,5824,0x02d80000,47710208
241551,0x01698280,5825,0x02d82000,47718400
241552,0x01698290,5826,0x02d84000,47726592
241553,0x016982a0,5827,0x02d86000,47734784
241554,0x016982b0,5828,0x02d88000,47742976
241555,0x016982c0,5829,0x02d8a000,47751168
241557,0x016982d0,5830,0x02d8c000,47759360
241558,0x016982e0,5831,0x02d8e000,47767552
241559,0x016982f0,5832,0x02d90000,47775744
241560,0x01698300,5833,0x02d92000,47783936
241562,0x01698310,5834,0x02d94000,47792128
241564,0x01698320,5835,0x02d96000,47800320
241565,0x01698330,5836,0x02d98000,47808512
241566,0x01698340,5837,0x02d9a000,47816704
241572,0x01698350,5838,0x02d9c000,47824896
241574,0x01698360,5839,0x02d9e000,47833088
241575,0x01698370,5840,0x02da0000,47841280
241576,0x01698380,5841,0x02da2000,47849472
241579,0x01698390,5842,0x02da4000,47857664
241580,0x016983a0,5843,0x02da6000,47865856
241581,0x016983b0,5844,0x02da8000,47874048
241583,0x016983c0,5845,0x02daa000,47882240
241584,0x016983d0,5846,0x02dac000,47890432
241587,0x016983e0,5847,0x02dae000,47898624
241589,0x016983f0,5848,0x02db0000,47906816
241591,0x01698400,5849,0x02db2000,47915008
241592,0x01698410,5850,0x02db4000,47923200
241593,0x01698420,5851,0x02db6000,47931392
241594,0x01698430,5852,0x02db8000,47939584
241597,0x01698440,5853,0x02dba000,47947776
241598,0x01698450,5854,0x02dbc000,47955968
241600,0x01698460,5855,0x02dbe000,47964160
241601,0x01698470,5856,0x02dc0000,47972352
241602,0x01698480,5857,0x02dc2000,47980544
241603,0x01698490,5858,0x02dc4000,47988736
241605,0x016984a0,5859,0x02dc6000,47996928
241607,0x016984b0,5860,0x02dc8000,48005120
241608,0x016984c0,5861,0x02dca000,48013312
241611,0x016984d0,5862,0x02dcc000,48021504
241616,0x016984e0,5863,0x02dce000,48029696
241617,0x016984f0,5864,0x02dd0000,48037888
241621,0x01698500,5865,0x02dd2000,48046080
241622,0x01698510,5866,0x02dd4000,48054272
241623,0x01698520,5867,0x02dd6000,48062464
241624,0x01698530,5868,0x02dd8000,48070656
241625,0x01698540,5869,0x02dda000,48078848
241626,0x01698550,5870,0x02ddc000,48087040
241627,0x01698560,5871,0x02dde000,48095232
241628,0x01698570,5872,0x02de0000,48103424
241629,0x01698580,5873,0x02de2000,48111616
241630,0x01698590,5874,0x02de4000,48119808
241635,0x016985a0,5875,0x02de6000,48128000
241636,0x016985b0,5876,0x02de8000,48136192
241637,0x016985c0,5877,0x02dea000,48144384
241638,0x016985d0,5878,0x02dec000,48152576
241640,0x016985e0,5879,0x02dee000,48160768
241641,0x016985f0,5880,0x02df0000,48168960
241643,0x01698600,5881,0x02df2000,48177152
241644,0x01698610,5882,0x02df4000,48185344
241645,0x01698620,5883,0x02df6000,48193536
241649,0x01698630,5884,0x02df8000,48201728
241650,0x01698640,5885,0x02dfa000,48209920
241652,0x01698650,5886,0x02dfc000,48218112
241653,0x01698660,5887,0x02dfe000,48226304
241654,0x01698670,5888,0x02e00000,48234496
241655,0x01698680,5889,0x02e02000,48242688
241656,0x01698690,5890,0x02e04000,48250880
241657,0x016986a0,5891,0x02e06000,48259072
241659,0x016986b0,5892,0x02e08000,48267264
241661,0x016986c0,5893,0x02e0a000,48275456
241662,0x016986d0,5894,0x02e0c000,48283648
241663,0x016986e0,5895,0x02e0e000,48291840
241664,0x016986f0,5896,0x02e10000,48300032
241668,0x01698700,5897,0x02e12000,48308224
241671,0x01698710,5898,0x02e14000,48316416
241674,0x01698720,5899,0x02e16000,48324608
241675,0x01698730,5900,0x02e18000,48332800
241676,0x01698740,5901,0x02e1a000,48340992
241678,0x01698750,5902,0x02e1c000,48349184
241681,0x01698760,5903,0x02e1e000,48357376
241682,0x01698770,5904,0x02e20000,48365568
241684,0x01698780,5905,0x02e22000,48373760
241685,0x01698790,5906,0x02e24000,48381952
241687,0x016987a0,5907,0x02e26000,48390144
241689,0x016987b0,5908,0x02e28000,48398336
241692,0x016987c0,5909,0x02e2a000,48406528
241693,0x016987d0,5910,0x02e2c000,48414720
241696,0x016987e0,5911,0x02e2e000,48422912
241697,0x016987f0,5912,0x02e30000,48431104
241698,0x01698800,5913,0x02e32000,48439296
241700,0x01698810,5914,0x02e34000,48447488
241703,0x01698820,5915,0x02e36000,48455680
241704,0x01698830,5916,0x02e38000,48463872
241706,0x01698840,5917,0x02e3a000,48472064
241707,0x01698850,5918,0x02e3c000,48480256
241708,0x01698860,5919,0x02e3e000,48488448
241710,0x01698870,5920,0x02e40000,48496640
241712,0x01698880,5921,0x02e42000,48504832
241714,0x01698890,5922,0x02e44000,48513024
241720,0x016988a0,5923,0x02e46000,48521216
241722,0x016988b0,5924,0x02e48000,48529408
241725,0x016988c0,5925,0x02e4a000,48537600
241727,0x016988d0,5926,0x02e4c000,48545792
241728,0x016988e0,5927,0x02e4e000,48553984
241732,0x016988f0,5928,0x02e50000,48562176
241733,0x01698900,5929,0x02e52000,48570368
241734,0x01698910,5930,0x02e54000,48578560
241735,0x01698920,5931,0x02e56000,48586752
241736,0x01698930,5932,0x02e58000,48594944
241737,0x01698940,5933,0x02e5a000,48603136
241738,0x01698950,5934,0x02e5c000,48611328
241740,0x01698960,5935,0x02e5e000,48619520
241741,0x01698970,5936,0x02e60000,48627712
241743,0x01698980,5937,0x02e62000,48635904
241746,0x01698990,5938,0x02e64000,48644096
241749,0x016989a0,5939,0x02e66000,48652288
241751,0x016989b0,5940,0x02e68000,48660480
241752,0x016989c0,5941,0x02e6a000,48668672
241756,0x016989d0,5942,0x02e6c000,48676864
241757,0x016989e0,5943,0x02e6e000,48685056
241758,0x016989f0,5944,0x02e70000,48693248
241759,0x01698a00,5945,0x02e72000,48701440
241762,0x01698a10,5946,0x02e74000,48709632
241765,0x01698a20,5947,0x02e76000,48717824
241768,0x01698a30,5948,0x02e78000,48726016
241770,0x01698a40,5949,0x02e7a000,48734208
241771,0x01698a50,5950,0x02e7c000,48742400
241773,0x01698a60,5951,0x02e7e000,48750592
241774,0x01698a70,5952,0x02e80000,48758784
241776,0x01698a80,5953,0x02e82000,48766976
241778,0x01698a90,5954,0x02e84000,48775168
241779,0x01698aa0,5955,0x02e86000,48783360
241781,0x01698ab0,5956,0x02e88000,48791552
241782,0x01698ac0,5957,0x02e8a000,48799744
241783,0x01698ad0,5958,0x02e8c000,48807936
241784,0x01698ae0,5959,0x02e8e000,48816128
241785,0x01698af0,5960,0x02e90000,48824320
241786,0x01698b00,5961,0x02e92000,48832512
241787,0x01698b10,5962,0x02e94000,48840704
241791,0x01698b20,5963,0x02e96000,48848896
241794,0x01698b30,5964,0x02e98000,48857088
241801,0x01698b40,5965,0x02e9a000,48865280
241802,0x01698b50,5966,0x02e9c000,48873472
241808,0x01698b60,5967,0x02e9e000,48881664
241809,0x01698b70,5968,0x02ea0000,48889856
241811,0x01698b80,5969,0x02ea2000,48898048
241813,0x01698b90,5970,0x02ea4000,48906240
241817,0x01698ba0,5971,0x02ea6000,48914432
241819,0x01698bb0,5972,0x02ea8000,48922624
241820,0x01698bc0,5973,0x02eaa000,48930816
241821,0x01698bd0,5974,0x02eac000,48939008
241823,0x01698be0,5975,0x02eae000,48947200
241824,0x01698bf0,5976,0x02eb0000,48955392
241826,0x01698c00,5977,0x02eb2000,48963584
241827,0x01698c10,5978,0x02eb4000,48971776
241828,0x01698c20,5979,0x02eb6000,48979968
241830,0x01698c30,5980,0x02eb8000,48988160
241832,0x01698c40,5981,0x02eba000,48996352
241834,0x01698c50,5982,0x02ebc000,49004544
241835,0x01698c60,5983,0x02ebe000,49012736
241837,0x01698c70,5984,0x02ec0000,49020928
241838,0x01698c80,5985,0x02ec2000,49029120
241842,0x01698c90,5986,0x02ec4000,49037312
241845,0x01698ca0,5987,0x02ec6000,49045504
241846,0x01698cb0,5988,0x02ec8000,49053696
241847,0x01698cc0,5989,0x02eca000,49061888
241848,0x01698cd0,5990,0x02ecc000,49070080
241849,0x01698ce0,5991,0x02ece000,49078272
241851,0x01698cf0,5992,0x02ed0000,49086464
241852,0x01698d00,5993,0x02ed2000,49094656
241854,0x01698d10,5994,0x02ed4000,49102848
241857,0x01698d20,5995,0x02ed6000,49111040
241858,0x01698d30,5996,0x02ed8000,49119232
241861,0x01698d40,5997,0x02eda000,49127424
241863,0x01698d50,5998,0x02edc000,49135616
241865,0x01698d60,5999,0x02ede000,49143808
241866,0x01698d70,6000,0x02ee0000,49152000
241867,0x01698d80,6001,0x02ee2000,49160192
241868,0x01698d90,6002,0x02ee4000,49168384
241869,0x01698da0,6003,0x02ee6000,49176576
241870,0x01698db0,6004,0x02ee8000,49184768
241871,0x01698dc0,6005,0x02eea000,49192960
241872,0x01698dd0,6006,0x02eec000,49201152
241875,0x01698de0,6007,0x02eee000,49209344
241877,0x01698df0,6008,0x02ef0000,49217536
241880,0x01698e00,6009,0x02ef2000,49225728
241882,0x01698e10,6010,0x02ef4000,49233920
241883,0x01698e20,6011,0x02ef6000,49242112
241884,0x01698e30,6012,0x02ef8000,49250304
241891,0x01698e40,6013,0x02efa000,49258496
241892,0x01698e50,6014,0x02efc000,49266688
241893,0x01698e60,6015,0x02efe000,49274880
241895,0x01698e70,6016,0x02f00000,49283072
241896,0x01698e80,6017,0x02f02000,49291264
241898,0x01698e90,6018,0x02f04000,49299456
241901,0x01698ea0,6019,0x02f06000,49307648
241902,0x01698eb0,6020,0x02f08000,49315840
241904,0x01698ec0,6021,0x02f0a000,49324032
241906,0x01698ed0,6022,0x02f0c000,49332224
241911,0x01698ee0,6023,0x02f0e000,49340416
241912,0x01698ef0,6024,0x02f10000,49348608
241914,0x01698f00,6025,0x02f12000,49356800
241916,0x01698f10,6026,0x02f14000,49364992
241921,0x01698f20,6027,0x02f16000,49373184
241923,0x01698f30,6028,0x02f18000,49381376
241924,0x01698f40,6029,0x02f1a000,49389568
241926,0x01698f50,6030,0x02f1c000,49397760
241927,0x01698f60,6031,0x02f1e000,49405952
241928,0x01698f70,6032,0x02f20000,49414144
241929,0x01698f80,6033,0x02f22000,49422336
241930,0x01698f90,6034,0x02f24000,49430528
241931,0x01698fa0,6035,0x02f26000,49438720
241932,0x01698fb0,6036,0x02f28000,49446912
241935,0x01698fc0,6037,0x02f2a000,49455104
241939,0x01698fd0,6038,0x02f2c000,49463296
241943,0x01698fe0,6039,0x02f2e000,49471488
241944,0x01698ff0,6040,0x02f30000,49479680
241948,0x01799000,6042,0x02f34000,49496064
241952,0x01799010,6043,0x02f36000,49504256
241954,0x01799020,6044,0x02f38000,49512448
241955,0x01799030,6045,0x02f3a000,49520640
241958,0x01799040,6046,0x02f3c000,49528832
241959,0x01799050,6047,0x02f3e000,49537024
241960,0x01799060,6048,0x02f40000,49545216
241966,0x01799070,6049,0x02f42000,49553408
241967,0x01799080,6050,0x02f44000,49561600
241968,0x01799090,6051,0x02f46000,49569792
241969,0x017990a0,6052,0x02f48000,49577984
241972,0x017990b0,6053,0x02f4a000,49586176
241973,0x017990c0,6054,0x02f4c000,49594368
241975,0x017990d0,6055,0x02f4e000,49602560
241976,0x017990e0,6056,0x02f50000,49610752
241977,0x017990f0,6057,0x02f52000,49618944
241980,0x01799100,6058,0x02f54000,49627136
241981,0x01799110,6059,0x02f56000,49635328
241985,0x01799120,6060,0x02f58000,49643520
241987,0x01799130,6061,0x02f5a000,49651712
241990,0x01799140,6062,0x02f5c000,49659904
241991,0x01799150,6063,0x02f5e000,49668096
241995,0x01799160,6064,0x02f60000,49676288
241996,0x01799170,6065,0x02f62000,49684480
241997,0x01799180,6066,0x02f64000,49692672
241998,0x01799190,6067,0x02f66000,49700864
241999,0x017991a0,6068,0x02f68000,49709056
242000,0x017991b0,6069,0x02f6a000,49717248
242003,0x017991c0,6070,0x02f6c000,49725440
242006,0x017991d0,6071,0x02f6e000,49733632
242007,0x017991e0,6072,0x02f70000,49741824
242008,0x017991f0,6073,0x02f72000,49750016
242009,0x01799200,6074,0x02f74000,49758208
242010,0x01799210,6075,0x02f76000,49766400
242011,0x01799220,6076,0x02f78000,49774592
242013,0x01799230,6077,0x02f7a000,49782784
242014,0x01799240,6078,0x02f7c000,49790976
242015,0x01799250,6079,0x02f7e000,49799168
242018,0x01799260,6080,0x02f80000,49807360
242019,0x01799270,6081,0x02f82000,49815552
242020,0x01799280,6082,0x02f84000,49823744
242021,0x01799290,6083,0x02f86000,49831936
242022,0x017992a0,6084,0x02f88000,49840128
242023,0x017992b0,6085,0x02f8a000,49848320
242024,0x017992c0,6086,0x02f8c000,49856512
242028,0x017992d0,6087,0x02f8e000,49864704
242029,0x017992e0,6088,0x02f90000,49872896
242032,0x017992f0,6089,0x02f92000,49881088
242033,0x01799300,6090,0x02f94000,49889280
242034,0x01799310,6091,0x02f96000,49897472
242038,0x01799320,6092,0x02f98000,49905664
242039,0x01799330,6093,0x02f9a000,49913856
242040,0x01799340,6094,0x02f9c000,49922048
242041,0x01799350,6095,0x02f9e000,49930240
242045,0x01799360,6096,0x02fa0000,49938432
242046,0x01799370,6097,0x02fa2000,49946624
242048,0x01799380,6098,0x02fa4000,49954816
242049,0x01799390,6099,0x02fa6000,49963008
242050,0x017993a0,6100,0x02fa8000,49971200
242051,0x017993b0,6101,0x02faa000,49979392
242056,0x017993c0,6102,0x02fac000,49987584
242057,0x017993d0,6103,0x02fae000,49995776
242059,0x017993e0,6104,0x02fb0000,50003968
242060,0x017993f0,6105,0x02fb2000,50012160
242063,0x01799400,6106,0x02fb4000,50020352
242064,0x01799410,6107,0x02fb6000,50028544
242066,0x01799420,6108,0x02fb8000,50036736
242067,0x01799430,6109,0x02fba000,50044928
242068,0x01799440,6110,0x02fbc000,50053120
242069,0x01799450,6111,0x02fbe000,50061312
242071,0x01799460,6112,0x02fc0000,50069504
242074,0x01799470,6113,0x02fc2000,50077696
242077,0x01799480,6114,0x02fc4000,50085888
242079,0x01799490,6115,0x02fc6000,50094080
242082,0x017994a0,6116,0x02fc8000,50102272
242083,0x017994b0,6117,0x02fca000,50110464
242085,0x017994c0,6118,0x02fcc000,50118656
242088,0x017994d0,6119,0x02fce000,50126848
242090,0x017994e0,6120,0x02fd0000,50135040
242093,0x017994f0,6121,0x02fd2000,50143232
242095,0x01799500,6122,0x02fd4000,50151424
242096,0x01799510,6123,0x02fd6000,50159616
242097,0x01799520,6124,0x02fd8000,50167808
242099,0x01799530,6125,0x02fda000,50176000
242104,0x01799540,6126,0x02fdc000,50184192
242106,0x01799550,6127,0x02fde000,50192384
242107,0x01799560,6128,0x02fe0000,50200576
242108,0x01799570,6129,0x02fe2000,50208768
242110,0x01799580,6130,0x02fe4000,50216960
242112,0x01799590,6131,0x02fe6000,50225152
242113,0x017995a0,6132,0x02fe8000,50233344
242114,0x017995b0,6133,0x02fea000,50241536
242115,0x017995c0,6134,0x02fec000,50249728
242116,0x017995d0,6135,0x02fee000,50257920
242119,0x017995e0,6136,0x02ff0000,50266112
242121,0x017995f0,6137,0x02ff2000,50274304
242123,0x01799600,6138,0x02ff4000,50282496
242124,0x01799610,6139,0x02ff6000,50290688
242125,0x01799620,6140,0x02ff8000,50298880
242127,0x01799630,6141,0x02ffa000,50307072
242128,0x01799640,6142,0x02ffc000,50315264
242129,0x01799650,6143,0x02ffe000,50323456
242130,0x01799660,6144,0x03000000,50331648
242131,0x01799670,6145,0x03002000,50339840
242133,0x01799680,6146,0x03004000,50348032
242134,0x01799690,6147,0x03006000,50356224
242137,0x017996a0,6148,0x03008000,50364416
242138,0x017996b0,6149,0x0300a000,50372608
242139,0x017996c0,6150,0x0300c000,50380800
242140,0x017996d0,6151,0x0300e000,50388992
242141,0x017996e0,6152,0x03010000,50397184
242142,0x017996f0,6153,0x03012000,50405376
242143,0x01799700,6154,0x03014000,50413568
242144,0x01799710,6155,0x03016000,50421760
242148,0x01799720,6156,0x03018000,50429952
242150,0x01799730,6157,0x0301a000,50438144
242151,0x01799740,6158,0x0301c000,50446336
242153,0x01799750,6159,0x0301e000,50454528
242155,0x01799760,6160,0x03020000,50462720
242157,0x01799770,6161,0x03022000,50470912
242162,0x01799780,6162,0x03024000,50479104
242163,0x01799790,6163,0x03026000,50487296
242164,0x017997a0,6164,0x03028000,50495488
242165,0x017997b0,6165,0x0302a000,50503680
242166,0x017997c0,6166,0x0302c000,50511872
242167,0x017997d0,6167,0x0302e000,50520064
242168,0x017997e0,6168,0x03030000,50528256
242169,0x017997f0,6169,0x03032000,50536448
242171,0x01799800,6170,0x03034000,50544640
242172,0x01799810,6171,0x03036000,50552832
242174,0x01799820,6172,0x03038000,50561024
242185,0x01799830,6173,0x0303a000,50569216
242187,0x01799840,6174,0x0303c000,50577408
242189,0x01799850,6175,0x0303e000,50585600
242191,0x01799860,6176,0x03040000,50593792
242199,0x01799870,6177,0x03042000,50601984
242202,0x01799880,6178,0x03044000,50610176
242204,0x01799890,6179,0x03046000,50618368
242208,0x017998a0,6180,0x03048000,50626560
242209,0x017998b0,6181,0x0304a000,50634752
242210,0x017998c0,6182,0x0304c000,50642944
242211,0x017998d0,6183,0x0304e000,50651136
242212,0x017998e0,6184,0x03050000,50659328
242213,0x017998f0,6185,0x03052000,50667520
242214,0x01799900,6186,0x03054000,50675712
242216,0x01799910,6187,0x03056000,50683904
242217,0x01799920,6188,0x03058000,50692096
242218,0x01799930,6189,0x0305a000,50700288
242219,0x01799940,6190,0x0305c000,50708480
242220,0x01799950,6191,0x0305e000,50716672
242221,0x01799960,6192,0x03060000,50724864
242222,0x01799970,6193,0x03062000,50733056
242224,0x01799980,6194,0x03064000,50741248
242225,0x01799990,6195,0x03066000,50749440
242226,0x017999a0,6196,0x03068000,50757632
242228,0x017999b0,6197,0x0306a000,50765824
242230,0x017999c0,6198,0x0306c000,50774016
242236,0x017999d0,6199,0x0306e000,50782208
242237,0x017999e0,6200,0x03070000,50790400
242238,0x017999f0,6201,0x03072000,50798592
242239,0x01799a00,6202,0x03074000,50806784
242240,0x01799a10,6203,0x03076000,50814976
242241,0x01799a20,6204,0x03078000,50823168
242246,0x01799a30,6205,0x0307a000,50831360
242248,0x01799a40,6206,0x0307c000,50839552
242253,0x01799a50,6207,0x0307e000,50847744
242254,0x01799a60,6208,0x03080000,50855936
242255,0x01799a70,6209,0x03082000,50864128
242261,0x01799a80,6210,0x03084000,50872320
242264,0x01799a90,6211,0x03086000,50880512
242267,0x01799aa0,6212,0x03088000,50888704
242268,0x01799ab0,6213,0x0308a000,50896896
242269,0x01799ac0,6214,0x0308c000,50905088
242270,0x01799ad0,6215,0x0308e000,50913280
242272,0x01799ae0,6216,0x03090000,50921472
242273,0x01799af0,6217,0x03092000,50929664
242275,0x01799b00,6218,0x03094000,50937856
242276,0x01799b10,6219,0x03096000,50946048
242282,0x01799b20,6220,0x03098000,50954240
242283,0x01799b30,6221,0x0309a000,50962432
242284,0x01799b40,6222,0x0309c000,50970624
242286,0x01799b50,6223,0x0309e000,50978816
242287,0x01799b60,6224,0x030a0000,50987008
242289,0x01799b70,6225,0x030a2000,50995200
242295,0x01799b80,6226,0x030a4000,51003392
242296,0x01799b90,6227,0x030a6000,51011584
242297,0x01799ba0,6228,0x030a8000,51019776
242302,0x01799bb0,6229,0x030aa000,51027968
242303,0x01799bc0,6230,0x030ac000,51036160
242304,0x01799bd0,6231,0x030ae000,51044352
242305,0x01799be0,6232,0x030b0000,51052544
242306,0x01799bf0,6233,0x030b2000,51060736
242307,0x01799c00,6234,0x030b4000,51068928
242308,0x01799c10,6235,0x030b6000,51077120
242309,0x01799c20,6236,0x030b8000,51085312
242310,0x01799c30,6237,0x030ba000,51093504
242314,0x01799c40,6238,0x030bc000,51101696
242316,0x01799c50,6239,0x030be000,51109888
242317,0x01799c60,6240,0x030c0000,51118080
242318,0x01799c70,6241,0x030c2000,51126272
242321,0x01799c80,6242,0x030c4000,51134464
242324,0x01799c90,6243,0x030c6000,51142656
242325,0x01799ca0,6244,0x030c8000,51150848
242326,0x01799cb0,6245,0x030ca000,51159040
242328,0x01799cc0,6246,0x030cc000,51167232
242329,0x01799cd0,6247,0x030ce000,51175424
242330,0x01799ce0,6248,0x030d0000,51183616
242335,0x01799cf0,6249,0x030d2000,51191808
242337,0x01799d00,6250,0x030d4000,51200000
242339,0x01799d10,6251,0x030d6000,51208192
242340,0x01799d20,6252,0x030d8000,51216384
242350,0x01799d30,6253,0x030da000,51224576
242352,0x01799d40,6254,0x030dc000,51232768
242354,0x01799d50,6255,0x030de000,51240960
242355,0x01799d60,6256,0x030e0000,51249152
242361,0x01799d70,6257,0x030e2000,51257344
242364,0x01799d80,6258,0x030e4000,51265536
242365,0x01799d90,6259,0x030e6000,51273728
242366,0x01799da0,6260,0x030e8000,51281920
242367,0x01799db0,6261,0x030ea000,51290112
242369,0x01799dc0,6262,0x030ec000,51298304
242372,0x01799dd0,6263,0x030ee000,51306496
242379,0x01799de0,6264,0x030f0000,51314688
242380,0x01799df0,6265,0x030f2000,51322880
242385,0x01799e00,6266,0x030f4000,51331072
242387,0x01799e10,6267,0x030f6000,51339264
242388,0x01799e20,6268,0x030f8000,51347456
242389,0x01799e30,6269,0x030fa000,51355648
242391,0x01799e40,6270,0x030fc000,51363840
242392,0x01799e50,6271,0x030fe000,51372032
242394,0x01799e60,6272,0x03100000,51380224
242396,0x01799e70,6273,0x03102000,51388416
242397,0x01799e80,6274,0x03104000,51396608
242398,0x01799e90,6275,0x03106000,51404800
242399,0x01799ea0,6276,0x03108000,51412992
242401,0x01799eb0,6277,0x0310a000,51421184
242402,0x01799ec0,6278,0x0310c000,51429376
242404,0x01799ed0,6279,0x0310e000,51437568
242405,0x01799ee0,6280,0x03110000,51445760
242406,0x01799ef0,6281,0x03112000,51453952
242407,0x01799f00,6282,0x03114000,51462144
242408,0x01799f10,6283,0x03116000,51470336
242414,0x01799f20,6284,0x03118000,51478528
242415,0x01799f30,6285,0x0311a000,51486720
242416,0x01799f40,6286,0x0311c000,51494912
242417,0x01799f50,6287,0x0311e000,51503104
242418,0x01799f60,6288,0x03120000,51511296
242420,0x01799f70,6289,0x03122000,51519488
242423,0x01799f80,6290,0x03124000,51527680
242424,0x01799f90,6291,0x03126000,51535872
242425,0x01799fa0,6292,0x03128000,51544064
242427,0x01799fb0,6293,0x0312a000,51552256
242428,0x01799fc0,6294,0x0312c000,51560448
242430,0x01799fd0,6295,0x0312e000,51568640
242431,0x01799fe0,6296,0x03130000,51576832
242432,0x01799ff0,6297,0x03132000,51585024
242434,0x0189a000,6299,0x03136000,51601408
242435,0x0189a010,6300,0x03138000,51609600
242436,0x0189a020,6301,0x0313a000,51617792
242437,0x0189a030,6302,0x0313c000,51625984
242439,0x0189a040,6303,0x0313e000,51634176
242440,0x0189a050,6304,0x03140000,51642368
242442,0x0189a060,6305,0x03142000,51650560
242444,0x0189a070,6306,0x03144000,51658752
242448,0x0189a080,6307,0x03146000,51666944
242453,0x0189a090,6308,0x03148000,51675136
242454,0x0189a0a0,6309,0x0314a000,51683328
242455,0x0189a0b0,6310,0x0314c000,51691520
242456,0x0189a0c0,6311,0x0314e000,51699712
242457,0x0189a0d0,6312,0x03150000,51707904
242459,0x0189a0e0,6313,0x03152000,51716096
242460,0x0189a0f0,6314,0x03154000,51724288
242461,0x0189a100,6315,0x03156000,51732480
242462,0x0189a110,6316,0x03158000,51740672
242463,0x0189a120,6317,0x0315a000,51748864
242464,0x0189a130,6318,0x0315c000,51757056
242465,0x0189a140,6319,0x0315e000,51765248
242467,0x0189a150,6320,0x03160000,51773440
242468,0x0189a160,6321,0x03162000,51781632
242469,0x0189a170,6322,0x03164000,51789824
242471,0x0189a180,6323,0x03166000,51798016
242473,0x0189a190,6324,0x03168000,51806208
242475,0x0189a1a0,6325,0x0316a000,51814400
242476,0x0189a1b0,6326,0x0316c000,51822592
242477,0x0189a1c0,6327,0x0316e000,51830784
242478,0x0189a1d0,6328,0x03170000,51838976
242483,0x0189a1e0,6329,0x03172000,51847168
242484,0x0189a1f0,6330,0x03174000,51855360
242486,0x0189a200,6331,0x03176000,51863552
242492,0x0189a210,6332,0x03178000,51871744
242494,0x0189a220,6333,0x0317a000,51879936
242496,0x0189a230,6334,0x0317c000,51888128
242497,0x0189a240,6335,0x0317e000,51896320
242498,0x0189a250,6336,0x03180000,51904512
242499,0x0189a260,6337,0x03182000,51912704
242505,0x0189a270,6338,0x03184000,51920896
242508,0x0189a280,6339,0x03186000,51929088
242509,0x0189a290,6340,0x03188000,51937280
242510,0x0189a2a0,6341,0x0318a000,51945472
242511,0x0189a2b0,6342,0x0318c000,51953664
242512,0x0189a2c0,6343,0x0318e000,51961856
242513,0x0189a2d0,6344,0x03190000,51970048
242514,0x0189a2e0,6345,0x03192000,51978240
242515,0x0189a2f0,6346,0x03194000,51986432
242516,0x0189a300,6347,0x03196000,51994624
242517,0x0189a310,6348,0x03198000,52002816
242519,0x0189a320,6349,0x0319a000,52011008
242521,0x0189a330,6350,0x0319c000,52019200
242522,0x0189a340,6351,0x0319e000,52027392
242524,0x0189a350,6352,0x031a0000,52035584
242525,0x0189a360,6353,0x031a2000,52043776
242527,0x0189a370,6354,0x031a4000,52051968
242528,0x0189a380,6355,0x031a6000,52060160
242531,0x0189a390,6356,0x031a8000,52068352
242533,0x0189a3a0,6357,0x031aa000,52076544
242538,0x0189a3b0,6358,0x031ac000,52084736
242539,0x0189a3c0,6359,0x031ae000,52092928
242540,0x0189a3d0,6360,0x031b0000,52101120
242541,0x0189a3e0,6361,0x031b2000,52109312
242542,0x0189a3f0,6362,0x031b4000,52117504
242546,0x0189a400,6363,0x031b6000,52125696
242547,0x0189a410,6364,0x031b8000,52133888
242548,0x0189a420,6365,0x031ba000,52142080
242549,0x0189a430,6366,0x031bc000,52150272
242550,0x0189a440,6367,0x031be000,52158464
242554,0x0189a450,6368,0x031c0000,52166656
242555,0x0189a460,6369,0x031c2000,52174848
242557,0x0189a470,6370,0x031c4000,52183040
242559,0x0189a480,6371,0x031c6000,52191232
242560,0x0189a490,6372,0x031c8000,52199424
242561,0x0189a4a0,6373,0x031ca000,52207616
242564,0x0189a4b0,6374,0x031cc000,52215808
242566,0x0189a4c0,6375,0x031ce000,52224000
242567,0x0189a4d0,6376,0x031d0000,52232192
242569,0x0189a4e0,6377,0x031d2000,52240384
242572,0x0189a4f0,6378,0x031d4000,52248576
242573,0x0189a500,6379,0x031d6000,52256768
242578,0x0189a510,6380,0x031d8000,52264960
242580,0x0189a520,6381,0x031da000,52273152
242587,0x0189a530,6382,0x031dc000,52281344
242589,0x0189a540,6383,0x031de000,52289536
242591,0x0189a550,6384,0x031e0000,52297728
242592,0x0189a560,6385,0x031e2000,52305920
242595,0x0189a570,6386,0x031e4000,52314112
242596,0x0189a580,6387,0x031e6000,52322304
242599,0x0189a590,6388,0x031e8000,52330496
242603,0x0189a5a0,6389,0x031ea000,52338688
242604,0x0189a5b0,6390,0x031ec000,52346880
242605,0x0189a5c0,6391,0x031ee000,52355072
242606,0x0189a5d0,6392,0x031f0000,52363264
242608,0x0189a5e0,6393,0x031f2000,52371456
242609,0x0189a5f0,6394,0x031f4000,52379648
242610,0x0189a600,6395,0x031f6000,52387840
242612,0x0189a610,6396,0x031f8000,52396032
242617,0x0189a620,6397,0x031fa000,52404224
242618,0x0189a630,6398,0x031fc000,52412416
242621,0x0189a640,6399,0x031fe000,52420608
242622,0x0189a650,6400,0x03200000,52428800
242623,0x0189a660,6401,0x03202000,52436992
242625,0x0189a670,6402,0x03204000,52445184
242632,0x0189a680,6403,0x03206000,52453376
242634,0x0189a690,6404,0x03208000,52461568
242635,0x0189a6a0,6405,0x0320a000,52469760
242638,0x0189a6b0,6406,0x0320c000,52477952
242639,0x0189a6c0,6407,0x0320e000,52486144
242640,0x0189a6d0,6408,0x03210000,52494336
242641,0x0189a6e0,6409,0x03212000,52502528
242643,0x0189a6f0,6410,0x03214000,52510720
242646,0x0189a700,6411,0x03216000,52518912
242647,0x0189a710,6412,0x03218000,52527104
242651,0x0189a720,6413,0x0321a000,52535296
242652,0x0189a730,6414,0x0321c000,52543488
242654,0x0189a740,6415,0x0321e000,52551680
242656,0x0189a750,6416,0x03220000,52559872
242658,0x0189a760,6417,0x03222000,52568064
242659,0x0189a770,6418,0x03224000,52576256
242660,0x0189a780,6419,0x03226000,52584448
242661,0x0189a790,6420,0x03228000,52592640
242663,0x0189a7a0,6421,0x0322a000,52600832
242664,0x0189a7b0,6422,0x0322c000,52609024
242668,0x0189a7c0,6423,0x0322e000,52617216
242669,0x0189a7d0,6424,0x03230000,52625408
242673,0x0189a7e0,6425,0x03232000,52633600
242674,0x0189a7f0,6426,0x03234000,52641792
242676,0x0189a800,6427,0x03236000,52649984
242677,0x0189a810,6428,0x03238000,52658176
242679,0x0189a820,6429,0x0323a000,52666368
242684,0x0189a830,6430,0x0323c000,52674560
242685,0x0189a840,6431,0x0323e000,52682752
242690,0x0189a850,6432,0x03240000,52690944
242691,0x0189a860,6433,0x03242000,52699136
242693,0x0189a870,6434,0x03244000,52707328
242694,0x0189a880,6435,0x03246000,52715520
242695,0x0189a890,6436,0x03248000,52723712
242696,0x0189a8a0,6437,0x0324a000,52731904
242701,0x0189a8b0,6438,0x0324c000,52740096
242702,0x0189a8c0,6439,0x0324e000,52748288
242703,0x0189a8d0,6440,0x03250000,52756480
242704,0x0189a8e0,6441,0x03252000,52764672
242706,0x0189a8f0,6442,0x03254000,52772864
242711,0x0189a900,6443,0x03256000,52781056
242713,0x0189a910,6444,0x03258000,52789248
242714,0x0189a920,6445,0x0325a000,52797440
242716,0x0189a930,6446,0x0325c000,52805632
242717,0x0189a940,6447,0x0325e000,52813824
242720,0x0189a950,6448,0x03260000,52822016
242724,0x0189a960,6449,0x03262000,52830208
242727,0x0189a970,6450,0x03264000,52838400
242728,0x0189a980,6451,0x03266000,52846592
242730,0x0189a990,6452,0x03268000,52854784
242731,0x0189a9a0,6453,0x0326a000,52862976
242733,0x0189a9b0,6454,0x0326c000,52871168
242737,0x0189a9c0,6455,0x0326e000,52879360
242741,0x0189a9d0,6456,0x03270000,52887552
242742,0x0189a9e0,6457,0x03272000,52895744
242743,0x0189a9f0,6458,0x03274000,52903936
242744,0x0189aa00,6459,0x03276000,52912128
242745,0x0189aa10,6460,0x03278000,52920320
242751,0x0189aa20,6461,0x0327a000,52928512
242752,0x0189aa30,6462,0x0327c000,52936704
242754,0x0189aa40,6463,0x0327e000,52944896
242757,0x0189aa50,6464,0x03280000,52953088
242760,0x0189aa60,6465,0x03282000,52961280
242761,0x0189aa70,6466,0x03284000,52969472
242762,0x0189aa80,6467,0x03286000,52977664
242765,0x0189aa90,6468,0x03288000,52985856
242766,0x0189aaa0,6469,0x0328a000,52994048
242768,0x0189aab0,6470,0x0328c000,53002240
242770,0x0189aac0,6471,0x0328e000,53010432
242771,0x0189aad0,6472,0x03290000,53018624
242772,0x0189aae0,6473,0x03292000,53026816
242775,0x0189aaf0,6474,0x03294000,53035008
242776,0x0189ab00,6475,0x03296000,53043200
242779,0x0189ab10,6476,0x03298000,53051392
242781,0x0189ab20,6477,0x0329a000,53059584
242782,0x0189ab30,6478,0x0329c000,53067776
242783,0x0189ab40,6479,0x0329e000,53075968
242784,0x0189ab50,6480,0x032a0000,53084160
242785,0x0189ab60,6481,0x032a2000,53092352
242786,0x0189ab70,6482,0x032a4000,53100544
242787,0x0189ab80,6483,0x032a6000,53108736
242788,0x0189ab90,6484,0x032a8000,53116928
242789,0x0189aba0,6485,0x032aa000,53125120
242791,0x0189abb0,6486,0x032ac000,53133312
242792,0x0189abc0,6487,0x032ae000,53141504
242794,0x0189abd0,6488,0x032b0000,53149696
242795,0x0189abe0,6489,0x032b2000,53157888
242798,0x0189abf0,6490,0x032b4000,53166080
242800,0x0189ac00,6491,0x032b6000,53174272
242805,0x0189ac10,6492,0x032b8000,53182464
242806,0x0189ac20,6493,0x032ba000,53190656
242808,0x0189ac30,6494,0x032bc000,53198848
242810,0x0189ac40,6495,0x032be000,53207040
242813,0x0189ac50,6496,0x032c0000,53215232
242814,0x0189ac60,6497,0x032c2000,53223424
242815,0x0189ac70,6498,0x032c4000,53231616
242818,0x0189ac80,6499,0x032c6000,53239808
242819,0x0189ac90,6500,0x032c8000,53248000
242820,0x0189aca0,6501,0x032ca000,53256192
242821,0x0189acb0,6502,0x032cc000,53264384
242822,0x0189acc0,6503,0x032ce000,53272576
242824,0x0189acd0,6504,0x032d0000,53280768
242826,0x0189ace0,6505,0x032d2000,53288960
242827,0x0189acf0,6506,0x032d4000,53297152
242830,0x0189ad00,6507,0x032d6000,53305344
242832,0x0189ad10,6508,0x032d8000,53313536
242833,0x0189ad20,6509,0x032da000,53321728
242838,0x0189ad30,6510,0x032dc000,53329920
242843,0x0189ad40,6511,0x032de000,53338112
242847,0x0189ad50,6512,0x032e0000,53346304
242849,0x0189ad60,6513,0x032e2000,53354496
242851,0x0189ad70,6514,0x032e4000,53362688
242856,0x0189ad80,6515,0x032e6000,53370880
242860,0x0189ad90,6516,0x032e8000,53379072
242861,0x0189ada0,6517,0x032ea000,53387264
242862,0x0189adb0,6518,0x032ec000,53395456
242864,0x0189adc0,6519,0x032ee000,53403648
242865,0x0189add0,6520,0x032f0000,53411840
242866,0x0189ade0,6521,0x032f2000,53420032
242869,0x0189adf0,6522,0x032f4000,53428224
242870,0x0189ae00,6523,0x032f6000,53436416
242871,0x0189ae10,6524,0x032f8000,53444608
242872,0x0189ae20,6525,0x032fa000,53452800
242876,0x0189ae30,6526,0x032fc000,53460992
242877,0x0189ae40,6527,0x032fe000,53469184
242880,0x0189ae50,6528,0x03300000,53477376
242881,0x0189ae60,6529,0x03302000,53485568
242882,0x0189ae70,6530,0x03304000,53493760
242883,0x0189ae80,6531,0x03306000,53501952
242885,0x0189ae90,6532,0x03308000,53510144
242886,0x0189aea0,6533,0x0330a000,53518336
242887,0x0189aeb0,6534,0x0330c000,53526528
242888,0x0189aec0,6535,0x0330e000,53534720
242897,0x0189aed0,6536,0x03310000,53542912
242899,0x0189aee0,6537,0x03312000,53551104
242901,0x0189aef0,6538,0x03314000,53559296
242902,0x0189af00,6539,0x03316000,53567488
242903,0x0189af10,6540,0x03318000,53575680
242905,0x0189af20,6541,0x0331a000,53583872
242907,0x0189af30,6542,0x0331c000,53592064
242910,0x0189af40,6543,0x0331e000,53600256
242911,0x0189af50,6544,0x03320000,53608448
242912,0x0189af60,6545,0x03322000,53616640
242913,0x0189af70,6546,0x03324000,53624832
242916,0x0189af80,6547,0x03326000,53633024
242919,0x0189af90,6548,0x03328000,53641216
242921,0x0189afa0,6549,0x0332a000,53649408
242923,0x0189afb0,6550,0x0332c000,53657600
242924,0x0189afc0,6551,0x0332e000,53665792
242925,0x0189afd0,6552,0x03330000,53673984
242926,0x0189afe0,6553,0x03332000,53682176
242927,0x0189aff0,6554,0x03334000,53690368
242928,0x0199b000,6556,0x03338000,53706752
242930,0x0199b010,6557,0x0333a000,53714944
242932,0x0199b020,6558,0x0333c000,53723136
242933,0x0199b030,6559,0x0333e000,53731328
242934,0x0199b040,6560,0x03340000,53739520
242935,0x0199b050,6561,0x03342000,53747712
242938,0x0199b060,6562,0x03344000,53755904
242939,0x0199b070,6563,0x03346000,53764096
242946,0x0199b080,6564,0x03348000,53772288
242949,0x0199b090,6565,0x0334a000,53780480
242952,0x0199b0a0,6566,0x0334c000,53788672
242953,0x0199b0b0,6567,0x0334e000,53796864
242955,0x0199b0c0,6568,0x03350000,53805056
242957,0x0199b0d0,6569,0x03352000,53813248
242958,0x0199b0e0,6570,0x03354000,53821440
242961,0x0199b0f0,6571,0x03356000,53829632
242962,0x0199b100,6572,0x03358000,53837824
242963,0x0199b110,6573,0x0335a000,53846016
242966,0x0199b120,6574,0x0335c000,53854208
242967,0x0199b130,6575,0x0335e000,53862400
242968,0x0199b140,6576,0x03360000,53870592
242969,0x0199b150,6577,0x03362000,53878784
242970,0x0199b160,6578,0x03364000,53886976
242971,0x0199b170,6579,0x03366000,53895168
242973,0x0199b180,6580,0x03368000,53903360
242975,0x0199b190,6581,0x0336a000,53911552
242976,0x0199b1a0,6582,0x0336c000,53919744
242977,0x0199b1b0,6583,0x0336e000,53927936
242979,0x0199b1c0,6584,0x03370000,53936128
242981,0x0199b1d0,6585,0x03372000,53944320
242983,0x0199b1e0,6586,0x03374000,53952512
242984,0x0199b1f0,6587,0x03376000,53960704
242985,0x0199b200,6588,0x03378000,53968896
242988,0x0199b210,6589,0x0337a000,53977088
242990,0x0199b220,6590,0x0337c000,53985280
242991,0x0199b230,6591,0x0337e000,53993472
242993,0x0199b240,6592,0x03380000,54001664
242994,0x0199b250,6593,0x03382000,54009856
242996,0x0199b260,6594,0x03384000,54018048
242997,0x0199b270,6595,0x03386000,54026240
242999,0x0199b280,6596,0x03388000,54034432
243001,0x0199b290,6597,0x0338a000,54042624
243002,0x0199b2a0,6598,0x0338c000,54050816
243003,0x0199b2b0,6599,0x0338e000,54059008
243005,0x0199b2c0,6600,0x03390000,54067200
243009,0x0199b2d0,6601,0x03392000,54075392
243010,0x0199b2e0,6602,0x03394000,54083584
243012,0x0199b2f0,6603,0x03396000,54091776
243016,0x0199b300,6604,0x03398000,54099968
243017,0x0199b310,6605,0x0339a000,54108160
243018,0x0199b320,6606,0x0339c000,54116352
243019,0x0199b330,6607,0x0339e000,54124544
243022,0x0199b340,6608,0x033a0000,54132736
243024,0x0199b350,6609,0x033a2000,54140928
243029,0x0199b360,6610,0x033a4000,54149120
243030,0x0199b370,6611,0x033a6000,54157312
243031,0x0199b380,6612,0x033a8000,54165504
243034,0x0199b390,6613,0x033aa000,54173696
243035,0x0199b3a0,6614,0x033ac000,54181888
243036,0x0199b3b0,6615,0x033ae000,54190080
243037,0x0199b3c0,6616,0x033b0000,54198272
243038,0x0199b3d0,6617,0x033b2000,54206464
243039,0x0199b3e0,6618,0x033b4000,54214656
243040,0x0199b3f0,6619,0x033b6000,54222848
243043,0x0199b400,6620,0x033b8000,54231040
243045,0x0199b410,6621,0x033ba000,54239232
243046,0x0199b420,6622,0x033bc000,54247424
243047,0x0199b430,6623,0x033be000,54255616
243049,0x0199b440,6624,0x033c0000,54263808
243050,0x0199b450,6625,0x033c2000,54272000
243052,0x0199b460,6626,0x033c4000,54280192
243054,0x0199b470,6627,0x033c6000,54288384
243057,0x0199b480,6628,0x033c8000,54296576
243059,0x0199b490,6629,0x033ca000,54304768
243060,0x0199b4a0,6630,0x033cc000,54312960
243061,0x0199b4b0,6631,0x033ce000,54321152
243065,0x0199b4c0,6632,0x033d0000,54329344
243066,0x0199b4d0,6633,0x033d2000,54337536
243071,0x0199b4e0,6634,0x033d4000,54345728
243072,0x0199b4f0,6635,0x033d6000,54353920
243074,0x0199b500,6636,0x033d8000,54362112
243076,0x0199b510,6637,0x033da000,54370304
243077,0x0199b520,6638,0x033dc000,54378496
243078,0x0199b530,6639,0x033de000,54386688
243079,0x0199b540,6640,0x033e0000,54394880
243081,0x0199b550,6641,0x033e2000,54403072
243082,0x0199b560,6642,0x033e4000,54411264
243083,0x0199b570,6643,0x033e6000,54419456
243086,0x0199b580,6644,0x033e8000,54427648
243087,0x0199b590,6645,0x033ea000,54435840
243088,0x0199b5a0,6646,0x033ec000,54444032
243089,0x0199b5b0,6647,0x033ee000,54452224
243092,0x0199b5c0,6648,0x033f0000,54460416
243095,0x0199b5d0,6649,0x033f2000,54468608
243096,0x0199b5e0,6650,0x033f4000,54476800
243098,0x0199b5f0,6651,0x033f6000,54484992
243100,0x0199b600,6652,0x033f8000,54493184
243101,0x0199b610,6653,0x033fa000,54501376
243105,0x0199b620,6654,0x033fc000,54509568
243106,0x0199b630,6655,0x033fe000,54517760
243107,0x0199b640,6656,0x03400000,54525952
243108,0x0199b650,6657,0x03402000,54534144
243109,0x0199b660,6658,0x03404000,54542336
243110,0x0199b670,6659,0x03406000,54550528
243114,0x0199b680,6660,0x03408000,54558720
243115,0x0199b690,6661,0x0340a000,54566912
243117,0x0199b6a0,6662,0x0340c000,54575104
243118,0x0199b6b0,6663,0x0340e000,54583296
243119,0x0199b6c0,6664,0x03410000,54591488
243120,0x0199b6d0,6665,0x03412000,54599680
243121,0x0199b6e0,6666,0x03414000,54607872
243122,0x0199b6f0,6667,0x03416000,54616064
243123,0x0199b700,6668,0x03418000,54624256
243124,0x0199b710,6669,0x0341a000,54632448
243125,0x0199b720,6670,0x0341c000,54640640
243127,0x0199b730,6671,0x0341e000,54648832
243128,0x0199b740,6672,0x03420000,54657024
243131,0x0199b750,6673,0x03422000,54665216
243132,0x0199b760,6674,0x03424000,54673408
243133,0x0199b770,6675,0x03426000,54681600
243135,0x0199b780,6676,0x03428000,54689792
243136,0x0199b790,6677,0x0342a000,54697984
243138,0x0199b7a0,6678,0x0342c000,54706176
243139,0x0199b7b0,6679,0x0342e000,54714368
243141,0x0199b7c0,6680,0x03430000,54722560
243142,0x0199b7d0,6681,0x03432000,54730752
243145,0x0199b7e0,6682,0x03434000,54738944
243146,0x0199b7f0,6683,0x03436000,54747136
243149,0x0199b800,6684,0x03438000,54755328
243151,0x0199b810,6685,0x0343a000,54763520
243159,0x0199b820,6686,0x0343c000,54771712
243160,0x0199b830,6687,0x0343e000,54779904
243163,0x0199b840,6688,0x03440000,54788096
243164,0x0199b850,6689,0x03442000,54796288
243174,0x0199b860,6690,0x03444000,54804480
243175,0x0199b870,6691,0x03446000,54812672
243178,0x0199b880,6692,0x03448000,54820864
243185,0x0199b890,6693,0x0344a000,54829056
243186,0x0199b8a0,6694,0x0344c000,54837248
243187,0x0199b8b0,6695,0x0344e000,54845440
243188,0x0199b8c0,6696,0x03450000,54853632
243189,0x0199b8d0,6697,0x03452000,54861824
243190,0x0199b8e0,6698,0x03454000,54870016
243192,0x0199b8f0,6699,0x03456000,54878208
243193,0x0199b900,6700,0x03458000,54886400
243194,0x0199b910,6701,0x0345a000,54894592
243195,0x0199b920,6702,0x0345c000,54902784
243196,0x0199b930,6703,0x0345e000,54910976
243197,0x0199b940,6704,0x03460000,54919168
243200,0x0199b950,6705,0x03462000,54927360
243201,0x0199b960,6706,0x03464000,54935552
243203,0x0199b970,6707,0x03466000,54943744
243208,0x0199b980,6708,0x03468000,54951936
243210,0x0199b990,6709,0x0346a000,54960128
243211,0x0199b9a0,6710,0x0346c000,54968320
243218,0x0199b9b0,6711,0x0346e000,54976512
243220,0x0199b9c0,6712,0x03470000,54984704
243225,0x0199b9d0,6713,0x03472000,54992896
243227,0x0199b9e0,6714,0x03474000,55001088
243228,0x0199b9f0,6715,0x03476000,55009280
243229,0x0199ba00,6716,0x03478000,55017472
243230,0x0199ba10,6717,0x0347a000,55025664
243231,0x0199ba20,6718,0x0347c000,55033856
243232,0x0199ba30,6719,0x0347e000,55042048
243233,0x0199ba40,6720,0x03480000,55050240
243234,0x0199ba50,6721,0x03482000,55058432
243235,0x0199ba60,6722,0x03484000,55066624
243236,0x0199ba70,6723,0x03486000,55074816
243238,0x0199ba80,6724,0x03488000,55083008
243240,0x0199ba90,6725,0x0348a000,55091200
243242,0x0199baa0,6726,0x0348c000,55099392
243243,0x0199bab0,6727,0x0348e000,55107584
243244,0x0199bac0,6728,0x03490000,55115776
243245,0x0199bad0,6729,0x03492000,55123968
243246,0x0199bae0,6730,0x03494000,55132160
243248,0x0199baf0,6731,0x03496000,55140352
243250,0x0199bb00,6732,0x03498000,55148544
243251,0x0199bb10,6733,0x0349a000,55156736
243259,0x0199bb20,6734,0x0349c000,55164928
243261,0x0199bb30,6735,0x0349e000,55173120
243263,0x0199bb40,6736,0x034a0000,55181312
243264,0x0199bb50,6737,0x034a2000,55189504
243269,0x0199bb60,6738,0x034a4000,55197696
243270,0x0199bb70,6739,0x034a6000,55205888
243271,0x0199bb80,6740,0x034a8000,55214080
243274,0x0199bb90,6741,0x034aa000,55222272
243275,0x0199bba0,6742,0x034ac000,55230464
243278,0x0199bbb0,6743,0x034ae000,55238656
243280,0x0199bbc0,6744,0x034b0000,55246848
243281,0x0199bbd0,6745,0x034b2000,55255040
243284,0x0199bbe0,6746,0x034b4000,55263232
243286,0x0199bbf0,6747,0x034b6000,55271424
243288,0x0199bc00,6748,0x034b8000,55279616
243289,0x0199bc10,6749,0x034ba000,55287808
243290,0x0199bc20,6750,0x034bc000,55296000
243291,0x0199bc30,6751,0x034be000,55304192
243292,0x0199bc40,6752,0x034c0000,55312384
243293,0x0199bc50,6753,0x034c2000,55320576
243295,0x0199bc60,6754,0x034c4000,55328768
243296,0x0199bc70,6755,0x034c6000,55336960
243297,0x0199bc80,6756,0x034c8000,55345152
243298,0x0199bc90,6757,0x034ca000,55353344
243299,0x0199bca0,6758,0x034cc000,55361536
243300,0x0199bcb0,6759,0x034ce000,55369728
243302,0x0199bcc0,6760,0x034d0000,55377920
243307,0x0199bcd0,6761,0x034d2000,55386112
243308,0x0199bce0,6762,0x034d4000,55394304
243309,0x0199bcf0,6763,0x034d6000,55402496
243310,0x0199bd00,6764,0x034d8000,55410688
243311,0x0199bd10,6765,0x034da000,55418880
243312,0x0199bd20,6766,0x034dc000,55427072
243316,0x0199bd30,6767,0x034de000,55435264
243320,0x0199bd40,6768,0x034e0000,55443456
243322,0x0199bd50,6769,0x034e2000,55451648
243323,0x0199bd60,6770,0x034e4000,55459840
243324,0x0199bd70,6771,0x034e6000,55468032
243325,0x0199bd80,6772,0x034e8000,55476224
243326,0x0199bd90,6773,0x034ea000,55484416
243330,0x0199bda0,6774,0x034ec000,55492608
243336,0x0199bdb0,6775,0x034ee000,55500800
243337,0x0199bdc0,6776,0x034f0000,55508992
243339,0x0199bdd0,6777,0x034f2000,55517184
243340,0x0199bde0,6778,0x034f4000,55525376
243342,0x0199bdf0,6779,0x034f6000,55533568
243343,0x0199be00,6780,0x034f8000,55541760
243344,0x0199be10,6781,0x034fa000,55549952
243347,0x0199be20,6782,0x034fc000,55558144
243349,0x0199be30,6783,0x034fe000,55566336
243350,0x0199be40,6784,0x03500000,55574528
243351,0x0199be50,6785,0x03502000,55582720
243352,0x0199be60,6786,0x03504000,55590912
243353,0x0199be70,6787,0x03506000,55599104
243354,0x0199be80,6788,0x03508000,55607296
243356,0x0199be90,6789,0x0350a000,55615488
243359,0x0199bea0,6790,0x0350c000,55623680
243362,0x0199beb0,6791,0x0350e000,55631872
243363,0x0199bec0,6792,0x03510000,55640064
243364,0x0199bed0,6793,0x03512000,55648256
243367,0x0199bee0,6794,0x03514000,55656448
243368,0x0199bef0,6795,0x03516000,55664640
243371,0x0199bf00,6796,0x03518000,55672832
243373,0x0199bf10,6797,0x0351a000,55681024
243374,0x0199bf20,6798,0x0351c000,55689216
243375,0x0199bf30,6799,0x0351e000,55697408
243379,0x0199bf40,6800,0x03520000,55705600
243380,0x0199bf50,6801,0x03522000,55713792
243383,0x0199bf60,6802,0x03524000,55721984
243385,0x0199bf70,6803,0x03526000,55730176
243386,0x0199bf80,6804,0x03528000,55738368
243387,0x0199bf90,6805,0x0352a000,55746560
243388,0x0199bfa0,6806,0x0352c000,55754752
243389,0x0199bfb0,6807,0x0352e000,55762944
243390,0x0199bfc0,6808,0x03530000,55771136
243391,0x0199bfd0,6809,0x03532000,55779328
243392,0x0199bfe0,6810,0x03534000,55787520
243393,0x0199bff0,6811,0x03536000,55795712
243394,0x01a9c000,6813,0x0353a000,55812096
243395,0x01a9c010,6814,0x0353c000,55820288
243396,0x01a9c020,6815,0x0353e000,55828480
243397,0x01a9c030,6816,0x03540000,55836672
243398,0x01a9c040,6817,0x03542000,55844864
243399,0x01a9c050,6818,0x03544000,55853056
243400,0x01a9c060,6819,0x03546000,55861248
243402,0x01a9c070,6820,0x03548000,55869440
243403,0x01a9c080,6821,0x0354a000,55877632
243406,0x01a9c090,6822,0x0354c000,55885824
243408,0x01a9c0a0,6823,0x0354e000,55894016
243410,0x01a9c0b0,6824,0x03550000,55902208
243411,0x01a9c0c0,6825,0x03552000,55910400
243412,0x01a9c0d0,6826,0x03554000,55918592
243415,0x01a9c0e0,6827,0x03556000,55926784
243417,0x01a9c0f0,6828,0x03558000,55934976
243418,0x01a9c100,6829,0x0355a000,55943168
243419,0x01a9c110,6830,0x0355c000,55951360
243423,0x01a9c120,6831,0x0355e000,55959552
243426,0x01a9c130,6832,0x03560000,55967744
243428,0x01a9c140,6833,0x03562000,55975936
243430,0x01a9c150,6834,0x03564000,55984128
243432,0x01a9c160,6835,0x03566000,55992320
243433,0x01a9c170,6836,0x03568000,56000512
243434,0x01a9c180,6837,0x0356a000,56008704
243437,0x01a9c190,6838,0x0356c000,56016896
243439,0x01a9c1a0,6839,0x0356e000,56025088
243443,0x01a9c1b0,6840,0x03570000,56033280
243445,0x01a9c1c0,6841,0x03572000,56041472
243448,0x01a9c1d0,6842,0x03574000,56049664
243450,0x01a9c1e0,6843,0x03576000,56057856
243451,0x01a9c1f0,6844,0x03578000,56066048
243454,0x01a9c200,6845,0x0357a000,56074240
243457,0x01a9c210,6846,0x0357c000,56082432
243459,0x01a9c220,6847,0x0357e000,56090624
243460,0x01a9c230,6848,0x03580000,56098816
243461,0x01a9c240,6849,0x03582000,56107008
243468,0x01a9c250,6850,0x03584000,56115200
243470,0x01a9c260,6851,0x03586000,56123392
243471,0x01a9c270,6852,0x03588000,56131584
243473,0x01a9c280,6853,0x0358a000,56139776
243475,0x01a9c290,6854,0x0358c000,56147968
243476,0x01a9c2a0,6855,0x0358e000,56156160
243477,0x01a9c2b0,6856,0x03590000,56164352
243478,0x01a9c2c0,6857,0x03592000,56172544
243479,0x01a9c2d0,6858,0x03594000,56180736
243480,0x01a9c2e0,6859,0x03596000,56188928
243483,0x01a9c2f0,6860,0x03598000,56197120
243486,0x01a9c300,6861,0x0359a000,56205312
243487,0x01a9c310,6862,0x0359c000,56213504
243488,0x01a9c320,6863,0x0359e000,56221696
243489,0x01a9c330,6864,0x035a0000,56229888
243490,0x01a9c340,6865,0x035a2000,56238080
243493,0x01a9c350,6866,0x035a4000,56246272
243494,0x01a9c360,6867,0x035a6000,56254464
243498,0x01a9c370,6868,0x035a8000,56262656
243499,0x01a9c380,6869,0x035aa000,56270848
243502,0x01a9c390,6870,0x035ac000,56279040
243505,0x01a9c3a0,6871,0x035ae000,56287232
243506,0x01a9c3b0,6872,0x035b0000,56295424
243508,0x01a9c3c0,6873,0x035b2000,56303616
243514,0x01a9c3d0,6874,0x035b4000,56311808
243517,0x01a9c3e0,6875,0x035b6000,56320000
243521,0x01a9c3f0,6876,0x035b8000,56328192
243522,0x01a9c400,6877,0x035ba000,56336384
243524,0x01a9c410,6878,0x035bc000,56344576
243528,0x01a9c420,6879,0x035be000,56352768
243529,0x01a9c430,6880,0x035c0000,56360960
243534,0x01a9c440,6881,0x035c2000,56369152
243535,0x01a9c450,6882,0x035c4000,56377344
243540,0x01a9c460,6883,0x035c6000,56385536
243544,0x01a9c470,6884,0x035c8000,56393728
243545,0x01a9c480,6885,0x035ca000,56401920
243550,0x01a9c490,6886,0x035cc000,56410112
243551,0x01a9c4a0,6887,0x035ce000,56418304
243556,0x01a9c4b0,6888,0x035d0000,56426496
243557,0x01a9c4c0,6889,0x035d2000,56434688
243559,0x01a9c4d0,6890,0x035d4000,56442880
243560,0x01a9c4e0,6891,0x035d6000,56451072
243561,0x01a9c4f0,6892,0x035d8000,56459264
243562,0x01a9c500,6893,0x035da000,56467456
243565,0x01a9c510,6894,0x035dc000,56475648
243566,0x01a9c520,6895,0x035de000,56483840
243572,0x01a9c530,6896,0x035e0000,56492032
243576,0x01a9c540,6897,0x035e2000,56500224
243577,0x01a9c550,6898,0x035e4000,56508416
243580,0x01a9c560,6899,0x035e6000,56516608
243581,0x01a9c570,6900,0x035e8000,56524800
243585,0x01a9c580,6901,0x035ea000,56532992
243587,0x01a9c590,6902,0x035ec000,56541184
243590,0x01a9c5a0,6903,0x035ee000,56549376
243591,0x01a9c5b0,6904,0x035f0000,56557568
243593,0x01a9c5c0,6905,0x035f2000,56565760
243594,0x01a9c5d0,6906,0x035f4000,56573952
243595,0x01a9c5e0,6907,0x035f6000,56582144
243597,0x01a9c5f0,6908,0x035f8000,56590336
243598,0x01a9c600,6909,0x035fa000,56598528
243599,0x01a9c610,6910,0x035fc000,56606720
243600,0x01a9c620,6911,0x035fe000,56614912
243602,0x01a9c630,6912,0x03600000,56623104
243603,0x01a9c640,6913,0x03602000,56631296
243613,0x01a9c650,6914,0x03604000,56639488
243614,0x01a9c660,6915,0x03606000,56647680
243615,0x01a9c670,6916,0x03608000,56655872
243617,0x01a9c680,6917,0x0360a000,56664064
243619,0x01a9c690,6918,0x0360c000,56672256
243620,0x01a9c6a0,6919,0x0360e000,56680448
243621,0x01a9c6b0,6920,0x03610000,56688640
243623,0x01a9c6c0,6921,0x03612000,56696832
243630,0x01a9c6d0,6922,0x03614000,56705024
243631,0x01a9c6e0,6923,0x03616000,56713216
243632,0x01a9c6f0,6924,0x03618000,56721408
243635,0x01a9c700,6925,0x0361a000,56729600
243639,0x01a9c710,6926,0x0361c000,56737792
243644,0x01a9c720,6927,0x0361e000,56745984
243647,0x01a9c730,6928,0x03620000,56754176
243648,0x01a9c740,6929,0x03622000,56762368
243654,0x01a9c750,6930,0x03624000,56770560
243655,0x01a9c760,6931,0x03626000,56778752
243656,0x01a9c770,6932,0x03628000,56786944
243662,0x01a9c780,6933,0x0362a000,56795136
243663,0x01a9c790,6934,0x0362c000,56803328
243668,0x01a9c7a0,6935,0x0362e000,56811520
243669,0x01a9c7b0,6936,0x03630000,56819712
243670,0x01a9c7c0,6937,0x03632000,56827904
243671,0x01a9c7d0,6938,0x03634000,56836096
243674,0x01a9c7e0,6939,0x03636000,56844288
243677,0x01a9c7f0,6940,0x03638000,56852480
243680,0x01a9c800,6941,0x0363a000,56860672
243681,0x01a9c810,6942,0x0363c000,56868864
243683,0x01a9c820,6943,0x0363e000,56877056
243684,0x01a9c830,6944,0x03640000,56885248
243686,0x01a9c840,6945,0x03642000,56893440
243688,0x01a9c850,6946,0x03644000,56901632
243689,0x01a9c860,6947,0x03646000,56909824
243691,0x01a9c870,6948,0x03648000,56918016
243692,0x01a9c880,6949,0x0364a000,56926208
243693,0x01a9c890,6950,0x0364c000,56934400
243695,0x01a9c8a0,6951,0x0364e000,56942592
243696,0x01a9c8b0,6952,0x03650000,56950784
243698,0x01a9c8c0,6953,0x03652000,56958976
243699,0x01a9c8d0,6954,0x03654000,56967168
243700,0x01a9c8e0,6955,0x03656000,56975360
243702,0x01a9c8f0,6956,0x03658000,56983552
243704,0x01a9c900,6957,0x0365a000,56991744
243706,0x01a9c910,6958,0x0365c000,56999936
243707,0x01a9c920,6959,0x0365e000,57008128
243708,0x01a9c930,6960,0x03660000,57016320
243710,0x01a9c940,6961,0x03662000,57024512
243711,0x01a9c950,6962,0x03664000,57032704
243712,0x01a9c960,6963,0x03666000,57040896
243716,0x01a9c970,6964,0x03668000,57049088
243720,0x01a9c980,6965,0x0366a000,57057280
243724,0x01a9c990,6966,0x0366c000,57065472
243725,0x01a9c9a0,6967,0x0366e000,57073664
243731,0x01a9c9b0,6968,0x03670000,57081856
243732,0x01a9c9c0,6969,0x03672000,57090048
243736,0x01a9c9d0,6970,0x03674000,57098240
243737,0x01a9c9e0,6971,0x03676000,57106432
243738,0x01a9c9f0,6972,0x03678000,57114624
243740,0x01a9ca00,6973,0x0367a000,57122816
243741,0x01a9ca10,6974,0x0367c000,57131008
243742,0x01a9ca20,6975,0x0367e000,57139200
243743,0x01a9ca30,6976,0x03680000,57147392
243745,0x01a9ca40,6977,0x03682000,57155584
243746,0x01a9ca50,6978,0x03684000,57163776
243747,0x01a9ca60,6979,0x03686000,57171968
243750,0x01a9ca70,6980,0x03688000,57180160
243752,0x01a9ca80,6981,0x0368a000,57188352
243757,0x01a9ca90,6982,0x0368c000,57196544
243758,0x01a9caa0,6983,0x0368e000,57204736
243759,0x01a9cab0,6984,0x03690000,57212928
243761,0x01a9cac0,6985,0x03692000,57221120
243763,0x01a9cad0,6986,0x03694000,57229312
243764,0x01a9cae0,6987,0x03696000,57237504
243766,0x01a9caf0,6988,0x03698000,57245696
243767,0x01a9cb00,6989,0x0369a000,57253888
243768,0x01a9cb10,6990,0x0369c000,57262080
243770,0x01a9cb20,6991,0x0369e000,57270272
243771,0x01a9cb30,6992,0x036a0000,57278464
243776,0x01a9cb40,6993,0x036a2000,57286656
243780,0x01a9cb50,6994,0x036a4000,57294848
243784,0x01a9cb60,6995,0x036a6000,57303040
243785,0x01a9cb70,6996,0x036a8000,57311232
243790,0x01a9cb80,6997,0x036aa000,57319424
243791,0x01a9cb90,6998,0x036ac000,57327616
243793,0x01a9cba0,6999,0x036ae000,57335808
243794,0x01a9cbb0,7000,0x036b0000,57344000
243797,0x01a9cbc0,7001,0x036b2000,57352192
243799,0x01a9cbd0,7002,0x036b4000,57360384
243800,0x01a9cbe0,7003,0x036b6000,57368576
243804,0x01a9cbf0,7004,0x036b8000,57376768
243805,0x01a9cc00,7005,0x036ba000,57384960
243806,0x01a9cc10,7006,0x036bc000,57393152
243807,0x01a9cc20,7007,0x036be000,57401344
243811,0x01a9cc30,7008,0x036c0000,57409536
243814,0x01a9cc40,7009,0x036c2000,57417728
243815,0x01a9cc50,7010,0x036c4000,57425920
243817,0x01a9cc60,7011,0x036c6000,57434112
243824,0x01a9cc70,7012,0x036c8000,57442304
243827,0x01a9cc80,7013,0x036ca000,57450496
243829,0x01a9cc90,7014,0x036cc000,57458688
243830,0x01a9cca0,7015,0x036ce000,57466880
243832,0x01a9ccb0,7016,0x036d0000,57475072
243833,0x01a9ccc0,7017,0x036d2000,57483264
243834,0x01a9ccd0,7018,0x036d4000,57491456
243837,0x01a9cce0,7019,0x036d6000,57499648
243838,0x01a9ccf0,7020,0x036d8000,57507840
243842,0x01a9cd00,7021,0x036da000,57516032
243843,0x01a9cd10,7022,0x036dc000,57524224
243847,0x01a9cd20,7023,0x036de000,57532416
243848,0x01a9cd30,7024,0x036e0000,57540608
243849,0x01a9cd40,7025,0x036e2000,57548800
243852,0x01a9cd50,7026,0x036e4000,57556992
243853,0x01a9cd60,7027,0x036e6000,57565184
243854,0x01a9cd70,7028,0x036e8000,57573376
243855,0x01a9cd80,7029,0x036ea000,57581568
243856,0x01a9cd90,7030,0x036ec000,57589760
243857,0x01a9cda0,7031,0x036ee000,57597952
243861,0x01a9cdb0,7032,0x036f0000,57606144
243862,0x01a9cdc0,7033,0x036f2000,57614336
243872,0x01a9cdd0,7034,0x036f4000,57622528
243873,0x01a9cde0,7035,0x036f6000,57630720
243877,0x01a9cdf0,7036,0x036f8000,57638912
243878,0x01a9ce00,7037,0x036fa000,57647104
243882,0x01a9ce10,7038,0x036fc000,57655296
243887,0x01a9ce20,7039,0x036fe000,57663488
243889,0x01a9ce30,7040,0x03700000,57671680
243890,0x01a9ce40,7041,0x03702000,57679872
243893,0x01a9ce50,7042,0x03704000,57688064
243896,0x01a9ce60,7043,0x03706000,57696256
243899,0x01a9ce70,7044,0x03708000,57704448
243902,0x01a9ce80,7045,0x0370a000,57712640
243903,0x01a9ce90,7046,0x0370c000,57720832
243905,0x01a9cea0,7047,0x0370e000,57729024
243906,0x01a9ceb0,7048,0x03710000,57737216
243907,0x01a9cec0,7049,0x03712000,57745408
243910,0x01a9ced0,7050,0x03714000,57753600
243911,0x01a9cee0,7051,0x03716000,57761792
243912,0x01a9cef0,7052,0x03718000,57769984
243914,0x01a9cf00,7053,0x0371a000,57778176
243915,0x01a9cf10,7054,0x0371c000,57786368
243916,0x01a9cf20,7055,0x0371e000,57794560
243917,0x01a9cf30,7056,0x03720000,57802752
243920,0x01a9cf40,7057,0x03722000,57810944
243921,0x01a9cf50,7058,0x03724000,57819136
243922,0x01a9cf60,7059,0x03726000,57827328
243925,0x01a9cf70,7060,0x03728000,57835520
243927,0x01a9cf80,7061,0x0372a000,57843712
243928,0x01a9cf90,7062,0x0372c000,57851904
243929,0x01a9cfa0,7063,0x0372e000,57860096
243931,0x01a9cfb0,7064,0x03730000,57868288
243933,0x01a9cfc0,7065,0x03732000,57876480
243934,0x01a9cfd0,7066,0x03734000,57884672
243936,0x01a9cfe0,7067,0x03736000,57892864
243937,0x01a9cff0,7068,0x03738000,57901056
243938,0x01b9d000,7070,0x0373c000,57917440
243939,0x01b9d010,7071,0x0373e000,57925632
243940,0x01b9d020,7072,0x03740000,57933824
243942,0x01b9d030,7073,0x03742000,57942016
243945,0x01b9d040,7074,0x03744000,57950208
243946,0x01b9d050,7075,0x03746000,57958400
243948,0x01b9d060,7076,0x03748000,57966592
243949,0x01b9d070,7077,0x0374a000,57974784
243950,0x01b9d080,7078,0x0374c000,57982976
243952,0x01b9d090,7079,0x0374e000,57991168
243954,0x01b9d0a0,7080,0x03750000,57999360
243957,0x01b9d0b0,7081,0x03752000,58007552
243958,0x01b9d0c0,7082,0x03754000,58015744
243961,0x01b9d0d0,7083,0x03756000,58023936
243964,0x01b9d0e0,7084,0x03758000,58032128
243965,0x01b9d0f0,7085,0x0375a000,58040320
243968,0x01b9d100,7086,0x0375c000,58048512
243972,0x01b9d110,7087,0x0375e000,58056704
243974,0x01b9d120,7088,0x03760000,58064896
243976,0x01b9d130,7089,0x03762000,58073088
243977,0x01b9d140,7090,0x03764000,58081280
243980,0x01b9d150,7091,0x03766000,58089472
243983,0x01b9d160,7092,0x03768000,58097664
243984,0x01b9d170,7093,0x0376a000,58105856
243986,0x01b9d180,7094,0x0376c000,58114048
243988,0x01b9d190,7095,0x0376e000,58122240
243990,0x01b9d1a0,7096,0x03770000,58130432
243993,0x01b9d1b0,7097,0x03772000,58138624
243995,0x01b9d1c0,7098,0x03774000,58146816
243996,0x01b9d1d0,7099,0x03776000,58155008
243997,0x01b9d1e0,7100,0x03778000,58163200
243998,0x01b9d1f0,7101,0x0377a000,58171392
244001,0x01b9d200,7102,0x0377c000,58179584
244002,0x01b9d210,7103,0x0377e000,58187776
244007,0x01b9d220,7104,0x03780000,58195968
244009,0x01b9d230,7105,0x03782000,58204160
244011,0x01b9d240,7106,0x03784000,58212352
244012,0x01b9d250,7107,0x03786000,58220544
244013,0x01b9d260,7108,0x03788000,58228736
244016,0x01b9d270,7109,0x0378a000,58236928
244019,0x01b9d280,7110,0x0378c000,58245120
244020,0x01b9d290,7111,0x0378e000,58253312
244023,0x01b9d2a0,7112,0x03790000,58261504
244024,0x01b9d2b0,7113,0x03792000,58269696
244032,0x01b9d2c0,7114,0x03794000,58277888
244033,0x01b9d2d0,7115,0x03796000,58286080
244034,0x01b9d2e0,7116,0x03798000,58294272
244035,0x01b9d2f0,7117,0x0379a000,58302464
244036,0x01b9d300,7118,0x0379c000,58310656
244037,0x01b9d310,7119,0x0379e000,58318848
244040,0x01b9d320,7120,0x037a0000,58327040
244041,0x01b9d330,7121,0x037a2000,58335232
244044,0x01b9d340,7122,0x037a4000,58343424
244045,0x01b9d350,7123,0x037a6000,58351616
244047,0x01b9d360,7124,0x037a8000,58359808
244049,0x01b9d370,7125,0x037aa000,58368000
244050,0x01b9d380,7126,0x037ac000,58376192
244051,0x01b9d390,7127,0x037ae000,58384384
244052,0x01b9d3a0,7128,0x037b0000,58392576
244053,0x01b9d3b0,7129,0x037b2000,58400768
244054,0x01b9d3c0,7130,0x037b4000,58408960
244059,0x01b9d3d0,7131,0x037b6000,58417152
244064,0x01b9d3e0,7132,0x037b8000,58425344
244065,0x01b9d3f0,7133,0x037ba000,58433536
244066,0x01b9d400,7134,0x037bc000,58441728
244067,0x01b9d410,7135,0x037be000,58449920
244071,0x01b9d420,7136,0x037c0000,58458112
244072,0x01b9d430,7137,0x037c2000,58466304
244074,0x01b9d440,7138,0x037c4000,58474496
244076,0x01b9d450,7139,0x037c6000,58482688
244077,0x01b9d460,7140,0x037c8000,58490880
244082,0x01b9d470,7141,0x037ca000,58499072
244083,0x01b9d480,7142,0x037cc000,58507264
244086,0x01b9d490,7143,0x037ce000,58515456
244088,0x01b9d4a0,7144,0x037d0000,58523648
244092,0x01b9d4b0,7145,0x037d2000,58531840
244093,0x01b9d4c0,7146,0x037d4000,58540032
244094,0x01b9d4d0,7147,0x037d6000,58548224
244099,0x01b9d4e0,7148,0x037d8000,58556416
244103,0x01b9d4f0,7149,0x037da000,58564608
244106,0x01b9d500,7150,0x037dc000,58572800
244108,0x01b9d510,7151,0x037de000,58580992
244111,0x01b9d520,7152,0x037e0000,58589184
244115,0x01b9d530,7153,0x037e2000,58597376
244116,0x01b9d540,7154,0x037e4000,58605568
244118,0x01b9d550,7155,0x037e6000,58613760
244119,0x01b9d560,7156,0x037e8000,58621952
244124,0x01b9d570,7157,0x037ea000,58630144
244128,0x01b9d580,7158,0x037ec000,58638336
244132,0x01b9d590,7159,0x037ee000,58646528
244134,0x01b9d5a0,7160,0x037f0000,58654720
244135,0x01b9d5b0,7161,0x037f2000,58662912
244136,0x01b9d5c0,7162,0x037f4000,58671104
244137,0x01b9d5d0,7163,0x037f6000,58679296
244139,0x01b9d5e0,7164,0x037f8000,58687488
244140,0x01b9d5f0,7165,0x037fa000,58695680
244141,0x01b9d600,7166,0x037fc000,58703872
244142,0x01b9d610,7167,0x037fe000,58712064
244144,0x01b9d620,7168,0x03800000,58720256
244148,0x01b9d630,7169,0x03802000,58728448
244150,0x01b9d640,7170,0x03804000,58736640
244152,0x01b9d650,7171,0x03806000,58744832
244153,0x01b9d660,7172,0x03808000,58753024
244155,0x01b9d670,7173,0x0380a000,58761216
244156,0x01b9d680,7174,0x0380c000,58769408
244158,0x01b9d690,7175,0x0380e000,58777600
244162,0x01b9d6a0,7176,0x03810000,58785792
244164,0x01b9d6b0,7177,0x03812000,58793984
244165,0x01b9d6c0,7178,0x03814000,58802176
244166,0x01b9d6d0,7179,0x03816000,58810368
244168,0x01b9d6e0,7180,0x03818000,58818560
244171,0x01b9d6f0,7181,0x0381a000,58826752
244178,0x01b9d700,7182,0x0381c000,58834944
244180,0x01b9d710,7183,0x0381e000,58843136
244181,0x01b9d720,7184,0x03820000,58851328
244183,0x01b9d730,7185,0x03822000,58859520
244184,0x01b9d740,7186,0x03824000,58867712
244185,0x01b9d750,7187,0x03826000,58875904
244186,0x01b9d760,7188,0x03828000,58884096
244188,0x01b9d770,7189,0x0382a000,58892288
244189,0x01b9d780,7190,0x0382c000,58900480
244190,0x01b9d790,7191,0x0382e000,58908672
244191,0x01b9d7a0,7192,0x03830000,58916864
244192,0x01b9d7b0,7193,0x03832000,58925056
244193,0x01b9d7c0,7194,0x03834000,58933248
244194,0x01b9d7d0,7195,0x03836000,58941440
244196,0x01b9d7e0,7196,0x03838000,58949632
244197,0x01b9d7f0,7197,0x0383a000,58957824
244199,0x01b9d800,7198,0x0383c000,58966016
244204,0x01b9d810,7199,0x0383e000,58974208
244213,0x01b9d820,7200,0x03840000,58982400
244217,0x01b9d830,7201,0x03842000,58990592
244218,0x01b9d840,7202,0x03844000,58998784
244219,0x01b9d850,7203,0x03846000,59006976
244223,0x01b9d860,7204,0x03848000,59015168
244224,0x01b9d870,7205,0x0384a000,59023360
244230,0x01b9d880,7206,0x0384c000,59031552
244231,0x01b9d890,7207,0x0384e000,59039744
244232,0x01b9d8a0,7208,0x03850000,59047936
244233,0x01b9d8b0,7209,0x03852000,59056128
244234,0x01b9d8c0,7210,0x03854000,59064320
244236,0x01b9d8d0,7211,0x03856000,59072512
244237,0x01b9d8e0,7212,0x03858000,59080704
244238,0x01b9d8f0,7213,0x0385a000,59088896
244239,0x01b9d900,7214,0x0385c000,59097088
244240,0x01b9d910,7215,0x0385e000,59105280
244241,0x01b9d920,7216,0x03860000,59113472
244243,0x01b9d930,7217,0x03862000,59121664
244246,0x01b9d940,7218,0x03864000,59129856
244247,0x01b9d950,7219,0x03866000,59138048
244248,0x01b9d960,7220,0x03868000,59146240
244249,0x01b9d970,7221,0x0386a000,59154432
244250,0x01b9d980,7222,0x0386c000,59162624
244251,0x01b9d990,7223,0x0386e000,59170816
244252,0x01b9d9a0,7224,0x03870000,59179008
244256,0x01b9d9b0,7225,0x03872000,59187200
244259,0x01b9d9c0,7226,0x03874000,59195392
244260,0x01b9d9d0,7227,0x03876000,59203584
244262,0x01b9d9e0,7228,0x03878000,59211776
244264,0x01b9d9f0,7229,0x0387a000,59219968
244266,0x01b9da00,7230,0x0387c000,59228160
244268,0x01b9da10,7231,0x0387e000,59236352
244269,0x01b9da20,7232,0x03880000,59244544
244270,0x01b9da30,7233,0x03882000,59252736
244274,0x01b9da40,7234,0x03884000,59260928
244275,0x01b9da50,7235,0x03886000,59269120
244289,0x01b9da60,7236,0x03888000,59277312
244290,0x01b9da70,7237,0x0388a000,59285504
244291,0x01b9da80,7238,0x0388c000,59293696
244292,0x01b9da90,7239,0x0388e000,59301888
244293,0x01b9daa0,7240,0x03890000,59310080
244297,0x01b9dab0,7241,0x03892000,59318272
244298,0x01b9dac0,7242,0x03894000,59326464
244305,0x01b9dad0,7243,0x03896000,59334656
244316,0x01b9dae0,7244,0x03898000,59342848
244318,0x01b9daf0,7245,0x0389a000,59351040
244319,0x01b9db00,7246,0x0389c000,59359232
244320,0x01b9db10,7247,0x0389e000,59367424
244323,0x01b9db20,7248,0x038a0000,59375616
244325,0x01b9db30,7249,0x038a2000,59383808
244327,0x01b9db40,7250,0x038a4000,59392000
244328,0x01b9db50,7251,0x038a6000,59400192
244329,0x01b9db60,7252,0x038a8000,59408384
244332,0x01b9db70,7253,0x038aa000,59416576
244333,0x01b9db80,7254,0x038ac000,59424768
244336,0x01b9db90,7255,0x038ae000,59432960
244339,0x01b9dba0,7256,0x038b0000,59441152
244341,0x01b9dbb0,7257,0x038b2000,59449344
244342,0x01b9dbc0,7258,0x038b4000,59457536
244346,0x01b9dbd0,7259,0x038b6000,59465728
244347,0x01b9dbe0,7260,0x038b8000,59473920
244351,0x01b9dbf0,7261,0x038ba000,59482112
244352,0x01b9dc00,7262,0x038bc000,59490304
244356,0x01b9dc10,7263,0x038be000,59498496
244360,0x01b9dc20,7264,0x038c0000,59506688
244363,0x01b9dc30,7265,0x038c2000,59514880
244364,0x01b9dc40,7266,0x038c4000,59523072
244365,0x01b9dc50,7267,0x038c6000,59531264
244366,0x01b9dc60,7268,0x038c8000,59539456
244369,0x01b9dc70,7269,0x038ca000,59547648
244371,0x01b9dc80,7270,0x038cc000,59555840
244372,0x01b9dc90,7271,0x038ce000,59564032
244376,0x01b9dca0,7272,0x038d0000,59572224
244377,0x01b9dcb0,7273,0x038d2000,59580416
244381,0x01b9dcc0,7276,0x038d8000,59604992
244383,0x01b9dcd0,7277,0x038da000,59613184
244384,0x01b9dce0,7278,0x038dc000,59621376
244386,0x01b9dcf0,7279,0x038de000,59629568
244387,0x01b9dd00,7280,0x038e0000,59637760
244389,0x01b9dd10,7281,0x038e2000,59645952
244390,0x01b9dd20,7282,0x038e4000,59654144
244391,0x01b9dd30,7283,0x038e6000,59662336
244394,0x01b9dd40,7284,0x038e8000,59670528
244397,0x01b9dd50,7285,0x038ea000,59678720
244402,0x01b9dd60,7286,0x038ec000,59686912
244403,0x01b9dd70,7287,0x038ee000,59695104
244407,0x01b9dd80,7288,0x038f0000,59703296
244408,0x01b9dd90,7289,0x038f2000,59711488
244411,0x01b9dda0,7290,0x038f4000,59719680
244413,0x01b9ddb0,7291,0x038f6000,59727872
244415,0x01b9ddc0,7292,0x038f8000,59736064
244416,0x01b9ddd0,7293,0x038fa000,59744256
244417,0x01b9dde0,7294,0x038fc000,59752448
244418,0x01b9ddf0,7295,0x038fe000,59760640
244420,0x01b9de00,7296,0x03900000,59768832
244422,0x01b9de10,7297,0x03902000,59777024
244423,0x01b9de20,7298,0x03904000,59785216
244424,0x01b9de30,7299,0x03906000,59793408
244425,0x01b9de40,7300,0x03908000,59801600
244426,0x01b9de50,7301,0x0390a000,59809792
244428,0x01b9de60,7302,0x0390c000,59817984
244429,0x01b9de70,7303,0x0390e000,59826176
244430,0x01b9de80,7304,0x03910000,59834368
244432,0x01b9de90,7305,0x03912000,59842560
244433,0x01b9dea0,7306,0x03914000,59850752
244435,0x01b9deb0,7307,0x03916000,59858944
244444,0x01b9dec0,7308,0x03918000,59867136
244445,0x01b9ded0,7309,0x0391a000,59875328
244447,0x01b9dee0,7310,0x0391c000,59883520
244454,0x01b9def0,7311,0x0391e000,59891712
244457,0x01b9df00,7312,0x03920000,59899904
244459,0x01b9df10,7313,0x03922000,59908096
244460,0x01b9df20,7314,0x03924000,59916288
244463,0x01b9df30,7315,0x03926000,59924480
244464,0x01b9df40,7316,0x03928000,59932672
244465,0x01b9df50,7317,0x0392a000,59940864
244467,0x01b9df60,7318,0x0392c000,59949056
244468,0x01b9df70,7319,0x0392e000,59957248
244469,0x01b9df80,7320,0x03930000,59965440
244472,0x01b9df90,7321,0x03932000,59973632
244476,0x01b9dfa0,7322,0x03934000,59981824
244479,0x01b9dfb0,7323,0x03936000,59990016
244483,0x01b9dfc0,7324,0x03938000,59998208
244484,0x01b9dfd0,7325,0x0393a000,60006400
244487,0x01b9dfe0,7326,0x0393c000,60014592
244490,0x01b9dff0,7327,0x0393e000,60022784
603987,0x01c6a000,1776,0x00de0000,14548992
115495,0x01c6a010,2836,0x01628000,23232512
240346,0x01c6a020,4930,0x02684000,40386560
603988,0x01c6a080,1777,0x00de2000,14557184
240347,0x01c6a090,4931,0x02686000,40394752
603989,0x01c6a100,1778,0x00de4000,14565376
240348,0x01c6a110,4932,0x02688000,40402944
243050,0x01c6a120,6469,0x0328a000,52994048
240349,0x01c6a180,4933,0x0268a000,40411136
243052,0x01c6a200,6470,0x0328c000,53002240
243054,0x01c6a300,6471,0x0328e000,53010432
516150,0x01c6a310,8387,0x04186000,68706304
600241,0x01c6a400,365,0x002da000,2990080
173125,0x01c6a480,3803,0x01db6000,31154176
243057,0x01c6a490,6472,0x03290000,53018624
600243,0x01c6a500,366,0x002dc000,2998272
173127,0x01c6a580,3804,0x01db8000,31162368
243059,0x01c6a590,6473,0x03292000,53026816
600246,0x01c6a680,367,0x002de000,3006464
241430,0x01c6a690,5599,0x02bbe000,45867008
512910,0x01c6a700,8221,0x0403a000,67346432
600248,0x01c6a780,368,0x002e0000,3014656
152975,0x01c6a790,3596,0x01c18000,29458432
173082,0x01c6a7a0,3798,0x01dac000,31113216
233545,0x01c6a7b0,4647,0x0244e000,38068224
562330,0x01c6a7c0,8732,0x04438000,71532544
600249,0x01c6a800,369,0x002e2000,3022848
173083,0x01c6a810,3799,0x01dae000,31121408
231923,0x01c6a880,4571,0x023b6000,37445632
241434,0x01c6a890,5600,0x02bc0000,45875200
241435,0x01c6a900,5601,0x02bc2000,45883392
155681,0x01c6a980,3656,0x01c90000,29949952
560710,0x01c6a990,8630,0x0436c000,70696960
688450,0x01c6aa00,2269,0x011ba000,18587648
241437,0x01c6aa10,5602,0x02bc4000,45891584
244140,0x01c6aa80,7007,0x036be000,57401344
143007,0x01c6ab00,3257,0x01972000,26681344
163571,0x01c6ab10,3764,0x01d68000,30834688
241390,0x01c6ab20,5573,0x02b8a000,45654016
244141,0x01c6ab30,7008,0x036c0000,57409536
143008,0x01c6ab80,3258,0x01974000,26689536
231880,0x01c6ab90,4565,0x023aa000,37396480
244142,0x01c6aba0,7009,0x036c2000,57417728
512870,0x01c6abb0,8217,0x04032000,67313664
688455,0x01c6ac80,2270,0x011bc000,18595840
244144,0x01c6ac90,7010,0x036c4000,57425920
601330,0x01c6ad00,1038,0x0081c000,8503296
688456,0x01c6ad10,2271,0x011be000,18604032
155688,0x01c6ad20,3657,0x01c92000,29958144
241394,0x01c6ad30,5574,0x02b8c000,45662208
242521,0x01c6ad40,6195,0x03066000,50749440
588400,0x01c6ad50,8862,0x0453c000,72597504
241395,0x01c6ad80,5575,0x02b8e000,45670400
242522,0x01c6ad90,6196,0x03068000,50757632
688458,0x01c6ae00,2272,0x011c0000,18612224
241396,0x01c6ae10,5576,0x02b90000,45678592
560670,0x01c6ae20,8626,0x04364000,70664192
601333,0x01c6ae80,1039,0x0081e000,8511488
688459,0x01c6ae90,2273,0x011c2000,18620416
241397,0x01c6aea0,5577,0x02b92000,45686784
242524,0x01c6aeb0,6197,0x0306a000,50765824
244148,0x01c6aec0,7011,0x036c6000,57434112
110090,0x01c6aed0,7922,0x03de4000,64897024
147798,0x01c6af00,3308,0x019d8000,27099136
241398,0x01c6af10,5578,0x02b94000,45694976
242525,0x01c6af20,6198,0x0306c000,50774016
241399,0x01c6af80,5579,0x02b96000,45703168
110092,0x01c6af90,7923,0x03de6000,64905216
601336,0x01c6b000,1040,0x00820000,8519680
242527,0x01c6b010,6199,0x0306e000,50782208
110093,0x01c6b020,7924,0x03de8000,64913408
242528,0x01c6b080,6200,0x03070000,50790400
110095,0x01c6b100,7925,0x03dea000,64921600
601339,0x01c6b180,1041,0x00822000,8527872
588360,0x01c6b190,8858,0x04534000,72564736
110097,0x01c6b200,7926,0x03dec000,64929792
240901,0x01c6b280,5250,0x02904000,43008000
242483,0x01c6b290,6174,0x0303c000,50577408
110098,0x01c6b2a0,7927,0x03dee000,64937984
242484,0x01c6b300,6175,0x0303e000,50585600
110099,0x01c6b310,7928,0x03df0000,64946176
515580,0x01c6b320,8344,0x04130000,68354048
561800,0x01c6b330,8709,0x0440a000,71344128
184003,0x01c6b380,3887,0x01e5e000,31842304
240903,0x01c6b390,5251,0x02906000,43016192
136160,0x01c6b400,3052,0x017d8000,25001984
184004,0x01c6b410,3888,0x01e60000,31850496
242486,0x01c6b420,6176,0x03040000,50593792
245230,0x01c6b430,7566,0x03b1c000,61980672
184005,0x01c6b480,3889,0x01e62000,31858688
240905,0x01c6b490,5252,0x02908000,43024384
184006,0x01c6b500,3890,0x01e64000,31866880
240906,0x01c6b510,5253,0x0290a000,43032576
601298,0x01c6b580,1032,0x00810000,8454144
175301,0x01c6b590,3857,0x01e22000,31596544
240907,0x01c6b5a0,5254,0x0290c000,43040768
245233,0x01c6b5b0,7567,0x03b1e000,61988864
563380,0x01c6b5c0,8786,0x044a4000,71974912
175302,0x01c6b600,3858,0x01e24000,31604736
240908,0x01c6b610,5255,0x0290e000,43048960
245234,0x01c6b620,7568,0x03b20000,61997056
188792,0x01c6b680,4490,0x02314000,36782080
240909,0x01c6b690,5256,0x02910000,43057152
245235,0x01c6b6a0,7569,0x03b22000,62005248
240861,0x01c6b700,5229,0x028da000,42835968
136167,0x01c6b780,3053,0x017da000,25010176
243613,0x01c6b790,6757,0x034ca000,55353344
561760,0x01c6b7a0,8705,0x04402000,71311360
243614,0x01c6b800,6758,0x034cc000,55361536
516710,0x01c6b810,8428,0x041d8000,69042176
600800,0x01c6b880,799,0x0063e000,6545408
240864,0x01c6b890,5230,0x028dc000,42844160
243615,0x01c6b8a0,6759,0x034ce000,55369728
245190,0x01c6b8b0,7546,0x03af4000,61816832
600801,0x01c6b900,800,0x00640000,6553600
232978,0x01c6b910,4625,0x02422000,37888000
245191,0x01c6b920,7547,0x03af6000,61825024
600802,0x01c6b980,801,0x00642000,6561792
243617,0x01c6b990,6760,0x034d0000,55377920
600803,0x01c6ba00,802,0x00644000,6569984
235724,0x01c6ba10,4690,0x024a4000,38420480
240867,0x01c6ba20,5231,0x028de000,42852352
245193,0x01c6ba30,7548,0x03af8000,61833216
600804,0x01c6ba80,803,0x00646000,6578176
235725,0x01c6ba90,4691,0x024a6000,38428672
240868,0x01c6baa0,5232,0x028e0000,42860544
243619,0x01c6bab0,6761,0x034d2000,55386112
245194,0x01c6bac0,7549,0x03afa000,61841408
600805,0x01c6bb00,804,0x00648000,6586368
240869,0x01c6bb10,5233,0x028e2000,42868736
245195,0x01c6bb20,7550,0x03afc000,61849600
243572,0x01c6bb80,6739,0x034a6000,55205888
600807,0x01c6bc00,805,0x0064a000,6594560
605133,0x01c6bc10,1826,0x00e44000,14958592
173641,0x01c6bc20,3831,0x01dee000,31383552
751360,0x01c6bc30,9155,0x04786000,74997760
600808,0x01c6bc80,806,0x0064c000,6602752
235729,0x01c6bc90,4692,0x024a8000,38436864
516670,0x01c6bca0,8426,0x041d4000,69025792
751361,0x01c6bcb0,9156,0x04788000,75005952
244491,0x01ca0000,7329,0x03942000,60039168
244492,0x01ca0010,7330,0x03944000,60047360
244494,0x01ca0020,7331,0x03946000,60055552
244495,0x01ca0030,7332,0x03948000,60063744
244500,0x01ca0040,7333,0x0394a000,60071936
244501,0x01ca0050,7334,0x0394c000,60080128
244502,0x01ca0060,7335,0x0394e000,60088320
244503,0x01ca0070,7336,0x03950000,60096512
244504,0x01ca0080,7337,0x03952000,60104704
244505,0x01ca0090,7338,0x03954000,60112896
244507,0x01ca00a0,7339,0x03956000,60121088
244509,0x01ca00b0,7340,0x03958000,60129280
244511,0x01ca00c0,7341,0x0395a000,60137472
244514,0x01ca00d0,7342,0x0395c000,60145664
244516,0x01ca00e0,7343,0x0395e000,60153856
244517,0x01ca00f0,7344,0x03960000,60162048
244522,0x01ca0100,7345,0x03962000,60170240
244523,0x01ca0110,7346,0x03964000,60178432
244526,0x01ca0120,7347,0x03966000,60186624
244530,0x01ca0130,7348,0x03968000,60194816
244531,0x01ca0140,7349,0x0396a000,60203008
244533,0x01ca0150,7350,0x0396c000,60211200
244535,0x01ca0160,7351,0x0396e000,60219392
244537,0x01ca0170,7352,0x03970000,60227584
244539,0x01ca0180,7353,0x03972000,60235776
244540,0x01ca0190,7354,0x03974000,60243968
244543,0x01ca01a0,7355,0x03976000,60252160
244544,0x01ca01b0,7356,0x03978000,60260352
244546,0x01ca01c0,7357,0x0397a000,60268544
244547,0x01ca01d0,7358,0x0397c000,60276736
244549,0x01ca01e0,7359,0x0397e000,60284928
244551,0x01ca01f0,7360,0x03980000,60293120
244552,0x01ca0200,7361,0x03982000,60301312
244554,0x01ca0210,7362,0x03984000,60309504
244556,0x01ca0220,7363,0x03986000,60317696
244557,0x01ca0230,7364,0x03988000,60325888
244559,0x01ca0240,7365,0x0398a000,60334080
244560,0x01ca0250,7366,0x0398c000,60342272
244561,0x01ca0260,7367,0x0398e000,60350464
244562,0x01ca0270,7368,0x03990000,60358656
244564,0x01ca0280,7369,0x03992000,60366848
244567,0x01ca0290,7370,0x03994000,60375040
244568,0x01ca02a0,7371,0x03996000,60383232
244570,0x01ca02b0,7372,0x03998000,60391424
244572,0x01ca02c0,7373,0x0399a000,60399616
244573,0x01ca02d0,7374,0x0399c000,60407808
244574,0x01ca02e0,7375,0x0399e000,60416000
244575,0x01ca02f0,7376,0x039a0000,60424192
244576,0x01ca0300,7377,0x039a2000,60432384
244577,0x01ca0310,7378,0x039a4000,60440576
244578,0x01ca0320,7379,0x039a6000,60448768
244580,0x01ca0330,7380,0x039a8000,60456960
244582,0x01ca0340,7381,0x039aa000,60465152
244584,0x01ca0350,7382,0x039ac000,60473344
244585,0x01ca0360,7383,0x039ae000,60481536
244586,0x01ca0370,7384,0x039b0000,60489728
244588,0x01ca0380,7385,0x039b2000,60497920
244589,0x01ca0390,7386,0x039b4000,60506112
244590,0x01ca03a0,7387,0x039b6000,60514304
244592,0x01ca03b0,7388,0x039b8000,60522496
244594,0x01ca03c0,7389,0x039ba000,60530688
244596,0x01ca03d0,7390,0x039bc000,60538880
244597,0x01ca03e0,7391,0x039be000,60547072
244598,0x01ca03f0,7392,0x039c0000,60555264
244599,0x01ca0400,7393,0x039c2000,60563456
244601,0x01ca0410,7394,0x039c4000,60571648
244602,0x01ca0420,7395,0x039c6000,60579840
244603,0x01ca0430,7396,0x039c8000,60588032
244608,0x01ca0440,7397,0x039ca000,60596224
244609,0x01ca0450,7398,0x039cc000,60604416
244611,0x01ca0460,7399,0x039ce000,60612608
244614,0x01ca0470,7400,0x039d0000,60620800
244615,0x01ca0480,7401,0x039d2000,60628992
244617,0x01ca0490,7402,0x039d4000,60637184
244618,0x01ca04a0,7403,0x039d6000,60645376
244620,0x01ca04b0,7404,0x039d8000,60653568
244621,0x01ca04c0,7405,0x039da000,60661760
244622,0x01ca04d0,7406,0x039dc000,60669952
244623,0x01ca04e0,7407,0x039de000,60678144
244624,0x01ca04f0,7408,0x039e0000,60686336
244625,0x01ca0500,7409,0x039e2000,60694528
244627,0x01ca0510,7410,0x039e4000,60702720
244629,0x01ca0520,7411,0x039e6000,60710912
244631,0x01ca0530,7412,0x039e8000,60719104
244633,0x01ca0540,7413,0x039ea000,60727296
244634,0x01ca0550,7414,0x039ec000,60735488
244635,0x01ca0560,7415,0x039ee000,60743680
244639,0x01ca0570,7416,0x039f0000,60751872
244640,0x01ca0580,7417,0x039f2000,60760064
244642,0x01ca0590,7418,0x039f4000,60768256
244644,0x01ca05a0,7419,0x039f6000,60776448
244646,0x01ca05b0,7420,0x039f8000,60784640
244649,0x01ca05c0,7421,0x039fa000,60792832
244653,0x01ca05d0,7422,0x039fc000,60801024
244654,0x01ca05e0,7423,0x039fe000,60809216
244657,0x01ca05f0,7424,0x03a00000,60817408
244659,0x01ca0600,7425,0x03a02000,60825600
244660,0x01ca0610,7426,0x03a04000,60833792
244661,0x01ca0620,7427,0x03a06000,60841984
244662,0x01ca0630,7428,0x03a08000,60850176
244665,0x01ca0640,7429,0x03a0a000,60858368
244666,0x01ca0650,7430,0x03a0c000,60866560
244668,0x01ca0660,7431,0x03a0e000,60874752
244669,0x01ca0670,7432,0x03a10000,60882944
244670,0x01ca0680,7433,0x03a12000,60891136
244674,0x01ca0690,7434,0x03a14000,60899328
244675,0x01ca06a0,7435,0x03a16000,60907520
244677,0x01ca06b0,7436,0x03a18000,60915712
244679,0x01ca06c0,7437,0x03a1a000,60923904
244680,0x01ca06d0,7438,0x03a1c000,60932096
244681,0x01ca06e0,7439,0x03a1e000,60940288
244682,0x01ca06f0,7440,0x03a20000,60948480
244683,0x01ca0700,7441,0x03a22000,60956672
244685,0x01ca0710,7442,0x03a24000,60964864
244687,0x01ca0720,7443,0x03a26000,60973056
244688,0x01ca0730,7444,0x03a28000,60981248
244690,0x01ca0740,7445,0x03a2a000,60989440
244691,0x01ca0750,7446,0x03a2c000,60997632
244692,0x01ca0760,7447,0x03a2e000,61005824
244694,0x01ca0770,7448,0x03a30000,61014016
244695,0x01ca0780,7449,0x03a32000,61022208
244698,0x01ca0790,7450,0x03a34000,61030400
244700,0x01ca07a0,7451,0x03a36000,61038592
244701,0x01ca07b0,7452,0x03a38000,61046784
244702,0x01ca07c0,7453,0x03a3a000,61054976
244706,0x01ca07d0,7454,0x03a3c000,61063168
244708,0x01ca07e0,7455,0x03a3e000,61071360
244710,0x01ca07f0,7456,0x03a40000,61079552
244712,0x01ca0800,7457,0x03a42000,61087744
244714,0x01ca0810,7458,0x03a44000,61095936
244716,0x01ca0820,7459,0x03a46000,61104128
244719,0x01ca0830,7460,0x03a48000,61112320
244720,0x01ca0840,7461,0x03a4a000,61120512
244723,0x01ca0850,7462,0x03a4c000,61128704
244724,0x01ca0860,7463,0x03a4e000,61136896
244727,0x01ca0870,7464,0x03a50000,61145088
244728,0x01ca0880,7465,0x03a52000,61153280
244729,0x01ca0890,7466,0x03a54000,61161472
244730,0x01ca08a0,7467,0x03a56000,61169664
244731,0x01ca08b0,7468,0x03a58000,61177856
244732,0x01ca08c0,7469,0x03a5a000,61186048
244734,0x01ca08d0,7470,0x03a5c000,61194240
244737,0x01ca08e0,7471,0x03a5e000,61202432
244739,0x01ca08f0,7472,0x03a60000,61210624
244744,0x01ca0900,7473,0x03a62000,61218816
244746,0x01ca0910,7474,0x03a64000,61227008
244748,0x01ca0920,7475,0x03a66000,61235200
244750,0x01ca0930,7476,0x03a68000,61243392
244753,0x01ca0940,7477,0x03a6a000,61251584
244754,0x01ca0950,7478,0x03a6c000,61259776
244757,0x01ca0960,7479,0x03a6e000,61267968
244758,0x01ca0970,7480,0x03a70000,61276160
244763,0x01ca0980,7481,0x03a72000,61284352
244764,0x01ca0990,7482,0x03a74000,61292544
244766,0x01ca09a0,7483,0x03a76000,61300736
244768,0x01ca09b0,7484,0x03a78000,61308928
244770,0x01ca09c0,7485,0x03a7a000,61317120
244772,0x01ca09d0,7486,0x03a7c000,61325312
244775,0x01ca09e0,7487,0x03a7e000,61333504
244776,0x01ca09f0,7488,0x03a80000,61341696
244778,0x01ca0a00,7489,0x03a82000,61349888
244779,0x01ca0a10,7490,0x03a84000,61358080
244780,0x01ca0a20,7491,0x03a86000,61366272
244784,0x01ca0a30,7492,0x03a88000,61374464
244786,0x01ca0a40,7493,0x03a8a000,61382656
244787,0x01ca0a50,7494,0x03a8c000,61390848
244791,0x01ca0a60,7495,0x03a8e000,61399040
244792,0x01ca0a70,7496,0x03a90000,61407232
244794,0x01ca0a80,7497,0x03a92000,61415424
244795,0x01ca0a90,7498,0x03a94000,61423616
244797,0x01ca0aa0,7499,0x03a96000,61431808
244799,0x01ca0ab0,7500,0x03a98000,61440000
244801,0x01ca0ac0,7501,0x03a9a000,61448192
244802,0x01ca0ad0,7502,0x03a9c000,61456384
244803,0x01ca0ae0,7503,0x03a9e000,61464576
244804,0x01ca0af0,7504,0x03aa0000,61472768
244806,0x01ca0b00,7505,0x03aa2000,61480960
244807,0x01ca0b10,7506,0x03aa4000,61489152
244808,0x01ca0b20,7507,0x03aa6000,61497344
244810,0x01ca0b30,7508,0x03aa8000,61505536
244811,0x01ca0b40,7509,0x03aaa000,61513728
244812,0x01ca0b50,7510,0x03aac000,61521920
244814,0x01ca0b60,7511,0x03aae000,61530112
244815,0x01ca0b70,7512,0x03ab0000,61538304
244816,0x01ca0b80,7513,0x03ab2000,61546496
244817,0x01ca0b90,7514,0x03ab4000,61554688
244819,0x01ca0ba0,7515,0x03ab6000,61562880
244820,0x01ca0bb0,7516,0x03ab8000,61571072
244821,0x01ca0bc0,7517,0x03aba000,61579264
244823,0x01ca0bd0,7518,0x03abc000,61587456
244824,0x01ca0be0,7519,0x03abe000,61595648
244825,0x01ca0bf0,7520,0x03ac0000,61603840
244826,0x01ca0c00,7521,0x03ac2000,61612032
244827,0x01ca0c10,7522,0x03ac4000,61620224
244828,0x01ca0c20,7523,0x03ac6000,61628416
244829,0x01ca0c30,7524,0x03ac8000,61636608
244834,0x01ca0c40,7525,0x03aca000,61644800
244835,0x01ca0c50,7526,0x03acc000,61652992
244837,0x01ca0c60,7527,0x03ace000,61661184
244838,0x01ca0c70,7528,0x03ad0000,61669376
244840,0x01ca0c80,7529,0x03ad2000,61677568
244843,0x01ca0c90,7530,0x03ad4000,61685760
244844,0x01ca0ca0,7531,0x03ad6000,61693952
244848,0x01ca0cb0,7532,0x03ad8000,61702144
244849,0x01ca0cc0,7533,0x03ada000,61710336
244850,0x01ca0cd0,7534,0x03adc000,61718528
244851,0x01ca0ce0,7535,0x03ade000,61726720
244853,0x01ca0cf0,7536,0x03ae0000,61734912
244855,0x01ca0d00,7537,0x03ae2000,61743104
244857,0x01ca0d10,7538,0x03ae4000,61751296
244858,0x01ca0d20,7539,0x03ae6000,61759488
244859,0x01ca0d30,7540,0x03ae8000,61767680
244860,0x01ca0d40,7541,0x03aea000,61775872
244862,0x01ca0d50,7542,0x03aec000,61784064
244863,0x01ca0d60,7543,0x03aee000,61792256
244867,0x01ca0d70,7544,0x03af0000,61800448
244868,0x01ca0d80,7545,0x03af2000,61808640
244870,0x01ca0d90,7546,0x03af4000,61816832
244871,0x01ca0da0,7547,0x03af6000,61825024
244872,0x01ca0db0,7548,0x03af8000,61833216
244873,0x01ca0dc0,7549,0x03afa000,61841408
244874,0x01ca0dd0,7550,0x03afc000,61849600
244875,0x01ca0de0,7551,0x03afe000,61857792
244876,0x01ca0df0,7552,0x03b00000,61865984
244877,0x01ca0e00,7553,0x03b02000,61874176
244880,0x01ca0e10,7554,0x03b04000,61882368
244882,0x01ca0e20,7555,0x03b06000,61890560
244883,0x01ca0e30,7556,0x03b08000,61898752
244884,0x01ca0e40,7557,0x03b0a000,61906944
244885,0x01ca0e50,7558,0x03b0c000,61915136
244887,0x01ca0e60,7559,0x03b0e000,61923328
244890,0x01ca0e70,7560,0x03b10000,61931520
244892,0x01ca0e80,7561,0x03b12000,61939712
244894,0x01ca0e90,7562,0x03b14000,61947904
244895,0x01ca0ea0,7563,0x03b16000,61956096
244897,0x01ca0eb0,7564,0x03b18000,61964288
244909,0x01ca0ec0,7565,0x03b1a000,61972480
244913,0x01ca0ed0,7566,0x03b1c000,61980672
244920,0x01ca0ee0,7567,0x03b1e000,61988864
244922,0x01ca0ef0,7568,0x03b20000,61997056
244924,0x01ca0f00,7569,0x03b22000,62005248
244925,0x01ca0f10,7570,0x03b24000,62013440
244930,0x01ca0f20,7571,0x03b26000,62021632
244931,0x01ca0f30,7572,0x03b28000,62029824
244932,0x01ca0f40,7573,0x03b2a000,62038016
244933,0x01ca0f50,7574,0x03b2c000,62046208
244936,0x01ca0f60,7575,0x03b2e000,62054400
244937,0x01ca0f70,7576,0x03b30000,62062592
244939,0x01ca0f80,7577,0x03b32000,62070784
244941,0x01ca0f90,7578,0x03b34000,62078976
244942,0x01ca0fa0,7579,0x03b36000,62087168
244943,0x01ca0fb0,7580,0x03b38000,62095360
244944,0x01ca0fc0,7581,0x03b3a000,62103552
244945,0x01ca0fd0,7582,0x03b3c000,62111744
244946,0x01ca0fe0,7583,0x03b3e000,62119936
244948,0x01ca0ff0,7584,0x03b40000,62128128
244949,0x01da1000,7586,0x03b44000,62144512
244952,0x01da1010,7587,0x03b46000,62152704
244957,0x01da1020,7588,0x03b48000,62160896
244958,0x01da1030,7589,0x03b4a000,62169088
244959,0x01da1040,7590,0x03b4c000,62177280
244960,0x01da1050,7591,0x03b4e000,62185472
244962,0x01da1060,7592,0x03b50000,62193664
244964,0x01da1070,7593,0x03b52000,62201856
244970,0x01da1080,7594,0x03b54000,62210048
244972,0x01da1090,7595,0x03b56000,62218240
244973,0x01da10a0,7596,0x03b58000,62226432
244974,0x01da10b0,7597,0x03b5a000,62234624
244976,0x01da10c0,7598,0x03b5c000,62242816
244977,0x01da10d0,7599,0x03b5e000,62251008
244978,0x01da10e0,7600,0x03b60000,62259200
244979,0x01da10f0,7601,0x03b62000,62267392
244985,0x01da1100,7602,0x03b64000,62275584
244987,0x01da1110,7603,0x03b66000,62283776
244988,0x01da1120,7604,0x03b68000,62291968
244989,0x01da1130,7605,0x03b6a000,62300160
244991,0x01da1140,7606,0x03b6c000,62308352
244992,0x01da1150,7607,0x03b6e000,62316544
244993,0x01da1160,7608,0x03b70000,62324736
244997,0x01da1170,7609,0x03b72000,62332928
245004,0x01da1180,7610,0x03b74000,62341120
245006,0x01da1190,7611,0x03b76000,62349312
245007,0x01da11a0,7612,0x03b78000,62357504
245008,0x01da11b0,7613,0x03b7a000,62365696
245010,0x01da11c0,7614,0x03b7c000,62373888
245011,0x01da11d0,7615,0x03b7e000,62382080
245013,0x01da11e0,7616,0x03b80000,62390272
245014,0x01da11f0,7617,0x03b82000,62398464
245016,0x01da1200,7618,0x03b84000,62406656
245019,0x01da1210,7619,0x03b86000,62414848
245020,0x01da1220,7620,0x03b88000,62423040
245021,0x01da1230,7621,0x03b8a000,62431232
245023,0x01da1240,7622,0x03b8c000,62439424
245024,0x01da1250,7623,0x03b8e000,62447616
245028,0x01da1260,7624,0x03b90000,62455808
245031,0x01da1270,7625,0x03b92000,62464000
245032,0x01da1280,7626,0x03b94000,62472192
245033,0x01da1290,7627,0x03b96000,62480384
245034,0x01da12a0,7628,0x03b98000,62488576
245040,0x01da12b0,7629,0x03b9a000,62496768
245046,0x01da12c0,7630,0x03b9c000,62504960
245053,0x01da12d0,7631,0x03b9e000,62513152
245054,0x01da12e0,7632,0x03ba0000,62521344
245057,0x01da12f0,7633,0x03ba2000,62529536
245059,0x01da1300,7634,0x03ba4000,62537728
245061,0x01da1310,7635,0x03ba6000,62545920
245062,0x01da1320,7636,0x03ba8000,62554112
245065,0x01da1330,7637,0x03baa000,62562304
245066,0x01da1340,7638,0x03bac000,62570496
245067,0x01da1350,7639,0x03bae000,62578688
245068,0x01da1360,7640,0x03bb0000,62586880
245069,0x01da1370,7641,0x03bb2000,62595072
245071,0x01da1380,7642,0x03bb4000,62603264
245072,0x01da1390,7643,0x03bb6000,62611456
245074,0x01da13a0,7644,0x03bb8000,62619648
245075,0x01da13b0,7645,0x03bba000,62627840
245076,0x01da13c0,7646,0x03bbc000,62636032
245077,0x01da13d0,7647,0x03bbe000,62644224
245078,0x01da13e0,7648,0x03bc0000,62652416
245081,0x01da13f0,7649,0x03bc2000,62660608
245085,0x01da1400,7650,0x03bc4000,62668800
245086,0x01da1410,7651,0x03bc6000,62676992
245090,0x01da1420,7652,0x03bc8000,62685184
245093,0x01da1430,7653,0x03bca000,62693376
245098,0x01da1440,7654,0x03bcc000,62701568
245099,0x01da1450,7655,0x03bce000,62709760
245100,0x01da1460,7656,0x03bd0000,62717952
245103,0x01da1470,7657,0x03bd2000,62726144
245104,0x01da1480,7658,0x03bd4000,62734336
245109,0x01da1490,7659,0x03bd6000,62742528
245112,0x01da14a0,7660,0x03bd8000,62750720
245113,0x01da14b0,7661,0x03bda000,62758912
245114,0x01da14c0,7662,0x03bdc000,62767104
245115,0x01da14d0,7663,0x03bde000,62775296
245117,0x01da14e0,7664,0x03be0000,62783488
245118,0x01da14f0,7665,0x03be2000,62791680
245119,0x01da1500,7666,0x03be4000,62799872
245120,0x01da1510,7667,0x03be6000,62808064
245121,0x01da1520,7668,0x03be8000,62816256
245123,0x01da1530,7669,0x03bea000,62824448
245124,0x01da1540,7670,0x03bec000,62832640
245125,0x01da1550,7671,0x03bee000,62840832
245126,0x01da1560,7672,0x03bf0000,62849024
245127,0x01da1570,7673,0x03bf2000,62857216
245128,0x01da1580,7674,0x03bf4000,62865408
245129,0x01da1590,7675,0x03bf6000,62873600
245130,0x01da15a0,7676,0x03bf8000,62881792
245131,0x01da15b0,7677,0x03bfa000,62889984
245132,0x01da15c0,7678,0x03bfc000,62898176
245134,0x01da15d0,7679,0x03bfe000,62906368
245137,0x01da15e0,7680,0x03c00000,62914560
245138,0x01da15f0,7681,0x03c02000,62922752
245140,0x01da1600,7682,0x03c04000,62930944
245141,0x01da1610,7683,0x03c06000,62939136
245144,0x01da1620,7684,0x03c08000,62947328
245146,0x01da1630,7685,0x03c0a000,62955520
245147,0x01da1640,7686,0x03c0c000,62963712
245148,0x01da1650,7687,0x03c0e000,62971904
245149,0x01da1660,7688,0x03c10000,62980096
245151,0x01da1670,7689,0x03c12000,62988288
245152,0x01da1680,7690,0x03c14000,62996480
245153,0x01da1690,7691,0x03c16000,63004672
245154,0x01da16a0,7692,0x03c18000,63012864
245160,0x01da16b0,7693,0x03c1a000,63021056
245161,0x01da16c0,7694,0x03c1c000,63029248
245162,0x01da16d0,7695,0x03c1e000,63037440
245163,0x01da16e0,7696,0x03c20000,63045632
245166,0x01da16f0,7697,0x03c22000,63053824
245167,0x01da1700,7698,0x03c24000,63062016
245168,0x01da1710,7699,0x03c26000,63070208
245171,0x01da1720,7700,0x03c28000,63078400
245174,0x01da1730,7701,0x03c2a000,63086592
245176,0x01da1740,7702,0x03c2c000,63094784
245179,0x01da1750,7703,0x03c2e000,63102976
245180,0x01da1760,7704,0x03c30000,63111168
245181,0x01da1770,7705,0x03c32000,63119360
245185,0x01da1780,7706,0x03c34000,63127552
245187,0x01da1790,7707,0x03c36000,63135744
245190,0x01da17a0,7708,0x03c38000,63143936
245191,0x01da17b0,7709,0x03c3a000,63152128
245193,0x01da17c0,7710,0x03c3c000,63160320
245194,0x01da17d0,7711,0x03c3e000,63168512
245195,0x01da17e0,7712,0x03c40000,63176704
245201,0x01da17f0,7713,0x03c42000,63184896
245204,0x01da1800,7714,0x03c44000,63193088
245205,0x01da1810,7715,0x03c46000,63201280
245206,0x01da1820,7716,0x03c48000,63209472
245212,0x01da1830,7717,0x03c4a000,63217664
245214,0x01da1840,7718,0x03c4c000,63225856
245215,0x01da1850,7719,0x03c4e000,63234048
245216,0x01da1860,7720,0x03c50000,63242240
245217,0x01da1870,7721,0x03c52000,63250432
245220,0x01da1880,7722,0x03c54000,63258624
245221,0x01da1890,7723,0x03c56000,63266816
245222,0x01da18a0,7724,0x03c58000,63275008
245225,0x01da18b0,7725,0x03c5a000,63283200
245226,0x01da18c0,7726,0x03c5c000,63291392
245227,0x01da18d0,7727,0x03c5e000,63299584
245230,0x01da18e0,7728,0x03c60000,63307776
245233,0x01da18f0,7729,0x03c62000,63315968
245234,0x01da1900,7730,0x03c64000,63324160
245235,0x01da1910,7731,0x03c66000,63332352
245243,0x01da1920,7732,0x03c68000,63340544
245245,0x01da1930,7733,0x03c6a000,63348736
245246,0x01da1940,7734,0x03c6c000,63356928
245248,0x01da1950,7735,0x03c6e000,63365120
245249,0x01da1960,7736,0x03c70000,63373312
245250,0x01da1970,7737,0x03c72000,63381504
245254,0x01da1980,7738,0x03c74000,63389696
245257,0x01da1990,7739,0x03c76000,63397888
245258,0x01da19a0,7740,0x03c78000,63406080
245259,0x01da19b0,7741,0x03c7a000,63414272
245260,0x01da19c0,7742,0x03c7c000,63422464
245265,0x01da19d0,7743,0x03c7e000,63430656
245266,0x01da19e0,7744,0x03c80000,63438848
245268,0x01da19f0,7745,0x03c82000,63447040
245272,0x01da1a00,7746,0x03c84000,63455232
245275,0x01da1a10,7747,0x03c86000,63463424
245276,0x01da1a20,7748,0x03c88000,63471616
245277,0x01da1a30,7749,0x03c8a000,63479808
245278,0x01da1a40,7750,0x03c8c000,63488000
245286,0x01da1a50,7751,0x03c8e000,63496192
245287,0x01da1a60,7752,0x03c90000,63504384
245288,0x01da1a70,7753,0x03c92000,63512576
245295,0x01da1a80,7754,0x03c94000,63520768
245300,0x01da1a90,7755,0x03c96000,63528960
245309,0x01da1aa0,7756,0x03c98000,63537152
245311,0x01da1ab0,7757,0x03c9a000,63545344
245312,0x01da1ac0,7758,0x03c9c000,63553536
245315,0x01da1ad0,7759,0x03c9e000,63561728
245316,0x01da1ae0,7760,0x03ca0000,63569920
245317,0x01da1af0,7761,0x03ca2000,63578112
245318,0x01da1b00,7762,0x03ca4000,63586304
245320,0x01da1b10,7763,0x03ca6000,63594496
245327,0x01da1b20,7764,0x03ca8000,63602688
245328,0x01da1b30,7765,0x03caa000,63610880
245329,0x01da1b40,7766,0x03cac000,63619072
245331,0x01da1b50,7767,0x03cae000,63627264
245332,0x01da1b60,7768,0x03cb0000,63635456
245337,0x01da1b70,7769,0x03cb2000,63643648
245340,0x01da1b80,7770,0x03cb4000,63651840
245345,0x01da1b90,7771,0x03cb6000,63660032
245346,0x01da1ba0,7772,0x03cb8000,63668224
245347,0x01da1bb0,7773,0x03cba000,63676416
245348,0x01da1bc0,7774,0x03cbc000,63684608
245351,0x01da1bd0,7775,0x03cbe000,63692800
245352,0x01da1be0,7776,0x03cc0000,63700992
245354,0x01da1bf0,7777,0x03cc2000,63709184
245355,0x01da1c00,7778,0x03cc4000,63717376
245356,0x01da1c10,7779,0x03cc6000,63725568
245357,0x01da1c20,7780,0x03cc8000,63733760
245358,0x01da1c30,7781,0x03cca000,63741952
245359,0x01da1c40,7782,0x03ccc000,63750144
245363,0x01da1c50,7783,0x03cce000,63758336
245368,0x01da1c60,7784,0x03cd0000,63766528
245370,0x01da1c70,7785,0x03cd2000,63774720
245371,0x01da1c80,7786,0x03cd4000,63782912
245373,0x01da1c90,7787,0x03cd6000,63791104
245374,0x01da1ca0,7788,0x03cd8000,63799296
245376,0x01da1cb0,7789,0x03cda000,63807488
245381,0x01da1cc0,7790,0x03cdc000,63815680
245383,0x01da1cd0,7791,0x03cde000,63823872
245385,0x01da1ce0,7792,0x03ce0000,63832064
245388,0x01da1cf0,7793,0x03ce2000,63840256
245391,0x01da1d00,7794,0x03ce4000,63848448
245392,0x01da1d10,7795,0x03ce6000,63856640
245396,0x01da1d20,7796,0x03ce8000,63864832
245398,0x01da1d30,7797,0x03cea000,63873024
245399,0x01da1d40,7798,0x03cec000,63881216
245401,0x01da1d50,7799,0x03cee000,63889408
245402,0x01da1d60,7800,0x03cf0000,63897600
245403,0x01da1d70,7801,0x03cf2000,63905792
245407,0x01da1d80,7802,0x03cf4000,63913984
245408,0x01da1d90,7803,0x03cf6000,63922176
245414,0x01da1da0,7804,0x03cf8000,63930368
245415,0x01da1db0,7805,0x03cfa000,63938560
245417,0x01da1dc0,7806,0x03cfc000,63946752
245419,0x01da1dd0,7807,0x03cfe000,63954944
245424,0x01da1de0,7808,0x03d00000,63963136
245425,0x01da1df0,7809,0x03d02000,63971328
245426,0x01da1e00,7810,0x03d04000,63979520
245428,0x01da1e10,7811,0x03d06000,63987712
245431,0x01da1e20,7812,0x03d08000,63995904
245432,0x01da1e30,7813,0x03d0a000,64004096
245433,0x01da1e40,7814,0x03d0c000,64012288
245434,0x01da1e50,7815,0x03d0e000,64020480
245435,0x01da1e60,7816,0x03d10000,64028672
245436,0x01da1e70,7817,0x03d12000,64036864
245437,0x01da1e80,7818,0x03d14000,64045056
245439,0x01da1e90,7819,0x03d16000,64053248
245441,0x01da1ea0,7820,0x03d18000,64061440
245442,0x01da1eb0,7821,0x03d1a000,64069632
245443,0x01da1ec0,7822,0x03d1c000,64077824
245445,0x01da1ed0,7823,0x03d1e000,64086016
245448,0x01da1ee0,7824,0x03d20000,64094208
245449,0x01da1ef0,7825,0x03d22000,64102400
245450,0x01da1f00,7826,0x03d24000,64110592
245455,0x01da1f10,7827,0x03d26000,64118784
245459,0x01da1f20,7828,0x03d28000,64126976
245460,0x01da1f30,7829,0x03d2a000,64135168
245467,0x01da1f40,7830,0x03d2c000,64143360
245468,0x01da1f50,7831,0x03d2e000,64151552
245469,0x01da1f60,7832,0x03d30000,64159744
245471,0x01da1f70,7833,0x03d32000,64167936
245474,0x01da1f80,7834,0x03d34000,64176128
245477,0x01da1f90,7835,0x03d36000,64184320
245479,0x01da1fa0,7836,0x03d38000,64192512
245480,0x01da1fb0,7837,0x03d3a000,64200704
245482,0x01da1fc0,7838,0x03d3c000,64208896
245485,0x01da1fd0,7839,0x03d3e000,64217088
245486,0x01da1fe0,7840,0x03d40000,64225280
245490,0x01da1ff0,7841,0x03d42000,64233472
245495,0x01ea2000,7843,0x03d46000,64249856
245504,0x01ea2010,7844,0x03d48000,64258048
245505,0x01ea2020,7845,0x03d4a000,64266240
245509,0x01ea2030,7846,0x03d4c000,64274432
245517,0x01ea2040,7847,0x03d4e000,64282624
245518,0x01ea2050,7848,0x03d50000,64290816
245519,0x01ea2060,7849,0x03d52000,64299008
245521,0x01ea2070,7850,0x03d54000,64307200
245525,0x01ea2080,7851,0x03d56000,64315392
245529,0x01ea2090,7852,0x03d58000,64323584
245531,0x01ea20a0,7853,0x03d5a000,64331776
245532,0x01ea20b0,7854,0x03d5c000,64339968
245534,0x01ea20c0,7855,0x03d5e000,64348160
245540,0x01ea20d0,7856,0x03d60000,64356352
245541,0x01ea20e0,7857,0x03d62000,64364544
245545,0x01ea20f0,7858,0x03d64000,64372736
245548,0x01ea2100,7859,0x03d66000,64380928
245550,0x01ea2110,7860,0x03d68000,64389120
245552,0x01ea2120,7861,0x03d6a000,64397312
245553,0x01ea2130,7862,0x03d6c000,64405504
245556,0x01ea2140,7863,0x03d6e000,64413696
245558,0x01ea2150,7864,0x03d70000,64421888
245562,0x01ea2160,7865,0x03d72000,64430080
245563,0x01ea2170,7866,0x03d74000,64438272
245565,0x01ea2180,7867,0x03d76000,64446464
245566,0x01ea2190,7868,0x03d78000,64454656
245569,0x01ea21a0,7869,0x03d7a000,64462848
245571,0x01ea21b0,7870,0x03d7c000,64471040
245573,0x01ea21c0,7871,0x03d7e000,64479232
245574,0x01ea21d0,7872,0x03d80000,64487424
245578,0x01ea21e0,7873,0x03d82000,64495616
245585,0x01ea21f0,7874,0x03d84000,64503808
245586,0x01ea2200,7875,0x03d86000,64512000
245587,0x01ea2210,7876,0x03d88000,64520192
245588,0x01ea2220,7877,0x03d8a000,64528384
245589,0x01ea2230,7878,0x03d8c000,64536576
245590,0x01ea2240,7879,0x03d8e000,64544768
245591,0x01ea2250,7880,0x03d90000,64552960
245593,0x01ea2260,7881,0x03d92000,64561152
245594,0x01ea2270,7882,0x03d94000,64569344
245595,0x01ea2280,7883,0x03d96000,64577536
245597,0x01ea2290,7884,0x03d98000,64585728
245598,0x01ea22a0,7885,0x03d9a000,64593920
245602,0x01ea22b0,7886,0x03d9c000,64602112
245603,0x01ea22c0,7887,0x03d9e000,64610304
245605,0x01ea22d0,7888,0x03da0000,64618496
245610,0x01ea22e0,7889,0x03da2000,64626688
245611,0x01ea22f0,7890,0x03da4000,64634880
245616,0x01ea2300,7891,0x03da6000,64643072
245617,0x01ea2310,7892,0x03da8000,64651264
245619,0x01ea2320,7893,0x03daa000,64659456
245621,0x01ea2330,7894,0x03dac000,64667648
245622,0x01ea2340,7895,0x03dae000,64675840
245626,0x01ea2350,7896,0x03db0000,64684032
245627,0x01ea2360,7897,0x03db2000,64692224
245628,0x01ea2370,7898,0x03db4000,64700416
245629,0x01ea2380,7899,0x03db6000,64708608
245631,0x01ea2390,7900,0x03db8000,64716800
245633,0x01ea23a0,7901,0x03dba000,64724992
245635,0x01ea23b0,7902,0x03dbc000,64733184
245636,0x01ea23c0,7903,0x03dbe000,64741376
245639,0x01ea23d0,7904,0x03dc0000,64749568
245641,0x01ea23e0,7905,0x03dc2000,64757760
245642,0x01ea23f0,7906,0x03dc4000,64765952
245648,0x01ea2400,7907,0x03dc6000,64774144
245649,0x01ea2410,7908,0x03dc8000,64782336
245650,0x01ea2420,7909,0x03dca000,64790528
245653,0x01ea2430,7910,0x03dcc000,64798720
245654,0x01ea2440,7911,0x03dce000,64806912
245662,0x01ea2450,7912,0x03dd0000,64815104
245663,0x01ea2460,7913,0x03dd2000,64823296
245664,0x01ea2470,7914,0x03dd4000,64831488
245670,0x01ea2480,7915,0x03dd6000,64839680
245679,0x01ea2490,7916,0x03dd8000,64847872
245682,0x01ea24a0,7917,0x03dda000,64856064
245683,0x01ea24b0,7918,0x03ddc000,64864256
245685,0x01ea24c0,7919,0x03dde000,64872448
245686,0x01ea24d0,7920,0x03de0000,64880640
245689,0x01ea24e0,7921,0x03de2000,64888832
245690,0x01ea24f0,7922,0x03de4000,64897024
245694,0x01ea2500,7923,0x03de6000,64905216
245696,0x01ea2510,7924,0x03de8000,64913408
245697,0x01ea2520,7925,0x03dea000,64921600
245699,0x01ea2530,7926,0x03dec000,64929792
245700,0x01ea2540,7927,0x03dee000,64937984
245714,0x01ea2550,7928,0x03df0000,64946176
245717,0x01ea2560,7929,0x03df2000,64954368
245721,0x01ea2570,7930,0x03df4000,64962560
245722,0x01ea2580,7931,0x03df6000,64970752
245723,0x01ea2590,7932,0x03df8000,64978944
245725,0x01ea25a0,7933,0x03dfa000,64987136
245726,0x01ea25b0,7934,0x03dfc000,64995328
245728,0x01ea25c0,7935,0x03dfe000,65003520
245730,0x01ea25d0,7936,0x03e00000,65011712
245731,0x01ea25e0,7937,0x03e02000,65019904
245735,0x01ea25f0,7938,0x03e04000,65028096
245740,0x01ea2600,7939,0x03e06000,65036288
245747,0x01ea2610,7940,0x03e08000,65044480
245748,0x01ea2620,7941,0x03e0a000,65052672
245752,0x01ea2630,7942,0x03e0c000,65060864
245756,0x01ea2640,7943,0x03e0e000,65069056
245757,0x01ea2650,7944,0x03e10000,65077248
245759,0x01ea2660,7945,0x03e12000,65085440
245761,0x01ea2670,7946,0x03e14000,65093632
245774,0x01ea2680,7947,0x03e16000,65101824
245778,0x01ea2690,7948,0x03e18000,65110016
245779,0x01ea26a0,7949,0x03e1a000,65118208
245780,0x01ea26b0,7950,0x03e1c000,65126400
245781,0x01ea26c0,7951,0x03e1e000,65134592
245782,0x01ea26d0,7952,0x03e20000,65142784
245784,0x01ea26e0,7953,0x03e22000,65150976
245786,0x01ea26f0,7954,0x03e24000,65159168
245793,0x01ea2700,7955,0x03e26000,65167360
245796,0x01ea2710,7956,0x03e28000,65175552
245797,0x01ea2720,7957,0x03e2a000,65183744
245801,0x01ea2730,7958,0x03e2c000,65191936
245808,0x01ea2740,7959,0x03e2e000,65200128
245809,0x01ea2750,7960,0x03e30000,65208320
245811,0x01ea2760,7961,0x03e32000,65216512
245814,0x01ea2770,7962,0x03e34000,65224704
245815,0x01ea2780,7963,0x03e36000,65232896
245826,0x01ea2790,7964,0x03e38000,65241088
245833,0x01ea27a0,7965,0x03e3a000,65249280
245837,0x01ea27b0,7966,0x03e3c000,65257472
245838,0x01ea27c0,7967,0x03e3e000,65265664
245852,0x01ea27d0,7968,0x03e40000,65273856
245856,0x01ea27e0,7969,0x03e42000,65282048
245859,0x01ea27f0,7970,0x03e44000,65290240
245860,0x01ea2800,7971,0x03e46000,65298432
245862,0x01ea2810,7972,0x03e48000,65306624
245866,0x01ea2820,7973,0x03e4a000,65314816
245874,0x01ea2830,7974,0x03e4c000,65323008
245881,0x01ea2840,7975,0x03e4e000,65331200
245887,0x01ea2850,7976,0x03e50000,65339392
245891,0x01ea2860,7977,0x03e52000,65347584
270000,0x01ea2870,7978,0x03e54000,65355776
270007,0x01ea2880,7979,0x03e56000,65363968
270011,0x01ea2890,7980,0x03e58000,65372160
270015,0x01ea28a0,7981,0x03e5a000,65380352
270017,0x01ea28b0,7982,0x03e5c000,65388544
270018,0x01ea28c0,7983,0x03e5e000,65396736
270020,0x01ea28d0,7984,0x03e60000,65404928
270021,0x01ea28e0,7985,0x03e62000,65413120
270025,0x01ea28f0,7986,0x03e64000,65421312
270028,0x01ea2900,7987,0x03e66000,65429504
270031,0x01ea2910,7988,0x03e68000,65437696
270034,0x01ea2920,7989,0x03e6a000,65445888
270035,0x01ea2930,7990,0x03e6c000,65454080
270037,0x01ea2940,7991,0x03e6e000,65462272
270047,0x01ea2950,7992,0x03e70000,65470464
270049,0x01ea2960,7993,0x03e72000,65478656
270052,0x01ea2970,7994,0x03e74000,65486848
270056,0x01ea2980,7995,0x03e76000,65495040
270061,0x01ea2990,7996,0x03e78000,65503232
270064,0x01ea29a0,7997,0x03e7a000,65511424
270069,0x01ea29b0,7998,0x03e7c000,65519616
270075,0x01ea29c0,7999,0x03e7e000,65527808
270076,0x01ea29d0,8000,0x03e80000,65536000
270084,0x01ea29e0,8001,0x03e82000,65544192
270091,0x01ea29f0,8002,0x03e84000,65552384
270092,0x01ea2a00,8003,0x03e86000,65560576
270093,0x01ea2a10,8004,0x03e88000,65568768
270094,0x01ea2a20,8005,0x03e8a000,65576960
270095,0x01ea2a30,8006,0x03e8c000,65585152
270098,0x01ea2a40,8007,0x03e8e000,65593344
270099,0x01ea2a50,8008,0x03e90000,65601536
270100,0x01ea2a60,8009,0x03e92000,65609728
270102,0x01ea2a70,8010,0x03e94000,65617920
270108,0x01ea2a80,8011,0x03e96000,65626112
270110,0x01ea2a90,8012,0x03e98000,65634304
270113,0x01ea2aa0,8013,0x03e9a000,65642496
270114,0x01ea2ab0,8014,0x03e9c000,65650688
270116,0x01ea2ac0,8015,0x03e9e000,65658880
270119,0x01ea2ad0,8016,0x03ea0000,65667072
270120,0x01ea2ae0,8017,0x03ea2000,65675264
270123,0x01ea2af0,8018,0x03ea4000,65683456
270127,0x01ea2b00,8019,0x03ea6000,65691648
270139,0x01ea2b10,8020,0x03ea8000,65699840
271000,0x01ea2b20,8021,0x03eaa000,65708032
271003,0x01ea2b30,8022,0x03eac000,65716224
271028,0x01ea2b40,8023,0x03eae000,65724416
271037,0x01ea2b50,8024,0x03eb0000,65732608
271056,0x01ea2b60,8025,0x03eb2000,65740800
271064,0x01ea2b70,8026,0x03eb4000,65748992
271073,0x01ea2b80,8027,0x03eb6000,65757184
271093,0x01ea2b90,8028,0x03eb8000,65765376
271099,0x01ea2ba0,8029,0x03eba000,65773568
271107,0x01ea2bb0,8030,0x03ebc000,65781760
271113,0x01ea2bc0,8031,0x03ebe000,65789952
271114,0x01ea2bd0,8032,0x03ec0000,65798144
271117,0x01ea2be0,8033,0x03ec2000,65806336
271118,0x01ea2bf0,8034,0x03ec4000,65814528
271119,0x01ea2c00,8035,0x03ec6000,65822720
271120,0x01ea2c10,8036,0x03ec8000,65830912
271128,0x01ea2c20,8037,0x03eca000,65839104
271129,0x01ea2c30,8038,0x03ecc000,65847296
271134,0x01ea2c40,8039,0x03ece000,65855488
271136,0x01ea2c50,8040,0x03ed0000,65863680
271137,0x01ea2c60,8041,0x03ed2000,65871872
271138,0x01ea2c70,8042,0x03ed4000,65880064
271140,0x01ea2c80,8043,0x03ed6000,65888256
271142,0x01ea2c90,8044,0x03ed8000,65896448
271148,0x01ea2ca0,8045,0x03eda000,65904640
271149,0x01ea2cb0,8046,0x03edc000,65912832
271155,0x01ea2cc0,8047,0x03ede000,65921024
271156,0x01ea2cd0,8048,0x03ee0000,65929216
271157,0x01ea2ce0,8049,0x03ee2000,65937408
271160,0x01ea2cf0,8050,0x03ee4000,65945600
271163,0x01ea2d00,8051,0x03ee6000,65953792
271169,0x01ea2d10,8052,0x03ee8000,65961984
271171,0x01ea2d20,8053,0x03eea000,65970176
271172,0x01ea2d30,8054,0x03eec000,65978368
271175,0x01ea2d40,8055,0x03eee000,65986560
271184,0x01ea2d50,8056,0x03ef0000,65994752
271190,0x01ea2d60,8057,0x03ef2000,66002944
271191,0x01ea2d70,8058,0x03ef4000,66011136
271192,0x01ea2d80,8059,0x03ef6000,66019328
271194,0x01ea2d90,8060,0x03ef8000,66027520
271195,0x01ea2da0,8061,0x03efa000,66035712
271197,0x01ea2db0,8062,0x03efc000,66043904
271198,0x01ea2dc0,8063,0x03efe000,66052096
271203,0x01ea2dd0,8064,0x03f00000,66060288
271205,0x01ea2de0,8065,0x03f02000,66068480
271211,0x01ea2df0,8066,0x03f04000,66076672
271213,0x01ea2e00,8067,0x03f06000,66084864
271216,0x01ea2e10,8068,0x03f08000,66093056
271219,0x01ea2e20,8069,0x03f0a000,66101248
271223,0x01ea2e30,8070,0x03f0c000,66109440
271224,0x01ea2e40,8071,0x03f0e000,66117632
271233,0x01ea2e50,8072,0x03f10000,66125824
271234,0x01ea2e60,8073,0x03f12000,66134016
271236,0x01ea2e70,8074,0x03f14000,66142208
271237,0x01ea2e80,8075,0x03f16000,66150400
271239,0x01ea2e90,8076,0x03f18000,66158592
110075,0x01ea2ea0,8077,0x03f1a000,66166784
110076,0x01ea2eb0,8078,0x03f1c000,66174976
110077,0x01ea2ec0,8079,0x03f1e000,66183168
110081,0x01ea2ed0,8080,0x03f20000,66191360
110084,0x01ea2ee0,8081,0x03f22000,66199552
110085,0x01ea2ef0,8082,0x03f24000,66207744
110086,0x01ea2f00,8083,0x03f26000,66215936
110087,0x01ea2f10,8084,0x03f28000,66224128
110090,0x01ea2f20,8085,0x03f2a000,66232320
110092,0x01ea2f30,8086,0x03f2c000,66240512
110093,0x01ea2f40,8087,0x03f2e000,66248704
110095,0x01ea2f50,8088,0x03f30000,66256896
110097,0x01ea2f60,8089,0x03f32000,66265088
110098,0x01ea2f70,8090,0x03f34000,66273280
110099,0x01ea2f80,8091,0x03f36000,66281472
110100,0x01ea2f90,8092,0x03f38000,66289664
110101,0x01ea2fa0,8093,0x03f3a000,66297856
110102,0x01ea2fb0,8094,0x03f3c000,66306048
110103,0x01ea2fc0,8095,0x03f3e000,66314240
111000,0x01ea2fd0,8096,0x03f40000,66322432
111002,0x01ea2fe0,8097,0x03f42000,66330624
111003,0x01ea2ff0,8098,0x03f44000,66338816
111004,0x01fa3000,8100,0x03f48000,66355200
111009,0x01fa3010,8101,0x03f4a000,66363392
111012,0x01fa3020,8102,0x03f4c000,66371584
111014,0x01fa3030,8103,0x03f4e000,66379776
111015,0x01fa3040,8104,0x03f50000,66387968
111017,0x01fa3050,8105,0x03f52000,66396160
111018,0x01fa3060,8106,0x03f54000,66404352
111020,0x01fa3070,8107,0x03f56000,66412544
111021,0x01fa3080,8108,0x03f58000,66420736
111022,0x01fa3090,8109,0x03f5a000,66428928
111024,0x01fa30a0,8110,0x03f5c000,66437120
111025,0x01fa30b0,8111,0x03f5e000,66445312
111026,0x01fa30c0,8112,0x03f60000,66453504
113042,0x01fa30d0,8113,0x03f62000,66461696
113043,0x01fa30e0,8114,0x03f64000,66469888
113046,0x01fa30f0,8115,0x03f66000,66478080
113048,0x01fa3100,8116,0x03f68000,66486272
113049,0x01fa3110,8117,0x03f6a000,66494464
113051,0x01fa3120,8118,0x03f6c000,66502656
113052,0x01fa3130,8119,0x03f6e000,66510848
113053,0x01fa3140,8120,0x03f70000,66519040
113054,0x01fa3150,8121,0x03f72000,66527232
113056,0x01fa3160,8122,0x03f74000,66535424
113058,0x01fa3170,8123,0x03f76000,66543616
113059,0x01fa3180,8124,0x03f78000,66551808
113062,0x01fa3190,8125,0x03f7a000,66560000
113066,0x01fa31a0,8126,0x03f7c000,66568192
113067,0x01fa31b0,8127,0x03f7e000,66576384
113070,0x01fa31c0,8128,0x03f80000,66584576
113575,0x01fa31d0,8129,0x03f82000,66592768
113605,0x01fa31e0,8130,0x03f84000,66600960
113610,0x01fa31f0,8131,0x03f86000,66609152
113615,0x01fa3200,8132,0x03f88000,66617344
113616,0x01fa3210,8133,0x03f8a000,66625536
113625,0x01fa3220,8134,0x03f8c000,66633728
113627,0x01fa3230,8135,0x03f8e000,66641920
113631,0x01fa3240,8136,0x03f90000,66650112
113633,0x01fa3250,8137,0x03f92000,66658304
113634,0x01fa3260,8138,0x03f94000,66666496
113636,0x01fa3270,8139,0x03f96000,66674688
113638,0x01fa3280,8140,0x03f98000,66682880
113640,0x01fa3290,8141,0x03f9a000,66691072
113643,0x01fa32a0,8142,0x03f9c000,66699264
113646,0x01fa32b0,8143,0x03f9e000,66707456
113647,0x01fa32c0,8144,0x03fa0000,66715648
113648,0x01fa32d0,8145,0x03fa2000,66723840
113649,0x01fa32e0,8146,0x03fa4000,66732032
113650,0x01fa32f0,8147,0x03fa6000,66740224
113652,0x01fa3300,8148,0x03fa8000,66748416
113655,0x01fa3310,8149,0x03faa000,66756608
113656,0x01fa3320,8150,0x03fac000,66764800
113659,0x01fa3330,8151,0x03fae000,66772992
113660,0x01fa3340,8152,0x03fb0000,66781184
113661,0x01fa3350,8153,0x03fb2000,66789376
113665,0x01fa3360,8154,0x03fb4000,66797568
113666,0x01fa3370,8155,0x03fb6000,66805760
113667,0x01fa3380,8156,0x03fb8000,66813952
113670,0x01fa3390,8157,0x03fba000,66822144
113671,0x01fa33a0,8158,0x03fbc000,66830336
113673,0x01fa33b0,8159,0x03fbe000,66838528
113674,0x01fa33c0,8160,0x03fc0000,66846720
113677,0x01fa33d0,8161,0x03fc2000,66854912
113678,0x01fa33e0,8162,0x03fc4000,66863104
113679,0x01fa33f0,8163,0x03fc6000,66871296
113680,0x01fa3400,8164,0x03fc8000,66879488
113681,0x01fa3410,8165,0x03fca000,66887680
113682,0x01fa3420,8166,0x03fcc000,66895872
113686,0x01fa3430,8167,0x03fce000,66904064
113688,0x01fa3440,8168,0x03fd0000,66912256
113691,0x01fa3450,8169,0x03fd2000,66920448
113692,0x01fa3460,8170,0x03fd4000,66928640
113693,0x01fa3470,8171,0x03fd6000,66936832
113694,0x01fa3480,8172,0x03fd8000,66945024
113695,0x01fa3490,8173,0x03fda000,66953216
113696,0x01fa34a0,8174,0x03fdc000,66961408
113697,0x01fa34b0,8175,0x03fde000,66969600
113698,0x01fa34c0,8176,0x03fe0000,66977792
113699,0x01fa34d0,8177,0x03fe2000,66985984
113700,0x01fa34e0,8178,0x03fe4000,66994176
113701,0x01fa34f0,8179,0x03fe6000,67002368
113702,0x01fa3500,8180,0x03fe8000,67010560
113703,0x01fa3510,8181,0x03fea000,67018752
113704,0x01fa3520,8182,0x03fec000,67026944
113705,0x01fa3530,8183,0x03fee000,67035136
113706,0x01fa3540,8184,0x03ff0000,67043328
113707,0x01fa3550,8185,0x03ff2000,67051520
113708,0x01fa3560,8186,0x03ff4000,67059712
113709,0x01fa3570,8187,0x03ff6000,67067904
118005,0x01fa3580,8188,0x03ff8000,67076096
118007,0x01fa3590,8189,0x03ffa000,67084288
118010,0x01fa35a0,8190,0x03ffc000,67092480
118012,0x01fa35b0,8191,0x03ffe000,67100672
118013,0x01fa35c0,8192,0x04000000,67108864
118015,0x01fa35d0,8193,0x04002000,67117056
118016,0x01fa35e0,8194,0x04004000,67125248
118020,0x01fa35f0,8195,0x04006000,67133440
118022,0x01fa3600,8196,0x04008000,67141632
118024,0x01fa3610,8197,0x0400a000,67149824
118027,0x01fa3620,8198,0x0400c000,67158016
118030,0x01fa3630,8199,0x0400e000,67166208
118031,0x01fa3640,8200,0x04010000,67174400
118032,0x01fa3650,8201,0x04012000,67182592
118034,0x01fa3660,8202,0x04014000,67190784
118035,0x01fa3670,8203,0x04016000,67198976
118036,0x01fa3680,8204,0x04018000,67207168
118037,0x01fa3690,8205,0x0401a000,67215360
118039,0x01fa36a0,8206,0x0401c000,67223552
118042,0x01fa36b0,8207,0x0401e000,67231744
118044,0x01fa36c0,8208,0x04020000,67239936
118050,0x01fa36d0,8209,0x04022000,67248128
118051,0x01fa36e0,8210,0x04024000,67256320
118052,0x01fa36f0,8211,0x04026000,67264512
118056,0x01fa3700,8212,0x04028000,67272704
118058,0x01fa3710,8213,0x0402a000,67280896
118059,0x01fa3720,8214,0x0402c000,67289088
118060,0x01fa3730,8215,0x0402e000,67297280
118061,0x01fa3740,8216,0x04030000,67305472
118062,0x01fa3750,8217,0x04032000,67313664
118063,0x01fa3760,8218,0x04034000,67321856
118064,0x01fa3770,8219,0x04036000,67330048
118065,0x01fa3780,8220,0x04038000,67338240
118066,0x01fa3790,8221,0x0403a000,67346432
118067,0x01fa37a0,8222,0x0403c000,67354624
118068,0x01fa37b0,8223,0x0403e000,67362816
118069,0x01fa37c0,8224,0x04040000,67371008
118070,0x01fa37d0,8225,0x04042000,67379200
118071,0x01fa37e0,8226,0x04044000,67387392
118072,0x01fa37f0,8227,0x04046000,67395584
118073,0x01fa3800,8228,0x04048000,67403776
118074,0x01fa3810,8229,0x0404a000,67411968
118075,0x01fa3820,8230,0x0404c000,67420160
204001,0x01fa3830,8231,0x0404e000,67428352
204002,0x01fa3840,8232,0x04050000,67436544
204003,0x01fa3850,8233,0x04052000,67444736
204004,0x01fa3860,8234,0x04054000,67452928
204007,0x01fa3870,8235,0x04056000,67461120
204014,0x01fa3880,8236,0x04058000,67469312
204028,0x01fa3890,8237,0x0405a000,67477504
204091,0x01fa38a0,8238,0x0405c000,67485696
204182,0x01fa38b0,8239,0x0405e000,67493888
510010,0x01fa38c0,8240,0x04060000,67502080
510020,0x01fa38d0,8241,0x04062000,67510272
510030,0x01fa38e0,8242,0x04064000,67518464
510040,0x01fa38f0,8243,0x04066000,67526656
510050,0x01fa3900,8244,0x04068000,67534848
510060,0x01fa3910,8245,0x0406a000,67543040
510090,0x01fa3920,8246,0x0406c000,67551232
510100,0x01fa3930,8247,0x0406e000,67559424
510130,0x01fa3940,8248,0x04070000,67567616
510140,0x01fa3950,8249,0x04072000,67575808
510150,0x01fa3960,8250,0x04074000,67584000
510160,0x01fa3970,8251,0x04076000,67592192
510170,0x01fa3980,8252,0x04078000,67600384
510180,0x01fa3990,8253,0x0407a000,67608576
510190,0x01fa39a0,8254,0x0407c000,67616768
510200,0x01fa39b0,8255,0x0407e000,67624960
510210,0x01fa39c0,8256,0x04080000,67633152
510230,0x01fa39d0,8257,0x04082000,67641344
510270,0x01fa39e0,8258,0x04084000,67649536
510290,0x01fa39f0,8259,0x04086000,67657728
510300,0x01fa3a00,8260,0x04088000,67665920
510310,0x01fa3a10,8261,0x0408a000,67674112
510320,0x01fa3a20,8262,0x0408c000,67682304
510330,0x01fa3a30,8263,0x0408e000,67690496
510350,0x01fa3a40,8264,0x04090000,67698688
510360,0x01fa3a50,8265,0x04092000,67706880
510370,0x01fa3a60,8266,0x04094000,67715072
510380,0x01fa3a70,8267,0x04096000,67723264
510390,0x01fa3a80,8268,0x04098000,67731456
510410,0x01fa3a90,8269,0x0409a000,67739648
510500,0x01fa3aa0,8270,0x0409c000,67747840
510510,0x01fa3ab0,8271,0x0409e000,67756032
510530,0x01fa3ac0,8272,0x040a0000,67764224
510550,0x01fa3ad0,8273,0x040a2000,67772416
510560,0x01fa3ae0,8274,0x040a4000,67780608
510570,0x01fa3af0,8275,0x040a6000,67788800
510580,0x01fa3b00,8276,0x040a8000,67796992
510590,0x01fa3b10,8277,0x040aa000,67805184
510600,0x01fa3b20,8278,0x040ac000,67813376
510630,0x01fa3b30,8279,0x040ae000,67821568
510650,0x01fa3b40,8280,0x040b0000,67829760
510660,0x01fa3b50,8281,0x040b2000,67837952
510670,0x01fa3b60,8282,0x040b4000,67846144
510680,0x01fa3b70,8283,0x040b6000,67854336
510710,0x01fa3b80,8284,0x040b8000,67862528
510720,0x01fa3b90,8285,0x040ba000,67870720
510760,0x01fa3ba0,8286,0x040bc000,67878912
510770,0x01fa3bb0,8287,0x040be000,67887104
510800,0x01fa3bc0,8288,0x040c0000,67895296
510810,0x01fa3bd0,8289,0x040c2000,67903488
510850,0x01fa3be0,8290,0x040c4000,67911680
510880,0x01fa3bf0,8291,0x040c6000,67919872
510900,0x01fa3c00,8292,0x040c8000,67928064
510910,0x01fa3c10,8293,0x040ca000,67936256
510950,0x01fa3c20,8294,0x040cc000,67944448
510980,0x01fa3c30,8295,0x040ce000,67952640
510990,0x01fa3c40,8296,0x040d0000,67960832
511010,0x01fa3c50,8297,0x040d2000,67969024
511020,0x01fa3c60,8298,0x040d4000,67977216
511030,0x01fa3c70,8299,0x040d6000,67985408
511060,0x01fa3c80,8300,0x040d8000,67993600
511070,0x01fa3c90,8301,0x040da000,68001792
511090,0x01fa3ca0,8302,0x040dc000,68009984
511100,0x01fa3cb0,8303,0x040de000,68018176
511110,0x01fa3cc0,8304,0x040e0000,68026368
511120,0x01fa3cd0,8305,0x040e2000,68034560
511130,0x01fa3ce0,8306,0x040e4000,68042752
511150,0x01fa3cf0,8307,0x040e6000,68050944
511160,0x01fa3d00,8308,0x040e8000,68059136
511180,0x01fa3d10,8309,0x040ea000,68067328
511190,0x01fa3d20,8310,0x040ec000,68075520
511200,0x01fa3d30,8311,0x040ee000,68083712
511220,0x01fa3d40,8312,0x040f0000,68091904
511260,0x01fa3d50,8313,0x040f2000,68100096
511270,0x01fa3d60,8314,0x040f4000,68108288
511360,0x01fa3d70,8315,0x040f6000,68116480
511380,0x01fa3d80,8316,0x040f8000,68124672
511520,0x01fa3d90,8317,0x040fa000,68132864
511580,0x01fa3da0,8318,0x040fc000,68141056
511600,0x01fa3db0,8319,0x040fe000,68149248
511620,0x01fa3dc0,8320,0x04100000,68157440
511650,0x01fa3dd0,8321,0x04102000,68165632
511660,0x01fa3de0,8322,0x04104000,68173824
511670,0x01fa3df0,8323,0x04106000,68182016
511690,0x01fa3e00,8324,0x04108000,68190208
511700,0x01fa3e10,8325,0x0410a000,68198400
511770,0x01fa3e20,8326,0x0410c000,68206592
511800,0x01fa3e30,8327,0x0410e000,68214784
511810,0x01fa3e40,8328,0x04110000,68222976
511820,0x01fa3e50,8329,0x04112000,68231168
511830,0x01fa3e60,8330,0x04114000,68239360
511850,0x01fa3e70,8331,0x04116000,68247552
511860,0x01fa3e80,8332,0x04118000,68255744
511880,0x01fa3e90,8333,0x0411a000,68263936
511900,0x01fa3ea0,8334,0x0411c000,68272128
511910,0x01fa3eb0,8335,0x0411e000,68280320
511920,0x01fa3ec0,8336,0x04120000,68288512
512220,0x01fa3ed0,8337,0x04122000,68296704
512240,0x01fa3ee0,8338,0x04124000,68304896
512250,0x01fa3ef0,8339,0x04126000,68313088
512260,0x01fa3f00,8340,0x04128000,68321280
512290,0x01fa3f10,8341,0x0412a000,68329472
512330,0x01fa3f20,8342,0x0412c000,68337664
512360,0x01fa3f30,8343,0x0412e000,68345856
512370,0x01fa3f40,8344,0x04130000,68354048
512380,0x01fa3f50,8345,0x04132000,68362240
512390,0x01fa3f60,8346,0x04134000,68370432
512400,0x01fa3f70,8347,0x04136000,68378624
512410,0x01fa3f80,8348,0x04138000,68386816
512420,0x01fa3f90,8349,0x0413a000,68395008
512430,0x01fa3fa0,8350,0x0413c000,68403200
512450,0x01fa3fb0,8351,0x0413e000,68411392
512460,0x01fa3fc0,8352,0x04140000,68419584
512480,0x01fa3fd0,8353,0x04142000,68427776
512500,0x01fa3fe0,8354,0x04144000,68435968
512510,0x01fa3ff0,8355,0x04146000,68444160
512520,0x020a4000,8357,0x0414a000,68460544
512530,0x020a4010,8358,0x0414c000,68468736
512550,0x020a4020,8359,0x0414e000,68476928
512560,0x020a4030,8360,0x04150000,68485120
512570,0x020a4040,8361,0x04152000,68493312
512580,0x020a4050,8362,0x04154000,68501504
512600,0x020a4060,8363,0x04156000,68509696
512620,0x020a4070,8364,0x04158000,68517888
512630,0x020a4080,8365,0x0415a000,68526080
512640,0x020a4090,8366,0x0415c000,68534272
512650,0x020a40a0,8367,0x0415e000,68542464
512660,0x020a40b0,8368,0x04160000,68550656
512670,0x020a40c0,8369,0x04162000,68558848
512680,0x020a40d0,8370,0x04164000,68567040
512690,0x020a40e0,8371,0x04166000,68575232
512700,0x020a40f0,8372,0x04168000,68583424
512710,0x020a4100,8373,0x0416a000,68591616
512720,0x020a4110,8374,0x0416c000,68599808
512730,0x020a4120,8375,0x0416e000,68608000
512750,0x020a4130,8376,0x04170000,68616192
512760,0x020a4140,8377,0x04172000,68624384
512770,0x020a4150,8378,0x04174000,68632576
512800,0x020a4160,8379,0x04176000,68640768
512810,0x020a4170,8380,0x04178000,68648960
512820,0x020a4180,8381,0x0417a000,68657152
512870,0x020a4190,8382,0x0417c000,68665344
512880,0x020a41a0,8383,0x0417e000,68673536
512890,0x020a41b0,8384,0x04180000,68681728
512900,0x020a41c0,8385,0x04182000,68689920
512910,0x020a41d0,8386,0x04184000,68698112
512930,0x020a41e0,8387,0x04186000,68706304
512940,0x020a41f0,8388,0x04188000,68714496
512950,0x020a4200,8389,0x0418a000,68722688
512960,0x020a4210,8390,0x0418c000,68730880
512970,0x020a4220,8391,0x0418e000,68739072
512980,0x020a4230,8392,0x04190000,68747264
512990,0x020a4240,8393,0x04192000,68755456
513000,0x020a4250,8394,0x04194000,68763648
513010,0x020a4260,8395,0x04196000,68771840
513020,0x020a4270,8396,0x04198000,68780032
513030,0x020a4280,8397,0x0419a000,68788224
513040,0x020a4290,8398,0x0419c000,68796416
513050,0x020a42a0,8399,0x0419e000,68804608
513060,0x020a42b0,8400,0x041a0000,68812800
513070,0x020a42c0,8401,0x041a2000,68820992
513080,0x020a42d0,8402,0x041a4000,68829184
513090,0x020a42e0,8403,0x041a6000,68837376
513100,0x020a42f0,8404,0x041a8000,68845568
513110,0x020a4300,8405,0x041aa000,68853760
513120,0x020a4310,8406,0x041ac000,68861952
513130,0x020a4320,8407,0x041ae000,68870144
513140,0x020a4330,8408,0x041b0000,68878336
513150,0x020a4340,8409,0x041b2000,68886528
513160,0x020a4350,8410,0x041b4000,68894720
513170,0x020a4360,8411,0x041b6000,68902912
513180,0x020a4370,8412,0x041b8000,68911104
513190,0x020a4380,8413,0x041ba000,68919296
513200,0x020a4390,8414,0x041bc000,68927488
513210,0x020a43a0,8415,0x041be000,68935680
513220,0x020a43b0,8416,0x041c0000,68943872
513230,0x020a43c0,8417,0x041c2000,68952064
513240,0x020a43d0,8418,0x041c4000,68960256
513260,0x020a43e0,8419,0x041c6000,68968448
513280,0x020a43f0,8420,0x041c8000,68976640
513290,0x020a4400,8421,0x041ca000,68984832
513300,0x020a4410,8422,0x041cc000,68993024
513310,0x020a4420,8423,0x041ce000,69001216
513320,0x020a4430,8424,0x041d0000,69009408
513330,0x020a4440,8425,0x041d2000,69017600
513350,0x020a4450,8426,0x041d4000,69025792
513360,0x020a4460,8427,0x041d6000,69033984
513380,0x020a4470,8428,0x041d8000,69042176
513390,0x020a4480,8429,0x041da000,69050368
513400,0x020a4490,8430,0x041dc000,69058560
513500,0x020a44a0,8431,0x041de000,69066752
513520,0x020a44b0,8432,0x041e0000,69074944
513530,0x020a44c0,8433,0x041e2000,69083136
513550,0x020a44d0,8434,0x041e4000,69091328
513560,0x020a44e0,8435,0x041e6000,69099520
513580,0x020a44f0,8436,0x041e8000,69107712
513590,0x020a4500,8437,0x041ea000,69115904
513600,0x020a4510,8438,0x041ec000,69124096
513620,0x020a4520,8439,0x041ee000,69132288
513630,0x020a4530,8440,0x041f0000,69140480
513650,0x020a4540,8441,0x041f2000,69148672
513660,0x020a4550,8442,0x041f4000,69156864
513690,0x020a4560,8443,0x041f6000,69165056
513700,0x020a4570,8444,0x041f8000,69173248
513720,0x020a4580,8445,0x041fa000,69181440
513730,0x020a4590,8446,0x041fc000,69189632
513750,0x020a45a0,8447,0x041fe000,69197824
513770,0x020a45b0,8448,0x04200000,69206016
513780,0x020a45c0,8449,0x04202000,69214208
513800,0x020a45d0,8450,0x04204000,69222400
513810,0x020a45e0,8451,0x04206000,69230592
513820,0x020a45f0,8452,0x04208000,69238784
513830,0x020a4600,8453,0x0420a000,69246976
513850,0x020a4610,8454,0x0420c000,69255168
513860,0x020a4620,8455,0x0420e000,69263360
513870,0x020a4630,8456,0x04210000,69271552
513880,0x020a4640,8457,0x04212000,69279744
513890,0x020a4650,8458,0x04214000,69287936
513900,0x020a4660,8459,0x04216000,69296128
513910,0x020a4670,8460,0x04218000,69304320
513920,0x020a4680,8461,0x0421a000,69312512
513930,0x020a4690,8462,0x0421c000,69320704
513950,0x020a46a0,8463,0x0421e000,69328896
513970,0x020a46b0,8464,0x04220000,69337088
513980,0x020a46c0,8465,0x04222000,69345280
513990,0x020a46d0,8466,0x04224000,69353472
515000,0x020a46e0,8467,0x04226000,69361664
515010,0x020a46f0,8468,0x04228000,69369856
515020,0x020a4700,8469,0x0422a000,69378048
515030,0x020a4710,8470,0x0422c000,69386240
515040,0x020a4720,8471,0x0422e000,69394432
515050,0x020a4730,8472,0x04230000,69402624
515060,0x020a4740,8473,0x04232000,69410816
515070,0x020a4750,8474,0x04234000,69419008
515080,0x020a4760,8475,0x04236000,69427200
515090,0x020a4770,8476,0x04238000,69435392
515100,0x020a4780,8477,0x0423a000,69443584
515110,0x020a4790,8478,0x0423c000,69451776
515120,0x020a47a0,8479,0x0423e000,69459968
515130,0x020a47b0,8480,0x04240000,69468160
515150,0x020a47c0,8481,0x04242000,69476352
515160,0x020a47d0,8482,0x04244000,69484544
515170,0x020a47e0,8483,0x04246000,69492736
515180,0x020a47f0,8484,0x04248000,69500928
515190,0x020a4800,8485,0x0424a000,69509120
515200,0x020a4810,8486,0x0424c000,69517312
515210,0x020a4820,8487,0x0424e000,69525504
515220,0x020a4830,8488,0x04250000,69533696
515230,0x020a4840,8489,0x04252000,69541888
515250,0x020a4850,8490,0x04254000,69550080
515260,0x020a4860,8491,0x04256000,69558272
515290,0x020a4870,8492,0x04258000,69566464
515300,0x020a4880,8493,0x0425a000,69574656
515310,0x020a4890,8494,0x0425c000,69582848
515320,0x020a48a0,8495,0x0425e000,69591040
515330,0x020a48b0,8496,0x04260000,69599232
515350,0x020a48c0,8497,0x04262000,69607424
515360,0x020a48d0,8498,0x04264000,69615616
515370,0x020a48e0,8499,0x04266000,69623808
515380,0x020a48f0,8500,0x04268000,69632000
515390,0x020a4900,8501,0x0426a000,69640192
515400,0x020a4910,8502,0x0426c000,69648384
515450,0x020a4920,8503,0x0426e000,69656576
515460,0x020a4930,8504,0x04270000,69664768
515480,0x020a4940,8505,0x04272000,69672960
515530,0x020a4950,8506,0x04274000,69681152
515550,0x020a4960,8507,0x04276000,69689344
515560,0x020a4970,8508,0x04278000,69697536
515580,0x020a4980,8509,0x0427a000,69705728
515590,0x020a4990,8510,0x0427c000,69713920
515600,0x020a49a0,8511,0x0427e000,69722112
515630,0x020a49b0,8512,0x04280000,69730304
515640,0x020a49c0,8513,0x04282000,69738496
515650,0x020a49d0,8514,0x04284000,69746688
515660,0x020a49e0,8515,0x04286000,69754880
515680,0x020a49f0,8516,0x04288000,69763072
515700,0x020a4a00,8517,0x0428a000,69771264
515710,0x020a4a10,8518,0x0428c000,69779456
515720,0x020a4a20,8519,0x0428e000,69787648
515730,0x020a4a30,8520,0x04290000,69795840
515750,0x020a4a40,8521,0x04292000,69804032
515760,0x020a4a50,8522,0x04294000,69812224
515770,0x020a4a60,8523,0x04296000,69820416
515790,0x020a4a70,8524,0x04298000,69828608
515800,0x020a4a80,8525,0x0429a000,69836800
515810,0x020a4a90,8526,0x0429c000,69844992
515840,0x020a4aa0,8527,0x0429e000,69853184
515850,0x020a4ab0,8528,0x042a0000,69861376
515860,0x020a4ac0,8529,0x042a2000,69869568
515880,0x020a4ad0,8530,0x042a4000,69877760
515890,0x020a4ae0,8531,0x042a6000,69885952
515900,0x020a4af0,8532,0x042a8000,69894144
515910,0x020a4b00,8533,0x042aa000,69902336
515920,0x020a4b10,8534,0x042ac000,69910528
515950,0x020a4b20,8535,0x042ae000,69918720
515960,0x020a4b30,8536,0x042b0000,69926912
515970,0x020a4b40,8537,0x042b2000,69935104
515980,0x020a4b50,8538,0x042b4000,69943296
515990,0x020a4b60,8539,0x042b6000,69951488
516000,0x020a4b70,8540,0x042b8000,69959680
516010,0x020a4b80,8541,0x042ba000,69967872
516020,0x020a4b90,8542,0x042bc000,69976064
516050,0x020a4ba0,8543,0x042be000,69984256
516060,0x020a4bb0,8544,0x042c0000,69992448
516070,0x020a4bc0,8545,0x042c2000,70000640
516080,0x020a4bd0,8546,0x042c4000,70008832
516090,0x020a4be0,8547,0x042c6000,70017024
516100,0x020a4bf0,8548,0x042c8000,70025216
516110,0x020a4c00,8549,0x042ca000,70033408
516120,0x020a4c10,8550,0x042cc000,70041600
516130,0x020a4c20,8551,0x042ce000,70049792
516150,0x020a4c30,8552,0x042d0000,70057984
516160,0x020a4c40,8553,0x042d2000,70066176
516180,0x020a4c50,8554,0x042d4000,70074368
516190,0x020a4c60,8555,0x042d6000,70082560
516200,0x020a4c70,8556,0x042d8000,70090752
516210,0x020a4c80,8557,0x042da000,70098944
516220,0x020a4c90,8558,0x042dc000,70107136
516230,0x020a4ca0,8559,0x042de000,70115328
516250,0x020a4cb0,8560,0x042e0000,70123520
516260,0x020a4cc0,8561,0x042e2000,70131712
516270,0x020a4cd0,8562,0x042e4000,70139904
516290,0x020a4ce0,8563,0x042e6000,70148096
516300,0x020a4cf0,8564,0x042e8000,70156288
516310,0x020a4d00,8565,0x042ea000,70164480
516320,0x020a4d10,8566,0x042ec000,70172672
516330,0x020a4d20,8567,0x042ee000,70180864
516350,0x020a4d30,8568,0x042f0000,70189056
516360,0x020a4d40,8569,0x042f2000,70197248
516370,0x020a4d50,8570,0x042f4000,70205440
516380,0x020a4d60,8571,0x042f6000,70213632
516390,0x020a4d70,8572,0x042f8000,70221824
516440,0x020a4d80,8573,0x042fa000,70230016
516460,0x020a4d90,8574,0x042fc000,70238208
516500,0x020a4da0,8575,0x042fe000,70246400
516510,0x020a4db0,8576,0x04300000,70254592
516520,0x020a4dc0,8577,0x04302000,70262784
516530,0x020a4dd0,8578,0x04304000,70270976
516550,0x020a4de0,8579,0x04306000,70279168
516560,0x020a4df0,8580,0x04308000,70287360
516570,0x020a4e00,8581,0x0430a000,70295552
516580,0x020a4e10,8582,0x0430c000,70303744
516590,0x020a4e20,8583,0x0430e000,70311936
516600,0x020a4e30,8584,0x04310000,70320128
516610,0x020a4e40,8585,0x04312000,70328320
516620,0x020a4e50,8586,0x04314000,70336512
516630,0x020a4e60,8587,0x04316000,70344704
516640,0x020a4e70,8588,0x04318000,70352896
516650,0x020a4e80,8589,0x0431a000,70361088
516660,0x020a4e90,8590,0x0431c000,70369280
516670,0x020a4ea0,8591,0x0431e000,70377472
516700,0x020a4eb0,8592,0x04320000,70385664
516710,0x020a4ec0,8593,0x04322000,70393856
516720,0x020a4ed0,8594,0x04324000,70402048
516730,0x020a4ee0,8595,0x04326000,70410240
516750,0x020a4ef0,8596,0x04328000,70418432
516760,0x020a4f00,8597,0x0432a000,70426624
516770,0x020a4f10,8598,0x0432c000,70434816
516780,0x020a4f20,8599,0x0432e000,70443008
516790,0x020a4f30,8600,0x04330000,70451200
516800,0x020a4f40,8601,0x04332000,70459392
516810,0x020a4f50,8602,0x04334000,70467584
516820,0x020a4f60,8603,0x04336000,70475776
516830,0x020a4f70,8604,0x04338000,70483968
516840,0x020a4f80,8605,0x0433a000,70492160
516850,0x020a4f90,8606,0x0433c000,70500352
516860,0x020a4fa0,8607,0x0433e000,70508544
516880,0x020a4fb0,8608,0x04340000,70516736
516890,0x020a4fc0,8609,0x04342000,70524928
516900,0x020a4fd0,8610,0x04344000,70533120
516910,0x020a4fe0,8611,0x04346000,70541312
516920,0x020a4ff0,8612,0x04348000,70549504
516930,0x021a5000,8614,0x0434c000,70565888
516950,0x021a5010,8615,0x0434e000,70574080
516960,0x021a5020,8616,0x04350000,70582272
516970,0x021a5030,8617,0x04352000,70590464
516980,0x021a5040,8618,0x04354000,70598656
517000,0x021a5050,8619,0x04356000,70606848
517010,0x021a5060,8620,0x04358000,70615040
517030,0x021a5070,8621,0x0435a000,70623232
517050,0x021a5080,8622,0x0435c000,70631424
517080,0x021a5090,8623,0x0435e000,70639616
517090,0x021a50a0,8624,0x04360000,70647808
517100,0x021a50b0,8625,0x04362000,70656000
517110,0x021a50c0,8626,0x04364000,70664192
517120,0x021a50d0,8627,0x04366000,70672384
517130,0x021a50e0,8628,0x04368000,70680576
517160,0x021a50f0,8629,0x0436a000,70688768
517170,0x021a5100,8630,0x0436c000,70696960
517180,0x021a5110,8631,0x0436e000,70705152
517200,0x021a5120,8632,0x04370000,70713344
517230,0x021a5130,8633,0x04372000,70721536
517300,0x021a5140,8634,0x04374000,70729728
517330,0x021a5150,8635,0x04376000,70737920
517350,0x021a5160,8636,0x04378000,70746112
517360,0x021a5170,8637,0x0437a000,70754304
517380,0x021a5180,8638,0x0437c000,70762496
517390,0x021a5190,8639,0x0437e000,70770688
517400,0x021a51a0,8640,0x04380000,70778880
517520,0x021a51b0,8641,0x04382000,70787072
517550,0x021a51c0,8642,0x04384000,70795264
517660,0x021a51d0,8643,0x04386000,70803456
517770,0x021a51e0,8644,0x04388000,70811648
517800,0x021a51f0,8645,0x0438a000,70819840
517850,0x021a5200,8646,0x0438c000,70828032
517880,0x021a5210,8647,0x0438e000,70836224
517900,0x021a5220,8648,0x04390000,70844416
517950,0x021a5230,8649,0x04392000,70852608
517990,0x021a5240,8650,0x04394000,70860800
518600,0x021a5250,8651,0x04396000,70868992
518660,0x021a5260,8652,0x04398000,70877184
518680,0x021a5270,8653,0x0439a000,70885376
518800,0x021a5280,8654,0x0439c000,70893568
518850,0x021a5290,8655,0x0439e000,70901760
518860,0x021a52a0,8656,0x043a0000,70909952
518880,0x021a52b0,8657,0x043a2000,70918144
518890,0x021a52c0,8658,0x043a4000,70926336
520500,0x021a52d0,8659,0x043a6000,70934528
520510,0x021a52e0,8660,0x043a8000,70942720
520520,0x021a52f0,8661,0x043aa000,70950912
520530,0x021a5300,8662,0x043ac000,70959104
520550,0x021a5310,8663,0x043ae000,70967296
520560,0x021a5320,8664,0x043b0000,70975488
520570,0x021a5330,8665,0x043b2000,70983680
520580,0x021a5340,8666,0x043b4000,70991872
520590,0x021a5350,8667,0x043b6000,71000064
520600,0x021a5360,8668,0x043b8000,71008256
520610,0x021a5370,8669,0x043ba000,71016448
520620,0x021a5380,8670,0x043bc000,71024640
520630,0x021a5390,8671,0x043be000,71032832
520650,0x021a53a0,8672,0x043c0000,71041024
520660,0x021a53b0,8673,0x043c2000,71049216
520670,0x021a53c0,8674,0x043c4000,71057408
520680,0x021a53d0,8675,0x043c6000,71065600
520690,0x021a53e0,8676,0x043c8000,71073792
520700,0x021a53f0,8677,0x043ca000,71081984
520710,0x021a5400,8678,0x043cc000,71090176
520720,0x021a5410,8679,0x043ce000,71098368
520730,0x021a5420,8680,0x043d0000,71106560
520740,0x021a5430,8681,0x043d2000,71114752
520750,0x021a5440,8682,0x043d4000,71122944
520760,0x021a5450,8683,0x043d6000,71131136
520770,0x021a5460,8684,0x043d8000,71139328
520780,0x021a5470,8685,0x043da000,71147520
520790,0x021a5480,8686,0x043dc000,71155712
520810,0x021a5490,8687,0x043de000,71163904
520820,0x021a54a0,8688,0x043e0000,71172096
520830,0x021a54b0,8689,0x043e2000,71180288
520840,0x021a54c0,8690,0x043e4000,71188480
520850,0x021a54d0,8691,0x043e6000,71196672
520860,0x021a54e0,8692,0x043e8000,71204864
520870,0x021a54f0,8693,0x043ea000,71213056
520880,0x021a5500,8694,0x043ec000,71221248
520890,0x021a5510,8695,0x043ee000,71229440
520900,0x021a5520,8696,0x043f0000,71237632
520910,0x021a5530,8697,0x043f2000,71245824
520920,0x021a5540,8698,0x043f4000,71254016
520930,0x021a5550,8699,0x043f6000,71262208
520940,0x021a5560,8700,0x043f8000,71270400
520950,0x021a5570,8701,0x043fa000,71278592
520960,0x021a5580,8702,0x043fc000,71286784
520970,0x021a5590,8703,0x043fe000,71294976
520980,0x021a55a0,8704,0x04400000,71303168
520990,0x021a55b0,8705,0x04402000,71311360
526000,0x021a55c0,8706,0x04404000,71319552
526010,0x021a55d0,8707,0x04406000,71327744
526030,0x021a55e0,8708,0x04408000,71335936
526050,0x021a55f0,8709,0x0440a000,71344128
526070,0x021a5600,8710,0x0440c000,71352320
530000,0x021a5610,8711,0x0440e000,71360512
530050,0x021a5620,8712,0x04410000,71368704
530060,0x021a5630,8713,0x04412000,71376896
530080,0x021a5640,8714,0x04414000,71385088
530100,0x021a5650,8715,0x04416000,71393280
530180,0x021a5660,8716,0x04418000,71401472
530280,0x021a5670,8717,0x0441a000,71409664
530300,0x021a5680,8718,0x0441c000,71417856
530380,0x021a5690,8719,0x0441e000,71426048
530530,0x021a56a0,8720,0x04420000,71434240
530580,0x021a56b0,8721,0x04422000,71442432
530680,0x021a56c0,8722,0x04424000,71450624
530800,0x021a56d0,8723,0x04426000,71458816
530880,0x021a56e0,8724,0x04428000,71467008
551000,0x021a56f0,8725,0x0442a000,71475200
551030,0x021a5700,8726,0x0442c000,71483392
551060,0x021a5710,8727,0x0442e000,71491584
551300,0x021a5720,8728,0x04430000,71499776
551500,0x021a5730,8729,0x04432000,71507968
551510,0x021a5740,8730,0x04434000,71516160
551520,0x021a5750,8731,0x04436000,71524352
551550,0x021a5760,8732,0x04438000,71532544
551560,0x021a5770,8733,0x0443a000,71540736
551580,0x021a5780,8734,0x0443c000,71548928
551800,0x021a5790,8735,0x0443e000,71557120
551900,0x021a57a0,8736,0x04440000,71565312
560010,0x021a57b0,8737,0x04442000,71573504
560020,0x021a57c0,8738,0x04444000,71581696
560030,0x021a57d0,8739,0x04446000,71589888
560050,0x021a57e0,8740,0x04448000,71598080
560060,0x021a57f0,8741,0x0444a000,71606272
560070,0x021a5800,8742,0x0444c000,71614464
560080,0x021a5810,8743,0x0444e000,71622656
560090,0x021a5820,8744,0x04450000,71630848
560100,0x021a5830,8745,0x04452000,71639040
560110,0x021a5840,8746,0x04454000,71647232
560120,0x021a5850,8747,0x04456000,71655424
560130,0x021a5860,8748,0x04458000,71663616
560150,0x021a5870,8749,0x0445a000,71671808
560160,0x021a5880,8750,0x0445c000,71680000
560170,0x021a5890,8751,0x0445e000,71688192
560180,0x021a58a0,8752,0x04460000,71696384
560190,0x021a58b0,8753,0x04462000,71704576
560210,0x021a58c0,8754,0x04464000,71712768
560220,0x021a58d0,8755,0x04466000,71720960
560230,0x021a58e0,8756,0x04468000,71729152
560250,0x021a58f0,8757,0x0446a000,71737344
560260,0x021a5900,8758,0x0446c000,71745536
560270,0x021a5910,8759,0x0446e000,71753728
560280,0x021a5920,8760,0x04470000,71761920
560290,0x021a5930,8761,0x04472000,71770112
560300,0x021a5940,8762,0x04474000,71778304
560310,0x021a5950,8763,0x04476000,71786496
560320,0x021a5960,8764,0x04478000,71794688
560330,0x021a5970,8765,0x0447a000,71802880
560350,0x021a5980,8766,0x0447c000,71811072
560360,0x021a5990,8767,0x0447e000,71819264
560370,0x021a59a0,8768,0x04480000,71827456
560380,0x021a59b0,8769,0x04482000,71835648
560390,0x021a59c0,8770,0x04484000,71843840
560400,0x021a59d0,8771,0x04486000,71852032
560410,0x021a59e0,8772,0x04488000,71860224
560420,0x021a59f0,8773,0x0448a000,71868416
560450,0x021a5a00,8774,0x0448c000,71876608
560460,0x021a5a10,8775,0x0448e000,71884800
560470,0x021a5a20,8776,0x04490000,71892992
560480,0x021a5a30,8777,0x04492000,71901184
560490,0x021a5a40,8778,0x04494000,71909376
560500,0x021a5a50,8779,0x04496000,71917568
560510,0x021a5a60,8780,0x04498000,71925760
560520,0x021a5a70,8781,0x0449a000,71933952
560530,0x021a5a80,8782,0x0449c000,71942144
560550,0x021a5a90,8783,0x0449e000,71950336
560560,0x021a5aa0,8784,0x044a0000,71958528
560570,0x021a5ab0,8785,0x044a2000,71966720
560580,0x021a5ac0,8786,0x044a4000,71974912
560590,0x021a5ad0,8787,0x044a6000,71983104
560610,0x021a5ae0,8788,0x044a8000,71991296
560620,0x021a5af0,8789,0x044aa000,71999488
560630,0x021a5b00,8790,0x044ac000,72007680
560660,0x021a5b10,8791,0x044ae000,72015872
560670,0x021a5b20,8792,0x044b0000,72024064
560680,0x021a5b30,8793,0x044b2000,72032256
560690,0x021a5b40,8794,0x044b4000,72040448
560700,0x021a5b50,8795,0x044b6000,72048640
560710,0x021a5b60,8796,0x044b8000,72056832
560720,0x021a5b70,8797,0x044ba000,72065024
560730,0x021a5b80,8798,0x044bc000,72073216
560750,0x021a5b90,8799,0x044be000,72081408
560770,0x021a5ba0,8800,0x044c0000,72089600
560780,0x021a5bb0,8801,0x044c2000,72097792
560790,0x021a5bc0,8802,0x044c4000,72105984
560800,0x021a5bd0,8803,0x044c6000,72114176
560810,0x021a5be0,8804,0x044c8000,72122368
560820,0x021a5bf0,8805,0x044ca000,72130560
560830,0x021a5c00,8806,0x044cc000,72138752
560850,0x021a5c10,8807,0x044ce000,72146944
560860,0x021a5c20,8808,0x044d0000,72155136
560870,0x021a5c30,8809,0x044d2000,72163328
560880,0x021a5c40,8810,0x044d4000,72171520
560900,0x021a5c50,8811,0x044d6000,72179712
560910,0x021a5c60,8812,0x044d8000,72187904
560920,0x021a5c70,8813,0x044da000,72196096
560930,0x021a5c80,8814,0x044dc000,72204288
560950,0x021a5c90,8815,0x044de000,72212480
560970,0x021a5ca0,8816,0x044e0000,72220672
560980,0x021a5cb0,8817,0x044e2000,72228864
560990,0x021a5cc0,8818,0x044e4000,72237056
561000,0x021a5cd0,8819,0x044e6000,72245248
561010,0x021a5ce0,8820,0x044e8000,72253440
561020,0x021a5cf0,8821,0x044ea000,72261632
561030,0x021a5d00,8822,0x044ec000,72269824
561050,0x021a5d10,8823,0x044ee000,72278016
561060,0x021a5d20,8824,0x044f0000,72286208
561080,0x021a5d30,8825,0x044f2000,72294400
561090,0x021a5d40,8826,0x044f4000,72302592
561100,0x021a5d50,8827,0x044f6000,72310784
561120,0x021a5d60,8828,0x044f8000,72318976
561130,0x021a5d70,8829,0x044fa000,72327168
561160,0x021a5d80,8830,0x044fc000,72335360
561170,0x021a5d90,8831,0x044fe000,72343552
561180,0x021a5da0,8832,0x04500000,72351744
561190,0x021a5db0,8833,0x04502000,72359936
561200,0x021a5dc0,8834,0x04504000,72368128
561220,0x021a5dd0,8835,0x04506000,72376320
561230,0x021a5de0,8836,0x04508000,72384512
561250,0x021a5df0,8837,0x0450a000,72392704
561260,0x021a5e00,8838,0x0450c000,72400896
561280,0x021a5e10,8839,0x0450e000,72409088
561300,0x021a5e20,8840,0x04510000,72417280
561310,0x021a5e30,8841,0x04512000,72425472
561320,0x021a5e40,8842,0x04514000,72433664
561330,0x021a5e50,8843,0x04516000,72441856
561350,0x021a5e60,8844,0x04518000,72450048
561360,0x021a5e70,8845,0x0451a000,72458240
561370,0x021a5e80,8846,0x0451c000,72466432
561380,0x021a5e90,8847,0x0451e000,72474624
561390,0x021a5ea0,8848,0x04520000,72482816
561400,0x021a5eb0,8849,0x04522000,72491008
561410,0x021a5ec0,8850,0x04524000,72499200
561420,0x021a5ed0,8851,0x04526000,72507392
561430,0x021a5ee0,8852,0x04528000,72515584
561450,0x021a5ef0,8853,0x0452a000,72523776
561460,0x021a5f00,8854,0x0452c000,72531968
561470,0x021a5f10,8855,0x0452e000,72540160
561490,0x021a5f20,8856,0x04530000,72548352
561500,0x021a5f30,8857,0x04532000,72556544
561510,0x021a5f40,8858,0x04534000,72564736
561550,0x021a5f50,8859,0x04536000,72572928
561560,0x021a5f60,8860,0x04538000,72581120
561570,0x021a5f70,8861,0x0453a000,72589312
561580,0x021a5f80,8862,0x0453c000,72597504
561590,0x021a5f90,8863,0x0453e000,72605696
561600,0x021a5fa0,8864,0x04540000,72613888
561620,0x021a5fb0,8865,0x04542000,72622080
561630,0x021a5fc0,8866,0x04544000,72630272
561660,0x021a5fd0,8867,0x04546000,72638464
561680,0x021a5fe0,8868,0x04548000,72646656
561700,0x021a5ff0,8869,0x0454a000,72654848
561750,0x022a6000,8871,0x0454e000,72671232
561760,0x022a6010,8872,0x04550000,72679424
561770,0x022a6020,8873,0x04552000,72687616
561780,0x022a6030,8874,0x04554000,72695808
561790,0x022a6040,8875,0x04556000,72704000
561800,0x022a6050,8876,0x04558000,72712192
561810,0x022a6060,8877,0x0455a000,72720384
561870,0x022a6070,8878,0x0455c000,72728576
561880,0x022a6080,8879,0x0455e000,72736768
561890,0x022a6090,8880,0x04560000,72744960
561900,0x022a60a0,8881,0x04562000,72753152
561910,0x022a60b0,8882,0x04564000,72761344
561920,0x022a60c0,8883,0x04566000,72769536
561930,0x022a60d0,8884,0x04568000,72777728
561950,0x022a60e0,8885,0x0456a000,72785920
561960,0x022a60f0,8886,0x0456c000,72794112
561980,0x022a6100,8887,0x0456e000,72802304
561990,0x022a6110,8888,0x04570000,72810496
562000,0x022a6120,8889,0x04572000,72818688
562010,0x022a6130,8890,0x04574000,72826880
562030,0x022a6140,8891,0x04576000,72835072
562050,0x022a6150,8892,0x04578000,72843264
562060,0x022a6160,8893,0x0457a000,72851456
562070,0x022a6170,8894,0x0457c000,72859648
562080,0x022a6180,8895,0x0457e000,72867840
562300,0x022a6190,8896,0x04580000,72876032
562310,0x022a61a0,8897,0x04582000,72884224
562320,0x022a61b0,8898,0x04584000,72892416
562330,0x022a61c0,8899,0x04586000,72900608
562340,0x022a61d0,8900,0x04588000,72908800
562350,0x022a61e0,8901,0x0458a000,72916992
562360,0x022a61f0,8902,0x0458c000,72925184
562380,0x022a6200,8903,0x0458e000,72933376
562390,0x022a6210,8904,0x04590000,72941568
562500,0x022a6220,8905,0x04592000,72949760
562510,0x022a6230,8906,0x04594000,72957952
562520,0x022a6240,8907,0x04596000,72966144
562530,0x022a6250,8908,0x04598000,72974336
562550,0x022a6260,8909,0x0459a000,72982528
562560,0x022a6270,8910,0x0459c000,72990720
562570,0x022a6280,8911,0x0459e000,72998912
562580,0x022a6290,8912,0x045a0000,73007104
562590,0x022a62a0,8913,0x045a2000,73015296
562600,0x022a62b0,8914,0x045a4000,73023488
562660,0x022a62c0,8915,0x045a6000,73031680
562700,0x022a62d0,8916,0x045a8000,73039872
562800,0x022a62e0,8917,0x045aa000,73048064
562810,0x022a62f0,8918,0x045ac000,73056256
562820,0x022a6300,8919,0x045ae000,73064448
562850,0x022a6310,8920,0x045b0000,73072640
562860,0x022a6320,8921,0x045b2000,73080832
562870,0x022a6330,8922,0x045b4000,73089024
562880,0x022a6340,8923,0x045b6000,73097216
562890,0x022a6350,8924,0x045b8000,73105408
562900,0x022a6360,8925,0x045ba000,73113600
562910,0x022a6370,8926,0x045bc000,73121792
562920,0x022a6380,8927,0x045be000,73129984
562930,0x022a6390,8928,0x045c0000,73138176
562950,0x022a63a0,8929,0x045c2000,73146368
562960,0x022a63b0,8930,0x045c4000,73154560
562970,0x022a63c0,8931,0x045c6000,73162752
562990,0x022a63d0,8932,0x045c8000,73170944
563000,0x022a63e0,8933,0x045ca000,73179136
563010,0x022a63f0,8934,0x045cc000,73187328
563020,0x022a6400,8935,0x045ce000,73195520
563030,0x022a6410,8936,0x045d0000,73203712
563050,0x022a6420,8937,0x045d2000,73211904
563060,0x022a6430,8938,0x045d4000,73220096
563080,0x022a6440,8939,0x045d6000,73228288
563090,0x022a6450,8940,0x045d8000,73236480
563150,0x022a6460,8941,0x045da000,73244672
563180,0x022a6470,8942,0x045dc000,73252864
563200,0x022a6480,8943,0x045de000,73261056
563210,0x022a6490,8944,0x045e0000,73269248
563220,0x022a64a0,8945,0x045e2000,73277440
563230,0x022a64b0,8946,0x045e4000,73285632
563280,0x022a64c0,8947,0x045e6000,73293824
563300,0x022a64d0,8948,0x045e8000,73302016
563320,0x022a64e0,8949,0x045ea000,73310208
563330,0x022a64f0,8950,0x045ec000,73318400
563350,0x022a6500,8951,0x045ee000,73326592
563360,0x022a6510,8952,0x045f0000,73334784
563380,0x022a6520,8953,0x045f2000,73342976
563390,0x022a6530,8954,0x045f4000,73351168
563500,0x022a6540,8955,0x045f6000,73359360
563510,0x022a6550,8956,0x045f8000,73367552
563520,0x022a6560,8957,0x045fa000,73375744
563530,0x022a6570,8958,0x045fc000,73383936
563550,0x022a6580,8959,0x045fe000,73392128
563560,0x022a6590,8960,0x04600000,73400320
563570,0x022a65a0,8961,0x04602000,73408512
563580,0x022a65b0,8962,0x04604000,73416704
563590,0x022a65c0,8963,0x04606000,73424896
563600,0x022a65d0,8964,0x04608000,73433088
563620,0x022a65e0,8965,0x0460a000,73441280
563630,0x022a65f0,8966,0x0460c000,73449472
563650,0x022a6600,8967,0x0460e000,73457664
563660,0x022a6610,8968,0x04610000,73465856
563670,0x022a6620,8969,0x04612000,73474048
563680,0x022a6630,8970,0x04614000,73482240
563690,0x022a6640,8971,0x04616000,73490432
563700,0x022a6650,8972,0x04618000,73498624
563750,0x022a6660,8973,0x0461a000,73506816
563760,0x022a6670,8974,0x0461c000,73515008
563770,0x022a6680,8975,0x0461e000,73523200
563780,0x022a6690,8976,0x04620000,73531392
563790,0x022a66a0,8977,0x04622000,73539584
563800,0x022a66b0,8978,0x04624000,73547776
563830,0x022a66c0,8979,0x04626000,73555968
563850,0x022a66d0,8980,0x04628000,73564160
563860,0x022a66e0,8981,0x0462a000,73572352
563870,0x022a66f0,8982,0x0462c000,73580544
563880,0x022a6700,8983,0x0462e000,73588736
563890,0x022a6710,8984,0x04630000,73596928
563900,0x022a6720,8985,0x04632000,73605120
563930,0x022a6730,8986,0x04634000,73613312
563960,0x022a6740,8987,0x04636000,73621504
563980,0x022a6750,8988,0x04638000,73629696
563990,0x022a6760,8989,0x0463a000,73637888
588000,0x022a6770,8990,0x0463c000,73646080
588010,0x022a6780,8991,0x0463e000,73654272
588020,0x022a6790,8992,0x04640000,73662464
588030,0x022a67a0,8993,0x04642000,73670656
588040,0x022a67b0,8994,0x04644000,73678848
588050,0x022a67c0,8995,0x04646000,73687040
588060,0x022a67d0,8996,0x04648000,73695232
588070,0x022a67e0,8997,0x0464a000,73703424
588080,0x022a67f0,8998,0x0464c000,73711616
588090,0x022a6800,8999,0x0464e000,73719808
588100,0x022a6810,9000,0x04650000,73728000
588110,0x022a6820,9001,0x04652000,73736192
588120,0x022a6830,9002,0x04654000,73744384
588130,0x022a6840,9003,0x04656000,73752576
588140,0x022a6850,9004,0x04658000,73760768
588150,0x022a6860,9005,0x0465a000,73768960
588160,0x022a6870,9006,0x0465c000,73777152
588170,0x022a6880,9007,0x0465e000,73785344
588180,0x022a6890,9008,0x04660000,73793536
588190,0x022a68a0,9009,0x04662000,73801728
588200,0x022a68b0,9010,0x04664000,73809920
588210,0x022a68c0,9011,0x04666000,73818112
588220,0x022a68d0,9012,0x04668000,73826304
588230,0x022a68e0,9013,0x0466a000,73834496
588240,0x022a68f0,9014,0x0466c000,73842688
588250,0x022a6900,9015,0x0466e000,73850880
588260,0x022a6910,9016,0x04670000,73859072
588270,0x022a6920,9017,0x04672000,73867264
588280,0x022a6930,9018,0x04674000,73875456
588290,0x022a6940,9019,0x04676000,73883648
588300,0x022a6950,9020,0x04678000,73891840
588310,0x022a6960,9021,0x0467a000,73900032
588320,0x022a6970,9022,0x0467c000,73908224
588330,0x022a6980,9023,0x0467e000,73916416
588350,0x022a6990,9024,0x04680000,73924608
588360,0x022a69a0,9025,0x04682000,73932800
588370,0x022a69b0,9026,0x04684000,73940992
588380,0x022a69c0,9027,0x04686000,73949184
588390,0x022a69d0,9028,0x04688000,73957376
588400,0x022a69e0,9029,0x0468a000,73965568
588410,0x022a69f0,9030,0x0468c000,73973760
588420,0x022a6a00,9031,0x0468e000,73981952
588430,0x022a6a10,9032,0x04690000,73990144
588450,0x022a6a20,9033,0x04692000,73998336
588460,0x022a6a30,9034,0x04694000,74006528
588470,0x022a6a40,9035,0x04696000,74014720
588480,0x022a6a50,9036,0x04698000,74022912
588500,0x022a6a60,9037,0x0469a000,74031104
588510,0x022a6a70,9038,0x0469c000,74039296
588520,0x022a6a80,9039,0x0469e000,74047488
588530,0x022a6a90,9040,0x046a0000,74055680
588550,0x022a6aa0,9041,0x046a2000,74063872
588660,0x022a6ab0,9042,0x046a4000,74072064
588670,0x022a6ac0,9043,0x046a6000,74080256
588680,0x022a6ad0,9044,0x046a8000,74088448
588690,0x022a6ae0,9045,0x046aa000,74096640
588700,0x022a6af0,9046,0x046ac000,74104832
588710,0x022a6b00,9047,0x046ae000,74113024
588720,0x022a6b10,9048,0x046b0000,74121216
588730,0x022a6b20,9049,0x046b2000,74129408
588750,0x022a6b30,9050,0x046b4000,74137600
588760,0x022a6b40,9051,0x046b6000,74145792
588770,0x022a6b50,9052,0x046b8000,74153984
588780,0x022a6b60,9053,0x046ba000,74162176
588790,0x022a6b70,9054,0x046bc000,74170368
588800,0x022a6b80,9055,0x046be000,74178560
588810,0x022a6b90,9056,0x046c0000,74186752
588820,0x022a6ba0,9057,0x046c2000,74194944
588830,0x022a6bb0,9058,0x046c4000,74203136
588840,0x022a6bc0,9059,0x046c6000,74211328
588850,0x022a6bd0,9060,0x046c8000,74219520
588860,0x022a6be0,9061,0x046ca000,74227712
588870,0x022a6bf0,9062,0x046cc000,74235904
588880,0x022a6c00,9063,0x046ce000,74244096
588890,0x022a6c10,9064,0x046d0000,74252288
588900,0x022a6c20,9065,0x046d2000,74260480
588910,0x022a6c30,9066,0x046d4000,74268672
588920,0x022a6c40,9067,0x046d6000,74276864
588930,0x022a6c50,9068,0x046d8000,74285056
588940,0x022a6c60,9069,0x046da000,74293248
588950,0x022a6c70,9070,0x046dc000,74301440
588960,0x022a6c80,9071,0x046de000,74309632
588980,0x022a6c90,9072,0x046e0000,74317824
588990,0x022a6ca0,9073,0x046e2000,74326016
589000,0x022a6cb0,9074,0x046e4000,74334208
589010,0x022a6cc0,9075,0x046e6000,74342400
589020,0x022a6cd0,9076,0x046e8000,74350592
589030,0x022a6ce0,9077,0x046ea000,74358784
589050,0x022a6cf0,9078,0x046ec000,74366976
589060,0x022a6d00,9079,0x046ee000,74375168
589070,0x022a6d10,9080,0x046f0000,74383360
589080,0x022a6d20,9081,0x046f2000,74391552
589090,0x022a6d30,9082,0x046f4000,74399744
589100,0x022a6d40,9083,0x046f6000,74407936
589110,0x022a6d50,9084,0x046f8000,74416128
589120,0x022a6d60,9085,0x046fa000,74424320
589130,0x022a6d70,9086,0x046fc000,74432512
589150,0x022a6d80,9087,0x046fe000,74440704
589160,0x022a6d90,9088,0x04700000,74448896
589170,0x022a6da0,9089,0x04702000,74457088
589180,0x022a6db0,9090,0x04704000,74465280
589190,0x022a6dc0,9091,0x04706000,74473472
589200,0x022a6dd0,9092,0x04708000,74481664
589210,0x022a6de0,9093,0x0470a000,74489856
589220,0x022a6df0,9094,0x0470c000,74498048
589230,0x022a6e00,9095,0x0470e000,74506240
589250,0x022a6e10,9096,0x04710000,74514432
589260,0x022a6e20,9097,0x04712000,74522624
589270,0x022a6e30,9098,0x04714000,74530816
589280,0x022a6e40,9099,0x04716000,74539008
589290,0x022a6e50,9100,0x04718000,74547200
589300,0x022a6e60,9101,0x0471a000,74555392
589310,0x022a6e70,9102,0x0471c000,74563584
589320,0x022a6e80,9103,0x0471e000,74571776
589330,0x022a6e90,9104,0x04720000,74579968
589350,0x022a6ea0,9105,0x04722000,74588160
589360,0x022a6eb0,9106,0x04724000,74596352
589380,0x022a6ec0,9107,0x04726000,74604544
589390,0x022a6ed0,9108,0x04728000,74612736
589400,0x022a6ee0,9109,0x0472a000,74620928
589410,0x022a6ef0,9110,0x0472c000,74629120
589420,0x022a6f00,9111,0x0472e000,74637312
589460,0x022a6f10,9112,0x04730000,74645504
589500,0x022a6f20,9113,0x04732000,74653696
589520,0x022a6f30,9114,0x04734000,74661888
589550,0x022a6f40,9115,0x04736000,74670080
589560,0x022a6f50,9116,0x04738000,74678272
589580,0x022a6f60,9117,0x0473a000,74686464
589600,0x022a6f70,9118,0x0473c000,74694656
589630,0x022a6f80,9119,0x0473e000,74702848
589660,0x022a6f90,9120,0x04740000,74711040
589680,0x022a6fa0,9121,0x04742000,74719232
589700,0x022a6fb0,9122,0x04744000,74727424
589720,0x022a6fc0,9123,0x04746000,74735616
589770,0x022a6fd0,9124,0x04748000,74743808
589780,0x022a6fe0,9125,0x0474a000,74752000
589800,0x022a6ff0,9126,0x0474c000,74760192
589820,0x023a7000,9128,0x04750000,74776576
589850,0x023a7010,9129,0x04752000,74784768
589860,0x023a7020,9130,0x04754000,74792960
589880,0x023a7030,9131,0x04756000,74801152
589890,0x023a7040,9132,0x04758000,74809344
589900,0x023a7050,9133,0x0475a000,74817536
589950,0x023a7060,9134,0x0475c000,74825728
589960,0x023a7070,9135,0x0475e000,74833920
589980,0x023a7080,9136,0x04760000,74842112
589990,0x023a7090,9137,0x04762000,74850304
519858,0x023a70a0,9138,0x04764000,74858496
519878,0x023a70b0,9139,0x04766000,74866688
751001,0x023a70c0,9140,0x04768000,74874880
751002,0x023a70d0,9141,0x0476a000,74883072
751003,0x023a70e0,9142,0x0476c000,74891264
751004,0x023a70f0,9143,0x0476e000,74899456
751005,0x023a7100,9144,0x04770000,74907648
751006,0x023a7110,9145,0x04772000,74915840
751007,0x023a7120,9146,0x04774000,74924032
751008,0x023a7130,9147,0x04776000,74932224
751009,0x023a7140,9148,0x04778000,74940416
751010,0x023a7150,9149,0x0477a000,74948608
751011,0x023a7160,9150,0x0477c000,74956800
751012,0x023a7170,9151,0x0477e000,74964992
751014,0x023a7180,9152,0x04780000,74973184
751015,0x023a7190,9153,0x04782000,74981376
751016,0x023a71a0,9154,0x04784000,74989568
751017,0x023a71b0,9155,0x04786000,74997760
751018,0x023a71c0,9156,0x04788000,75005952
751019,0x023a71d0,9157,0x0478a000,75014144
751020,0x023a71e0,9158,0x0478c000,75022336
751021,0x023a71f0,9159,0x0478e000,75030528
751022,0x023a7200,9160,0x04790000,75038720
751023,0x023a7210,9161,0x04792000,75046912
751024,0x023a7220,9162,0x04794000,75055104
751025,0x023a7230,9163,0x04796000,75063296
751026,0x023a7240,9164,0x04798000,75071488
751028,0x023a7250,9165,0x0479a000,75079680
751029,0x023a7260,9166,0x0479c000,75087872
751030,0x023a7270,9167,0x0479e000,75096064
751031,0x023a7280,9168,0x047a0000,75104256
751032,0x023a7290,9169,0x047a2000,75112448
751034,0x023a72a0,9170,0x047a4000,75120640
751035,0x023a72b0,9171,0x047a6000,75128832
751036,0x023a72c0,9172,0x047a8000,75137024
751037,0x023a72d0,9173,0x047aa000,75145216
751038,0x023a72e0,9174,0x047ac000,75153408
751039,0x023a72f0,9175,0x047ae000,75161600
751040,0x023a7300,9176,0x047b0000,75169792
751041,0x023a7310,9177,0x047b2000,75177984
751043,0x023a7320,9178,0x047b4000,75186176
751044,0x023a7330,9179,0x047b6000,75194368
751046,0x023a7340,9180,0x047b8000,75202560
751047,0x023a7350,9181,0x047ba000,75210752
751048,0x023a7360,9182,0x047bc000,75218944
751052,0x023a7370,9183,0x047be000,75227136
751053,0x023a7380,9184,0x047c0000,75235328
751054,0x023a7390,9185,0x047c2000,75243520
751057,0x023a73a0,9186,0x047c4000,75251712
751058,0x023a73b0,9187,0x047c6000,75259904
751059,0x023a73c0,9188,0x047c8000,75268096
751060,0x023a73d0,9189,0x047ca000,75276288
751061,0x023a73e0,9190,0x047cc000,75284480
751062,0x023a73f0,9191,0x047ce000,75292672
751063,0x023a7400,9192,0x047d0000,75300864
751065,0x023a7410,9193,0x047d2000,75309056
751066,0x023a7420,9194,0x047d4000,75317248
751067,0x023a7430,9195,0x047d6000,75325440
751068,0x023a7440,9196,0x047d8000,75333632
751069,0x023a7450,9197,0x047da000,75341824
751071,0x023a7460,9198,0x047dc000,75350016
751072,0x023a7470,9199,0x047de000,75358208
751074,0x023a7480,9200,0x047e0000,75366400
751075,0x023a7490,9201,0x047e2000,75374592
751076,0x023a74a0,9202,0x047e4000,75382784
751077,0x023a74b0,9203,0x047e6000,75390976
751078,0x023a74c0,9204,0x047e8000,75399168
751079,0x023a74d0,9205,0x047ea000,75407360
751080,0x023a74e0,9206,0x047ec000,75415552
751081,0x023a74f0,9207,0x047ee000,75423744
751082,0x023a7500,9208,0x047f0000,75431936
751083,0x023a7510,9209,0x047f2000,75440128
751084,0x023a7520,9210,0x047f4000,75448320
751085,0x023a7530,9211,0x047f6000,75456512
751086,0x023a7540,9212,0x047f8000,75464704
751087,0x023a7550,9213,0x047fa000,75472896
751088,0x023a7560,9214,0x047fc000,75481088
751090,0x023a7570,9215,0x047fe000,75489280
751091,0x023a7580,9216,0x04800000,75497472
751092,0x023a7590,9217,0x04802000,75505664
751093,0x023a75a0,9218,0x04804000,75513856
751095,0x023a75b0,9219,0x04806000,75522048
751096,0x023a75c0,9220,0x04808000,75530240
751097,0x023a75d0,9221,0x0480a000,75538432
751098,0x023a75e0,9222,0x0480c000,75546624
751099,0x023a75f0,9223,0x0480e000,75554816
751100,0x023a7600,9224,0x04810000,75563008
751101,0x023a7610,9225,0x04812000,75571200
751102,0x023a7620,9226,0x04814000,75579392
751103,0x023a7630,9227,0x04816000,75587584
751104,0x023a7640,9228,0x04818000,75595776
751106,0x023a7650,9229,0x0481a000,75603968
751107,0x023a7660,9230,0x0481c000,75612160
751108,0x023a7670,9231,0x0481e000,75620352
751109,0x023a7680,9232,0x04820000,75628544
751110,0x023a7690,9233,0x04822000,75636736
751111,0x023a76a0,9234,0x04824000,75644928
751112,0x023a76b0,9235,0x04826000,75653120
751113,0x023a76c0,9236,0x04828000,75661312
751114,0x023a76d0,9237,0x0482a000,75669504
751115,0x023a76e0,9238,0x0482c000,75677696
751121,0x023a76f0,9239,0x0482e000,75685888
751122,0x023a7700,9240,0x04830000,75694080
751123,0x023a7710,9241,0x04832000,75702272
751124,0x023a7720,9242,0x04834000,75710464
751200,0x023a7730,9243,0x04836000,75718656
751201,0x023a7740,9244,0x04838000,75726848
751204,0x023a7750,9245,0x0483a000,75735040
751205,0x023a7760,9246,0x0483c000,75743232
751208,0x023a7770,9247,0x0483e000,75751424
751209,0x023a7780,9248,0x04840000,75759616
751212,0x023a7790,9249,0x04842000,75767808
751213,0x023a77a0,9250,0x04844000,75776000
751216,0x023a77b0,9251,0x04846000,75784192
751217,0x023a77c0,9252,0x04848000,75792384
751220,0x023a77d0,9253,0x0484a000,75800576
751221,0x023a77e0,9254,0x0484c000,75808768
751224,0x023a77f0,9255,0x0484e000,75816960
751225,0x023a7800,9256,0x04850000,75825152
751228,0x023a7810,9257,0x04852000,75833344
751229,0x023a7820,9258,0x04854000,75841536
751232,0x023a7830,9259,0x04856000,75849728
751233,0x023a7840,9260,0x04858000,75857920
751236,0x023a7850,9261,0x0485a000,75866112
751237,0x023a7860,9262,0x0485c000,75874304
751240,0x023a7870,9263,0x0485e000,75882496
751241,0x023a7880,9264,0x04860000,75890688
751244,0x023a7890,9265,0x04862000,75898880
751245,0x023a78a0,9266,0x04864000,75907072
751248,0x023a78b0,9267,0x04866000,75915264
751249,0x023a78c0,9268,0x04868000,75923456
751252,0x023a78d0,9269,0x0486a000,75931648
751253,0x023a78e0,9270,0x0486c000,75939840
751256,0x023a78f0,9271,0x0486e000,75948032
751257,0x023a7900,9272,0x04870000,75956224
751260,0x023a7910,9273,0x04872000,75964416
751261,0x023a7920,9274,0x04874000,75972608
751264,0x023a7930,9275,0x04876000,75980800
751265,0x023a7940,9276,0x04878000,75988992
751268,0x023a7950,9277,0x0487a000,75997184
751269,0x023a7960,9278,0x0487c000,76005376
751272,0x023a7970,9279,0x0487e000,76013568
751273,0x023a7980,9280,0x04880000,76021760
751276,0x023a7990,9281,0x04882000,76029952
751277,0x023a79a0,9282,0x04884000,76038144
751280,0x023a79b0,9283,0x04886000,76046336
751281,0x023a79c0,9284,0x04888000,76054528
751284,0x023a79d0,9285,0x0488a000,76062720
751285,0x023a79e0,9286,0x0488c000,76070912
751288,0x023a79f0,9287,0x0488e000,76079104
751289,0x023a7a00,9288,0x04890000,76087296
751292,0x023a7a10,9289,0x04892000,76095488
751293,0x023a7a20,9290,0x04894000,76103680
751296,0x023a7a30,9291,0x04896000,76111872
751297,0x023a7a40,9292,0x04898000,76120064
751300,0x023a7a50,9293,0x0489a000,76128256
751301,0x023a7a60,9294,0x0489c000,76136448
751304,0x023a7a70,9295,0x0489e000,76144640
751305,0x023a7a80,9296,0x048a0000,76152832
751308,0x023a7a90,9297,0x048a2000,76161024
751309,0x023a7aa0,9298,0x048a4000,76169216
751312,0x023a7ab0,9299,0x048a6000,76177408
751313,0x023a7ac0,9300,0x048a8000,76185600
751316,0x023a7ad0,9301,0x048aa000,76193792
751317,0x023a7ae0,9302,0x048ac000,76201984
751320,0x023a7af0,9303,0x048ae000,76210176
751321,0x023a7b00,9304,0x048b0000,76218368
751324,0x023a7b10,9305,0x048b2000,76226560
751325,0x023a7b20,9306,0x048b4000,76234752
751328,0x023a7b30,9307,0x048b6000,76242944
751329,0x023a7b40,9308,0x048b8000,76251136
751332,0x023a7b50,9309,0x048ba000,76259328
751333,0x023a7b60,9310,0x048bc000,76267520
751336,0x023a7b70,9311,0x048be000,76275712
751337,0x023a7b80,9312,0x048c0000,76283904
751340,0x023a7b90,9313,0x048c2000,76292096
751341,0x023a7ba0,9314,0x048c4000,76300288
751344,0x023a7bb0,9315,0x048c6000,76308480
751345,0x023a7bc0,9316,0x048c8000,76316672
751348,0x023a7bd0,9317,0x048ca000,76324864
751349,0x023a7be0,9318,0x048cc000,76333056
751352,0x023a7bf0,9319,0x048ce000,76341248
751353,0x023a7c00,9320,0x048d0000,76349440
751356,0x023a7c10,9321,0x048d2000,76357632
751357,0x023a7c20,9322,0x048d4000,76365824
751360,0x023a7c30,9323,0x048d6000,76374016
751361,0x023a7c40,9324,0x048d8000,76382208
751364,0x023a7c50,9325,0x048da000,76390400
751365,0x023a7c60,9326,0x048dc000,76398592
751368,0x023a7c70,9327,0x048de000,76406784
751369,0x023a7c80,9328,0x048e0000,76414976
751372,0x023a7c90,9329,0x048e2000,76423168
751373,0x023a7ca0,9330,0x048e4000,76431360
751376,0x023a7cb0,9331,0x048e6000,76439552
751377,0x023a7cc0,9332,0x048e8000,76447744
751380,0x023a7cd0,9333,0x048ea000,76455936
751381,0x023a7ce0,9334,0x048ec000,76464128
751384,0x023a7cf0,9335,0x048ee000,76472320
751385,0x023a7d00,9336,0x048f0000,76480512
751850,0x023a7d10,9337,0x048f2000,76488704
751900,0x023a7d20,9338,0x048f4000,76496896
751901,0x023a7d30,9339,0x048f6000,76505088
751902,0x023a7d40,9340,0x048f8000,76513280
751903,0x023a7d50,9341,0x048fa000,76521472
751904,0x023a7d60,9342,0x048fc000,76529664
751905,0x023a7d70,9343,0x048fe000,76537856
751906,0x023a7d80,9344,0x04900000,76546048
751907,0x023a7d90,9345,0x04902000,76554240
751920,0x023a7da0,9346,0x04904000,76562432
751926,0x023a7db0,9347,0x04906000,76570624
751930,0x023a7dc0,9348,0x04908000,76578816
751936,0x023a7dd0,9349,0x0490a000,76587008
751940,0x023a7de0,9350,0x0490c000,76595200
751941,0x023a7df0,9351,0x0490e000,76603392
751948,0x023a7e00,9352,0x04910000,76611584
751949,0x023a7e10,9353,0x04912000,76619776
751956,0x023a7e20,9354,0x04914000,76627968
751968,0x023a7e30,9355,0x04916000,76636160
751970,0x023a7e40,9356,0x04918000,76644352
751971,0x023a7e50,9357,0x0491a000,76652544
751972,0x023a7e60,9358,0x0491c000,76660736
751973,0x023a7e70,9359,0x0491e000,76668928
751974,0x023a7e80,9360,0x04920000,76677120
751975,0x023a7e90,9361,0x04922000,76685312
751976,0x023a7ea0,9362,0x04924000,76693504
751977,0x023a7eb0,9363,0x04926000,76701696
751978,0x023a7ec0,9364,0x04928000,76709888
751979,0x023a7ed0,9365,0x0492a000,76718080
751980,0x023a7ee0,9366,0x0492c000,76726272
751981,0x023a7ef0,9367,0x0492e000,76734464
751982,0x023a7f00,9368,0x04930000,76742656
751983,0x023a7f10,9369,0x04932000,76750848
751984,0x023a7f20,9370,0x04934000,76759040
751985,0x023a7f30,9371,0x04936000,76767232
751986,0x023a7f40,9372,0x04938000,76775424
751987,0x023a7f50,9373,0x0493a000,76783616
751988,0x023a7f60,9374,0x0493c000,76791808
751989,0x023a7f70,9375,0x0493e000,76800000
751990,0x023a7f80,9376,0x04940000,76808192
751991,0x023a7f90,9377,0x04942000,76816384
751992,0x023a7fa0,9378,0x04944000,76824576
751993,0x023a7fb0,9379,0x04946000,76832768
751994,0x023a7fc0,9380,0x04948000,76840960
751995,0x023a7fd0,9381,0x0494a000,76849152
751996,0x023a7fe0,9382,0x0494c000,76857344
751997,0x023a7ff0,9383,0x0494e000,76865536
751998,0x024a8000,9385,0x04952000,76881920
751999,0x024a8010,9386,0x04954000,76890112
888880,0x024a8020,9387,0x04956000,76898304
000300,0x024a8030,9388,0x04958000,76906496
000901,0x024a8040,9389,0x0495a000,76914688
000903,0x024a8050,9390,0x0495c000,76922880
000905,0x024a8060,9391,0x0495e000,76931072
000906,0x024a8070,9392,0x04960000,76939264
000913,0x024a8080,9393,0x04962000,76947456
000914,0x024a8090,9394,0x04964000,76955648
000928,0x024a80a0,9395,0x04966000,76963840
000932,0x024a80b0,9396,0x04968000,76972032
000933,0x024a80c0,9397,0x0496a000,76980224
000934,0x024a80d0,9398,0x0496c000,76988416
000935,0x024a80e0,9399,0x0496e000,76996608
000974,0x024a80f0,9400,0x04970000,77004800
000982,0x024a8100,9401,0x04972000,77012992
000986,0x024a8110,9402,0x04974000,77021184
000987,0x024a8120,9403,0x04976000,77029376
000989,0x024a8130,9404,0x04978000,77037568
000991,0x024a8140,9405,0x0497a000,77045760
000992,0x024a8150,9406,0x0497c000,77053952
000993,0x024a8160,9407,0x0497e000,77062144
501001,0x024a8170,9408,0x04980000,77070336
501005,0x024a8180,9409,0x04982000,77078528
501006,0x024a8190,9410,0x04984000,77086720
501007,0x024a81a0,9411,0x04986000,77094912
501008,0x024a81b0,9412,0x04988000,77103104
501009,0x024a81c0,9413,0x0498a000,77111296
501010,0x024a81d0,9414,0x0498c000,77119488
501011,0x024a81e0,9415,0x0498e000,77127680
501012,0x024a81f0,9416,0x04990000,77135872
501015,0x024a8200,9417,0x04992000,77144064
501016,0x024a8210,9418,0x04994000,77152256
501017,0x024a8220,9419,0x04996000,77160448
501018,0x024a8230,9420,0x04998000,77168640
501019,0x024a8240,9421,0x0499a000,77176832
501021,0x024a8250,9422,0x0499c000,77185024
501022,0x024a8260,9423,0x0499e000,77193216
501023,0x024a8270,9424,0x049a0000,77201408
501025,0x024a8280,9425,0x049a2000,77209600
501026,0x024a8290,9426,0x049a4000,77217792
501028,0x024a82a0,9427,0x049a6000,77225984
501029,0x024a82b0,9428,0x049a8000,77234176
501030,0x024a82c0,9429,0x049aa000,77242368
501031,0x024a82d0,9430,0x049ac000,77250560
501032,0x024a82e0,9431,0x049ae000,77258752
501036,0x024a82f0,9432,0x049b0000,77266944
501037,0x024a8300,9433,0x049b2000,77275136
501038,0x024a8310,9434,0x049b4000,77283328
501043,0x024a8320,9435,0x049b6000,77291520
501045,0x024a8330,9436,0x049b8000,77299712
501046,0x024a8340,9437,0x049ba000,77307904
501047,0x024a8350,9438,0x049bc000,77316096
501048,0x024a8360,9439,0x049be000,77324288
501050,0x024a8370,9440,0x049c0000,77332480
501051,0x024a8380,9441,0x049c2000,77340672
501053,0x024a8390,9442,0x049c4000,77348864
501057,0x024a83a0,9443,0x049c6000,77357056
501058,0x024a83b0,9444,0x049c8000,77365248
501059,0x024a83c0,9445,0x049ca000,77373440
501060,0x024a83d0,9446,0x049cc000,77381632
501061,0x024a83e0,9447,0x049ce000,77389824
501062,0x024a83f0,9448,0x049d0000,77398016
501064,0x024a8400,9449,0x049d2000,77406208
501065,0x024a8410,9450,0x049d4000,77414400
501070,0x024a8420,9451,0x049d6000,77422592
501071,0x024a8430,9452,0x049d8000,77430784
501073,0x024a8440,9453,0x049da000,77438976
501075,0x024a8450,9454,0x049dc000,77447168
501076,0x024a8460,9455,0x049de000,77455360
501077,0x024a8470,9456,0x049e0000,77463552
501078,0x024a8480,9457,0x049e2000,77471744
501079,0x024a8490,9458,0x049e4000,77479936
501080,0x024a84a0,9459,0x049e6000,77488128
501081,0x024a84b0,9460,0x049e8000,77496320
501082,0x024a84c0,9461,0x049ea000,77504512
501083,0x024a84d0,9462,0x049ec000,77512704
501085,0x024a84e0,9463,0x049ee000,77520896
501087,0x024a84f0,9464,0x049f0000,77529088
501088,0x024a8500,9465,0x049f2000,77537280
501089,0x024a8510,9466,0x049f4000,77545472
501090,0x024a8520,9467,0x049f6000,77553664
501091,0x024a8530,9468,0x049f8000,77561856
501092,0x024a8540,9469,0x049fa000,77570048
501093,0x024a8550,9470,0x049fc000,77578240
501095,0x024a8560,9471,0x049fe000,77586432
501096,0x024a8570,9472,0x04a00000,77594624
501097,0x024a8580,9473,0x04a02000,77602816
501098,0x024a8590,9474,0x04a04000,77611008
501099,0x024a85a0,9475,0x04a06000,77619200
501186,0x024a85b0,9476,0x04a08000,77627392
501188,0x024a85c0,9477,0x04a0a000,77635584
501189,0x024a85d0,9478,0x04a0c000,77643776
501200,0x024a85e0,9479,0x04a0e000,77651968
501201,0x024a85f0,9480,0x04a10000,77660160
501202,0x024a8600,9481,0x04a12000,77668352
501203,0x024a8610,9482,0x04a14000,77676544
501205,0x024a8620,9483,0x04a16000,77684736
501206,0x024a8630,9484,0x04a18000,77692928
501207,0x024a8640,9485,0x04a1a000,77701120
501208,0x024a8650,9486,0x04a1c000,77709312
501209,0x024a8660,9487,0x04a1e000,77717504
501210,0x024a8670,9488,0x04a20000,77725696
501211,0x024a8680,9489,0x04a22000,77733888
501212,0x024a8690,9490,0x04a24000,77742080
501213,0x024a86a0,9491,0x04a26000,77750272
501215,0x024a86b0,9492,0x04a28000,77758464
501216,0x024a86c0,9493,0x04a2a000,77766656
501217,0x024a86d0,9494,0x04a2c000,77774848
501218,0x024a86e0,9495,0x04a2e000,77783040
501219,0x024a86f0,9496,0x04a30000,77791232
501220,0x024a8700,9497,0x04a32000,77799424
501222,0x024a8710,9498,0x04a34000,77807616
501225,0x024a8720,9499,0x04a36000,77815808
501227,0x024a8730,9500,0x04a38000,77824000
501300,0x024a8740,9501,0x04a3a000,77832192
501301,0x024a8750,9502,0x04a3c000,77840384
501302,0x024a8760,9503,0x04a3e000,77848576
501303,0x024a8770,9504,0x04a40000,77856768
501305,0x024a8780,9505,0x04a42000,77864960
501306,0x024a8790,9506,0x04a44000,77873152
501307,0x024a87a0,9507,0x04a46000,77881344
501310,0x024a87b0,9508,0x04a48000,77889536
501311,0x024a87c0,9509,0x04a4a000,77897728
501312,0x024a87d0,9510,0x04a4c000,77905920
502000,0x024a87e0,9511,0x04a4e000,77914112
502003,0x024a87f0,9512,0x04a50000,77922304
502006,0x024a8800,9513,0x04a52000,77930496
502010,0x024a8810,9514,0x04a54000,77938688
502013,0x024a8820,9515,0x04a56000,77946880
502023,0x024a8830,9516,0x04a58000,77955072
502048,0x024a8840,9517,0x04a5a000,77963264
502053,0x024a8850,9518,0x04a5c000,77971456
502056,0x024a8860,9519,0x04a5e000,77979648
506000,0x024a8870,9520,0x04a60000,77987840
506001,0x024a8880,9521,0x04a62000,77996032
506002,0x024a8890,9522,0x04a64000,78004224
506003,0x024a88a0,9523,0x04a66000,78012416
506005,0x024a88b0,9524,0x04a68000,78020608
506006,0x024a88c0,9525,0x04a6a000,78028800
506008,0x024a88d0,9526,0x04a6c000,78036992
508000,0x024a88e0,9527,0x04a6e000,78045184
508001,0x024a88f0,9528,0x04a70000,78053376
508002,0x024a8900,9529,0x04a72000,78061568
508003,0x024a8910,9530,0x04a74000,78069760
508005,0x024a8920,9531,0x04a76000,78077952
508006,0x024a8930,9532,0x04a78000,78086144
508007,0x024a8940,9533,0x04a7a000,78094336
508008,0x024a8950,9534,0x04a7c000,78102528
508009,0x024a8960,9535,0x04a7e000,78110720
508010,0x024a8970,9536,0x04a80000,78118912
508011,0x024a8980,9537,0x04a82000,78127104
508012,0x024a8990,9538,0x04a84000,78135296
508015,0x024a89a0,9539,0x04a86000,78143488
508016,0x024a89b0,9540,0x04a88000,78151680
508017,0x024a89c0,9541,0x04a8a000,78159872
508018,0x024a89d0,9542,0x04a8c000,78168064
508019,0x024a89e0,9543,0x04a8e000,78176256
508020,0x024a89f0,9544,0x04a90000,78184448
508021,0x024a8a00,9545,0x04a92000,78192640
508022,0x024a8a10,9546,0x04a94000,78200832
508026,0x024a8a20,9547,0x04a96000,78209024
508027,0x024a8a30,9548,0x04a98000,78217216
508028,0x024a8a40,9549,0x04a9a000,78225408
508029,0x024a8a50,9550,0x04a9c000,78233600
508030,0x024a8a60,9551,0x04a9e000,78241792
508031,0x024a8a70,9552,0x04aa0000,78249984
508033,0x024a8a80,9553,0x04aa2000,78258176
508036,0x024a8a90,9554,0x04aa4000,78266368
508039,0x024a8aa0,9555,0x04aa6000,78274560
508048,0x024a8ab0,9556,0x04aa8000,78282752
508050,0x024a8ac0,9557,0x04aaa000,78290944
508055,0x024a8ad0,9558,0x04aac000,78299136
508056,0x024a8ae0,9559,0x04aae000,78307328
508058,0x024a8af0,9560,0x04ab0000,78315520
508059,0x024a8b00,9561,0x04ab2000,78323712
508060,0x024a8b10,9562,0x04ab4000,78331904
508066,0x024a8b20,9563,0x04ab6000,78340096
508068,0x024a8b30,9564,0x04ab8000,78348288
508069,0x024a8b40,9565,0x04aba000,78356480
508077,0x024a8b50,9566,0x04abc000,78364672
508078,0x024a8b60,9567,0x04abe000,78372864
508080,0x024a8b70,9568,0x04ac0000,78381056
508082,0x024a8b80,9569,0x04ac2000,78389248
508084,0x024a8b90,9570,0x04ac4000,78397440
508085,0x024a8ba0,9571,0x04ac6000,78405632
508086,0x024a8bb0,9572,0x04ac8000,78413824
508087,0x024a8bc0,9573,0x04aca000,78422016
508088,0x024a8bd0,9574,0x04acc000,78430208
508089,0x024a8be0,9575,0x04ace000,78438400
508090,0x024a8bf0,9576,0x04ad0000,78446592
508091,0x024a8c00,9577,0x04ad2000,78454784
508092,0x024a8c10,9578,0x04ad4000,78462976
508093,0x024a8c20,9579,0x04ad6000,78471168
508096,0x024a8c30,9580,0x04ad8000,78479360
508097,0x024a8c40,9581,0x04ada000,78487552
508098,0x024a8c50,9582,0x04adc000,78495744
508099,0x024a8c60,9583,0x04ade000,78503936
508600,0x024a8c70,9584,0x04ae0000,78512128
508601,0x024a8c80,9585,0x04ae2000,78520320
508602,0x024a8c90,9586,0x04ae4000,78528512
508603,0x024a8ca0,9587,0x04ae6000,78536704
511930,0x024a8cb0,9588,0x04ae8000,78544896
511950,0x024a8cc0,9589,0x04aea000,78553088
511960,0x024a8cd0,9590,0x04aec000,78561280
511970,0x024a8ce0,9591,0x04aee000,78569472
511980,0x024a8cf0,9592,0x04af0000,78577664
511990,0x024a8d00,9593,0x04af2000,78585856
512000,0x024a8d10,9594,0x04af4000,78594048
512010,0x024a8d20,9595,0x04af6000,78602240
512020,0x024a8d30,9596,0x04af8000,78610432
512030,0x024a8d40,9597,0x04afa000,78618624
512040,0x024a8d50,9598,0x04afc000,78626816
512050,0x024a8d60,9599,0x04afe000,78635008
512060,0x024a8d70,9600,0x04b00000,78643200
512070,0x024a8d80,9601,0x04b02000,78651392
512080,0x024a8d90,9602,0x04b04000,78659584
512090,0x024a8da0,9603,0x04b06000,78667776
512100,0x024a8db0,9604,0x04b08000,78675968
512120,0x024a8dc0,9605,0x04b0a000,78684160
512130,0x024a8dd0,9606,0x04b0c000,78692352
512140,0x024a8de0,9607,0x04b0e000,78700544
512150,0x024a8df0,9608,0x04b10000,78708736
512160,0x024a8e00,9609,0x04b12000,78716928
512170,0x024a8e10,9610,0x04b14000,78725120
512180,0x024a8e20,9611,0x04b16000,78733312
512190,0x024a8e30,9612,0x04b18000,78741504
512200,0x024a8e40,9613,0x04b1a000,78749696
