code,file_offset_hex,block_no,block_offset_hex,block_offset_bytes
000025,0x00006000,391,0x0030e000,3203072
159015,0x00006010,2098,0x01064000,17186816
160910,0x00006020,2880,0x01680000,23592960
161722,0x00006030,2950,0x0170c000,24166400
300816,0x00006040,3859,0x01e26000,31612928
301628,0x00006050,4476,0x022f8000,36667392
399344,0x00006080,108,0x000d8000,884736
000026,0x00006090,392,0x00310000,3211264
159016,0x000060a0,2099,0x01066000,17195008
300817,0x000060b0,3860,0x01e28000,31621120
301580,0x000060c0,4445,0x022ba000,36413440
301629,0x000060d0,4477,0x022fa000,36675584
000027,0x00006100,393,0x00312000,3219456
159017,0x00006110,2100,0x01068000,17203200
161724,0x00006120,2951,0x0170e000,24174592
300818,0x00006130,3861,0x01e2a000,31629312
301581,0x00006140,4446,0x022bc000,36421632
399346,0x00006180,109,0x000da000,892928
000028,0x00006190,394,0x00314000,3227648
159018,0x000061a0,2101,0x0106a000,17211392
161725,0x000061b0,2952,0x01710000,24182784
300770,0x000061c0,3815,0x01dce000,31252480
300819,0x000061d0,3862,0x01e2c000,31637504
000029,0x00006200,395,0x00316000,3235840
159019,0x00006210,2102,0x0106c000,17219584
161726,0x00006220,2953,0x01712000,24190976
300771,0x00006230,3816,0x01dd0000,31260672
301583,0x00006240,4447,0x022be000,36429824
399348,0x00006280,110,0x000dc000,901120
161727,0x00006290,2954,0x01714000,24199168
300772,0x000062a0,3817,0x01dd2000,31268864
301584,0x000062b0,4448,0x022c0000,36438016
160916,0x00006300,2881,0x01682000,23601152
161728,0x00006310,2955,0x01716000,24207360
300773,0x00006320,3818,0x01dd4000,31277056
301585,0x00006330,4449,0x022c2000,36446208
161729,0x00006380,2956,0x01718000,24215552
300774,0x00006390,3819,0x01dd6000,31285248
301586,0x000063a0,4450,0x022c4000,36454400
160918,0x00006400,2882,0x01684000,23609344
300775,0x00006410,3820,0x01dd8000,31293440
301587,0x00006420,4451,0x022c6000,36462592
160919,0x00006480,2883,0x01686000,23617536
300776,0x00006490,3821,0x01dda000,31301632
301588,0x000064a0,4452,0x022c8000,36470784
300777,0x00006500,3822,0x01ddc000,31309824
301589,0x00006510,4453,0x022ca000,36478976
300778,0x00006580,3823,0x01dde000,31318016
300779,0x00006600,3824,0x01de0000,31326208
200725,0x00006700,948,0x00768000,7766016
200726,0x00006780,949,0x0076a000,7774208
000301,0x00006880,438,0x0036c000,3588096
399620,0x00006900,218,0x001b4000,1785856
399621,0x00006980,219,0x001b6000,1794048
399622,0x00006a00,220,0x001b8000,1802240
399623,0x00006a80,221,0x001ba000,1810432
128044,0x00006a90,2076,0x01038000,17006592
399624,0x00006b00,222,0x001bc000,1818624
399625,0x00006b80,223,0x001be000,1826816
399626,0x00006c00,224,0x001c0000,1835008
003010,0x00006c10,1888,0x00ec0000,15466496
399627,0x00006c80,225,0x001c2000,1843200
003011,0x00006c90,1889,0x00ec2000,15474688
399628,0x00006d00,226,0x001c4000,1851392
002200,0x00006d10,1142,0x008ec000,9355264
003012,0x00006d20,1890,0x00ec4000,15482880
159251,0x00006d30,2300,0x011f8000,18841600
399629,0x00006d80,227,0x001c6000,1859584
002201,0x00006d90,1143,0x008ee000,9363456
003013,0x00006da0,1891,0x00ec6000,15491072
002202,0x00006e00,1144,0x008f0000,9371648
159253,0x00006e10,2301,0x011fa000,18849792
002203,0x00006e80,1145,0x008f2000,9379840
003015,0x00006e90,1892,0x00ec8000,15499264
002204,0x00006f00,1146,0x008f4000,9388032
003016,0x00006f10,1893,0x00eca000,15507456
159255,0x00006f20,2302,0x011fc000,18857984
002205,0x00006f80,1147,0x008f6000,9396224
003017,0x00006f90,1894,0x00ecc000,15515648
159256,0x00006fa0,2303,0x011fe000,18866176
399001,0x00007000,8,0x00010000,65536
399002,0x00007010,9,0x00012000,73728
399003,0x00007020,10,0x00014000,81920
399004,0x00007030,11,0x00016000,90112
399005,0x00007040,12,0x00018000,98304
399006,0x00007050,13,0x0001a000,106496
399007,0x00007060,14,0x0001c000,114688
399008,0x00007070,15,0x0001e000,122880
399009,0x00007080,16,0x00020000,131072
399010,0x00007090,17,0x00022000,139264
399011,0x000070a0,18,0x00024000,147456
399012,0x000070b0,19,0x00026000,155648
399013,0x000070c0,20,0x00028000,163840
399015,0x000070d0,21,0x0002a000,172032
399016,0x000070e0,22,0x0002c000,180224
399017,0x000070f0,23,0x0002e000,188416
399018,0x00007100,24,0x00030000,196608
399019,0x00007110,25,0x00032000,204800
399020,0x00007120,26,0x00034000,212992
399030,0x00007130,27,0x00036000,221184
399050,0x00007140,28,0x00038000,229376
399060,0x00007150,29,0x0003a000,237568
399088,0x00007160,30,0x0003c000,245760
399100,0x00007170,31,0x0003e000,253952
399101,0x00007180,32,0x00040000,262144
399102,0x00007190,33,0x00042000,270336
399103,0x000071a0,34,0x00044000,278528
399106,0x000071b0,35,0x00046000,286720
399107,0x000071c0,36,0x00048000,294912
399108,0x000071d0,37,0x0004a000,303104
399231,0x000071e0,38,0x0004c000,311296
399232,0x000071f0,39,0x0004e000,319488
399233,0x00007200,40,0x00050000,327680
399234,0x00007210,41,0x00052000,335872
399235,0x00007220,42,0x00054000,344064
399236,0x00007230,43,0x00056000,352256
399237,0x00007240,44,0x00058000,360448
399239,0x00007250,45,0x0005a000,368640
399240,0x00007260,46,0x0005c000,376832
399241,0x00007270,47,0x0005e000,385024
399242,0x00007280,48,0x00060000,393216
399243,0x00007290,49,0x00062000,401408
399244,0x000072a0,50,0x00064000,409600
399248,0x000072b0,51,0x00066000,417792
399258,0x000072c0,52,0x00068000,425984
399259,0x000072d0,53,0x0006a000,434176
399260,0x000072e0,54,0x0006c000,442368
399261,0x000072f0,55,0x0006e000,450560
399262,0x00007300,56,0x00070000,458752
399263,0x00007310,57,0x00072000,466944
399264,0x00007320,58,0x00074000,475136
399265,0x00007330,59,0x00076000,483328
399266,0x00007340,60,0x00078000,491520
399267,0x00007350,61,0x0007a000,499712
399268,0x00007360,62,0x0007c000,507904
399269,0x00007370,63,0x0007e000,516096
399274,0x00007380,64,0x00080000,524288
399275,0x00007390,65,0x00082000,532480
399276,0x000073a0,66,0x00084000,540672
399277,0x000073b0,67,0x00086000,548864
399278,0x000073c0,68,0x00088000,557056
399279,0x000073d0,69,0x0008a000,565248
399280,0x000073e0,70,0x0008c000,573440
399281,0x000073f0,71,0x0008e000,581632
399282,0x00007400,72,0x00090000,589824
399283,0x00007410,73,0x00092000,598016
399284,0x00007420,74,0x00094000,606208
399285,0x00007430,75,0x00096000,614400
399286,0x00007440,76,0x00098000,622592
399289,0x00007450,77,0x0009a000,630784
399290,0x00007460,78,0x0009c000,638976
399291,0x00007470,79,0x0009e000,647168
399292,0x00007480,80,0x000a0000,655360
399293,0x00007490,81,0x000a2000,663552
399294,0x000074a0,82,0x000a4000,671744
399295,0x000074b0,83,0x000a6000,679936
399296,0x000074c0,84,0x000a8000,688128
399297,0x000074d0,85,0x000aa000,696320
399298,0x000074e0,86,0x000ac000,704512
399299,0x000074f0,87,0x000ae000,712704
399300,0x00007500,88,0x000b0000,720896
399301,0x00007510,89,0x000b2000,729088
399302,0x00007520,90,0x000b4000,737280
399303,0x00007530,91,0x000b6000,745472
399306,0x00007540,92,0x000b8000,753664
399307,0x00007550,93,0x000ba000,761856
399310,0x00007560,94,0x000bc000,770048
399311,0x00007570,95,0x000be000,778240
399312,0x00007580,96,0x000c0000,786432
399313,0x00007590,97,0x000c2000,794624
399314,0x000075a0,98,0x000c4000,802816
399315,0x000075b0,99,0x000c6000,811008
399316,0x000075c0,100,0x000c8000,819200
399317,0x000075d0,101,0x000ca000,827392
399318,0x000075e0,102,0x000cc000,835584
399319,0x000075f0,103,0x000ce000,843776
399320,0x00007600,104,0x000d0000,851968
399321,0x00007610,105,0x000d2000,860160
399322,0x00007620,106,0x000d4000,868352
399324,0x00007630,107,0x000d6000,876544
399326,0x00007640,108,0x000d8000,884736
399328,0x00007650,109,0x000da000,892928
399330,0x00007660,110,0x000dc000,901120
399333,0x00007670,111,0x000de000,909312
399335,0x00007680,112,0x000e0000,917504
399337,0x00007690,113,0x000e2000,925696
399339,0x000076a0,114,0x000e4000,933888
399341,0x000076b0,115,0x000e6000,942080
399344,0x000076c0,116,0x000e8000,950272
399346,0x000076d0,117,0x000ea000,958464
399348,0x000076e0,118,0x000ec000,966656
399350,0x000076f0,119,0x000ee000,974848
399351,0x00007700,120,0x000f0000,983040
399352,0x00007710,121,0x000f2000,991232
399353,0x00007720,122,0x000f4000,999424
399354,0x00007730,123,0x000f6000,1007616
399355,0x00007740,124,0x000f8000,1015808
399356,0x00007750,125,0x000fa000,1024000
399357,0x00007760,126,0x000fc000,1032192
399358,0x00007770,127,0x000fe000,1040384
399359,0x00007780,128,0x00100000,1048576
399360,0x00007790,129,0x00102000,1056768
399361,0x000077a0,130,0x00104000,1064960
399362,0x000077b0,131,0x00106000,1073152
399363,0x000077c0,132,0x00108000,1081344
399364,0x000077d0,133,0x0010a000,1089536
399365,0x000077e0,134,0x0010c000,1097728
399366,0x000077f0,135,0x0010e000,1105920
399367,0x00007800,136,0x00110000,1114112
399368,0x00007810,137,0x00112000,1122304
399369,0x00007820,138,0x00114000,1130496
399370,0x00007830,139,0x00116000,1138688
399371,0x00007840,140,0x00118000,1146880
399372,0x00007850,141,0x0011a000,1155072
399373,0x00007860,142,0x0011c000,1163264
399374,0x00007870,143,0x0011e000,1171456
399375,0x00007880,144,0x00120000,1179648
399376,0x00007890,145,0x00122000,1187840
399377,0x000078a0,146,0x00124000,1196032
399378,0x000078b0,147,0x00126000,1204224
399379,0x000078c0,148,0x00128000,1212416
399380,0x000078d0,149,0x0012a000,1220608
399381,0x000078e0,150,0x0012c000,1228800
399382,0x000078f0,151,0x0012e000,1236992
399383,0x00007900,152,0x00130000,1245184
399384,0x00007910,153,0x00132000,1253376
399385,0x00007920,154,0x00134000,1261568
399386,0x00007930,155,0x00136000,1269760
399387,0x00007940,156,0x00138000,1277952
399388,0x00007950,157,0x0013a000,1286144
399389,0x00007960,158,0x0013c000,1294336
399390,0x00007970,159,0x0013e000,1302528
399391,0x00007980,160,0x00140000,1310720
399392,0x00007990,161,0x00142000,1318912
399393,0x000079a0,162,0x00144000,1327104
399394,0x000079b0,163,0x00146000,1335296
399395,0x000079c0,164,0x00148000,1343488
399396,0x000079d0,165,0x0014a000,1351680
399397,0x000079e0,166,0x0014c000,1359872
399398,0x000079f0,167,0x0014e000,1368064
399399,0x00007a00,168,0x00150000,1376256
399400,0x00007a10,169,0x00152000,1384448
399401,0x00007a20,170,0x00154000,1392640
399402,0x00007a30,171,0x00156000,1400832
399403,0x00007a40,172,0x00158000,1409024
399405,0x00007a50,174,0x0015c000,1425408
399406,0x00007a60,175,0x0015e000,1433600
399407,0x00007a70,176,0x00160000,1441792
399408,0x00007a80,177,0x00162000,1449984
399409,0x00007a90,181,0x0016a000,1482752
399410,0x00007aa0,182,0x0016c000,1490944
399411,0x00007ab0,183,0x0016e000,1499136
399412,0x00007ac0,184,0x00170000,1507328
399413,0x00007ad0,185,0x00172000,1515520
399415,0x00007ae0,186,0x00174000,1523712
399416,0x00007af0,187,0x00176000,1531904
399417,0x00007b00,188,0x00178000,1540096
399418,0x00007b10,189,0x0017a000,1548288
399419,0x00007b20,190,0x0017c000,1556480
399420,0x00007b30,191,0x0017e000,1564672
399422,0x00007b40,192,0x00180000,1572864
399423,0x00007b50,193,0x00182000,1581056
399428,0x00007b60,194,0x00184000,1589248
399429,0x00007b70,195,0x00186000,1597440
399431,0x00007b80,196,0x00188000,1605632
399432,0x00007b90,197,0x0018a000,1613824
399433,0x00007ba0,198,0x0018c000,1622016
399434,0x00007bb0,199,0x0018e000,1630208
399435,0x00007bc0,200,0x00190000,1638400
399436,0x00007bd0,201,0x00192000,1646592
399437,0x00007be0,202,0x00194000,1654784
399438,0x00007bf0,203,0x00196000,1662976
399439,0x00007c00,204,0x00198000,1671168
399440,0x00007c10,205,0x0019a000,1679360
399441,0x00007c20,206,0x0019c000,1687552
399481,0x00007c30,207,0x0019e000,1695744
399550,0x00007c40,208,0x001a0000,1703936
399551,0x00007c50,209,0x001a2000,1712128
399552,0x00007c60,210,0x001a4000,1720320
399553,0x00007c70,211,0x001a6000,1728512
399554,0x00007c80,212,0x001a8000,1736704
399555,0x00007c90,213,0x001aa000,1744896
399556,0x00007ca0,214,0x001ac000,1753088
399557,0x00007cb0,215,0x001ae000,1761280
399602,0x00007cc0,216,0x001b0000,1769472
399604,0x00007cd0,217,0x001b2000,1777664
399606,0x00007ce0,218,0x001b4000,1785856
399608,0x00007cf0,219,0x001b6000,1794048
399610,0x00007d00,220,0x001b8000,1802240
399611,0x00007d10,221,0x001ba000,1810432
399612,0x00007d20,222,0x001bc000,1818624
399613,0x00007d30,223,0x001be000,1826816
399614,0x00007d40,224,0x001c0000,1835008
399615,0x00007d50,225,0x001c2000,1843200
399616,0x00007d60,226,0x001c4000,1851392
399617,0x00007d70,227,0x001c6000,1859584
399618,0x00007d80,228,0x001c8000,1867776
399619,0x00007d90,229,0x001ca000,1875968
399620,0x00007da0,230,0x001cc000,1884160
399621,0x00007db0,231,0x001ce000,1892352
399622,0x00007dc0,232,0x001d0000,1900544
399623,0x00007dd0,233,0x001d2000,1908736
399624,0x00007de0,234,0x001d4000,1916928
399625,0x00007df0,235,0x001d6000,1925120
399626,0x00007e00,236,0x001d8000,1933312
399627,0x00007e10,237,0x001da000,1941504
399628,0x00007e20,238,0x001dc000,1949696
399629,0x00007e30,239,0x001de000,1957888
399630,0x00007e40,240,0x001e0000,1966080
399631,0x00007e50,241,0x001e2000,1974272
399632,0x00007e60,242,0x001e4000,1982464
399633,0x00007e70,243,0x001e6000,1990656
399634,0x00007e80,244,0x001e8000,1998848
399635,0x00007e90,245,0x001ea000,2007040
399636,0x00007ea0,246,0x001ec000,2015232
399637,0x00007eb0,247,0x001ee000,2023424
399638,0x00007ec0,248,0x001f0000,2031616
399639,0x00007ed0,249,0x001f2000,2039808
399640,0x00007ee0,250,0x001f4000,2048000
399641,0x00007ef0,251,0x001f6000,2056192
399642,0x00007f00,252,0x001f8000,2064384
399643,0x00007f10,253,0x001fa000,2072576
399644,0x00007f20,254,0x001fc000,2080768
399645,0x00007f30,255,0x001fe000,2088960
399646,0x00007f40,256,0x00200000,2097152
399647,0x00007f50,257,0x00202000,2105344
399648,0x00007f60,258,0x00204000,2113536
399649,0x00007f70,259,0x00206000,2121728
399650,0x00007f80,260,0x00208000,2129920
399651,0x00007f90,261,0x0020a000,2138112
399652,0x00007fa0,262,0x0020c000,2146304
399653,0x00007fb0,263,0x0020e000,2154496
399654,0x00007fc0,264,0x00210000,2162688
399655,0x00007fd0,265,0x00212000,2170880
399656,0x00007fe0,266,0x00214000,2179072
399657,0x00007ff0,267,0x00216000,2187264
002206,0x000ad000,1148,0x008f8000,9404416
003018,0x000ad010,1895,0x00ece000,15523840
159257,0x000ad020,2304,0x01200000,18874368
165520,0x000ad030,3046,0x017cc000,24952832
002207,0x000ad080,1149,0x008fa000,9412608
003019,0x000ad090,1896,0x00ed0000,15532032
159258,0x000ad0a0,2305,0x01202000,18882560
165521,0x000ad0b0,3047,0x017ce000,24961024
002208,0x000ad100,1150,0x008fc000,9420800
159259,0x000ad110,2306,0x01204000,18890752
165522,0x000ad120,3048,0x017d0000,24969216
002160,0x000ad180,1102,0x0089c000,9027584
002209,0x000ad190,1151,0x008fe000,9428992
002161,0x000ad200,1103,0x0089e000,9035776
002162,0x000ad280,1104,0x008a0000,9043968
165525,0x000ad290,3049,0x017d2000,24977408
002163,0x000ad300,1105,0x008a2000,9052160
002164,0x000ad380,1106,0x008a4000,9060352
399901,0x000ad400,319,0x0027e000,2613248
002165,0x000ad410,1107,0x008a6000,9068544
165528,0x000ad420,3050,0x017d4000,24985600
002166,0x000ad480,1108,0x008a8000,9076736
399903,0x000ad500,320,0x00280000,2621440
002167,0x000ad510,1109,0x008aa000,9084928
002168,0x000ad580,1110,0x008ac000,9093120
163907,0x000ad590,3016,0x01790000,24707072
399905,0x000ad600,321,0x00282000,2629632
002169,0x000ad610,1111,0x008ae000,9101312
159530,0x000ad700,2445,0x0131a000,20029440
000541,0x000ad780,496,0x003e0000,4063232
159531,0x000ad790,2446,0x0131c000,20037632
159532,0x000ad800,2447,0x0131e000,20045824
000543,0x000ad880,497,0x003e2000,4071424
159533,0x000ad890,2448,0x01320000,20054016
000544,0x000ad900,498,0x003e4000,4079616
001356,0x000ad910,883,0x006e6000,7233536
000545,0x000ad980,499,0x003e6000,4087808
159535,0x000ad990,2449,0x01322000,20062208
000546,0x000ada00,500,0x003e8000,4096000
001358,0x000ada10,884,0x006e8000,7241728
159536,0x000ada20,2450,0x01324000,20070400
000547,0x000ada80,501,0x003ea000,4104192
001359,0x000ada90,885,0x006ea000,7249920
159537,0x000adaa0,2451,0x01326000,20078592
300020,0x000adab0,3110,0x0184c000,25477120
000548,0x000adb00,502,0x003ec000,4112384
159538,0x000adb10,2452,0x01328000,20086784
300021,0x000adb20,3111,0x0184e000,25485312
159539,0x000adb80,2453,0x0132a000,20094976
300022,0x000adb90,3112,0x01850000,25493504
002440,0x000adc00,1369,0x00ab2000,11214848
002441,0x000adc80,1370,0x00ab4000,11223040
300024,0x000adc90,3113,0x01852000,25501696
002442,0x000add00,1371,0x00ab6000,11231232
300025,0x000add10,3114,0x01854000,25509888
002443,0x000add80,1372,0x00ab8000,11239424
300026,0x000add90,3115,0x01856000,25518080
002444,0x000ade00,1373,0x00aba000,11247616
300027,0x000ade10,3116,0x01858000,25526272
002445,0x000ade80,1374,0x00abc000,11255808
002446,0x000adf00,1375,0x00abe000,11264000
300029,0x000adf10,3117,0x0185a000,25534464
002448,0x000b2000,1376,0x00ac0000,11272192
160125,0x000b2010,2805,0x015ea000,22978560
002449,0x000b2080,1377,0x00ac2000,11280384
160127,0x000b2100,2806,0x015ec000,22986752
000820,0x000b2180,679,0x0054e000,5562368
159810,0x000b2190,2664,0x014d0000,21823488
160128,0x000b21a0,2807,0x015ee000,22994944
000821,0x000b2200,680,0x00550000,5570560
159811,0x000b2210,2665,0x014d2000,21831680
000822,0x000b2280,681,0x00552000,5578752
159812,0x000b2290,2666,0x014d4000,21839872
000823,0x000b2300,682,0x00554000,5586944
159813,0x000b2310,2667,0x014d6000,21848064
159814,0x000b2380,2668,0x014d8000,21856256
000825,0x000b2400,683,0x00556000,5595136
301110,0x000b2410,4137,0x02052000,33890304
000826,0x000b2480,684,0x00558000,5603328
159816,0x000b2490,2669,0x014da000,21864448
301111,0x000b24a0,4138,0x02054000,33898496
300300,0x000b2500,3371,0x01a56000,27615232
301112,0x000b2510,4139,0x02056000,33906688
000828,0x000b2580,685,0x0055a000,5611520
300301,0x000b2590,3372,0x01a58000,27623424
301113,0x000b25a0,4140,0x02058000,33914880
000829,0x000b2600,686,0x0055c000,5619712
159770,0x000b2610,2635,0x01496000,21585920
159819,0x000b2620,2670,0x014dc000,21872640
300302,0x000b2630,3373,0x01a5a000,27631616
300303,0x000b2680,3374,0x01a5c000,27639808
301115,0x000b2690,4141,0x0205a000,33923072
000782,0x000b2700,650,0x00514000,5324800
002721,0x000b2710,1625,0x00cb2000,13312000
300304,0x000b2720,3375,0x01a5e000,27648000
301116,0x000b2730,4142,0x0205c000,33931264
000783,0x000b2780,651,0x00516000,5332992
002722,0x000b2790,1626,0x00cb4000,13320192
159773,0x000b27a0,2636,0x01498000,21594112
300305,0x000b27b0,3376,0x01a60000,27656192
301117,0x000b27c0,4143,0x0205e000,33939456
002723,0x000b2800,1627,0x00cb6000,13328384
300306,0x000b2810,3377,0x01a62000,27664384
301118,0x000b2820,4144,0x02060000,33947648
000785,0x000b2880,652,0x00518000,5341184
002724,0x000b2890,1628,0x00cb8000,13336576
159775,0x000b28a0,2637,0x0149a000,21602304
300307,0x000b28b0,3378,0x01a64000,27672576
301070,0x000b28c0,4101,0x0200a000,33595392
301119,0x000b28d0,4145,0x02062000,33955840
000786,0x000b2900,653,0x0051a000,5349376
002725,0x000b2910,1629,0x00cba000,13344768
159776,0x000b2920,2638,0x0149c000,21610496
300308,0x000b2930,3379,0x01a66000,27680768
301071,0x000b2940,4102,0x0200c000,33603584
001914,0x000b2980,912,0x00720000,7471104
002726,0x000b2990,1630,0x00cbc000,13352960
159777,0x000b29a0,2639,0x0149e000,21618688
300260,0x000b29b0,3335,0x01a0e000,27320320
301072,0x000b29c0,4103,0x0200e000,33611776
000788,0x000b2a00,654,0x0051c000,5357568
002727,0x000b2a10,1631,0x00cbe000,13361152
159778,0x000b2a20,2640,0x014a0000,21626880
161216,0x000b2a30,2928,0x016e0000,23986176
300261,0x000b2a40,3336,0x01a10000,27328512
301073,0x000b2a50,4104,0x02010000,33619968
000789,0x000b2a80,655,0x0051e000,5365760
002728,0x000b2a90,1632,0x00cc0000,13369344
159779,0x000b2aa0,2641,0x014a2000,21635072
161217,0x000b2ab0,2929,0x016e2000,23994368
002729,0x000b2b00,1633,0x00cc2000,13377536
300263,0x000b2b10,3337,0x01a12000,27336704
301075,0x000b2b20,4105,0x02012000,33628160
002681,0x000b2b80,1591,0x00c6e000,13033472
161219,0x000b2b90,2930,0x016e4000,24002560
300264,0x000b2ba0,3338,0x01a14000,27344896
301076,0x000b2bb0,4106,0x02014000,33636352
002682,0x000b2c00,1592,0x00c70000,13041664
300265,0x000b2c10,3339,0x01a16000,27353088
301077,0x000b2c20,4107,0x02016000,33644544
002683,0x000b2c80,1593,0x00c72000,13049856
300266,0x000b2c90,3340,0x01a18000,27361280
301078,0x000b2ca0,4108,0x02018000,33652736
300267,0x000b2d00,3341,0x01a1a000,27369472
301079,0x000b2d10,4109,0x0201a000,33660928
002685,0x000b2d80,1594,0x00c74000,13058048
300268,0x000b2d90,3342,0x01a1c000,27377664
980076,0x000b2e00,368,0x002e0000,3014656
002686,0x000b2e10,1595,0x00c76000,13066240
300269,0x000b2e20,3343,0x01a1e000,27385856
002687,0x000b2e80,1596,0x00c78000,13074432
123207,0x000b2e90,1973,0x00f6a000,16162816
002688,0x000b2f00,1597,0x00c7a000,13082624
002689,0x000b2f80,1598,0x00c7c000,13090816
123160,0x000b2f90,1953,0x00f42000,15998976
123209,0x000b2fa0,1974,0x00f6c000,16171008
163110,0x000b2fb0,2995,0x01766000,24535040
163111,0x000b3000,2996,0x01768000,24543232
001872,0x000b3080,910,0x0071c000,7454720
163113,0x000b3100,2997,0x0176a000,24551424
163114,0x000b3180,2998,0x0176c000,24559616
123165,0x000b3200,1954,0x00f44000,16007168
163115,0x000b3210,2999,0x0176e000,24567808
163116,0x000b3280,3000,0x01770000,24576000
003816,0x000b3300,1919,0x00efe000,15720448
123168,0x000b3380,1955,0x00f46000,16015360
163118,0x000b3390,3001,0x01772000,24584192
162307,0x000b3400,2976,0x01740000,24379392
300540,0x000b3410,3596,0x01c18000,29458432
300541,0x000b3480,3597,0x01c1a000,29466624
301353,0x000b3490,4333,0x021da000,35495936
300542,0x000b3500,3598,0x01c1c000,29474816
002960,0x000b3580,1841,0x00e62000,15081472
300543,0x000b3590,3599,0x01c1e000,29483008
301355,0x000b35a0,4334,0x021dc000,35504128
002961,0x000b3600,1842,0x00e64000,15089664
301356,0x000b3610,4335,0x021de000,35512320
002962,0x000b3680,1843,0x00e66000,15097856
300545,0x000b3690,3600,0x01c20000,29491200
301357,0x000b36a0,4336,0x021e0000,35520512
002963,0x000b3700,1844,0x00e68000,15106048
300546,0x000b3710,3601,0x01c22000,29499392
301358,0x000b3720,4337,0x021e2000,35528704
160641,0x000b3780,2864,0x01660000,23461888
300547,0x000b3790,3602,0x01c24000,29507584
301359,0x000b37a0,4338,0x021e4000,35536896
002965,0x000b3800,1845,0x00e6a000,15114240
160642,0x000b3810,2865,0x01662000,23470080
300548,0x000b3820,3603,0x01c26000,29515776
002966,0x000b3880,1846,0x00e6c000,15122432
160643,0x000b3890,2866,0x01664000,23478272
300549,0x000b38a0,3604,0x01c28000,29523968
002967,0x000b3900,1847,0x00e6e000,15130624
160644,0x000b3910,2867,0x01666000,23486464
002968,0x000b3980,1848,0x00e70000,15138816
002969,0x000b3a00,1849,0x00e72000,15147008
164206,0x000b3c00,3018,0x01794000,24723456
164208,0x000b3d00,3019,0x01796000,24731648
301630,0x000b3d80,4478,0x022fc000,36683776
301631,0x000b3e00,4479,0x022fe000,36691968
300820,0x000b3e80,3863,0x01e2e000,31645696
301632,0x000b3e90,4480,0x02300000,36700160
000030,0x000b3f00,396,0x00318000,3244032
159020,0x000b3f10,2103,0x0106e000,17227776
300821,0x000b3f20,3864,0x01e30000,31653888
301633,0x000b3f30,4481,0x02302000,36708352
000031,0x000b3f80,397,0x0031a000,3252224
159021,0x000b3f90,2104,0x01070000,17235968
300822,0x000b3fa0,3865,0x01e32000,31662080
399350,0x000b4000,111,0x000de000,909312
000032,0x000b4010,398,0x0031c000,3260416
159022,0x000b4020,2105,0x01072000,17244160
300823,0x000b4030,3866,0x01e34000,31670272
399351,0x000b4080,112,0x000e0000,917504
159023,0x000b4090,2106,0x01074000,17252352
166105,0x000b40a0,3061,0x017ea000,25075712
300824,0x000b40b0,3867,0x01e36000,31678464
301636,0x000b40c0,4482,0x02304000,36716544
399352,0x000b4100,113,0x000e2000,925696
000034,0x000b4110,399,0x0031e000,3268608
300825,0x000b4120,3868,0x01e38000,31686656
399353,0x000b4180,114,0x000e4000,933888
000035,0x000b4190,400,0x00320000,3276800
166107,0x000b41a0,3062,0x017ec000,25083904
300826,0x000b41b0,3869,0x01e3a000,31694848
301638,0x000b41c0,4483,0x02306000,36724736
399354,0x000b4200,115,0x000e6000,942080
000036,0x000b4210,401,0x00322000,3284992
159026,0x000b4220,2107,0x01076000,17260544
160921,0x000b4230,2884,0x01688000,23625728
300827,0x000b4240,3870,0x01e3c000,31703040
301590,0x000b4250,4454,0x022cc000,36487168
399355,0x000b4280,116,0x000e8000,950272
000037,0x000b4290,402,0x00324000,3293184
159027,0x000b42a0,2108,0x01078000,17268736
300828,0x000b42b0,3871,0x01e3e000,31711232
301591,0x000b42c0,4455,0x022ce000,36495360
399356,0x000b4300,117,0x000ea000,958464
159028,0x000b4310,2109,0x0107a000,17276928
300780,0x000b4320,3825,0x01de2000,31334400
300829,0x000b4330,3872,0x01e40000,31719424
301592,0x000b4340,4456,0x022d0000,36503552
399357,0x000b4380,118,0x000ec000,966656
000039,0x000b4390,403,0x00326000,3301376
159029,0x000b43a0,2110,0x0107c000,17285120
160924,0x000b43b0,2885,0x0168a000,23633920
300781,0x000b43c0,3826,0x01de4000,31342592
399358,0x000b4400,119,0x000ee000,974848
160925,0x000b4410,2886,0x0168c000,23642112
300782,0x000b4420,3827,0x01de6000,31350784
399359,0x000b4480,120,0x000f0000,983040
160926,0x000b4490,2887,0x0168e000,23650304
300783,0x000b44a0,3828,0x01de8000,31358976
301595,0x000b44b0,4457,0x022d2000,36511744
300784,0x000b4500,3829,0x01dea000,31367168
301596,0x000b4510,4458,0x022d4000,36519936
300785,0x000b4580,3830,0x01dec000,31375360
300786,0x000b4600,3831,0x01dee000,31383552
301598,0x000b4610,4459,0x022d6000,36528128
300787,0x000b4680,3832,0x01df0000,31391744
301599,0x000b4690,4460,0x022d8000,36536320
300788,0x000b4700,3833,0x01df2000,31399936
168002,0x000b4780,3090,0x01824000,25313280
300789,0x000b4790,3834,0x01df4000,31408128
159300,0x000b4980,2342,0x0124c000,19185664
159301,0x000b4a00,2343,0x0124e000,19193856
399630,0x000b4a80,228,0x001c8000,1867776
159302,0x000b4a90,2344,0x01250000,19202048
399631,0x000b4b00,229,0x001ca000,1875968
159303,0x000b4b10,2345,0x01252000,19210240
399632,0x000b4b80,230,0x001cc000,1884160
399633,0x000b4c00,231,0x001ce000,1892352
159305,0x000b4c10,2346,0x01254000,19218432
399634,0x000b4c80,232,0x001d0000,1900544
159306,0x000b4c90,2347,0x01256000,19226624
399635,0x000b4d00,233,0x001d2000,1908736
159307,0x000b4d10,2348,0x01258000,19234816
399636,0x000b4d80,234,0x001d4000,1916928
003020,0x000b4d90,1897,0x00ed2000,15540224
399637,0x000b4e00,235,0x001d6000,1925120
003021,0x000b4e10,1898,0x00ed4000,15548416
159260,0x000b4e20,2307,0x01206000,18898944
159309,0x000b4e30,2349,0x0125a000,19243008
399638,0x000b4e80,236,0x001d8000,1933312
002210,0x000b4e90,1152,0x00900000,9437184
003022,0x000b4ea0,1899,0x00ed6000,15556608
159261,0x000b4eb0,2308,0x01208000,18907136
399639,0x000b4f00,237,0x001da000,1941504
002211,0x000b4f10,1153,0x00902000,9445376
003023,0x000b4f20,1900,0x00ed8000,15564800
159262,0x000b4f30,2309,0x0120a000,18915328
002212,0x000b4f80,1154,0x00904000,9453568
159263,0x000b4f90,2310,0x0120c000,18923520
399658,0x0010c000,269,0x0021a000,2203648
399659,0x0010c010,270,0x0021c000,2211840
399660,0x0010c020,271,0x0021e000,2220032
399661,0x0010c030,272,0x00220000,2228224
399662,0x0010c040,273,0x00222000,2236416
399663,0x0010c050,274,0x00224000,2244608
399664,0x0010c060,275,0x00226000,2252800
399665,0x0010c070,276,0x00228000,2260992
399666,0x0010c080,277,0x0022a000,2269184
399667,0x0010c090,278,0x0022c000,2277376
399668,0x0010c0a0,279,0x0022e000,2285568
399669,0x0010c0b0,280,0x00230000,2293760
399670,0x0010c0c0,281,0x00232000,2301952
399671,0x0010c0d0,282,0x00234000,2310144
399672,0x0010c0e0,283,0x00236000,2318336
399673,0x0010c0f0,284,0x00238000,2326528
399674,0x0010c100,285,0x0023a000,2334720
399675,0x0010c110,286,0x0023c000,2342912
399676,0x0010c120,287,0x0023e000,2351104
399677,0x0010c130,288,0x00240000,2359296
399678,0x0010c140,289,0x00242000,2367488
399679,0x0010c150,290,0x00244000,2375680
399680,0x0010c160,291,0x00246000,2383872
399681,0x0010c170,292,0x00248000,2392064
399682,0x0010c180,293,0x0024a000,2400256
399683,0x0010c190,294,0x0024c000,2408448
399684,0x0010c1a0,295,0x0024e000,2416640
399685,0x0010c1b0,296,0x00250000,2424832
399686,0x0010c1c0,297,0x00252000,2433024
399687,0x0010c1d0,298,0x00254000,2441216
399689,0x0010c1e0,299,0x00256000,2449408
399688,0x0010c1f0,300,0x00258000,2457600
399692,0x0010c200,301,0x0025a000,2465792
399693,0x0010c210,302,0x0025c000,2473984
399694,0x0010c220,303,0x0025e000,2482176
399695,0x0010c230,304,0x00260000,2490368
399696,0x0010c240,305,0x00262000,2498560
399697,0x0010c250,306,0x00264000,2506752
399698,0x0010c260,307,0x00266000,2514944
399699,0x0010c270,308,0x00268000,2523136
399701,0x0010c280,309,0x0026a000,2531328
399702,0x0010c290,310,0x0026c000,2539520
399703,0x0010c2a0,311,0x0026e000,2547712
399704,0x0010c2b0,312,0x00270000,2555904
399705,0x0010c2c0,313,0x00272000,2564096
399706,0x0010c2d0,314,0x00274000,2572288
399707,0x0010c2e0,315,0x00276000,2580480
399750,0x0010c2f0,316,0x00278000,2588672
399802,0x0010c300,317,0x0027a000,2596864
399803,0x0010c310,318,0x0027c000,2605056
399804,0x0010c320,319,0x0027e000,2613248
399805,0x0010c330,320,0x00280000,2621440
399806,0x0010c340,321,0x00282000,2629632
399807,0x0010c350,322,0x00284000,2637824
399808,0x0010c360,323,0x00286000,2646016
399809,0x0010c370,324,0x00288000,2654208
399810,0x0010c380,325,0x0028a000,2662400
399811,0x0010c390,326,0x0028c000,2670592
399812,0x0010c3a0,327,0x0028e000,2678784
399813,0x0010c3b0,328,0x00290000,2686976
399814,0x0010c3c0,329,0x00292000,2695168
399850,0x0010c3d0,330,0x00294000,2703360
399852,0x0010c3e0,331,0x00296000,2711552
399901,0x0010c3f0,332,0x00298000,2719744
399903,0x0010c400,333,0x0029a000,2727936
399905,0x0010c410,334,0x0029c000,2736128
399913,0x0010c420,335,0x0029e000,2744320
399914,0x0010c430,336,0x002a0000,2752512
399928,0x0010c440,337,0x002a2000,2760704
399932,0x0010c450,338,0x002a4000,2768896
399933,0x0010c460,339,0x002a6000,2777088
399934,0x0010c470,340,0x002a8000,2785280
399935,0x0010c480,341,0x002aa000,2793472
399959,0x0010c490,342,0x002ac000,2801664
399965,0x0010c4a0,343,0x002ae000,2809856
399966,0x0010c4b0,344,0x002b0000,2818048
399967,0x0010c4c0,345,0x002b2000,2826240
399970,0x0010c4d0,346,0x002b4000,2834432
399971,0x0010c4e0,347,0x002b6000,2842624
399972,0x0010c4f0,348,0x002b8000,2850816
399973,0x0010c500,349,0x002ba000,2859008
399974,0x0010c510,350,0x002bc000,2867200
399975,0x0010c520,351,0x002be000,2875392
399976,0x0010c530,352,0x002c0000,2883584
399982,0x0010c540,353,0x002c2000,2891776
399983,0x0010c550,354,0x002c4000,2899968
399986,0x0010c560,355,0x002c6000,2908160
399987,0x0010c570,356,0x002c8000,2916352
399989,0x0010c580,357,0x002ca000,2924544
399990,0x0010c590,358,0x002cc000,2932736
399991,0x0010c5a0,359,0x002ce000,2940928
399992,0x0010c5b0,360,0x002d0000,2949120
399993,0x0010c5c0,361,0x002d2000,2957312
399994,0x0010c5d0,362,0x002d4000,2965504
399995,0x0010c5e0,363,0x002d6000,2973696
399996,0x0010c5f0,364,0x002d8000,2981888
399997,0x0010c600,365,0x002da000,2990080
399998,0x0010c610,366,0x002dc000,2998272
970070,0x0010c620,367,0x002de000,3006464
980001,0x0010c630,368,0x002e0000,3014656
980015,0x0010c640,369,0x002e2000,3022848
980016,0x0010c650,370,0x002e4000,3031040
980017,0x0010c660,371,0x002e6000,3039232
980018,0x0010c670,372,0x002e8000,3047424
980022,0x0010c680,373,0x002ea000,3055616
980023,0x0010c690,374,0x002ec000,3063808
980027,0x0010c6a0,375,0x002ee000,3072000
980028,0x0010c6b0,376,0x002f0000,3080192
980030,0x0010c6c0,377,0x002f2000,3088384
980032,0x0010c6d0,378,0x002f4000,3096576
980035,0x0010c6e0,379,0x002f6000,3104768
980068,0x0010c6f0,380,0x002f8000,3112960
980076,0x0010c700,381,0x002fa000,3121152
980092,0x0010c710,382,0x002fc000,3129344
988006,0x0010c720,383,0x002fe000,3137536
988007,0x0010c730,384,0x00300000,3145728
988106,0x0010c740,385,0x00302000,3153920
988107,0x0010c750,386,0x00304000,3162112
988201,0x0010c760,387,0x00306000,3170304
000001,0x0010c770,388,0x00308000,3178496
000002,0x0010c780,389,0x0030a000,3186688
000004,0x0010c790,390,0x0030c000,3194880
000006,0x0010c7a0,391,0x0030e000,3203072
000007,0x0010c7b0,392,0x00310000,3211264
000008,0x0010c7c0,393,0x00312000,3219456
000009,0x0010c7d0,394,0x00314000,3227648
000010,0x0010c7e0,395,0x00316000,3235840
000011,0x0010c7f0,396,0x00318000,3244032
000012,0x0010c800,397,0x0031a000,3252224
000014,0x0010c810,398,0x0031c000,3260416
000016,0x0010c820,399,0x0031e000,3268608
000017,0x0010c830,400,0x00320000,3276800
000019,0x0010c840,401,0x00322000,3284992
000020,0x0010c850,402,0x00324000,3293184
000021,0x0010c860,403,0x00326000,3301376
000025,0x0010c870,404,0x00328000,3309568
000026,0x0010c880,405,0x0032a000,3317760
000027,0x0010c890,406,0x0032c000,3325952
000028,0x0010c8a0,407,0x0032e000,3334144
000029,0x0010c8b0,408,0x00330000,3342336
000030,0x0010c8c0,409,0x00332000,3350528
000031,0x0010c8d0,410,0x00334000,3358720
000032,0x0010c8e0,411,0x00336000,3366912
000034,0x0010c8f0,412,0x00338000,3375104
000035,0x0010c900,413,0x0033a000,3383296
000036,0x0010c910,414,0x0033c000,3391488
000037,0x0010c920,415,0x0033e000,3399680
000039,0x0010c930,416,0x00340000,3407872
000040,0x0010c940,417,0x00342000,3416064
000042,0x0010c950,418,0x00344000,3424256
000045,0x0010c960,419,0x00346000,3432448
000048,0x0010c970,420,0x00348000,3440640
000049,0x0010c980,421,0x0034a000,3448832
000050,0x0010c990,422,0x0034c000,3457024
000055,0x0010c9a0,423,0x0034e000,3465216
000056,0x0010c9b0,424,0x00350000,3473408
000058,0x0010c9c0,425,0x00352000,3481600
000059,0x0010c9d0,426,0x00354000,3489792
000060,0x0010c9e0,427,0x00356000,3497984
000061,0x0010c9f0,428,0x00358000,3506176
000062,0x0010ca00,429,0x0035a000,3514368
000063,0x0010ca10,430,0x0035c000,3522560
000065,0x0010ca20,431,0x0035e000,3530752
000066,0x0010ca30,432,0x00360000,3538944
000068,0x0010ca40,433,0x00362000,3547136
000069,0x0010ca50,434,0x00364000,3555328
000070,0x0010ca60,435,0x00366000,3563520
000078,0x0010ca70,436,0x00368000,3571712
000088,0x0010ca80,437,0x0036a000,3579904
000089,0x0010ca90,438,0x0036c000,3588096
000090,0x0010caa0,439,0x0036e000,3596288
000096,0x0010cab0,440,0x00370000,3604480
000099,0x0010cac0,441,0x00372000,3612672
000100,0x0010cad0,442,0x00374000,3620864
000151,0x0010cae0,443,0x00376000,3629056
000153,0x0010caf0,444,0x00378000,3637248
000155,0x0010cb00,445,0x0037a000,3645440
000156,0x0010cb10,446,0x0037c000,3653632
000157,0x0010cb20,447,0x0037e000,3661824
000158,0x0010cb30,448,0x00380000,3670016
000159,0x0010cb40,449,0x00382000,3678208
000166,0x0010cb50,450,0x00384000,3686400
000301,0x0010cb60,451,0x00386000,3694592
000333,0x0010cb70,452,0x00388000,3702784
000338,0x0010cb80,453,0x0038a000,3710976
000400,0x0010cb90,454,0x0038c000,3719168
000401,0x0010cba0,455,0x0038e000,3727360
000402,0x0010cbb0,456,0x00390000,3735552
000403,0x0010cbc0,457,0x00392000,3743744
000404,0x0010cbd0,458,0x00394000,3751936
000407,0x0010cbe0,459,0x00396000,3760128
000408,0x0010cbf0,461,0x0039a000,3776512
000409,0x0010cc00,462,0x0039c000,3784704
000410,0x0010cc10,463,0x0039e000,3792896
000411,0x0010cc20,464,0x003a0000,3801088
000415,0x0010cc30,465,0x003a2000,3809280
000417,0x0010cc40,466,0x003a4000,3817472
000419,0x0010cc50,467,0x003a6000,3825664
000420,0x0010cc60,468,0x003a8000,3833856
000421,0x0010cc70,469,0x003aa000,3842048
000422,0x0010cc80,470,0x003ac000,3850240
000423,0x0010cc90,471,0x003ae000,3858432
000425,0x0010cca0,472,0x003b0000,3866624
000426,0x0010ccb0,473,0x003b2000,3874816
000428,0x0010ccc0,474,0x003b4000,3883008
000429,0x0010ccd0,475,0x003b6000,3891200
000430,0x0010cce0,476,0x003b8000,3899392
000488,0x0010ccf0,477,0x003ba000,3907584
000498,0x0010cd00,478,0x003bc000,3915776
000501,0x0010cd10,479,0x003be000,3923968
000503,0x0010cd20,480,0x003c0000,3932160
000504,0x0010cd30,481,0x003c2000,3940352
000505,0x0010cd40,482,0x003c4000,3948544
000506,0x0010cd50,483,0x003c6000,3956736
000507,0x0010cd60,484,0x003c8000,3964928
000509,0x0010cd70,485,0x003ca000,3973120
000510,0x0010cd80,486,0x003cc000,3981312
000513,0x0010cd90,487,0x003ce000,3989504
000514,0x0010cda0,488,0x003d0000,3997696
000516,0x0010cdb0,489,0x003d2000,4005888
000517,0x0010cdc0,490,0x003d4000,4014080
000518,0x0010cdd0,491,0x003d6000,4022272
000519,0x0010cde0,492,0x003d8000,4030464
000520,0x0010cdf0,493,0x003da000,4038656
000521,0x0010ce00,494,0x003dc000,4046848
000523,0x0010ce10,495,0x003de000,4055040
000524,0x0010ce20,496,0x003e0000,4063232
000525,0x0010ce30,497,0x003e2000,4071424
000526,0x0010ce40,498,0x003e4000,4079616
000528,0x0010ce50,499,0x003e6000,4087808
000529,0x0010ce60,500,0x003e8000,4096000
000530,0x0010ce70,501,0x003ea000,4104192
000531,0x0010ce80,502,0x003ec000,4112384
000532,0x0010ce90,503,0x003ee000,4120576
000533,0x0010cea0,504,0x003f0000,4128768
000534,0x0010ceb0,505,0x003f2000,4136960
000536,0x0010cec0,506,0x003f4000,4145152
000537,0x0010ced0,507,0x003f6000,4153344
000538,0x0010cee0,508,0x003f8000,4161536
000539,0x0010cef0,509,0x003fa000,4169728
000541,0x0010cf00,510,0x003fc000,4177920
000543,0x0010cf10,511,0x003fe000,4186112
000544,0x0010cf20,512,0x00400000,4194304
000545,0x0010cf30,513,0x00402000,4202496
000546,0x0010cf40,514,0x00404000,4210688
000547,0x0010cf50,515,0x00406000,4218880
000548,0x0010cf60,516,0x00408000,4227072
000550,0x0010cf70,517,0x0040a000,4235264
000551,0x0010cf80,518,0x0040c000,4243456
000552,0x0010cf90,519,0x0040e000,4251648
000553,0x0010cfa0,520,0x00410000,4259840
000554,0x0010cfb0,521,0x00412000,4268032
000555,0x0010cfc0,522,0x00414000,4276224
000557,0x0010cfd0,523,0x00416000,4284416
000558,0x0010cfe0,524,0x00418000,4292608
000559,0x0010cff0,525,0x0041a000,4300800
002213,0x001cc000,1155,0x00906000,9461760
003025,0x001cc010,1901,0x00eda000,15572992
002214,0x001cc080,1156,0x00908000,9469952
003026,0x001cc090,1902,0x00edc000,15581184
159265,0x001cc0a0,2311,0x0120e000,18931712
002215,0x001cc100,1157,0x0090a000,9478144
003027,0x001cc110,1903,0x00ede000,15589376
159266,0x001cc120,2312,0x01210000,18939904
002216,0x001cc180,1158,0x0090c000,9486336
003028,0x001cc190,1904,0x00ee0000,15597568
159267,0x001cc1a0,2313,0x01212000,18948096
002217,0x001cc200,1159,0x0090e000,9494528
003029,0x001cc210,1905,0x00ee2000,15605760
159268,0x001cc220,2314,0x01214000,18956288
002218,0x001cc280,1160,0x00910000,9502720
159269,0x001cc290,2315,0x01216000,18964480
180501,0x001cc2a0,4518,0x0234c000,37011456
001400,0x001cc300,908,0x00718000,7438336
002170,0x001cc310,1112,0x008b0000,9109504
002219,0x001cc320,1161,0x00912000,9510912
180502,0x001cc330,4519,0x0234e000,37019648
002171,0x001cc380,1113,0x008b2000,9117696
180503,0x001cc390,4520,0x02350000,37027840
002172,0x001cc400,1114,0x008b4000,9125888
002173,0x001cc480,1115,0x008b6000,9134080
002174,0x001cc500,1116,0x008b8000,9142272
002175,0x001cc580,1117,0x008ba000,9150464
002176,0x001cc600,1118,0x008bc000,9158656
399913,0x001cc680,322,0x00284000,2637824
002177,0x001cc690,1119,0x008be000,9166848
399914,0x001cc700,323,0x00286000,2646016
002178,0x001cc710,1120,0x008c0000,9175040
001360,0x001cc780,886,0x006ec000,7258112
002179,0x001cc790,1121,0x008c2000,9183232
000550,0x001cc880,503,0x003ee000,4120576
159540,0x001cc890,2454,0x0132c000,20103168
000551,0x001cc900,504,0x003f0000,4128768
159541,0x001cc910,2455,0x0132e000,20111360
000552,0x001cc980,505,0x003f2000,4136960
159542,0x001cc990,2456,0x01330000,20119552
000553,0x001cca00,506,0x003f4000,4145152
001365,0x001cca10,887,0x006ee000,7266304
159543,0x001cca20,2457,0x01332000,20127744
000554,0x001cca80,507,0x003f6000,4153344
001366,0x001cca90,888,0x006f0000,7274496
000555,0x001ccb00,508,0x003f8000,4161536
001367,0x001ccb10,889,0x006f2000,7282688
159545,0x001ccb20,2458,0x01334000,20135936
001368,0x001ccb80,890,0x006f4000,7290880
159546,0x001ccb90,2459,0x01336000,20144128
000557,0x001ccc00,509,0x003fa000,4169728
001369,0x001ccc10,891,0x006f6000,7299072
159547,0x001ccc20,2460,0x01338000,20152320
300030,0x001ccc30,3118,0x0185c000,25542656
000558,0x001ccc80,510,0x003fc000,4177920
300031,0x001ccc90,3119,0x0185e000,25550848
000559,0x001ccd00,511,0x003fe000,4186112
159549,0x001ccd10,2461,0x0133a000,20160512
300032,0x001ccd20,3120,0x01860000,25559040
300033,0x001ccd80,3121,0x01862000,25567232
002451,0x001cce00,1378,0x00ac4000,11288576
300034,0x001cce10,3122,0x01864000,25575424
002452,0x001cce80,1379,0x00ac6000,11296768
300035,0x001cce90,3123,0x01866000,25583616
002453,0x001ccf00,1380,0x00ac8000,11304960
300036,0x001ccf10,3124,0x01868000,25591808
002454,0x001ccf80,1381,0x00aca000,11313152
300037,0x001ccf90,3125,0x0186a000,25600000
000560,0x0020e000,527,0x0041e000,4317184
000561,0x0020e010,528,0x00420000,4325376
000563,0x0020e020,529,0x00422000,4333568
000564,0x0020e030,530,0x00424000,4341760
000565,0x0020e040,531,0x00426000,4349952
000566,0x0020e050,532,0x00428000,4358144
000567,0x0020e060,533,0x0042a000,4366336
000568,0x0020e070,534,0x0042c000,4374528
000570,0x0020e080,535,0x0042e000,4382720
000571,0x0020e090,536,0x00430000,4390912
000572,0x0020e0a0,537,0x00432000,4399104
000573,0x0020e0b0,538,0x00434000,4407296
000576,0x0020e0c0,539,0x00436000,4415488
000581,0x0020e0d0,540,0x00438000,4423680
000582,0x0020e0e0,541,0x0043a000,4431872
000584,0x0020e0f0,542,0x0043c000,4440064
000586,0x0020e100,543,0x0043e000,4448256
000589,0x0020e110,544,0x00440000,4456448
000590,0x0020e120,545,0x00442000,4464640
000591,0x0020e130,546,0x00444000,4472832
000592,0x0020e140,547,0x00446000,4481024
000593,0x0020e150,548,0x00448000,4489216
000595,0x0020e160,549,0x0044a000,4497408
000596,0x0020e170,550,0x0044c000,4505600
000597,0x0020e180,551,0x0044e000,4513792
000598,0x0020e190,552,0x00450000,4521984
000599,0x0020e1a0,553,0x00452000,4530176
000600,0x0020e1b0,554,0x00454000,4538368
000601,0x0020e1c0,555,0x00456000,4546560
000603,0x0020e1d0,556,0x00458000,4554752
000605,0x0020e1e0,557,0x0045a000,4562944
000607,0x0020e1f0,558,0x0045c000,4571136
000608,0x0020e200,559,0x0045e000,4579328
000609,0x0020e210,560,0x00460000,4587520
000610,0x0020e220,561,0x00462000,4595712
000612,0x0020e230,562,0x00464000,4603904
000615,0x0020e240,563,0x00466000,4612096
000617,0x0020e250,564,0x00468000,4620288
000619,0x0020e260,565,0x0046a000,4628480
000620,0x0020e270,566,0x0046c000,4636672
000622,0x0020e280,567,0x0046e000,4644864
000623,0x0020e290,568,0x00470000,4653056
000625,0x0020e2a0,569,0x00472000,4661248
000626,0x0020e2b0,570,0x00474000,4669440
000627,0x0020e2c0,571,0x00476000,4677632
000628,0x0020e2d0,572,0x00478000,4685824
000629,0x0020e2e0,573,0x0047a000,4694016
000630,0x0020e2f0,574,0x0047c000,4702208
000631,0x0020e300,575,0x0047e000,4710400
000632,0x0020e310,576,0x00480000,4718592
000633,0x0020e320,577,0x00482000,4726784
000635,0x0020e330,578,0x00484000,4734976
000636,0x0020e340,579,0x00486000,4743168
000637,0x0020e350,580,0x00488000,4751360
000638,0x0020e360,581,0x0048a000,4759552
000639,0x0020e370,582,0x0048c000,4767744
000650,0x0020e380,583,0x0048e000,4775936
000651,0x0020e390,584,0x00490000,4784128
000652,0x0020e3a0,585,0x00492000,4792320
000655,0x0020e3b0,586,0x00494000,4800512
000656,0x0020e3c0,587,0x00496000,4808704
000657,0x0020e3d0,588,0x00498000,4816896
000659,0x0020e3e0,589,0x0049a000,4825088
000661,0x0020e3f0,590,0x0049c000,4833280
000663,0x0020e400,591,0x0049e000,4841472
000665,0x0020e410,592,0x004a0000,4849664
000668,0x0020e420,593,0x004a2000,4857856
000669,0x0020e430,594,0x004a4000,4866048
000670,0x0020e440,595,0x004a6000,4874240
000672,0x0020e450,596,0x004a8000,4882432
000676,0x0020e460,597,0x004aa000,4890624
000677,0x0020e470,598,0x004ac000,4898816
000678,0x0020e480,599,0x004ae000,4907008
000679,0x0020e490,600,0x004b0000,4915200
000680,0x0020e4a0,601,0x004b2000,4923392
000681,0x0020e4b0,602,0x004b4000,4931584
000682,0x0020e4c0,603,0x004b6000,4939776
000683,0x0020e4d0,604,0x004b8000,4947968
000685,0x0020e4e0,605,0x004ba000,4956160
000686,0x0020e4f0,606,0x004bc000,4964352
000688,0x0020e500,607,0x004be000,4972544
000690,0x0020e510,608,0x004c0000,4980736
000691,0x0020e520,609,0x004c2000,4988928
000692,0x0020e530,610,0x004c4000,4997120
000695,0x0020e540,611,0x004c6000,5005312
000697,0x0020e550,612,0x004c8000,5013504
000698,0x0020e560,613,0x004ca000,5021696
000700,0x0020e570,614,0x004cc000,5029888
000701,0x0020e580,615,0x004ce000,5038080
000702,0x0020e590,616,0x004d0000,5046272
000703,0x0020e5a0,617,0x004d2000,5054464
000705,0x0020e5b0,618,0x004d4000,5062656
000707,0x0020e5c0,619,0x004d6000,5070848
000708,0x0020e5d0,620,0x004d8000,5079040
000709,0x0020e5e0,621,0x004da000,5087232
000710,0x0020e5f0,622,0x004dc000,5095424
000711,0x0020e600,623,0x004de000,5103616
000712,0x0020e610,624,0x004e0000,5111808
000713,0x0020e620,625,0x004e2000,5120000
000715,0x0020e630,626,0x004e4000,5128192
000716,0x0020e640,627,0x004e6000,5136384
000717,0x0020e650,628,0x004e8000,5144576
000718,0x0020e660,629,0x004ea000,5152768
000719,0x0020e670,630,0x004ec000,5160960
000720,0x0020e680,631,0x004ee000,5169152
000721,0x0020e690,632,0x004f0000,5177344
000722,0x0020e6a0,633,0x004f2000,5185536
000723,0x0020e6b0,634,0x004f4000,5193728
000725,0x0020e6c0,635,0x004f6000,5201920
000726,0x0020e6d0,637,0x004fa000,5218304
000727,0x0020e6e0,638,0x004fc000,5226496
000728,0x0020e6f0,639,0x004fe000,5234688
000729,0x0020e700,640,0x00500000,5242880
000731,0x0020e710,641,0x00502000,5251072
000733,0x0020e720,642,0x00504000,5259264
000735,0x0020e730,643,0x00506000,5267456
000736,0x0020e740,644,0x00508000,5275648
000737,0x0020e750,645,0x0050a000,5283840
000738,0x0020e760,646,0x0050c000,5292032
000739,0x0020e770,647,0x0050e000,5300224
000750,0x0020e780,648,0x00510000,5308416
000751,0x0020e790,649,0x00512000,5316608
000752,0x0020e7a0,650,0x00514000,5324800
000753,0x0020e7b0,651,0x00516000,5332992
000755,0x0020e7c0,652,0x00518000,5341184
000756,0x0020e7d0,653,0x0051a000,5349376
000757,0x0020e7e0,654,0x0051c000,5357568
000758,0x0020e7f0,655,0x0051e000,5365760
000759,0x0020e800,656,0x00520000,5373952
000761,0x0020e810,657,0x00522000,5382144
000762,0x0020e820,658,0x00524000,5390336
000766,0x0020e830,659,0x00526000,5398528
000767,0x0020e840,660,0x00528000,5406720
000768,0x0020e850,661,0x0052a000,5414912
000776,0x0020e860,662,0x0052c000,5423104
000777,0x0020e870,663,0x0052e000,5431296
000778,0x0020e880,664,0x00530000,5439488
000779,0x0020e890,665,0x00532000,5447680
000782,0x0020e8a0,666,0x00534000,5455872
000783,0x0020e8b0,667,0x00536000,5464064
000785,0x0020e8c0,668,0x00538000,5472256
000786,0x0020e8d0,669,0x0053a000,5480448
000788,0x0020e8e0,670,0x0053c000,5488640
000789,0x0020e8f0,671,0x0053e000,5496832
000790,0x0020e900,672,0x00540000,5505024
000791,0x0020e910,673,0x00542000,5513216
000792,0x0020e920,674,0x00544000,5521408
000793,0x0020e930,675,0x00546000,5529600
000795,0x0020e940,676,0x00548000,5537792
000796,0x0020e950,677,0x0054a000,5545984
000797,0x0020e960,678,0x0054c000,5554176
000798,0x0020e970,679,0x0054e000,5562368
000799,0x0020e980,680,0x00550000,5570560
000800,0x0020e990,681,0x00552000,5578752
000801,0x0020e9a0,682,0x00554000,5586944
000802,0x0020e9b0,683,0x00556000,5595136
000803,0x0020e9c0,684,0x00558000,5603328
000807,0x0020e9d0,685,0x0055a000,5611520
000809,0x0020e9e0,686,0x0055c000,5619712
000810,0x0020e9f0,687,0x0055e000,5627904
000811,0x0020ea00,688,0x00560000,5636096
000812,0x0020ea10,689,0x00562000,5644288
000813,0x0020ea20,690,0x00564000,5652480
000815,0x0020ea30,691,0x00566000,5660672
000816,0x0020ea40,692,0x00568000,5668864
000818,0x0020ea50,693,0x0056a000,5677056
000819,0x0020ea60,694,0x0056c000,5685248
000820,0x0020ea70,695,0x0056e000,5693440
000821,0x0020ea80,696,0x00570000,5701632
000822,0x0020ea90,697,0x00572000,5709824
000823,0x0020eaa0,698,0x00574000,5718016
000825,0x0020eab0,699,0x00576000,5726208
000826,0x0020eac0,700,0x00578000,5734400
000828,0x0020ead0,701,0x0057a000,5742592
000829,0x0020eae0,702,0x0057c000,5750784
000830,0x0020eaf0,703,0x0057e000,5758976
000831,0x0020eb00,704,0x00580000,5767168
000833,0x0020eb10,705,0x00582000,5775360
000837,0x0020eb20,706,0x00584000,5783552
000838,0x0020eb30,707,0x00586000,5791744
000839,0x0020eb40,708,0x00588000,5799936
000848,0x0020eb50,709,0x0058a000,5808128
000850,0x0020eb60,710,0x0058c000,5816320
000851,0x0020eb70,711,0x0058e000,5824512
000852,0x0020eb80,712,0x00590000,5832704
000856,0x0020eb90,713,0x00592000,5840896
000858,0x0020eba0,714,0x00594000,5849088
000859,0x0020ebb0,715,0x00596000,5857280
000860,0x0020ebc0,716,0x00598000,5865472
000862,0x0020ebd0,717,0x0059a000,5873664
000863,0x0020ebe0,718,0x0059c000,5881856
000868,0x0020ebf0,719,0x0059e000,5890048
000869,0x0020ec00,720,0x005a0000,5898240
000875,0x0020ec10,721,0x005a2000,5906432
000876,0x0020ec20,722,0x005a4000,5914624
000877,0x0020ec30,723,0x005a6000,5922816
000878,0x0020ec40,724,0x005a8000,5931008
000880,0x0020ec50,725,0x005aa000,5939200
000881,0x0020ec60,726,0x005ac000,5947392
000882,0x0020ec70,727,0x005ae000,5955584
000883,0x0020ec80,728,0x005b0000,5963776
000885,0x0020ec90,729,0x005b2000,5971968
000886,0x0020eca0,730,0x005b4000,5980160
000887,0x0020ecb0,731,0x005b6000,5988352
000888,0x0020ecc0,732,0x005b8000,5996544
000889,0x0020ecd0,733,0x005ba000,6004736
000890,0x0020ece0,734,0x005bc000,6012928
000892,0x0020ecf0,735,0x005be000,6021120
000893,0x0020ed00,736,0x005c0000,6029312
000895,0x0020ed10,737,0x005c2000,6037504
000897,0x0020ed20,738,0x005c4000,6045696
000898,0x0020ed30,739,0x005c6000,6053888
000899,0x0020ed40,740,0x005c8000,6062080
000900,0x0020ed50,741,0x005ca000,6070272
000901,0x0020ed60,742,0x005cc000,6078464
000902,0x0020ed70,743,0x005ce000,6086656
000903,0x0020ed80,744,0x005d0000,6094848
000905,0x0020ed90,745,0x005d2000,6103040
000906,0x0020eda0,746,0x005d4000,6111232
000908,0x0020edb0,747,0x005d6000,6119424
000909,0x0020edc0,748,0x005d8000,6127616
000910,0x0020edd0,749,0x005da000,6135808
000911,0x0020ede0,750,0x005dc000,6144000
000912,0x0020edf0,751,0x005de000,6152192
000913,0x0020ee00,752,0x005e0000,6160384
000915,0x0020ee10,753,0x005e2000,6168576
000917,0x0020ee20,754,0x005e4000,6176768
000919,0x0020ee30,755,0x005e6000,6184960
000920,0x0020ee40,756,0x005e8000,6193152
000921,0x0020ee50,757,0x005ea000,6201344
000922,0x0020ee60,758,0x005ec000,6209536
000923,0x0020ee70,759,0x005ee000,6217728
000925,0x0020ee80,760,0x005f0000,6225920
000926,0x0020ee90,761,0x005f2000,6234112
000927,0x0020eea0,762,0x005f4000,6242304
000928,0x0020eeb0,763,0x005f6000,6250496
000929,0x0020eec0,764,0x005f8000,6258688
000930,0x0020eed0,765,0x005fa000,6266880
000931,0x0020eee0,766,0x005fc000,6275072
000932,0x0020eef0,767,0x005fe000,6283264
000933,0x0020ef00,768,0x00600000,6291456
000935,0x0020ef10,769,0x00602000,6299648
000936,0x0020ef20,770,0x00604000,6307840
000937,0x0020ef30,771,0x00606000,6316032
000938,0x0020ef40,772,0x00608000,6324224
000948,0x0020ef50,773,0x0060a000,6332416
000949,0x0020ef60,774,0x0060c000,6340608
000950,0x0020ef70,775,0x0060e000,6348800
000951,0x0020ef80,776,0x00610000,6356992
000952,0x0020ef90,777,0x00612000,6365184
000953,0x0020efa0,778,0x00614000,6373376
000955,0x0020efb0,779,0x00616000,6381568
000957,0x0020efc0,780,0x00618000,6389760
000958,0x0020efd0,781,0x0061a000,6397952
000959,0x0020efe0,782,0x0061c000,6406144
000960,0x0020eff0,783,0x0061e000,6414336
002455,0x0027c000,1382,0x00acc000,11321344
002456,0x0027c080,1383,0x00ace000,11329536
160133,0x0027c090,2808,0x015f0000,23003136
300039,0x0027c0a0,3126,0x0186c000,25608192
002457,0x0027c100,1384,0x00ad0000,11337728
002458,0x0027c180,1385,0x00ad2000,11345920
160135,0x0027c190,2809,0x015f2000,23011328
002459,0x0027c200,1386,0x00ad4000,11354112
000830,0x0027c300,687,0x0055e000,5627904
159820,0x0027c310,2671,0x014de000,21880832
000831,0x0027c380,688,0x00560000,5636096
159821,0x0027c390,2672,0x014e0000,21889024
159822,0x0027c400,2673,0x014e2000,21897216
000833,0x0027c480,689,0x00562000,5644288
159824,0x0027c500,2674,0x014e4000,21905408
159825,0x0027c580,2675,0x014e6000,21913600
301120,0x0027c590,4146,0x02064000,33964032
301121,0x0027c600,4147,0x02066000,33972224
000837,0x0027c680,690,0x00564000,5652480
159827,0x0027c690,2676,0x014e8000,21921792
300310,0x0027c6a0,3380,0x01a68000,27688960
301122,0x0027c6b0,4148,0x02068000,33980416
000838,0x0027c700,691,0x00566000,5660672
159828,0x0027c710,2677,0x014ea000,21929984
300311,0x0027c720,3381,0x01a6a000,27697152
301123,0x0027c730,4149,0x0206a000,33988608
000790,0x0027c780,656,0x00520000,5373952
000839,0x0027c790,692,0x00568000,5668864
159780,0x0027c7a0,2642,0x014a4000,21643264
000791,0x0027c800,657,0x00522000,5382144
002730,0x0027c810,1634,0x00cc4000,13385728
159781,0x0027c820,2643,0x014a6000,21651456
300313,0x0027c830,3382,0x01a6c000,27705344
301125,0x0027c840,4150,0x0206c000,33996800
000792,0x0027c880,658,0x00524000,5390336
002731,0x0027c890,1635,0x00cc6000,13393920
159782,0x0027c8a0,2644,0x014a8000,21659648
300314,0x0027c8b0,3383,0x01a6e000,27713536
301126,0x0027c8c0,4151,0x0206e000,34004992
000793,0x0027c900,659,0x00526000,5398528
002732,0x0027c910,1636,0x00cc8000,13402112
159783,0x0027c920,2645,0x014aa000,21667840
300315,0x0027c930,3384,0x01a70000,27721728
301127,0x0027c940,4152,0x02070000,34013184
002733,0x0027c980,1637,0x00cca000,13410304
161222,0x0027c990,2931,0x016e6000,24010752
300316,0x0027c9a0,3385,0x01a72000,27729920
301128,0x0027c9b0,4153,0x02072000,34021376
000795,0x0027ca00,660,0x00528000,5406720
002734,0x0027ca10,1638,0x00ccc000,13418496
300317,0x0027ca20,3386,0x01a74000,27738112
301080,0x0027ca30,4110,0x0201c000,33669120
301129,0x0027ca40,4154,0x02074000,34029568
000796,0x0027ca80,661,0x0052a000,5414912
002735,0x0027ca90,1639,0x00cce000,13426688
159786,0x0027caa0,2646,0x014ac000,21676032
161224,0x0027cab0,2932,0x016e8000,24018944
300318,0x0027cac0,3387,0x01a76000,27746304
301081,0x0027cad0,4111,0x0201e000,33677312
000797,0x0027cb00,662,0x0052c000,5423104
002736,0x0027cb10,1640,0x00cd0000,13434880
159787,0x0027cb20,2647,0x014ae000,21684224
161225,0x0027cb30,2933,0x016ea000,24027136
300270,0x0027cb40,3344,0x01a20000,27394048
300319,0x0027cb50,3388,0x01a78000,27754496
301082,0x0027cb60,4112,0x02020000,33685504
000798,0x0027cb80,663,0x0052e000,5431296
002737,0x0027cb90,1641,0x00cd2000,13443072
159788,0x0027cba0,2648,0x014b0000,21692416
161226,0x0027cbb0,2934,0x016ec000,24035328
300271,0x0027cbc0,3345,0x01a22000,27402240
301083,0x0027cbd0,4113,0x02022000,33693696
000799,0x0027cc00,664,0x00530000,5439488
002738,0x0027cc10,1642,0x00cd4000,13451264
161227,0x0027cc20,2935,0x016ee000,24043520
300272,0x0027cc30,3346,0x01a24000,27410432
002690,0x0027cc80,1599,0x00c7e000,13099008
002739,0x0027cc90,1643,0x00cd6000,13459456
160416,0x0027cca0,2831,0x0161e000,23191552
301085,0x0027ccb0,4114,0x02024000,33701888
002691,0x0027cd00,1600,0x00c80000,13107200
123211,0x0027cd10,1975,0x00f6e000,16179200
161229,0x0027cd20,2936,0x016f0000,24051712
300274,0x0027cd30,3347,0x01a26000,27418624
301086,0x0027cd40,4115,0x02026000,33710080
002692,0x0027cd80,1601,0x00c82000,13115392
300275,0x0027cd90,3348,0x01a28000,27426816
301087,0x0027cda0,4116,0x02028000,33718272
002693,0x0027ce00,1602,0x00c84000,13123584
123213,0x0027ce10,1976,0x00f70000,16187392
300276,0x0027ce20,3349,0x01a2a000,27435008
301088,0x0027ce30,4117,0x0202a000,33726464
002694,0x0027ce80,1603,0x00c86000,13131776
123214,0x0027ce90,1977,0x00f72000,16195584
300277,0x0027cea0,3350,0x01a2c000,27443200
301089,0x0027ceb0,4118,0x0202c000,33734656
002695,0x0027cf00,1604,0x00c88000,13139968
123215,0x0027cf10,1978,0x00f74000,16203776
300278,0x0027cf20,3351,0x01a2e000,27451392
002696,0x0027cf80,1605,0x00c8a000,13148160
123216,0x0027cf90,1979,0x00f76000,16211968
300279,0x0027cfa0,3352,0x01a30000,27459584
000962,0x00310000,785,0x00622000,6430720
000963,0x00310010,786,0x00624000,6438912
000965,0x00310020,787,0x00626000,6447104
000966,0x00310030,788,0x00628000,6455296
000967,0x00310040,789,0x0062a000,6463488
000968,0x00310050,790,0x0062c000,6471680
000969,0x00310060,791,0x0062e000,6479872
000970,0x00310070,792,0x00630000,6488064
000972,0x00310080,793,0x00632000,6496256
000973,0x00310090,794,0x00634000,6504448
000975,0x003100a0,795,0x00636000,6512640
000977,0x003100b0,796,0x00638000,6520832
000978,0x003100c0,797,0x0063a000,6529024
000980,0x003100d0,798,0x0063c000,6537216
000981,0x003100e0,799,0x0063e000,6545408
000983,0x003100f0,800,0x00640000,6553600
000985,0x00310100,801,0x00642000,6561792
000987,0x00310110,802,0x00644000,6569984
000988,0x00310120,803,0x00646000,6578176
000989,0x00310130,804,0x00648000,6586368
000990,0x00310140,805,0x0064a000,6594560
000993,0x00310150,806,0x0064c000,6602752
000995,0x00310160,807,0x0064e000,6610944
000997,0x00310170,808,0x00650000,6619136
000998,0x00310180,809,0x00652000,6627328
000999,0x00310190,810,0x00654000,6635520
001201,0x003101a0,811,0x00656000,6643712
001202,0x003101b0,812,0x00658000,6651904
001203,0x003101c0,813,0x0065a000,6660096
001205,0x003101d0,814,0x0065c000,6668288
001206,0x003101e0,815,0x0065e000,6676480
001207,0x003101f0,816,0x00660000,6684672
001208,0x00310200,817,0x00662000,6692864
001209,0x00310210,818,0x00664000,6701056
001210,0x00310220,819,0x00666000,6709248
001211,0x00310230,820,0x00668000,6717440
001212,0x00310240,821,0x0066a000,6725632
001213,0x00310250,822,0x0066c000,6733824
001215,0x00310260,823,0x0066e000,6742016
001216,0x00310270,824,0x00670000,6750208
001217,0x00310280,825,0x00672000,6758400
001218,0x00310290,826,0x00674000,6766592
001219,0x003102a0,827,0x00676000,6774784
001220,0x003102b0,828,0x00678000,6782976
001221,0x003102c0,829,0x0067a000,6791168
001222,0x003102d0,830,0x0067c000,6799360
001223,0x003102e0,831,0x0067e000,6807552
001225,0x003102f0,832,0x00680000,6815744
001226,0x00310300,833,0x00682000,6823936
001227,0x00310310,834,0x00684000,6832128
001228,0x00310320,835,0x00686000,6840320
001229,0x00310330,836,0x00688000,6848512
001230,0x00310340,837,0x0068a000,6856704
001231,0x00310350,838,0x0068c000,6864896
001232,0x00310360,839,0x0068e000,6873088
001233,0x00310370,840,0x00690000,6881280
001234,0x00310380,841,0x00692000,6889472
001236,0x00310390,842,0x00694000,6897664
001237,0x003103a0,843,0x00696000,6905856
001238,0x003103b0,844,0x00698000,6914048
001239,0x003103c0,845,0x0069a000,6922240
001248,0x003103d0,846,0x0069c000,6930432
001255,0x003103e0,847,0x0069e000,6938624
001256,0x003103f0,848,0x006a0000,6946816
001257,0x00310400,849,0x006a2000,6955008
001258,0x00310410,850,0x006a4000,6963200
001259,0x00310420,851,0x006a6000,6971392
001260,0x00310430,852,0x006a8000,6979584
001266,0x00310440,853,0x006aa000,6987776
001267,0x00310450,854,0x006ac000,6995968
001268,0x00310460,855,0x006ae000,7004160
001269,0x00310470,856,0x006b0000,7012352
001270,0x00310480,857,0x006b2000,7020544
001277,0x00310490,858,0x006b4000,7028736
001278,0x003104a0,859,0x006b6000,7036928
001279,0x003104b0,860,0x006b8000,7045120
001280,0x003104c0,861,0x006ba000,7053312
001282,0x003104d0,862,0x006bc000,7061504
001283,0x003104e0,863,0x006be000,7069696
001285,0x003104f0,864,0x006c0000,7077888
001286,0x00310500,865,0x006c2000,7086080
001287,0x00310510,866,0x006c4000,7094272
001288,0x00310520,867,0x006c6000,7102464
001289,0x00310530,868,0x006c8000,7110656
001296,0x00310540,869,0x006ca000,7118848
001298,0x00310550,870,0x006cc000,7127040
001299,0x00310560,871,0x006ce000,7135232
001300,0x00310570,872,0x006d0000,7143424
001301,0x00310580,873,0x006d2000,7151616
001306,0x00310590,874,0x006d4000,7159808
001308,0x003105a0,875,0x006d6000,7168000
001309,0x003105b0,876,0x006d8000,7176192
001311,0x003105c0,877,0x006da000,7184384
001312,0x003105d0,878,0x006dc000,7192576
001313,0x003105e0,879,0x006de000,7200768
001314,0x003105f0,880,0x006e0000,7208960
001316,0x00310600,881,0x006e2000,7217152
001317,0x00310610,882,0x006e4000,7225344
001318,0x00310620,883,0x006e6000,7233536
001319,0x00310630,884,0x006e8000,7241728
001322,0x00310640,885,0x006ea000,7249920
001323,0x00310650,886,0x006ec000,7258112
001324,0x00310660,887,0x006ee000,7266304
001325,0x00310670,888,0x006f0000,7274496
001326,0x00310680,889,0x006f2000,7282688
001328,0x00310690,890,0x006f4000,7290880
001330,0x003106a0,891,0x006f6000,7299072
001331,0x003106b0,892,0x006f8000,7307264
001332,0x003106c0,893,0x006fa000,7315456
001333,0x003106d0,894,0x006fc000,7323648
001335,0x003106e0,895,0x006fe000,7331840
001336,0x003106f0,896,0x00700000,7340032
001337,0x00310700,897,0x00702000,7348224
001338,0x00310710,898,0x00704000,7356416
001339,0x00310720,899,0x00706000,7364608
001356,0x00310730,900,0x00708000,7372800
001358,0x00310740,901,0x0070a000,7380992
001359,0x00310750,902,0x0070c000,7389184
001360,0x00310760,903,0x0070e000,7397376
001365,0x00310770,904,0x00710000,7405568
001366,0x00310780,905,0x00712000,7413760
001367,0x00310790,906,0x00714000,7421952
001368,0x003107a0,907,0x00716000,7430144
001369,0x003107b0,908,0x00718000,7438336
001373,0x003107c0,909,0x0071a000,7446528
001376,0x003107d0,910,0x0071c000,7454720
001378,0x003107e0,911,0x0071e000,7462912
001379,0x003107f0,912,0x00720000,7471104
001380,0x00310800,913,0x00722000,7479296
001382,0x00310810,914,0x00724000,7487488
001386,0x00310820,915,0x00726000,7495680
001387,0x00310830,916,0x00728000,7503872
001388,0x00310840,917,0x0072a000,7512064
001389,0x00310850,918,0x0072c000,7520256
001390,0x00310860,919,0x0072e000,7528448
001391,0x00310870,920,0x00730000,7536640
001393,0x00310880,921,0x00732000,7544832
001395,0x00310890,922,0x00734000,7553024
001396,0x003108a0,923,0x00736000,7561216
001399,0x003108b0,924,0x00738000,7569408
001400,0x003108c0,925,0x0073a000,7577600
001696,0x003108d0,926,0x0073c000,7585792
001872,0x003108e0,927,0x0073e000,7593984
001896,0x003108f0,928,0x00740000,7602176
001914,0x00310900,929,0x00742000,7610368
001965,0x00310910,930,0x00744000,7618560
001979,0x00310920,931,0x00746000,7626752
201872,0x00310930,932,0x00748000,7634944
200011,0x00310940,933,0x0074a000,7643136
200012,0x00310950,934,0x0074c000,7651328
200016,0x00310960,935,0x0074e000,7659520
200017,0x00310970,936,0x00750000,7667712
200019,0x00310980,937,0x00752000,7675904
200020,0x00310990,938,0x00754000,7684096
200025,0x003109a0,939,0x00756000,7692288
200026,0x003109b0,940,0x00758000,7700480
200028,0x003109c0,941,0x0075a000,7708672
200029,0x003109d0,942,0x0075c000,7716864
200030,0x003109e0,943,0x0075e000,7725056
200037,0x003109f0,944,0x00760000,7733248
200045,0x00310a00,945,0x00762000,7741440
200055,0x00310a10,946,0x00764000,7749632
200056,0x00310a20,947,0x00766000,7757824
200058,0x00310a30,948,0x00768000,7766016
200429,0x00310a40,949,0x0076a000,7774208
200468,0x00310a50,950,0x0076c000,7782400
200488,0x00310a60,951,0x0076e000,7790592
200505,0x00310a70,952,0x00770000,7798784
200512,0x00310a80,953,0x00772000,7806976
200521,0x00310a90,954,0x00774000,7815168
200530,0x00310aa0,955,0x00776000,7823360
200539,0x00310ab0,956,0x00778000,7831552
200541,0x00310ac0,957,0x0077a000,7839744
200550,0x00310ad0,958,0x0077c000,7847936
200553,0x00310ae0,959,0x0077e000,7856128
200570,0x00310af0,960,0x00780000,7864320
200581,0x00310b00,961,0x00782000,7872512
200596,0x00310b10,962,0x00784000,7880704
200625,0x00310b20,963,0x00786000,7888896
200706,0x00310b30,964,0x00788000,7897088
200725,0x00310b40,965,0x0078a000,7905280
200726,0x00310b50,966,0x0078c000,7913472
200761,0x00310b60,967,0x0078e000,7921664
200771,0x00310b70,968,0x00790000,7929856
200869,0x00310b80,969,0x00792000,7938048
200992,0x00310b90,970,0x00794000,7946240
002001,0x00310ba0,971,0x00796000,7954432
002003,0x00310bb0,972,0x00798000,7962624
002004,0x00310bc0,973,0x0079a000,7970816
002005,0x00310bd0,974,0x0079c000,7979008
002006,0x00310be0,975,0x0079e000,7987200
002007,0x00310bf0,976,0x007a0000,7995392
002008,0x00310c00,977,0x007a2000,8003584
002009,0x00310c10,978,0x007a4000,8011776
002010,0x00310c20,979,0x007a6000,8019968
002011,0x00310c30,980,0x007a8000,8028160
002012,0x00310c40,981,0x007aa000,8036352
002014,0x00310c50,982,0x007ac000,8044544
002015,0x00310c60,983,0x007ae000,8052736
002016,0x00310c70,984,0x007b0000,8060928
002017,0x00310c80,985,0x007b2000,8069120
002019,0x00310c90,986,0x007b4000,8077312
002020,0x00310ca0,987,0x007b6000,8085504
002021,0x00310cb0,988,0x007b8000,8093696
002022,0x00310cc0,989,0x007ba000,8101888
002023,0x00310cd0,990,0x007bc000,8110080
002024,0x00310ce0,991,0x007be000,8118272
002025,0x00310cf0,992,0x007c0000,8126464
002026,0x00310d00,993,0x007c2000,8134656
002027,0x00310d10,994,0x007c4000,8142848
002028,0x00310d20,995,0x007c6000,8151040
002029,0x00310d30,996,0x007c8000,8159232
002030,0x00310d40,997,0x007ca000,8167424
002031,0x00310d50,998,0x007cc000,8175616
002032,0x00310d60,999,0x007ce000,8183808
002033,0x00310d70,1000,0x007d0000,8192000
002034,0x00310d80,1001,0x007d2000,8200192
002035,0x00310d90,1002,0x007d4000,8208384
002036,0x00310da0,1003,0x007d6000,8216576
002037,0x00310db0,1004,0x007d8000,8224768
002038,0x00310dc0,1005,0x007da000,8232960
002039,0x00310dd0,1006,0x007dc000,8241152
002040,0x00310de0,1007,0x007de000,8249344
002041,0x00310df0,1008,0x007e0000,8257536
002042,0x00310e00,1009,0x007e2000,8265728
002043,0x00310e10,1010,0x007e4000,8273920
002044,0x00310e20,1011,0x007e6000,8282112
002045,0x00310e30,1012,0x007e8000,8290304
002046,0x00310e40,1016,0x007f0000,8323072
002047,0x00310e50,1017,0x007f2000,8331264
002048,0x00310e60,1018,0x007f4000,8339456
002049,0x00310e70,1019,0x007f6000,8347648
002050,0x00310e80,1020,0x007f8000,8355840
002051,0x00310e90,1021,0x007fa000,8364032
002052,0x00310ea0,1022,0x007fc000,8372224
002053,0x00310eb0,1023,0x007fe000,8380416
002054,0x00310ec0,1024,0x00800000,8388608
002055,0x00310ed0,1025,0x00802000,8396800
002056,0x00310ee0,1026,0x00804000,8404992
002057,0x00310ef0,1027,0x00806000,8413184
002058,0x00310f00,1028,0x00808000,8421376
002059,0x00310f10,1029,0x0080a000,8429568
002060,0x00310f20,1030,0x0080c000,8437760
002061,0x00310f30,1031,0x0080e000,8445952
002062,0x00310f40,1032,0x00810000,8454144
002063,0x00310f50,1033,0x00812000,8462336
002064,0x00310f60,1034,0x00814000,8470528
002065,0x00310f70,1035,0x00816000,8478720
002066,0x00310f80,1036,0x00818000,8486912
002067,0x00310f90,1037,0x0081a000,8495104
002068,0x00310fa0,1038,0x0081c000,8503296
002069,0x00310fb0,1039,0x0081e000,8511488
002072,0x00310fc0,1040,0x00820000,8519680
002073,0x00310fd0,1041,0x00822000,8527872
002074,0x00310fe0,1042,0x00824000,8536064
002075,0x00310ff0,1043,0x00826000,8544256
002697,0x003f5000,1606,0x00c8c000,13156352
002698,0x003f5080,1607,0x00c8e000,13164544
123171,0x003f5180,1956,0x00f48000,16023552
123172,0x003f5200,1957,0x00f4a000,16031744
123173,0x003f5280,1958,0x00f4c000,16039936
123175,0x003f5380,1959,0x00f4e000,16048128
123176,0x003f5400,1960,0x00f50000,16056320
301408,0x003f5410,4373,0x0222a000,35823616
301360,0x003f5480,4339,0x021e6000,35545088
123178,0x003f5500,1961,0x00f52000,16064512
301361,0x003f5510,4340,0x021e8000,35553280
123179,0x003f5580,1962,0x00f54000,16072704
161505,0x003f5590,2939,0x016f6000,24076288
300550,0x003f55a0,3605,0x01c2a000,29532160
301362,0x003f55b0,4341,0x021ea000,35561472
300551,0x003f5600,3606,0x01c2c000,29540352
301363,0x003f5610,4342,0x021ec000,35569664
300552,0x003f5680,3607,0x01c2e000,29548544
002970,0x003f5700,1850,0x00e74000,15155200
300553,0x003f5710,3608,0x01c30000,29556736
301365,0x003f5720,4343,0x021ee000,35577856
002971,0x003f5780,1851,0x00e76000,15163392
300554,0x003f5790,3609,0x01c32000,29564928
301366,0x003f57a0,4344,0x021f0000,35586048
002972,0x003f5800,1852,0x00e78000,15171584
300555,0x003f5810,3610,0x01c34000,29573120
301367,0x003f5820,4345,0x021f2000,35594240
002973,0x003f5880,1853,0x00e7a000,15179776
300556,0x003f5890,3611,0x01c36000,29581312
301368,0x003f58a0,4346,0x021f4000,35602432
300557,0x003f5900,3612,0x01c38000,29589504
301369,0x003f5910,4347,0x021f6000,35610624
002975,0x003f5980,1854,0x00e7c000,15187968
300558,0x003f5990,3613,0x01c3a000,29597696
002976,0x003f5a00,1855,0x00e7e000,15196160
300559,0x003f5a10,3614,0x01c3c000,29605888
002977,0x003f5a80,1856,0x00e80000,15204352
164210,0x003f5a90,3020,0x01798000,24739840
399088,0x003f5b00,22,0x0002c000,180224
200505,0x003f5b10,935,0x0074e000,7659520
002978,0x003f5b20,1857,0x00e82000,15212544
002979,0x003f5b80,1858,0x00e84000,15220736
163402,0x003f5c80,3004,0x01778000,24608768
399400,0x003f5d00,161,0x00142000,1318912
399401,0x003f5d80,162,0x00144000,1327104
399402,0x003f5e00,163,0x00146000,1335296
399403,0x003f5e80,164,0x00148000,1343488
163406,0x003f5e90,3005,0x0177a000,24616960
163407,0x003f5f00,3006,0x0177c000,24625152
399405,0x003f5f80,165,0x0014a000,1351680
399406,0x003f6000,166,0x0014c000,1359872
163409,0x003f6010,3007,0x0177e000,24633344
300830,0x003f6020,3873,0x01e42000,31727616
399407,0x003f6080,167,0x0014e000,1368064
000040,0x003f6090,404,0x00328000,3309568
159030,0x003f60a0,2111,0x0107e000,17293312
300831,0x003f60b0,3874,0x01e44000,31735808
399408,0x003f6100,168,0x00150000,1376256
200468,0x003f6110,933,0x0074a000,7643136
159031,0x003f6120,2112,0x01080000,17301504
300832,0x003f6130,3875,0x01e46000,31744000
399360,0x003f6180,121,0x000f2000,991232
399409,0x003f6190,169,0x00152000,1384448
000042,0x003f61a0,405,0x0032a000,3317760
159032,0x003f61b0,2113,0x01082000,17309696
300833,0x003f61c0,3876,0x01e48000,31752192
399361,0x003f6200,122,0x000f4000,999424
159033,0x003f6210,2114,0x01084000,17317888
300834,0x003f6220,3877,0x01e4a000,31760384
399362,0x003f6280,123,0x000f6000,1007616
300835,0x003f6290,3878,0x01e4c000,31768576
399363,0x003f6300,124,0x000f8000,1015808
000045,0x003f6310,406,0x0032c000,3325952
159035,0x003f6320,2115,0x01086000,17326080
300836,0x003f6330,3879,0x01e4e000,31776768
399364,0x003f6380,125,0x000fa000,1024000
159036,0x003f6390,2116,0x01088000,17334272
300837,0x003f63a0,3880,0x01e50000,31784960
399365,0x003f6400,126,0x000fc000,1032192
159037,0x003f6410,2117,0x0108a000,17342464
300838,0x003f6420,3881,0x01e52000,31793152
399366,0x003f6480,127,0x000fe000,1040384
000048,0x003f6490,407,0x0032e000,3334144
159038,0x003f64a0,2118,0x0108c000,17350656
300790,0x003f64b0,3835,0x01df6000,31416320
300839,0x003f64c0,3882,0x01e54000,31801344
399367,0x003f6500,128,0x00100000,1048576
000049,0x003f6510,408,0x00330000,3342336
159039,0x003f6520,2119,0x0108e000,17358848
300791,0x003f6530,3836,0x01df8000,31424512
399368,0x003f6580,129,0x00102000,1056768
300792,0x003f6590,3837,0x01dfa000,31432704
399369,0x003f6600,130,0x00104000,1064960
300793,0x003f6610,3838,0x01dfc000,31440896
300795,0x003f6700,3839,0x01dfe000,31449088
300796,0x003f6780,3840,0x01e00000,31457280
300797,0x003f6800,3841,0x01e02000,31465472
165309,0x003f6880,3034,0x017b4000,24854528
300798,0x003f6890,3842,0x01e04000,31473664
159310,0x003f6b00,2350,0x0125c000,19251200
159311,0x003f6b80,2351,0x0125e000,19259392
399640,0x003f6c00,238,0x001dc000,1949696
159312,0x003f6c10,2352,0x01260000,19267584
399641,0x003f6c80,239,0x001de000,1957888
399642,0x003f6d00,240,0x001e0000,1966080
399643,0x003f6d80,241,0x001e2000,1974272
159315,0x003f6d90,2353,0x01262000,19275776
399644,0x003f6e00,242,0x001e4000,1982464
159316,0x003f6e10,2354,0x01264000,19283968
399645,0x003f6e80,243,0x001e6000,1990656
399646,0x003f6f00,244,0x001e8000,1998848
003030,0x003f6f10,1906,0x00ee4000,15613952
159318,0x003f6f20,2355,0x01266000,19292160
399647,0x003f6f80,245,0x001ea000,2007040
003031,0x003f6f90,1907,0x00ee6000,15622144
159270,0x003f6fa0,2316,0x01218000,18972672
399648,0x003f7000,246,0x001ec000,2015232
003032,0x003f7010,1908,0x00ee8000,15630336
159271,0x003f7020,2317,0x0121a000,18980864
399649,0x003f7080,247,0x001ee000,2023424
988006,0x003f7090,370,0x002e4000,3031040
002221,0x003f70a0,1162,0x00914000,9519104
003033,0x003f70b0,1909,0x00eea000,15638528
159272,0x003f70c0,2318,0x0121c000,18989056
988007,0x003f7100,371,0x002e6000,3039232
002222,0x003f7110,1163,0x00916000,9527296
159273,0x003f7120,2319,0x0121e000,18997248
002223,0x003f7180,1164,0x00918000,9535488
003035,0x003f7190,1910,0x00eec000,15646720
002224,0x003f7200,1165,0x0091a000,9543680
003036,0x003f7210,1911,0x00eee000,15654912
159275,0x003f7220,2320,0x01220000,19005440
169101,0x003f7230,3082,0x01814000,25247744
002225,0x003f7280,1166,0x0091c000,9551872
003037,0x003f7290,1912,0x00ef0000,15663104
159276,0x003f72a0,2321,0x01222000,19013632
002226,0x003f7300,1167,0x0091e000,9560064
003038,0x003f7310,1913,0x00ef2000,15671296
159277,0x003f7320,2322,0x01224000,19021824
002227,0x003f7380,1168,0x00920000,9568256
003039,0x003f7390,1914,0x00ef4000,15679488
159278,0x003f73a0,2323,0x01226000,19030016
169104,0x003f73b0,3083,0x01816000,25255936
002228,0x003f7400,1169,0x00922000,9576448
159279,0x003f7410,2324,0x01228000,19038208
169105,0x003f7420,3084,0x01818000,25264128
002180,0x003f7480,1122,0x008c4000,9191424
002229,0x003f7490,1170,0x00924000,9584640
169106,0x003f74a0,3085,0x0181a000,25272320
002181,0x003f7500,1123,0x008c6000,9199616
000600,0x003f7580,539,0x00436000,4415488
002182,0x003f7590,1124,0x008c8000,9207808
000601,0x003f7600,540,0x00438000,4423680
002183,0x003f7610,1125,0x008ca000,9216000
002184,0x003f7680,1126,0x008cc000,9224192
000603,0x003f7700,541,0x0043a000,4431872
002185,0x003f7710,1127,0x008ce000,9232384
002186,0x003f7780,1128,0x008d0000,9240576
000605,0x003f7800,542,0x0043c000,4440064
002187,0x003f7810,1129,0x008d2000,9248768
002188,0x003f7880,1130,0x008d4000,9256960
000607,0x003f7900,543,0x0043e000,4448256
002189,0x003f7910,1131,0x008d6000,9265152
000608,0x003f7980,544,0x00440000,4456448
000560,0x003f7a00,512,0x00400000,4194304
000609,0x003f7a10,545,0x00442000,4464640
159550,0x003f7a20,2462,0x0133c000,20168704
399928,0x003f7a80,324,0x00288000,2654208
000561,0x003f7a90,513,0x00402000,4202496
001373,0x003f7aa0,892,0x006f8000,7307264
002500,0x003f7ab0,1423,0x00b1e000,11657216
159551,0x003f7ac0,2463,0x0133e000,20176896
002501,0x003f7b00,1424,0x00b20000,11665408
159552,0x003f7b10,2464,0x01340000,20185088
000563,0x003f7b80,514,0x00404000,4210688
159553,0x003f7b90,2465,0x01342000,20193280
000564,0x003f7c00,515,0x00406000,4218880
001376,0x003f7c10,893,0x006fa000,7315456
000565,0x003f7c80,516,0x00408000,4227072
159555,0x003f7c90,2466,0x01344000,20201472
000566,0x003f7d00,517,0x0040a000,4235264
001378,0x003f7d10,894,0x006fc000,7323648
159556,0x003f7d20,2467,0x01346000,20209664
000567,0x003f7d80,518,0x0040c000,4243456
001379,0x003f7d90,895,0x006fe000,7331840
002506,0x003f7da0,1425,0x00b22000,11673600
159557,0x003f7db0,2468,0x01348000,20217856
300040,0x003f7dc0,3127,0x0186e000,25616384
000568,0x003f7e00,519,0x0040e000,4251648
002507,0x003f7e10,1426,0x00b24000,11681792
159558,0x003f7e20,2469,0x0134a000,20226048
300041,0x003f7e30,3128,0x01870000,25624576
002508,0x003f7e80,1427,0x00b26000,11689984
159559,0x003f7e90,2470,0x0134c000,20234240
300042,0x003f7ea0,3129,0x01872000,25632768
002460,0x003f7f00,1387,0x00ad6000,11362304
300043,0x003f7f10,3130,0x01874000,25640960
002461,0x003f7f80,1388,0x00ad8000,11370496
300044,0x003f7f90,3131,0x01876000,25649152
002076,0x00414000,1045,0x0082a000,8560640
002077,0x00414010,1046,0x0082c000,8568832
002078,0x00414020,1047,0x0082e000,8577024
002079,0x00414030,1048,0x00830000,8585216
002080,0x00414040,1049,0x00832000,8593408
002081,0x00414050,1050,0x00834000,8601600
002082,0x00414060,1051,0x00836000,8609792
002083,0x00414070,1052,0x00838000,8617984
002084,0x00414080,1053,0x0083a000,8626176
002085,0x00414090,1054,0x0083c000,8634368
002086,0x004140a0,1055,0x0083e000,8642560
002088,0x004140b0,1056,0x00840000,8650752
002090,0x004140c0,1057,0x00842000,8658944
002091,0x004140d0,1058,0x00844000,8667136
002092,0x004140e0,1059,0x00846000,8675328
002093,0x004140f0,1064,0x00850000,8716288
002094,0x00414100,1065,0x00852000,8724480
002095,0x00414110,1066,0x00854000,8732672
002096,0x00414120,1067,0x00856000,8740864
002097,0x00414130,1068,0x00858000,8749056
002098,0x00414140,1069,0x0085a000,8757248
002099,0x00414150,1070,0x0085c000,8765440
002100,0x00414160,1071,0x0085e000,8773632
002101,0x00414170,1072,0x00860000,8781824
002102,0x00414180,1073,0x00862000,8790016
002103,0x00414190,1074,0x00864000,8798208
002104,0x004141a0,1075,0x00866000,8806400
002105,0x004141b0,1076,0x00868000,8814592
002106,0x004141c0,1077,0x0086a000,8822784
002107,0x004141d0,1078,0x0086c000,8830976
002108,0x004141e0,1079,0x0086e000,8839168
002109,0x004141f0,1080,0x00870000,8847360
002110,0x00414200,1081,0x00872000,8855552
002111,0x00414210,1082,0x00874000,8863744
002112,0x00414220,1083,0x00876000,8871936
002114,0x00414230,1084,0x00878000,8880128
002115,0x00414240,1085,0x0087a000,8888320
002116,0x00414250,1086,0x0087c000,8896512
002117,0x00414260,1087,0x0087e000,8904704
002119,0x00414270,1088,0x00880000,8912896
002120,0x00414280,1089,0x00882000,8921088
002121,0x00414290,1090,0x00884000,8929280
002122,0x004142a0,1091,0x00886000,8937472
002123,0x004142b0,1092,0x00888000,8945664
002124,0x004142c0,1093,0x0088a000,8953856
002125,0x004142d0,1094,0x0088c000,8962048
002126,0x004142e0,1095,0x0088e000,8970240
002127,0x004142f0,1096,0x00890000,8978432
002128,0x00414300,1097,0x00892000,8986624
002129,0x00414310,1098,0x00894000,8994816
002130,0x00414320,1099,0x00896000,9003008
002131,0x00414330,1100,0x00898000,9011200
002132,0x00414340,1101,0x0089a000,9019392
002133,0x00414350,1102,0x0089c000,9027584
002134,0x00414360,1103,0x0089e000,9035776
002135,0x00414370,1104,0x008a0000,9043968
002136,0x00414380,1105,0x008a2000,9052160
002137,0x00414390,1106,0x008a4000,9060352
002138,0x004143a0,1107,0x008a6000,9068544
002139,0x004143b0,1108,0x008a8000,9076736
002140,0x004143c0,1109,0x008aa000,9084928
002141,0x004143d0,1110,0x008ac000,9093120
002142,0x004143e0,1111,0x008ae000,9101312
002144,0x004143f0,1112,0x008b0000,9109504
002145,0x00414400,1113,0x008b2000,9117696
002146,0x00414410,1114,0x008b4000,9125888
002148,0x00414420,1115,0x008b6000,9134080
002149,0x00414430,1116,0x008b8000,9142272
002150,0x00414440,1117,0x008ba000,9150464
002151,0x00414450,1118,0x008bc000,9158656
002152,0x00414460,1119,0x008be000,9166848
002153,0x00414470,1120,0x008c0000,9175040
002154,0x00414480,1121,0x008c2000,9183232
002155,0x00414490,1122,0x008c4000,9191424
002156,0x004144a0,1123,0x008c6000,9199616
002157,0x004144b0,1124,0x008c8000,9207808
002158,0x004144c0,1125,0x008ca000,9216000
002159,0x004144d0,1126,0x008cc000,9224192
002160,0x004144e0,1127,0x008ce000,9232384
002161,0x004144f0,1128,0x008d0000,9240576
002162,0x00414500,1129,0x008d2000,9248768
002163,0x00414510,1130,0x008d4000,9256960
002164,0x00414520,1131,0x008d6000,9265152
002165,0x00414530,1132,0x008d8000,9273344
002166,0x00414540,1133,0x008da000,9281536
002167,0x00414550,1134,0x008dc000,9289728
002168,0x00414560,1135,0x008de000,9297920
002169,0x00414570,1136,0x008e0000,9306112
002170,0x00414580,1137,0x008e2000,9314304
002171,0x00414590,1138,0x008e4000,9322496
002172,0x004145a0,1139,0x008e6000,9330688
002173,0x004145b0,1140,0x008e8000,9338880
002174,0x004145c0,1141,0x008ea000,9347072
002175,0x004145d0,1142,0x008ec000,9355264
002176,0x004145e0,1143,0x008ee000,9363456
002177,0x004145f0,1144,0x008f0000,9371648
002178,0x00414600,1145,0x008f2000,9379840
002179,0x00414610,1146,0x008f4000,9388032
002180,0x00414620,1147,0x008f6000,9396224
002181,0x00414630,1148,0x008f8000,9404416
002182,0x00414640,1149,0x008fa000,9412608
002183,0x00414650,1150,0x008fc000,9420800
002184,0x00414660,1151,0x008fe000,9428992
002185,0x00414670,1152,0x00900000,9437184
002186,0x00414680,1153,0x00902000,9445376
002187,0x00414690,1154,0x00904000,9453568
002188,0x004146a0,1155,0x00906000,9461760
002189,0x004146b0,1156,0x00908000,9469952
002190,0x004146c0,1157,0x0090a000,9478144
002191,0x004146d0,1158,0x0090c000,9486336
002192,0x004146e0,1159,0x0090e000,9494528
002193,0x004146f0,1160,0x00910000,9502720
002194,0x00414700,1161,0x00912000,9510912
002195,0x00414710,1162,0x00914000,9519104
002196,0x00414720,1163,0x00916000,9527296
002197,0x00414730,1164,0x00918000,9535488
002198,0x00414740,1165,0x0091a000,9543680
002199,0x00414750,1166,0x0091c000,9551872
002200,0x00414760,1167,0x0091e000,9560064
002201,0x00414770,1168,0x00920000,9568256
002202,0x00414780,1169,0x00922000,9576448
002203,0x00414790,1170,0x00924000,9584640
002204,0x004147a0,1171,0x00926000,9592832
002205,0x004147b0,1172,0x00928000,9601024
002206,0x004147c0,1173,0x0092a000,9609216
002207,0x004147d0,1174,0x0092c000,9617408
002208,0x004147e0,1175,0x0092e000,9625600
002209,0x004147f0,1176,0x00930000,9633792
002210,0x00414800,1177,0x00932000,9641984
002211,0x00414810,1178,0x00934000,9650176
002212,0x00414820,1179,0x00936000,9658368
002213,0x00414830,1180,0x00938000,9666560
002214,0x00414840,1181,0x0093a000,9674752
002215,0x00414850,1182,0x0093c000,9682944
002216,0x00414860,1183,0x0093e000,9691136
002217,0x00414870,1184,0x00940000,9699328
002218,0x00414880,1185,0x00942000,9707520
002219,0x00414890,1186,0x00944000,9715712
002221,0x004148a0,1187,0x00946000,9723904
002222,0x004148b0,1188,0x00948000,9732096
002223,0x004148c0,1189,0x0094a000,9740288
002224,0x004148d0,1190,0x0094c000,9748480
002225,0x004148e0,1191,0x0094e000,9756672
002226,0x004148f0,1192,0x00950000,9764864
002227,0x00414900,1193,0x00952000,9773056
002228,0x00414910,1194,0x00954000,9781248
002229,0x00414920,1195,0x00956000,9789440
002230,0x00414930,1196,0x00958000,9797632
002231,0x00414940,1197,0x0095a000,9805824
002232,0x00414950,1198,0x0095c000,9814016
002233,0x00414960,1199,0x0095e000,9822208
002234,0x00414970,1200,0x00960000,9830400
002235,0x00414980,1201,0x00962000,9838592
002236,0x00414990,1202,0x00964000,9846784
002237,0x004149a0,1203,0x00966000,9854976
002238,0x004149b0,1204,0x00968000,9863168
002239,0x004149c0,1205,0x0096a000,9871360
002240,0x004149d0,1206,0x0096c000,9879552
002241,0x004149e0,1207,0x0096e000,9887744
002242,0x004149f0,1208,0x00970000,9895936
002243,0x00414a00,1209,0x00972000,9904128
002244,0x00414a10,1210,0x00974000,9912320
002245,0x00414a20,1211,0x00976000,9920512
002246,0x00414a30,1212,0x00978000,9928704
002247,0x00414a40,1213,0x0097a000,9936896
002248,0x00414a50,1214,0x0097c000,9945088
002249,0x00414a60,1215,0x0097e000,9953280
002250,0x00414a70,1216,0x00980000,9961472
002251,0x00414a80,1217,0x00982000,9969664
002252,0x00414a90,1218,0x00984000,9977856
002253,0x00414aa0,1219,0x00986000,9986048
002254,0x00414ab0,1220,0x00988000,9994240
002255,0x00414ac0,1221,0x0098a000,10002432
002256,0x00414ad0,1222,0x0098c000,10010624
002258,0x00414ae0,1223,0x0098e000,10018816
002259,0x00414af0,1224,0x00990000,10027008
002261,0x00414b00,1225,0x00992000,10035200
002262,0x00414b10,1226,0x00994000,10043392
002263,0x00414b20,1227,0x00996000,10051584
002264,0x00414b30,1228,0x00998000,10059776
002265,0x00414b40,1229,0x0099a000,10067968
002266,0x00414b50,1230,0x0099c000,10076160
002267,0x00414b60,1231,0x0099e000,10084352
002268,0x00414b70,1232,0x009a0000,10092544
002269,0x00414b80,1233,0x009a2000,10100736
002270,0x00414b90,1234,0x009a4000,10108928
002271,0x00414ba0,1235,0x009a6000,10117120
002272,0x00414bb0,1236,0x009a8000,10125312
002273,0x00414bc0,1237,0x009aa000,10133504
002274,0x00414bd0,1238,0x009ac000,10141696
002275,0x00414be0,1239,0x009ae000,10149888
002276,0x00414bf0,1240,0x009b0000,10158080
002277,0x00414c00,1241,0x009b2000,10166272
002278,0x00414c10,1242,0x009b4000,10174464
002279,0x00414c20,1243,0x009b6000,10182656
002281,0x00414c30,1244,0x009b8000,10190848
002282,0x00414c40,1245,0x009ba000,10199040
002283,0x00414c50,1246,0x009bc000,10207232
002284,0x00414c60,1247,0x009be000,10215424
002285,0x00414c70,1248,0x009c0000,10223616
002286,0x00414c80,1249,0x009c2000,10231808
002287,0x00414c90,1250,0x009c4000,10240000
002289,0x00414ca0,1251,0x009c6000,10248192
002290,0x00414cb0,1252,0x009c8000,10256384
002291,0x00414cc0,1253,0x009ca000,10264576
002292,0x00414cd0,1254,0x009cc000,10272768
002293,0x00414ce0,1255,0x009ce000,10280960
002294,0x00414cf0,1256,0x009d0000,10289152
002295,0x00414d00,1257,0x009d2000,10297344
002296,0x00414d10,1258,0x009d4000,10305536
002297,0x00414d20,1259,0x009d6000,10313728
002298,0x00414d30,1260,0x009d8000,10321920
002299,0x00414d40,1261,0x009da000,10330112
002300,0x00414d50,1262,0x009dc000,10338304
002301,0x00414d60,1263,0x009de000,10346496
002302,0x00414d70,1264,0x009e0000,10354688
002303,0x00414d80,1265,0x009e2000,10362880
002304,0x00414d90,1266,0x009e4000,10371072
002305,0x00414da0,1267,0x009e6000,10379264
002306,0x00414db0,1268,0x009e8000,10387456
002307,0x00414dc0,1269,0x009ea000,10395648
002309,0x00414dd0,1270,0x009ec000,10403840
002310,0x00414de0,1271,0x009ee000,10412032
002311,0x00414df0,1272,0x009f0000,10420224
002312,0x00414e00,1273,0x009f2000,10428416
002313,0x00414e10,1274,0x009f4000,10436608
002314,0x00414e20,1275,0x009f6000,10444800
002315,0x00414e30,1276,0x009f8000,10452992
002316,0x00414e40,1277,0x009fa000,10461184
002317,0x00414e50,1278,0x009fc000,10469376
002318,0x00414e60,1279,0x009fe000,10477568
002319,0x00414e70,1280,0x00a00000,10485760
002320,0x00414e80,1281,0x00a02000,10493952
002321,0x00414e90,1282,0x00a04000,10502144
002322,0x00414ea0,1283,0x00a06000,10510336
002323,0x00414eb0,1284,0x00a08000,10518528
002324,0x00414ec0,1285,0x00a0a000,10526720
002326,0x00414ed0,1286,0x00a0c000,10534912
002327,0x00414ee0,1287,0x00a0e000,10543104
002328,0x00414ef0,1288,0x00a10000,10551296
002329,0x00414f00,1289,0x00a12000,10559488
002330,0x00414f10,1290,0x00a14000,10567680
002331,0x00414f20,1291,0x00a16000,10575872
002332,0x00414f30,1292,0x00a18000,10584064
002333,0x00414f40,1293,0x00a1a000,10592256
002334,0x00414f50,1294,0x00a1c000,10600448
002335,0x00414f60,1295,0x00a1e000,10608640
002336,0x00414f70,1296,0x00a20000,10616832
002337,0x00414f80,1297,0x00a22000,10625024
002338,0x00414f90,1298,0x00a24000,10633216
002339,0x00414fa0,1299,0x00a26000,10641408
002340,0x00414fb0,1300,0x00a28000,10649600
002342,0x00414fc0,1301,0x00a2a000,10657792
002343,0x00414fd0,1302,0x00a2c000,10665984
002344,0x00414fe0,1303,0x00a2e000,10674176
002345,0x00414ff0,1304,0x00a30000,10682368
002462,0x00424000,1389,0x00ada000,11378688
300045,0x00424010,3132,0x01878000,25657344
002463,0x00424080,1390,0x00adc000,11386880
160140,0x00424090,2810,0x015f4000,23019520
300046,0x004240a0,3133,0x0187a000,25665536
300047,0x00424100,3134,0x0187c000,25673728
002465,0x00424180,1391,0x00ade000,11395072
160142,0x00424190,2811,0x015f6000,23027712
300048,0x004241a0,3135,0x0187e000,25681920
002466,0x00424200,1392,0x00ae0000,11403264
160143,0x00424210,2812,0x015f8000,23035904
300049,0x00424220,3136,0x01880000,25690112
002467,0x00424280,1393,0x00ae2000,11411456
002468,0x00424300,1394,0x00ae4000,11419648
002469,0x00424380,1395,0x00ae6000,11427840
159830,0x00424480,2678,0x014ec000,21938176
159831,0x00424500,2679,0x014ee000,21946368
159834,0x00424680,2680,0x014f0000,21954560
159835,0x00424700,2681,0x014f2000,21962752
301130,0x00424710,4155,0x02076000,34037760
159836,0x00424780,2682,0x014f4000,21970944
301131,0x00424790,4156,0x02078000,34045952
159837,0x00424800,2683,0x014f6000,21979136
300320,0x00424810,3389,0x01a7a000,27762688
301132,0x00424820,4157,0x0207a000,34054144
000848,0x00424880,693,0x0056a000,5677056
159838,0x00424890,2684,0x014f8000,21987328
300321,0x004248a0,3390,0x01a7c000,27770880
301133,0x004248b0,4158,0x0207c000,34062336
159790,0x00424900,2649,0x014b2000,21700608
159839,0x00424910,2685,0x014fa000,21995520
300322,0x00424920,3391,0x01a7e000,27779072
159791,0x00424980,2650,0x014b4000,21708800
300323,0x00424990,3392,0x01a80000,27787264
301135,0x004249a0,4159,0x0207e000,34070528
002741,0x00424a00,1644,0x00cd8000,13467648
159792,0x00424a10,2651,0x014b6000,21716992
300324,0x00424a20,3393,0x01a82000,27795456
301136,0x00424a30,4160,0x02080000,34078720
002742,0x00424a80,1645,0x00cda000,13475840
159793,0x00424a90,2652,0x014b8000,21725184
301137,0x00424aa0,4161,0x02082000,34086912
002743,0x00424b00,1646,0x00cdc000,13484032
161232,0x00424b10,2937,0x016f2000,24059904
300326,0x00424b20,3394,0x01a84000,27803648
301138,0x00424b30,4162,0x02084000,34095104
159795,0x00424b80,2653,0x014ba000,21733376
160421,0x00424b90,2832,0x01620000,23199744
161233,0x00424ba0,2938,0x016f4000,24068096
300327,0x00424bb0,3395,0x01a86000,27811840
301090,0x00424bc0,4119,0x0202e000,33742848
301139,0x00424bd0,4163,0x02086000,34103296
002745,0x00424c00,1647,0x00cde000,13492224
159796,0x00424c10,2654,0x014bc000,21741568
300328,0x00424c20,3396,0x01a88000,27820032
301091,0x00424c30,4120,0x02030000,33751040
002746,0x00424c80,1648,0x00ce0000,13500416
159797,0x00424c90,2655,0x014be000,21749760
300280,0x00424ca0,3353,0x01a32000,27467776
300329,0x00424cb0,3397,0x01a8a000,27828224
301092,0x00424cc0,4121,0x02032000,33759232
002747,0x00424d00,1649,0x00ce2000,13508608
159798,0x00424d10,2656,0x014c0000,21757952
300281,0x00424d20,3354,0x01a34000,27475968
301093,0x00424d30,4122,0x02034000,33767424
002748,0x00424d80,1650,0x00ce4000,13516800
002749,0x00424e00,1651,0x00ce6000,13524992
123220,0x00424e10,1980,0x00f78000,16220160
300283,0x00424e20,3355,0x01a36000,27484160
301095,0x00424e30,4123,0x02036000,33775616
300284,0x00424e80,3356,0x01a38000,27492352
301096,0x00424e90,4124,0x02038000,33783808
980092,0x00424f00,369,0x002e2000,3022848
123222,0x00424f10,1981,0x00f7a000,16228352
300285,0x00424f20,3357,0x01a3a000,27500544
301097,0x00424f30,4125,0x0203a000,33792000
123223,0x00424f80,1982,0x00f7c000,16236544
300286,0x00424f90,3358,0x01a3c000,27508736
301098,0x00424fa0,4126,0x0203c000,33800192
123224,0x00425000,1983,0x00f7e000,16244736
300287,0x00425010,3359,0x01a3e000,27516928
301099,0x00425020,4127,0x0203e000,33808384
123225,0x00425080,1984,0x00f80000,16252928
300288,0x00425090,3360,0x01a40000,27525120
300289,0x00425100,3361,0x01a42000,27533312
123180,0x00425280,1963,0x00f56000,16080896
123229,0x00425290,1985,0x00f82000,16261120
300600,0x004252a0,3654,0x01c8c000,29933568
300601,0x00425300,3655,0x01c8e000,29941760
301413,0x00425310,4374,0x0222c000,35831808
300602,0x00425380,3656,0x01c90000,29949952
123183,0x00425400,1964,0x00f58000,16089088
300603,0x00425410,3657,0x01c92000,29958144
300604,0x00425480,3658,0x01c94000,29966336
300605,0x00425500,3659,0x01c96000,29974528
001896,0x00425580,911,0x0071e000,7462912
300606,0x00425590,3660,0x01c98000,29982720
301418,0x004255a0,4375,0x0222e000,35840000
123187,0x00425600,1965,0x00f5a000,16097280
300607,0x00425610,3661,0x01c9a000,29990912
301370,0x00425620,4348,0x021f8000,35618816
301419,0x00425630,4376,0x02230000,35848192
300608,0x00425680,3662,0x01c9c000,29999104
301371,0x00425690,4349,0x021fa000,35627008
123189,0x00425700,1966,0x00f5c000,16105472
300560,0x00425710,3615,0x01c3e000,29614080
300609,0x00425720,3663,0x01c9e000,30007296
301372,0x00425730,4350,0x021fc000,35635200
300561,0x00425780,3616,0x01c40000,29622272
301373,0x00425790,4351,0x021fe000,35643392
300562,0x00425800,3617,0x01c42000,29630464
002980,0x00425880,1859,0x00e86000,15228928
160706,0x00425890,2868,0x01668000,23494656
300563,0x004258a0,3618,0x01c44000,29638656
002981,0x00425900,1860,0x00e88000,15237120
300564,0x00425910,3619,0x01c46000,29646848
301376,0x00425920,4352,0x02200000,35651584
002982,0x00425980,1861,0x00e8a000,15245312
300565,0x00425990,3620,0x01c48000,29655040
301377,0x004259a0,4353,0x02202000,35659776
002983,0x00425a00,1862,0x00e8c000,15253504
300566,0x00425a10,3621,0x01c4a000,29663232
301378,0x00425a20,4354,0x02204000,35667968
002984,0x00425a80,1863,0x00e8e000,15261696
300567,0x00425a90,3622,0x01c4c000,29671424
301379,0x00425aa0,4355,0x02206000,35676160
200512,0x00425b00,936,0x00750000,7667712
002985,0x00425b10,1864,0x00e90000,15269888
300568,0x00425b20,3623,0x01c4e000,29679616
002986,0x00425b80,1865,0x00e92000,15278080
300569,0x00425b90,3624,0x01c50000,29687808
002987,0x00425c00,1866,0x00e94000,15286272
002988,0x00425c80,1867,0x00e96000,15294464
002989,0x00425d00,1868,0x00e98000,15302656
163412,0x00425e00,3008,0x01780000,24641536
399410,0x00425e80,170,0x00154000,1392640
399411,0x00425f00,171,0x00156000,1400832
399412,0x00425f80,172,0x00158000,1409024
163415,0x00425f90,3009,0x01782000,24649728
399413,0x00426000,173,0x0015a000,1417216
162605,0x00426080,2982,0x0174c000,24428544
163417,0x00426090,3010,0x01784000,24657920
399415,0x00426100,174,0x0015c000,1425408
163418,0x00426110,3011,0x01786000,24666112
399416,0x00426180,175,0x0015e000,1433600
127025,0x00426190,2021,0x00fca000,16556032
162607,0x004261a0,2983,0x0174e000,24436736
300840,0x004261b0,3883,0x01e56000,31809536
399417,0x00426200,176,0x00160000,1441792
000050,0x00426210,409,0x00332000,3350528
159040,0x00426220,2120,0x01090000,17367040
300841,0x00426230,3884,0x01e58000,31817728
399418,0x00426280,177,0x00162000,1449984
127027,0x00426290,2022,0x00fcc000,16564224
159041,0x004262a0,2121,0x01092000,17375232
300842,0x004262b0,3885,0x01e5a000,31825920
399370,0x00426300,131,0x00106000,1073152
399419,0x00426310,178,0x00164000,1458176
159042,0x00426320,2122,0x01094000,17383424
300843,0x00426330,3886,0x01e5c000,31834112
301655,0x00426340,4484,0x02308000,36732928
399371,0x00426380,132,0x00108000,1081344
159043,0x00426390,2123,0x01096000,17391616
300844,0x004263a0,3887,0x01e5e000,31842304
301656,0x004263b0,4485,0x0230a000,36741120
399372,0x00426400,133,0x0010a000,1089536
300845,0x00426410,3888,0x01e60000,31850496
399373,0x00426480,134,0x0010c000,1097728
000055,0x00426490,410,0x00334000,3358720
159045,0x004264a0,2124,0x01098000,17399808
300846,0x004264b0,3889,0x01e62000,31858688
301658,0x004264c0,4486,0x0230c000,36749312
399374,0x00426500,135,0x0010e000,1105920
000056,0x00426510,411,0x00336000,3366912
159046,0x00426520,2125,0x0109a000,17408000
300847,0x00426530,3890,0x01e64000,31866880
399375,0x00426580,136,0x00110000,1114112
300848,0x00426590,3891,0x01e66000,31875072
399376,0x00426600,137,0x00112000,1122304
000058,0x00426610,412,0x00338000,3375104
159048,0x00426620,2126,0x0109c000,17416192
165311,0x00426630,3035,0x017b6000,24862720
300849,0x00426640,3892,0x01e68000,31883264
399377,0x00426680,138,0x00114000,1130496
000059,0x00426690,413,0x0033a000,3383296
159049,0x004266a0,2127,0x0109e000,17424384
399378,0x00426700,139,0x00116000,1138688
165313,0x00426710,3036,0x017b8000,24870912
399379,0x00426780,140,0x00118000,1146880
164508,0x00426a80,3022,0x0179c000,24756224
164509,0x00426b00,3023,0x0179e000,24764416
166401,0x00426c00,3063,0x017ee000,25092096
159320,0x00426c80,2356,0x01268000,19300352
159321,0x00426d00,2357,0x0126a000,19308544
399650,0x00426d80,248,0x001f0000,2031616
159322,0x00426d90,2358,0x0126c000,19316736
399651,0x00426e00,249,0x001f2000,2039808
000333,0x00426e10,439,0x0036e000,3596288
159323,0x00426e20,2359,0x0126e000,19324928
399652,0x00426e80,250,0x001f4000,2048000
399653,0x00426f00,251,0x001f6000,2056192
159325,0x00426f10,2360,0x01270000,19333120
399654,0x00426f80,252,0x001f8000,2064384
159326,0x00426f90,2361,0x01272000,19341312
399655,0x00427000,253,0x001fa000,2072576
159327,0x00427010,2362,0x01274000,19349504
399656,0x00427080,254,0x001fc000,2080768
000338,0x00427090,440,0x00370000,3604480
003040,0x004270a0,1915,0x00ef6000,15687680
159328,0x004270b0,2363,0x01276000,19357696
399657,0x00427100,255,0x001fe000,2088960
003041,0x00427110,1916,0x00ef8000,15695872
159280,0x00427120,2325,0x0122a000,19046400
159329,0x00427130,2364,0x01278000,19365888
399658,0x00427180,256,0x00200000,2097152
002230,0x00427190,1171,0x00926000,9592832
003042,0x004271a0,1917,0x00efa000,15704064
159281,0x004271b0,2326,0x0122c000,19054592
399659,0x00427200,257,0x00202000,2105344
002231,0x00427210,1172,0x00928000,9601024
003043,0x00427220,1918,0x00efc000,15712256
002232,0x00427280,1173,0x0092a000,9609216
159283,0x00427290,2327,0x0122e000,19062784
002233,0x00427300,1174,0x0092c000,9617408
002234,0x00427380,1175,0x0092e000,9625600
159285,0x00427390,2328,0x01230000,19070976
002235,0x00427400,1176,0x00930000,9633792
159286,0x00427410,2329,0x01232000,19079168
002236,0x00427480,1177,0x00932000,9641984
159287,0x00427490,2330,0x01234000,19087360
168301,0x004274a0,3079,0x0180e000,25223168
002237,0x00427500,1178,0x00934000,9650176
159288,0x00427510,2331,0x01236000,19095552
002238,0x00427580,1179,0x00936000,9658368
159289,0x00427590,2332,0x01238000,19103744
002190,0x00427600,1132,0x008d8000,9273344
002239,0x00427610,1180,0x00938000,9666560
970070,0x00427680,354,0x002c4000,2899968
002191,0x00427690,1133,0x008da000,9281536
000610,0x00427700,546,0x00444000,4472832
002192,0x00427710,1134,0x008dc000,9289728
159600,0x00427720,2503,0x0138e000,20504576
002193,0x00427780,1135,0x008de000,9297920
159601,0x00427790,2504,0x01390000,20512768
000612,0x00427800,547,0x00446000,4481024
002194,0x00427810,1136,0x008e0000,9306112
159602,0x00427820,2505,0x01392000,20520960
002195,0x00427880,1137,0x008e2000,9314304
159603,0x00427890,2506,0x01394000,20529152
399932,0x00427900,325,0x0028a000,2662400
200992,0x00427910,953,0x00772000,7806976
002196,0x00427920,1138,0x008e4000,9322496
399933,0x00427980,326,0x0028c000,2670592
000615,0x00427990,548,0x00448000,4489216
002197,0x004279a0,1139,0x008e6000,9330688
159605,0x004279b0,2507,0x01396000,20537344
399934,0x00427a00,327,0x0028e000,2678784
002198,0x00427a10,1140,0x008e8000,9338880
159606,0x00427a20,2508,0x01398000,20545536
399935,0x00427a80,328,0x00290000,2686976
000617,0x00427a90,549,0x0044a000,4497408
001380,0x00427aa0,896,0x00700000,7340032
002199,0x00427ab0,1141,0x008ea000,9347072
159607,0x00427ac0,2509,0x0139a000,20553728
159608,0x00427b00,2510,0x0139c000,20561920
000570,0x00427b80,520,0x00410000,4259840
000619,0x00427b90,550,0x0044c000,4505600
001382,0x00427ba0,897,0x00702000,7348224
159560,0x00427bb0,2471,0x0134e000,20242432
159609,0x00427bc0,2511,0x0139e000,20570112
000571,0x00427c00,521,0x00412000,4268032
002510,0x00427c10,1428,0x00b28000,11698176
159561,0x00427c20,2472,0x01350000,20250624
000572,0x00427c80,522,0x00414000,4276224
002511,0x00427c90,1429,0x00b2a000,11706368
159562,0x00427ca0,2473,0x01352000,20258816
000573,0x00427d00,523,0x00416000,4284416
002512,0x00427d10,1430,0x00b2c000,11714560
159563,0x00427d20,2474,0x01354000,20267008
001386,0x00427d80,898,0x00704000,7356416
002513,0x00427d90,1431,0x00b2e000,11722752
001387,0x00427e00,899,0x00706000,7364608
002514,0x00427e10,1432,0x00b30000,11730944
159565,0x00427e20,2475,0x01356000,20275200
000576,0x00427e80,524,0x00418000,4292608
001388,0x00427e90,900,0x00708000,7372800
002515,0x00427ea0,1433,0x00b32000,11739136
159566,0x00427eb0,2476,0x01358000,20283392
001389,0x00427f00,901,0x0070a000,7380992
002516,0x00427f10,1434,0x00b34000,11747328
159567,0x00427f20,2477,0x0135a000,20291584
161005,0x00427f30,2888,0x01690000,23658496
300050,0x00427f40,3137,0x01882000,25698304
002517,0x00427f80,1435,0x00b36000,11755520
159568,0x00427f90,2478,0x0135c000,20299776
300051,0x00427fa0,3138,0x01884000,25706496
002346,0x00519000,1306,0x00a34000,10698752
002347,0x00519010,1307,0x00a36000,10706944
002348,0x00519020,1308,0x00a38000,10715136
002349,0x00519030,1309,0x00a3a000,10723328
002350,0x00519040,1310,0x00a3c000,10731520
002351,0x00519050,1311,0x00a3e000,10739712
002352,0x00519060,1312,0x00a40000,10747904
002353,0x00519070,1313,0x00a42000,10756096
002354,0x00519080,1314,0x00a44000,10764288
002355,0x00519090,1315,0x00a46000,10772480
002356,0x005190a0,1316,0x00a48000,10780672
002357,0x005190b0,1317,0x00a4a000,10788864
002358,0x005190c0,1318,0x00a4c000,10797056
002360,0x005190d0,1319,0x00a4e000,10805248
002361,0x005190e0,1320,0x00a50000,10813440
002362,0x005190f0,1321,0x00a52000,10821632
002363,0x00519100,1322,0x00a54000,10829824
002364,0x00519110,1323,0x00a56000,10838016
002365,0x00519120,1324,0x00a58000,10846208
002366,0x00519130,1325,0x00a5a000,10854400
002367,0x00519140,1326,0x00a5c000,10862592
002368,0x00519150,1327,0x00a5e000,10870784
002369,0x00519160,1328,0x00a60000,10878976
002370,0x00519170,1329,0x00a62000,10887168
002371,0x00519180,1330,0x00a64000,10895360
002372,0x00519190,1331,0x00a66000,10903552
002373,0x005191a0,1332,0x00a68000,10911744
002374,0x005191b0,1333,0x00a6a000,10919936
002375,0x005191c0,1334,0x00a6c000,10928128
002376,0x005191d0,1335,0x00a6e000,10936320
002377,0x005191e0,1336,0x00a70000,10944512
002378,0x005191f0,1337,0x00a72000,10952704
002379,0x00519200,1338,0x00a74000,10960896
002380,0x00519210,1339,0x00a76000,10969088
002381,0x00519220,1340,0x00a78000,10977280
002382,0x00519230,1341,0x00a7a000,10985472
002383,0x00519240,1342,0x00a7c000,10993664
002384,0x00519250,1343,0x00a7e000,11001856
002385,0x00519260,1344,0x00a80000,11010048
002386,0x00519270,1345,0x00a82000,11018240
002387,0x00519280,1346,0x00a84000,11026432
002388,0x00519290,1347,0x00a86000,11034624
002389,0x005192a0,1348,0x00a88000,11042816
002390,0x005192b0,1349,0x00a8a000,11051008
002391,0x005192c0,1350,0x00a8c000,11059200
002392,0x005192d0,1352,0x00a90000,11075584
002393,0x005192e0,1353,0x00a92000,11083776
002394,0x005192f0,1354,0x00a94000,11091968
002395,0x00519300,1355,0x00a96000,11100160
002396,0x00519310,1356,0x00a98000,11108352
002397,0x00519320,1357,0x00a9a000,11116544
002398,0x00519330,1358,0x00a9c000,11124736
002399,0x00519340,1359,0x00a9e000,11132928
002400,0x00519350,1360,0x00aa0000,11141120
002401,0x00519360,1361,0x00aa2000,11149312
002402,0x00519370,1362,0x00aa4000,11157504
002403,0x00519380,1363,0x00aa6000,11165696
002404,0x00519390,1364,0x00aa8000,11173888
002405,0x005193a0,1365,0x00aaa000,11182080
002406,0x005193b0,1366,0x00aac000,11190272
002407,0x005193c0,1367,0x00aae000,11198464
002408,0x005193d0,1368,0x00ab0000,11206656
002409,0x005193e0,1369,0x00ab2000,11214848
002410,0x005193f0,1370,0x00ab4000,11223040
002412,0x00519400,1371,0x00ab6000,11231232
002413,0x00519410,1372,0x00ab8000,11239424
002414,0x00519420,1373,0x00aba000,11247616
002415,0x00519430,1374,0x00abc000,11255808
002416,0x00519440,1375,0x00abe000,11264000
002418,0x00519450,1376,0x00ac0000,11272192
002419,0x00519460,1377,0x00ac2000,11280384
002420,0x00519470,1378,0x00ac4000,11288576
002421,0x00519480,1379,0x00ac6000,11296768
002422,0x00519490,1380,0x00ac8000,11304960
002423,0x005194a0,1381,0x00aca000,11313152
002424,0x005194b0,1382,0x00acc000,11321344
002425,0x005194c0,1383,0x00ace000,11329536
002426,0x005194d0,1384,0x00ad0000,11337728
002427,0x005194e0,1385,0x00ad2000,11345920
002428,0x005194f0,1386,0x00ad4000,11354112
002429,0x00519500,1387,0x00ad6000,11362304
002430,0x00519510,1388,0x00ad8000,11370496
002431,0x00519520,1389,0x00ada000,11378688
002432,0x00519530,1390,0x00adc000,11386880
002434,0x00519540,1391,0x00ade000,11395072
002436,0x00519550,1392,0x00ae0000,11403264
002437,0x00519560,1393,0x00ae2000,11411456
002438,0x00519570,1394,0x00ae4000,11419648
002439,0x00519580,1395,0x00ae6000,11427840
002440,0x00519590,1396,0x00ae8000,11436032
002441,0x005195a0,1397,0x00aea000,11444224
002442,0x005195b0,1398,0x00aec000,11452416
002443,0x005195c0,1399,0x00aee000,11460608
002444,0x005195d0,1400,0x00af0000,11468800
002445,0x005195e0,1401,0x00af2000,11476992
002446,0x005195f0,1402,0x00af4000,11485184
002448,0x00519600,1403,0x00af6000,11493376
002449,0x00519610,1404,0x00af8000,11501568
002451,0x00519620,1405,0x00afa000,11509760
002452,0x00519630,1406,0x00afc000,11517952
002453,0x00519640,1407,0x00afe000,11526144
002454,0x00519650,1408,0x00b00000,11534336
002455,0x00519660,1409,0x00b02000,11542528
002456,0x00519670,1410,0x00b04000,11550720
002457,0x00519680,1411,0x00b06000,11558912
002458,0x00519690,1412,0x00b08000,11567104
002459,0x005196a0,1413,0x00b0a000,11575296
002460,0x005196b0,1414,0x00b0c000,11583488
002461,0x005196c0,1415,0x00b0e000,11591680
002462,0x005196d0,1416,0x00b10000,11599872
002463,0x005196e0,1417,0x00b12000,11608064
002465,0x005196f0,1418,0x00b14000,11616256
002466,0x00519700,1419,0x00b16000,11624448
002467,0x00519710,1420,0x00b18000,11632640
002468,0x00519720,1421,0x00b1a000,11640832
002469,0x00519730,1422,0x00b1c000,11649024
002470,0x00519740,1423,0x00b1e000,11657216
002471,0x00519750,1424,0x00b20000,11665408
002472,0x00519760,1425,0x00b22000,11673600
002474,0x00519770,1426,0x00b24000,11681792
002475,0x00519780,1427,0x00b26000,11689984
002476,0x00519790,1428,0x00b28000,11698176
002478,0x005197a0,1429,0x00b2a000,11706368
002479,0x005197b0,1430,0x00b2c000,11714560
002480,0x005197c0,1431,0x00b2e000,11722752
002481,0x005197d0,1432,0x00b30000,11730944
002482,0x005197e0,1433,0x00b32000,11739136
002483,0x005197f0,1434,0x00b34000,11747328
002484,0x00519800,1435,0x00b36000,11755520
002485,0x00519810,1436,0x00b38000,11763712
002486,0x00519820,1437,0x00b3a000,11771904
002487,0x00519830,1438,0x00b3c000,11780096
002488,0x00519840,1439,0x00b3e000,11788288
002489,0x00519850,1440,0x00b40000,11796480
002490,0x00519860,1441,0x00b42000,11804672
002491,0x00519870,1442,0x00b44000,11812864
002492,0x00519880,1443,0x00b46000,11821056
002493,0x00519890,1444,0x00b48000,11829248
002494,0x005198a0,1445,0x00b4a000,11837440
002495,0x005198b0,1446,0x00b4c000,11845632
002496,0x005198c0,1447,0x00b4e000,11853824
002497,0x005198d0,1448,0x00b50000,11862016
002498,0x005198e0,1449,0x00b52000,11870208
002500,0x005198f0,1450,0x00b54000,11878400
002501,0x00519900,1451,0x00b56000,11886592
002506,0x00519910,1452,0x00b58000,11894784
002507,0x00519920,1453,0x00b5a000,11902976
002508,0x00519930,1454,0x00b5c000,11911168
002510,0x00519940,1455,0x00b5e000,11919360
002511,0x00519950,1456,0x00b60000,11927552
002512,0x00519960,1457,0x00b62000,11935744
002513,0x00519970,1458,0x00b64000,11943936
002514,0x00519980,1459,0x00b66000,11952128
002515,0x00519990,1460,0x00b68000,11960320
002516,0x005199a0,1461,0x00b6a000,11968512
002517,0x005199b0,1462,0x00b6c000,11976704
002518,0x005199c0,1463,0x00b6e000,11984896
002519,0x005199d0,1464,0x00b70000,11993088
002520,0x005199e0,1465,0x00b72000,12001280
002521,0x005199f0,1466,0x00b74000,12009472
002522,0x00519a00,1467,0x00b76000,12017664
002523,0x00519a10,1468,0x00b78000,12025856
002524,0x00519a20,1469,0x00b7a000,12034048
002526,0x00519a30,1470,0x00b7c000,12042240
002527,0x00519a40,1471,0x00b7e000,12050432
002528,0x00519a50,1472,0x00b80000,12058624
002529,0x00519a60,1473,0x00b82000,12066816
002530,0x00519a70,1474,0x00b84000,12075008
002531,0x00519a80,1475,0x00b86000,12083200
002532,0x00519a90,1476,0x00b88000,12091392
002533,0x00519aa0,1477,0x00b8a000,12099584
002534,0x00519ab0,1478,0x00b8c000,12107776
002535,0x00519ac0,1479,0x00b8e000,12115968
002536,0x00519ad0,1480,0x00b90000,12124160
002537,0x00519ae0,1481,0x00b92000,12132352
002538,0x00519af0,1482,0x00b94000,12140544
002539,0x00519b00,1483,0x00b96000,12148736
002540,0x00519b10,1484,0x00b98000,12156928
002541,0x00519b20,1485,0x00b9a000,12165120
002542,0x00519b30,1486,0x00b9c000,12173312
002543,0x00519b40,1487,0x00b9e000,12181504
002544,0x00519b50,1488,0x00ba0000,12189696
002545,0x00519b60,1489,0x00ba2000,12197888
002546,0x00519b70,1490,0x00ba4000,12206080
002547,0x00519b80,1491,0x00ba6000,12214272
002548,0x00519b90,1492,0x00ba8000,12222464
002549,0x00519ba0,1493,0x00baa000,12230656
002550,0x00519bb0,1494,0x00bac000,12238848
002551,0x00519bc0,1495,0x00bae000,12247040
002552,0x00519bd0,1496,0x00bb0000,12255232
002553,0x00519be0,1497,0x00bb2000,12263424
002554,0x00519bf0,1498,0x00bb4000,12271616
002555,0x00519c00,1499,0x00bb6000,12279808
002556,0x00519c10,1500,0x00bb8000,12288000
002557,0x00519c20,1501,0x00bba000,12296192
002558,0x00519c30,1502,0x00bbc000,12304384
002559,0x00519c40,1503,0x00bbe000,12312576
002560,0x00519c50,1504,0x00bc0000,12320768
002561,0x00519c60,1505,0x00bc2000,12328960
002562,0x00519c70,1506,0x00bc4000,12337152
002563,0x00519c80,1507,0x00bc6000,12345344
002564,0x00519c90,1508,0x00bc8000,12353536
002565,0x00519ca0,1509,0x00bca000,12361728
002566,0x00519cb0,1510,0x00bcc000,12369920
002567,0x00519cc0,1511,0x00bce000,12378112
002568,0x00519cd0,1512,0x00bd0000,12386304
002569,0x00519ce0,1513,0x00bd2000,12394496
002570,0x00519cf0,1514,0x00bd4000,12402688
002571,0x00519d00,1515,0x00bd6000,12410880
002572,0x00519d10,1516,0x00bd8000,12419072
002573,0x00519d20,1517,0x00bda000,12427264
002574,0x00519d30,1518,0x00bdc000,12435456
002575,0x00519d40,1519,0x00bde000,12443648
002576,0x00519d50,1520,0x00be0000,12451840
002577,0x00519d60,1521,0x00be2000,12460032
002578,0x00519d70,1522,0x00be4000,12468224
002579,0x00519d80,1523,0x00be6000,12476416
002580,0x00519d90,1524,0x00be8000,12484608
002581,0x00519da0,1525,0x00bea000,12492800
002582,0x00519db0,1526,0x00bec000,12500992
002583,0x00519dc0,1527,0x00bee000,12509184
002584,0x00519dd0,1528,0x00bf0000,12517376
002585,0x00519de0,1529,0x00bf2000,12525568
002586,0x00519df0,1530,0x00bf4000,12533760
002587,0x00519e00,1531,0x00bf6000,12541952
002588,0x00519e10,1532,0x00bf8000,12550144
002589,0x00519e20,1533,0x00bfa000,12558336
002590,0x00519e30,1534,0x00bfc000,12566528
002591,0x00519e40,1535,0x00bfe000,12574720
002592,0x00519e50,1536,0x00c00000,12582912
002593,0x00519e60,1537,0x00c02000,12591104
002594,0x00519e70,1538,0x00c04000,12599296
002595,0x00519e80,1539,0x00c06000,12607488
002596,0x00519e90,1540,0x00c08000,12615680
002597,0x00519ea0,1541,0x00c0a000,12623872
002598,0x00519eb0,1542,0x00c0c000,12632064
002599,0x00519ec0,1543,0x00c0e000,12640256
002600,0x00519ed0,1544,0x00c10000,12648448
002601,0x00519ee0,1545,0x00c12000,12656640
002602,0x00519ef0,1546,0x00c14000,12664832
002603,0x00519f00,1547,0x00c16000,12673024
002605,0x00519f10,1548,0x00c18000,12681216
002606,0x00519f20,1549,0x00c1a000,12689408
002607,0x00519f30,1550,0x00c1c000,12697600
002608,0x00519f40,1551,0x00c1e000,12705792
002609,0x00519f50,1552,0x00c20000,12713984
002611,0x00519f60,1553,0x00c22000,12722176
002612,0x00519f70,1554,0x00c24000,12730368
002613,0x00519f80,1555,0x00c26000,12738560
002614,0x00519f90,1556,0x00c28000,12746752
002615,0x00519fa0,1557,0x00c2a000,12754944
002616,0x00519fb0,1558,0x00c2c000,12763136
002617,0x00519fc0,1559,0x00c2e000,12771328
002620,0x00519fd0,1560,0x00c30000,12779520
002622,0x00519fe0,1561,0x00c32000,12787712
002623,0x00519ff0,1562,0x00c34000,12795904
002518,0x00547000,1436,0x00b38000,11763712
159569,0x00547010,2479,0x0135e000,20307968
300052,0x00547020,3139,0x01886000,25714688
180801,0x00547030,4528,0x02360000,37093376
002470,0x00547080,1396,0x00ae8000,11436032
002519,0x00547090,1437,0x00b3a000,11771904
300053,0x005470a0,3140,0x01888000,25722880
002471,0x00547100,1397,0x00aea000,11444224
300054,0x00547110,3141,0x0188a000,25731072
002472,0x00547180,1398,0x00aec000,11452416
300055,0x00547190,3142,0x0188c000,25739264
300056,0x00547200,3143,0x0188e000,25747456
002474,0x00547280,1399,0x00aee000,11460608
300057,0x00547290,3144,0x01890000,25755648
002475,0x00547300,1400,0x00af0000,11468800
300058,0x00547310,3145,0x01892000,25763840
002476,0x00547380,1401,0x00af2000,11476992
300059,0x00547390,3146,0x01894000,25772032
002478,0x00547480,1402,0x00af4000,11485184
002479,0x00547500,1403,0x00af6000,11493376
000850,0x00547600,694,0x0056c000,5685248
159840,0x00547610,2686,0x014fc000,22003712
000851,0x00547680,695,0x0056e000,5693440
159841,0x00547690,2687,0x014fe000,22011904
000852,0x00547700,696,0x00570000,5701632
159842,0x00547710,2688,0x01500000,22020096
159843,0x00547780,2689,0x01502000,22028288
159845,0x00547880,2690,0x01504000,22036480
000856,0x00547900,697,0x00572000,5709824
301141,0x00547910,4164,0x02088000,34111488
159847,0x00547980,2691,0x01506000,22044672
000858,0x00547a00,698,0x00574000,5718016
159848,0x00547a10,2692,0x01508000,22052864
300331,0x00547a20,3398,0x01a8c000,27836416
000859,0x00547a80,699,0x00576000,5726208
159849,0x00547a90,2693,0x0150a000,22061056
300332,0x00547aa0,3399,0x01a8e000,27844608
002750,0x00547b00,1652,0x00ce8000,13533184
300333,0x00547b10,3400,0x01a90000,27852800
300334,0x00547b80,3401,0x01a92000,27860992
002752,0x00547c00,1653,0x00cea000,13541376
300335,0x00547c10,3402,0x01a94000,27869184
002753,0x00547c80,1654,0x00cec000,13549568
301148,0x00547c90,4165,0x0208a000,34119680
300337,0x00547d00,3403,0x01a96000,27877376
301149,0x00547d10,4166,0x0208c000,34127872
002755,0x00547d80,1655,0x00cee000,13557760
300338,0x00547d90,3404,0x01a98000,27885568
002756,0x00547e00,1656,0x00cf0000,13565952
300290,0x00547e10,3362,0x01a44000,27541504
300339,0x00547e20,3405,0x01a9a000,27893760
002757,0x00547e80,1657,0x00cf2000,13574144
300291,0x00547e90,3363,0x01a46000,27549696
002758,0x00547f00,1658,0x00cf4000,13582336
300292,0x00547f10,3364,0x01a48000,27557888
002759,0x00547f80,1659,0x00cf6000,13590528
300293,0x00547f90,3365,0x01a4a000,27566080
002624,0x0061b000,1564,0x00c38000,12812288
002625,0x0061b010,1565,0x00c3a000,12820480
002626,0x0061b020,1566,0x00c3c000,12828672
002627,0x0061b030,1567,0x00c3e000,12836864
002628,0x0061b040,1568,0x00c40000,12845056
002629,0x0061b050,1569,0x00c42000,12853248
002630,0x0061b060,1570,0x00c44000,12861440
002631,0x0061b070,1571,0x00c46000,12869632
002632,0x0061b080,1572,0x00c48000,12877824
002633,0x0061b090,1573,0x00c4a000,12886016
002634,0x0061b0a0,1574,0x00c4c000,12894208
002635,0x0061b0b0,1575,0x00c4e000,12902400
002636,0x0061b0c0,1576,0x00c50000,12910592
002637,0x0061b0d0,1577,0x00c52000,12918784
002638,0x0061b0e0,1578,0x00c54000,12926976
002639,0x0061b0f0,1579,0x00c56000,12935168
002640,0x0061b100,1580,0x00c58000,12943360
002641,0x0061b110,1581,0x00c5a000,12951552
002642,0x0061b120,1582,0x00c5c000,12959744
002643,0x0061b130,1583,0x00c5e000,12967936
002644,0x0061b140,1584,0x00c60000,12976128
002645,0x0061b150,1585,0x00c62000,12984320
002646,0x0061b160,1586,0x00c64000,12992512
002647,0x0061b170,1587,0x00c66000,13000704
002648,0x0061b180,1588,0x00c68000,13008896
002649,0x0061b190,1589,0x00c6a000,13017088
002650,0x0061b1a0,1590,0x00c6c000,13025280
002651,0x0061b1b0,1591,0x00c6e000,13033472
002652,0x0061b1c0,1592,0x00c70000,13041664
002653,0x0061b1d0,1593,0x00c72000,13049856
002654,0x0061b1e0,1594,0x00c74000,13058048
002655,0x0061b1f0,1595,0x00c76000,13066240
002656,0x0061b200,1596,0x00c78000,13074432
002657,0x0061b210,1597,0x00c7a000,13082624
002658,0x0061b220,1598,0x00c7c000,13090816
002659,0x0061b230,1599,0x00c7e000,13099008
002660,0x0061b240,1600,0x00c80000,13107200
002661,0x0061b250,1601,0x00c82000,13115392
002662,0x0061b260,1602,0x00c84000,13123584
002663,0x0061b270,1603,0x00c86000,13131776
002664,0x0061b280,1604,0x00c88000,13139968
002666,0x0061b290,1605,0x00c8a000,13148160
002667,0x0061b2a0,1606,0x00c8c000,13156352
002668,0x0061b2b0,1607,0x00c8e000,13164544
002669,0x0061b2c0,1608,0x00c90000,13172736
002670,0x0061b2d0,1609,0x00c92000,13180928
002671,0x0061b2e0,1610,0x00c94000,13189120
002672,0x0061b2f0,1611,0x00c96000,13197312
002673,0x0061b300,1612,0x00c98000,13205504
002674,0x0061b310,1613,0x00c9a000,13213696
002675,0x0061b320,1614,0x00c9c000,13221888
002676,0x0061b330,1615,0x00c9e000,13230080
002677,0x0061b340,1616,0x00ca0000,13238272
002678,0x0061b350,1617,0x00ca2000,13246464
002679,0x0061b360,1618,0x00ca4000,13254656
002681,0x0061b370,1619,0x00ca6000,13262848
002682,0x0061b380,1620,0x00ca8000,13271040
002683,0x0061b390,1621,0x00caa000,13279232
002685,0x0061b3a0,1622,0x00cac000,13287424
002686,0x0061b3b0,1623,0x00cae000,13295616
002687,0x0061b3c0,1624,0x00cb0000,13303808
002688,0x0061b3d0,1625,0x00cb2000,13312000
002689,0x0061b3e0,1626,0x00cb4000,13320192
002690,0x0061b3f0,1627,0x00cb6000,13328384
002691,0x0061b400,1628,0x00cb8000,13336576
002692,0x0061b410,1629,0x00cba000,13344768
002693,0x0061b420,1630,0x00cbc000,13352960
002694,0x0061b430,1631,0x00cbe000,13361152
002695,0x0061b440,1632,0x00cc0000,13369344
002696,0x0061b450,1633,0x00cc2000,13377536
002697,0x0061b460,1634,0x00cc4000,13385728
002698,0x0061b470,1635,0x00cc6000,13393920
002700,0x0061b480,1636,0x00cc8000,13402112
002701,0x0061b490,1637,0x00cca000,13410304
002702,0x0061b4a0,1638,0x00ccc000,13418496
002703,0x0061b4b0,1639,0x00cce000,13426688
002705,0x0061b4c0,1640,0x00cd0000,13434880
002706,0x0061b4d0,1641,0x00cd2000,13443072
002707,0x0061b4e0,1642,0x00cd4000,13451264
002708,0x0061b4f0,1643,0x00cd6000,13459456
002709,0x0061b500,1644,0x00cd8000,13467648
002712,0x0061b510,1645,0x00cda000,13475840
002713,0x0061b520,1646,0x00cdc000,13484032
002714,0x0061b530,1647,0x00cde000,13492224
002715,0x0061b540,1648,0x00ce0000,13500416
002716,0x0061b550,1649,0x00ce2000,13508608
002717,0x0061b560,1650,0x00ce4000,13516800
002718,0x0061b570,1651,0x00ce6000,13524992
002719,0x0061b580,1652,0x00ce8000,13533184
002721,0x0061b590,1653,0x00cea000,13541376
002722,0x0061b5a0,1654,0x00cec000,13549568
002723,0x0061b5b0,1655,0x00cee000,13557760
002724,0x0061b5c0,1656,0x00cf0000,13565952
002725,0x0061b5d0,1657,0x00cf2000,13574144
002726,0x0061b5e0,1658,0x00cf4000,13582336
002727,0x0061b5f0,1659,0x00cf6000,13590528
002728,0x0061b600,1660,0x00cf8000,13598720
002729,0x0061b610,1661,0x00cfa000,13606912
002730,0x0061b620,1662,0x00cfc000,13615104
002731,0x0061b630,1663,0x00cfe000,13623296
002732,0x0061b640,1664,0x00d00000,13631488
002733,0x0061b650,1665,0x00d02000,13639680
002734,0x0061b660,1666,0x00d04000,13647872
002735,0x0061b670,1667,0x00d06000,13656064
002736,0x0061b680,1668,0x00d08000,13664256
002737,0x0061b690,1669,0x00d0a000,13672448
002738,0x0061b6a0,1670,0x00d0c000,13680640
002739,0x0061b6b0,1671,0x00d0e000,13688832
002741,0x0061b6c0,1672,0x00d10000,13697024
002742,0x0061b6d0,1673,0x00d12000,13705216
002743,0x0061b6e0,1674,0x00d14000,13713408
002745,0x0061b6f0,1675,0x00d16000,13721600
002746,0x0061b700,1676,0x00d18000,13729792
002747,0x0061b710,1677,0x00d1a000,13737984
002748,0x0061b720,1678,0x00d1c000,13746176
002749,0x0061b730,1679,0x00d1e000,13754368
002750,0x0061b740,1680,0x00d20000,13762560
002752,0x0061b750,1681,0x00d22000,13770752
002753,0x0061b760,1682,0x00d24000,13778944
002755,0x0061b770,1683,0x00d26000,13787136
002756,0x0061b780,1684,0x00d28000,13795328
002757,0x0061b790,1685,0x00d2a000,13803520
002758,0x0061b7a0,1686,0x00d2c000,13811712
002759,0x0061b7b0,1687,0x00d2e000,13819904
002760,0x0061b7c0,1688,0x00d30000,13828096
002761,0x0061b7d0,1689,0x00d32000,13836288
002762,0x0061b7e0,1690,0x00d34000,13844480
002763,0x0061b7f0,1691,0x00d36000,13852672
002765,0x0061b800,1692,0x00d38000,13860864
002766,0x0061b810,1693,0x00d3a000,13869056
002767,0x0061b820,1694,0x00d3c000,13877248
002768,0x0061b830,1695,0x00d3e000,13885440
002769,0x0061b840,1696,0x00d40000,13893632
002771,0x0061b850,1697,0x00d42000,13901824
002772,0x0061b860,1698,0x00d44000,13910016
002773,0x0061b870,1699,0x00d46000,13918208
002774,0x0061b880,1700,0x00d48000,13926400
002775,0x0061b890,1701,0x00d4a000,13934592
002777,0x0061b8a0,1702,0x00d4c000,13942784
002778,0x0061b8b0,1703,0x00d4e000,13950976
002779,0x0061b8c0,1704,0x00d50000,13959168
002780,0x0061b8d0,1705,0x00d52000,13967360
002782,0x0061b8e0,1706,0x00d54000,13975552
002783,0x0061b8f0,1707,0x00d56000,13983744
002785,0x0061b900,1708,0x00d58000,13991936
002786,0x0061b910,1709,0x00d5a000,14000128
002787,0x0061b920,1710,0x00d5c000,14008320
002788,0x0061b930,1711,0x00d5e000,14016512
002789,0x0061b940,1712,0x00d60000,14024704
002790,0x0061b950,1713,0x00d62000,14032896
002791,0x0061b960,1714,0x00d64000,14041088
002792,0x0061b970,1715,0x00d66000,14049280
002793,0x0061b980,1716,0x00d68000,14057472
002795,0x0061b990,1717,0x00d6a000,14065664
002796,0x0061b9a0,1718,0x00d6c000,14073856
002797,0x0061b9b0,1719,0x00d6e000,14082048
002798,0x0061b9c0,1720,0x00d70000,14090240
002799,0x0061b9d0,1721,0x00d72000,14098432
002800,0x0061b9e0,1722,0x00d74000,14106624
002801,0x0061b9f0,1723,0x00d76000,14114816
002802,0x0061ba00,1724,0x00d78000,14123008
002803,0x0061ba10,1725,0x00d7a000,14131200
002805,0x0061ba20,1726,0x00d7c000,14139392
002806,0x0061ba30,1727,0x00d7e000,14147584
002807,0x0061ba40,1728,0x00d80000,14155776
002808,0x0061ba50,1729,0x00d82000,14163968
002809,0x0061ba60,1730,0x00d84000,14172160
002810,0x0061ba70,1731,0x00d86000,14180352
002811,0x0061ba80,1732,0x00d88000,14188544
002812,0x0061ba90,1733,0x00d8a000,14196736
002813,0x0061baa0,1734,0x00d8c000,14204928
002815,0x0061bab0,1735,0x00d8e000,14213120
002816,0x0061bac0,1736,0x00d90000,14221312
002817,0x0061bad0,1737,0x00d92000,14229504
002818,0x0061bae0,1738,0x00d94000,14237696
002819,0x0061baf0,1739,0x00d96000,14245888
002820,0x0061bb00,1740,0x00d98000,14254080
002821,0x0061bb10,1741,0x00d9a000,14262272
002822,0x0061bb20,1742,0x00d9c000,14270464
002823,0x0061bb30,1743,0x00d9e000,14278656
002824,0x0061bb40,1744,0x00da0000,14286848
002825,0x0061bb50,1745,0x00da2000,14295040
002826,0x0061bb60,1746,0x00da4000,14303232
002827,0x0061bb70,1747,0x00da6000,14311424
002828,0x0061bb80,1748,0x00da8000,14319616
002829,0x0061bb90,1749,0x00daa000,14327808
002830,0x0061bba0,1750,0x00dac000,14336000
002831,0x0061bbb0,1751,0x00dae000,14344192
002832,0x0061bbc0,1752,0x00db0000,14352384
002833,0x0061bbd0,1753,0x00db2000,14360576
002835,0x0061bbe0,1754,0x00db4000,14368768
002836,0x0061bbf0,1755,0x00db6000,14376960
002837,0x0061bc00,1756,0x00db8000,14385152
002838,0x0061bc10,1757,0x00dba000,14393344
002839,0x0061bc20,1758,0x00dbc000,14401536
002840,0x0061bc30,1759,0x00dbe000,14409728
002841,0x0061bc40,1760,0x00dc0000,14417920
002842,0x0061bc50,1761,0x00dc2000,14426112
002843,0x0061bc60,1762,0x00dc4000,14434304
002845,0x0061bc70,1763,0x00dc6000,14442496
002846,0x0061bc80,1764,0x00dc8000,14450688
002847,0x0061bc90,1765,0x00dca000,14458880
002848,0x0061bca0,1766,0x00dcc000,14467072
002849,0x0061bcb0,1767,0x00dce000,14475264
002850,0x0061bcc0,1768,0x00dd0000,14483456
002851,0x0061bcd0,1769,0x00dd2000,14491648
002852,0x0061bce0,1770,0x00dd4000,14499840
002853,0x0061bcf0,1771,0x00dd6000,14508032
002855,0x0061bd00,1772,0x00dd8000,14516224
002856,0x0061bd10,1773,0x00dda000,14524416
002857,0x0061bd20,1774,0x00ddc000,14532608
002858,0x0061bd30,1775,0x00dde000,14540800
002859,0x0061bd40,1776,0x00de0000,14548992
002860,0x0061bd50,1777,0x00de2000,14557184
002861,0x0061bd60,1778,0x00de4000,14565376
002862,0x0061bd70,1779,0x00de6000,14573568
002863,0x0061bd80,1780,0x00de8000,14581760
002864,0x0061bd90,1781,0x00dea000,14589952
002865,0x0061bda0,1782,0x00dec000,14598144
002866,0x0061bdb0,1783,0x00dee000,14606336
002867,0x0061bdc0,1784,0x00df0000,14614528
002868,0x0061bdd0,1785,0x00df2000,14622720
002869,0x0061bde0,1786,0x00df4000,14630912
002870,0x0061bdf0,1787,0x00df6000,14639104
002871,0x0061be00,1788,0x00df8000,14647296
002872,0x0061be10,1789,0x00dfa000,14655488
002873,0x0061be20,1790,0x00dfc000,14663680
002875,0x0061be30,1791,0x00dfe000,14671872
002876,0x0061be40,1792,0x00e00000,14680064
002877,0x0061be50,1793,0x00e02000,14688256
002878,0x0061be60,1794,0x00e04000,14696448
002879,0x0061be70,1795,0x00e06000,14704640
002880,0x0061be80,1796,0x00e08000,14712832
002881,0x0061be90,1797,0x00e0a000,14721024
002882,0x0061bea0,1798,0x00e0c000,14729216
002883,0x0061beb0,1799,0x00e0e000,14737408
002884,0x0061bec0,1800,0x00e10000,14745600
002885,0x0061bed0,1801,0x00e12000,14753792
002886,0x0061bee0,1802,0x00e14000,14761984
002887,0x0061bef0,1803,0x00e16000,14770176
002888,0x0061bf00,1804,0x00e18000,14778368
002889,0x0061bf10,1805,0x00e1a000,14786560
002890,0x0061bf20,1806,0x00e1c000,14794752
002891,0x0061bf30,1807,0x00e1e000,14802944
002892,0x0061bf40,1808,0x00e20000,14811136
002893,0x0061bf50,1809,0x00e22000,14819328
002895,0x0061bf60,1810,0x00e24000,14827520
002896,0x0061bf70,1811,0x00e26000,14835712
002897,0x0061bf80,1812,0x00e28000,14843904
002898,0x0061bf90,1813,0x00e2a000,14852096
002899,0x0061bfa0,1814,0x00e2c000,14860288
002900,0x0061bfb0,1815,0x00e2e000,14868480
002901,0x0061bfc0,1816,0x00e30000,14876672
002902,0x0061bfd0,1817,0x00e32000,14884864
002903,0x0061bfe0,1818,0x00e34000,14893056
002905,0x0061bff0,1819,0x00e36000,14901248
002906,0x0071c000,1821,0x00e3a000,14917632
002907,0x0071c010,1822,0x00e3c000,14925824
002908,0x0071c020,1823,0x00e3e000,14934016
002909,0x0071c030,1824,0x00e40000,14942208
002910,0x0071c040,1825,0x00e42000,14950400
002911,0x0071c050,1826,0x00e44000,14958592
002912,0x0071c060,1827,0x00e46000,14966784
002913,0x0071c070,1828,0x00e48000,14974976
002915,0x0071c080,1829,0x00e4a000,14983168
002916,0x0071c090,1830,0x00e4c000,14991360
002917,0x0071c0a0,1831,0x00e4e000,14999552
002918,0x0071c0b0,1832,0x00e50000,15007744
002919,0x0071c0c0,1833,0x00e52000,15015936
002920,0x0071c0d0,1834,0x00e54000,15024128
002921,0x0071c0e0,1835,0x00e56000,15032320
002922,0x0071c0f0,1836,0x00e58000,15040512
002923,0x0071c100,1837,0x00e5a000,15048704
002925,0x0071c110,1838,0x00e5c000,15056896
002926,0x0071c120,1839,0x00e5e000,15065088
002927,0x0071c130,1840,0x00e60000,15073280
002928,0x0071c140,1841,0x00e62000,15081472
002929,0x0071c150,1842,0x00e64000,15089664
002930,0x0071c160,1843,0x00e66000,15097856
002931,0x0071c170,1844,0x00e68000,15106048
002932,0x0071c180,1845,0x00e6a000,15114240
002933,0x0071c190,1846,0x00e6c000,15122432
002935,0x0071c1a0,1847,0x00e6e000,15130624
002936,0x0071c1b0,1848,0x00e70000,15138816
002937,0x0071c1c0,1849,0x00e72000,15147008
002938,0x0071c1d0,1850,0x00e74000,15155200
002939,0x0071c1e0,1851,0x00e76000,15163392
002940,0x0071c1f0,1852,0x00e78000,15171584
002941,0x0071c200,1853,0x00e7a000,15179776
002942,0x0071c210,1854,0x00e7c000,15187968
002943,0x0071c220,1855,0x00e7e000,15196160
002945,0x0071c230,1856,0x00e80000,15204352
002946,0x0071c240,1857,0x00e82000,15212544
002947,0x0071c250,1858,0x00e84000,15220736
002948,0x0071c260,1859,0x00e86000,15228928
002949,0x0071c270,1860,0x00e88000,15237120
002950,0x0071c280,1861,0x00e8a000,15245312
002951,0x0071c290,1862,0x00e8c000,15253504
002952,0x0071c2a0,1863,0x00e8e000,15261696
002953,0x0071c2b0,1864,0x00e90000,15269888
002955,0x0071c2c0,1865,0x00e92000,15278080
002956,0x0071c2d0,1866,0x00e94000,15286272
002957,0x0071c2e0,1867,0x00e96000,15294464
002958,0x0071c2f0,1868,0x00e98000,15302656
002959,0x0071c300,1869,0x00e9a000,15310848
002960,0x0071c310,1870,0x00e9c000,15319040
002961,0x0071c320,1871,0x00e9e000,15327232
002962,0x0071c330,1872,0x00ea0000,15335424
002963,0x0071c340,1873,0x00ea2000,15343616
002965,0x0071c350,1874,0x00ea4000,15351808
002966,0x0071c360,1875,0x00ea6000,15360000
002967,0x0071c370,1876,0x00ea8000,15368192
002968,0x0071c380,1877,0x00eaa000,15376384
002969,0x0071c390,1878,0x00eac000,15384576
002970,0x0071c3a0,1879,0x00eae000,15392768
002971,0x0071c3b0,1880,0x00eb0000,15400960
002972,0x0071c3c0,1881,0x00eb2000,15409152
002973,0x0071c3d0,1882,0x00eb4000,15417344
002975,0x0071c3e0,1883,0x00eb6000,15425536
002976,0x0071c3f0,1884,0x00eb8000,15433728
002977,0x0071c400,1885,0x00eba000,15441920
002978,0x0071c410,1886,0x00ebc000,15450112
002979,0x0071c420,1887,0x00ebe000,15458304
002980,0x0071c430,1888,0x00ec0000,15466496
002981,0x0071c440,1889,0x00ec2000,15474688
002982,0x0071c450,1890,0x00ec4000,15482880
002983,0x0071c460,1891,0x00ec6000,15491072
002984,0x0071c470,1892,0x00ec8000,15499264
002985,0x0071c480,1893,0x00eca000,15507456
002986,0x0071c490,1894,0x00ecc000,15515648
002987,0x0071c4a0,1895,0x00ece000,15523840
002988,0x0071c4b0,1896,0x00ed0000,15532032
002989,0x0071c4c0,1897,0x00ed2000,15540224
002990,0x0071c4d0,1898,0x00ed4000,15548416
002991,0x0071c4e0,1899,0x00ed6000,15556608
002992,0x0071c4f0,1900,0x00ed8000,15564800
002993,0x0071c500,1901,0x00eda000,15572992
002995,0x0071c510,1902,0x00edc000,15581184
002996,0x0071c520,1903,0x00ede000,15589376
002997,0x0071c530,1904,0x00ee0000,15597568
002998,0x0071c540,1905,0x00ee2000,15605760
002999,0x0071c550,1906,0x00ee4000,15613952
003000,0x0071c560,1907,0x00ee6000,15622144
003001,0x0071c570,1908,0x00ee8000,15630336
003002,0x0071c580,1909,0x00eea000,15638528
003003,0x0071c590,1910,0x00eec000,15646720
003004,0x0071c5a0,1911,0x00eee000,15654912
003005,0x0071c5b0,1912,0x00ef0000,15663104
003006,0x0071c5c0,1913,0x00ef2000,15671296
003007,0x0071c5d0,1914,0x00ef4000,15679488
003008,0x0071c5e0,1915,0x00ef6000,15687680
003009,0x0071c5f0,1916,0x00ef8000,15695872
003010,0x0071c600,1917,0x00efa000,15704064
003011,0x0071c610,1918,0x00efc000,15712256
003012,0x0071c620,1919,0x00efe000,15720448
003013,0x0071c630,1920,0x00f00000,15728640
003015,0x0071c640,1921,0x00f02000,15736832
003016,0x0071c650,1922,0x00f04000,15745024
003017,0x0071c660,1923,0x00f06000,15753216
003018,0x0071c670,1924,0x00f08000,15761408
003019,0x0071c680,1925,0x00f0a000,15769600
003020,0x0071c690,1926,0x00f0c000,15777792
003021,0x0071c6a0,1927,0x00f0e000,15785984
003022,0x0071c6b0,1928,0x00f10000,15794176
003023,0x0071c6c0,1929,0x00f12000,15802368
003025,0x0071c6d0,1930,0x00f14000,15810560
003026,0x0071c6e0,1931,0x00f16000,15818752
003027,0x0071c6f0,1932,0x00f18000,15826944
003028,0x0071c700,1933,0x00f1a000,15835136
003029,0x0071c710,1934,0x00f1c000,15843328
003030,0x0071c720,1935,0x00f1e000,15851520
003031,0x0071c730,1936,0x00f20000,15859712
003032,0x0071c740,1937,0x00f22000,15867904
003033,0x0071c750,1938,0x00f24000,15876096
003035,0x0071c760,1939,0x00f26000,15884288
003036,0x0071c770,1940,0x00f28000,15892480
003037,0x0071c780,1941,0x00f2a000,15900672
003038,0x0071c790,1942,0x00f2c000,15908864
003039,0x0071c7a0,1943,0x00f2e000,15917056
003040,0x0071c7b0,1944,0x00f30000,15925248
003041,0x0071c7c0,1945,0x00f32000,15933440
003042,0x0071c7d0,1946,0x00f34000,15941632
003043,0x0071c7e0,1947,0x00f36000,15949824
003816,0x0071c7f0,1948,0x00f38000,15958016
123064,0x0071c800,1949,0x00f3a000,15966208
123065,0x0071c810,1950,0x00f3c000,15974400
123071,0x0071c820,1951,0x00f3e000,15982592
123072,0x0071c830,1952,0x00f40000,15990784
123076,0x0071c840,1953,0x00f42000,15998976
123080,0x0071c850,1954,0x00f44000,16007168
123088,0x0071c860,1955,0x00f46000,16015360
123090,0x0071c870,1956,0x00f48000,16023552
123091,0x0071c880,1957,0x00f4a000,16031744
123092,0x0071c890,1959,0x00f4e000,16048128
123104,0x0071c8a0,1960,0x00f50000,16056320
123107,0x0071c8b0,1961,0x00f52000,16064512
123109,0x0071c8c0,1962,0x00f54000,16072704
123112,0x0071c8d0,1963,0x00f56000,16080896
123113,0x0071c8e0,1964,0x00f58000,16089088
123114,0x0071c8f0,1965,0x00f5a000,16097280
123117,0x0071c900,1966,0x00f5c000,16105472
123118,0x0071c910,1967,0x00f5e000,16113664
123119,0x0071c920,1968,0x00f60000,16121856
123122,0x0071c930,1969,0x00f62000,16130048
123124,0x0071c940,1970,0x00f64000,16138240
123131,0x0071c950,1971,0x00f66000,16146432
123133,0x0071c960,1972,0x00f68000,16154624
123138,0x0071c970,1973,0x00f6a000,16162816
123142,0x0071c980,1974,0x00f6c000,16171008
123144,0x0071c990,1975,0x00f6e000,16179200
123149,0x0071c9a0,1976,0x00f70000,16187392
123150,0x0071c9b0,1977,0x00f72000,16195584
123151,0x0071c9c0,1978,0x00f74000,16203776
123154,0x0071c9d0,1979,0x00f76000,16211968
123155,0x0071c9e0,1980,0x00f78000,16220160
123157,0x0071c9f0,1981,0x00f7a000,16228352
123158,0x0071ca00,1982,0x00f7c000,16236544
123160,0x0071ca10,1983,0x00f7e000,16244736
123165,0x0071ca20,1984,0x00f80000,16252928
123168,0x0071ca30,1985,0x00f82000,16261120
123171,0x0071ca40,1986,0x00f84000,16269312
123172,0x0071ca50,1987,0x00f86000,16277504
123173,0x0071ca60,1988,0x00f88000,16285696
123175,0x0071ca70,1989,0x00f8a000,16293888
123176,0x0071ca80,1990,0x00f8c000,16302080
123178,0x0071ca90,1991,0x00f8e000,16310272
123179,0x0071caa0,1992,0x00f90000,16318464
123180,0x0071cab0,1993,0x00f92000,16326656
123183,0x0071cac0,1994,0x00f94000,16334848
123187,0x0071cad0,1995,0x00f96000,16343040
123189,0x0071cae0,1996,0x00f98000,16351232
123192,0x0071caf0,1997,0x00f9a000,16359424
123193,0x0071cb00,1998,0x00f9c000,16367616
123194,0x0071cb10,1999,0x00f9e000,16375808
123195,0x0071cb20,2000,0x00fa0000,16384000
123196,0x0071cb30,2001,0x00fa2000,16392192
123199,0x0071cb40,2002,0x00fa4000,16400384
123207,0x0071cb50,2003,0x00fa6000,16408576
123209,0x0071cb60,2004,0x00fa8000,16416768
123211,0x0071cb70,2005,0x00faa000,16424960
123213,0x0071cb80,2006,0x00fac000,16433152
123214,0x0071cb90,2007,0x00fae000,16441344
123215,0x0071cba0,2008,0x00fb0000,16449536
123216,0x0071cbb0,2009,0x00fb2000,16457728
123220,0x0071cbc0,2010,0x00fb4000,16465920
123222,0x0071cbd0,2011,0x00fb6000,16474112
123223,0x0071cbe0,2012,0x00fb8000,16482304
123224,0x0071cbf0,2013,0x00fba000,16490496
123225,0x0071cc00,2014,0x00fbc000,16498688
123229,0x0071cc10,2015,0x00fbe000,16506880
123235,0x0071cc20,2016,0x00fc0000,16515072
123237,0x0071cc30,2017,0x00fc2000,16523264
123241,0x0071cc40,2018,0x00fc4000,16531456
123243,0x0071cc50,2019,0x00fc6000,16539648
123245,0x0071cc60,2020,0x00fc8000,16547840
123247,0x0071cc70,2021,0x00fca000,16556032
123250,0x0071cc80,2022,0x00fcc000,16564224
123252,0x0071cc90,2023,0x00fce000,16572416
123253,0x0071cca0,2024,0x00fd0000,16580608
123255,0x0071ccb0,2025,0x00fd2000,16588800
123257,0x0071ccc0,2026,0x00fd4000,16596992
123258,0x0071ccd0,2027,0x00fd6000,16605184
123259,0x0071cce0,2028,0x00fd8000,16613376
123260,0x0071ccf0,2029,0x00fda000,16621568
123261,0x0071cd00,2030,0x00fdc000,16629760
123262,0x0071cd10,2031,0x00fde000,16637952
123263,0x0071cd20,2032,0x00fe0000,16646144
123264,0x0071cd30,2033,0x00fe2000,16654336
123265,0x0071cd40,2034,0x00fe4000,16662528
123266,0x0071cd50,2035,0x00fe6000,16670720
123267,0x0071cd60,2036,0x00fe8000,16678912
123268,0x0071cd70,2037,0x00fea000,16687104
123269,0x0071cd80,2038,0x00fec000,16695296
123270,0x0071cd90,2039,0x00fee000,16703488
123271,0x0071cda0,2040,0x00ff0000,16711680
123272,0x0071cdb0,2041,0x00ff2000,16719872
123273,0x0071cdc0,2042,0x00ff4000,16728064
123274,0x0071cdd0,2043,0x00ff6000,16736256
123275,0x0071cde0,2044,0x00ff8000,16744448
123276,0x0071cdf0,2045,0x00ffa000,16752640
123277,0x0071ce00,2046,0x00ffc000,16760832
123278,0x0071ce10,2047,0x00ffe000,16769024
123279,0x0071ce20,2048,0x01000000,16777216
123280,0x0071ce30,2049,0x01002000,16785408
123281,0x0071ce40,2050,0x01004000,16793600
127025,0x0071ce50,2051,0x01006000,16801792
127027,0x0071ce60,2052,0x01008000,16809984
127030,0x0071ce70,2053,0x0100a000,16818176
127031,0x0071ce80,2054,0x0100c000,16826368
127033,0x0071ce90,2055,0x0100e000,16834560
127034,0x0071cea0,2056,0x01010000,16842752
127037,0x0071ceb0,2057,0x01012000,16850944
127038,0x0071cec0,2058,0x01014000,16859136
127040,0x0071ced0,2059,0x01016000,16867328
127044,0x0071cee0,2060,0x01018000,16875520
127045,0x0071cef0,2061,0x0101a000,16883712
127046,0x0071cf00,2062,0x0101c000,16891904
127047,0x0071cf10,2063,0x0101e000,16900096
127049,0x0071cf20,2064,0x01020000,16908288
127050,0x0071cf30,2065,0x01022000,16916480
127053,0x0071cf40,2066,0x01024000,16924672
127054,0x0071cf50,2067,0x01026000,16932864
127055,0x0071cf60,2068,0x01028000,16941056
127056,0x0071cf70,2069,0x0102a000,16949248
127059,0x0071cf80,2070,0x0102c000,16957440
127060,0x0071cf90,2071,0x0102e000,16965632
127061,0x0071cfa0,2072,0x01030000,16973824
127062,0x0071cfb0,2073,0x01032000,16982016
127064,0x0071cfc0,2074,0x01034000,16990208
127067,0x0071cfd0,2075,0x01036000,16998400
127068,0x0071cfe0,2076,0x01038000,17006592
127069,0x0071cff0,2077,0x0103a000,17014784
300294,0x007a6000,3366,0x01a4c000,27574272
300295,0x007a6080,3367,0x01a4e000,27582464
300296,0x007a6100,3368,0x01a50000,27590656
123235,0x007a6200,1986,0x00f84000,16269312
300298,0x007a6210,3369,0x01a52000,27598848
300299,0x007a6280,3370,0x01a54000,27607040
123237,0x007a6300,1987,0x00f86000,16277504
301421,0x007a6380,4377,0x02232000,35856384
300610,0x007a6400,3664,0x01ca0000,30015488
300611,0x007a6480,3665,0x01ca2000,30023680
123192,0x007a6500,1967,0x00f5e000,16113664
300612,0x007a6510,3666,0x01ca4000,30031872
123193,0x007a6580,1968,0x00f60000,16121856
300613,0x007a6590,3667,0x01ca6000,30040064
123194,0x007a6600,1969,0x00f62000,16130048
300614,0x007a6610,3668,0x01ca8000,30048256
123195,0x007a6680,1970,0x00f64000,16138240
300615,0x007a6690,3669,0x01caa000,30056448
123196,0x007a6700,1971,0x00f66000,16146432
158003,0x007a6710,2083,0x01046000,17063936
300616,0x007a6720,3670,0x01cac000,30064640
301428,0x007a6730,4378,0x02234000,35864576
300617,0x007a6780,3671,0x01cae000,30072832
301380,0x007a6790,4356,0x02208000,35684352
301429,0x007a67a0,4379,0x02236000,35872768
158005,0x007a6800,2084,0x01048000,17072128
300618,0x007a6810,3672,0x01cb0000,30081024
301381,0x007a6820,4357,0x0220a000,35692544
123199,0x007a6880,1972,0x00f68000,16154624
158006,0x007a6890,2085,0x0104a000,17080320
300570,0x007a68a0,3625,0x01c52000,29696000
300619,0x007a68b0,3673,0x01cb2000,30089216
301382,0x007a68c0,4358,0x0220c000,35700736
300571,0x007a6900,3626,0x01c54000,29704192
301383,0x007a6910,4359,0x0220e000,35708928
300572,0x007a6980,3627,0x01c56000,29712384
002990,0x007a6a00,1869,0x00e9a000,15310848
158009,0x007a6a10,2086,0x0104c000,17088512
160716,0x007a6a20,2869,0x0166a000,23502848
300573,0x007a6a30,3628,0x01c58000,29720576
002991,0x007a6a80,1870,0x00e9c000,15319040
160717,0x007a6a90,2870,0x0166c000,23511040
301386,0x007a6aa0,4360,0x02210000,35717120
002992,0x007a6b00,1871,0x00e9e000,15327232
300575,0x007a6b10,3629,0x01c5a000,29728768
301387,0x007a6b20,4361,0x02212000,35725312
002993,0x007a6b80,1872,0x00ea0000,15335424
160719,0x007a6b90,2871,0x0166e000,23519232
300576,0x007a6ba0,3630,0x01c5c000,29736960
301388,0x007a6bb0,4362,0x02214000,35733504
200521,0x007a6c00,937,0x00752000,7675904
300577,0x007a6c10,3631,0x01c5e000,29745152
301389,0x007a6c20,4363,0x02216000,35741696
002995,0x007a6c80,1873,0x00ea2000,15343616
300578,0x007a6c90,3632,0x01c60000,29753344
002996,0x007a6d00,1874,0x00ea4000,15351808
300579,0x007a6d10,3633,0x01c62000,29761536
002997,0x007a6d80,1875,0x00ea6000,15360000
002998,0x007a6e00,1876,0x00ea8000,15368192
002999,0x007a6e80,1877,0x00eaa000,15376384
000100,0x007a6f00,429,0x0035a000,3514368
127070,0x0081e000,2079,0x0103e000,17031168
127072,0x0081e010,2080,0x01040000,17039360
127078,0x0081e020,2081,0x01042000,17047552
127080,0x0081e030,2082,0x01044000,17055744
127082,0x0081e040,2083,0x01046000,17063936
127083,0x0081e050,2084,0x01048000,17072128
127084,0x0081e060,2085,0x0104a000,17080320
127085,0x0081e070,2086,0x0104c000,17088512
127088,0x0081e080,2087,0x0104e000,17096704
127089,0x0081e090,2088,0x01050000,17104896
127092,0x0081e0a0,2089,0x01052000,17113088
127093,0x0081e0b0,2090,0x01054000,17121280
127095,0x0081e0c0,2091,0x01056000,17129472
127096,0x0081e0d0,2092,0x01058000,17137664
127098,0x0081e0e0,2093,0x0105a000,17145856
127099,0x0081e0f0,2094,0x0105c000,17154048
127102,0x0081e100,2095,0x0105e000,17162240
127103,0x0081e110,2096,0x01060000,17170432
127104,0x0081e120,2097,0x01062000,17178624
127105,0x0081e130,2098,0x01064000,17186816
127108,0x0081e140,2099,0x01066000,17195008
127109,0x0081e150,2100,0x01068000,17203200
127110,0x0081e160,2101,0x0106a000,17211392
127111,0x0081e170,2102,0x0106c000,17219584
127112,0x0081e180,2103,0x0106e000,17227776
127113,0x0081e190,2104,0x01070000,17235968
127114,0x0081e1a0,2105,0x01072000,17244160
127115,0x0081e1b0,2106,0x01074000,17252352
128044,0x0081e1c0,2107,0x01076000,17260544
128127,0x0081e1d0,2108,0x01078000,17268736
128134,0x0081e1e0,2109,0x0107a000,17276928
128135,0x0081e1f0,2110,0x0107c000,17285120
128136,0x0081e200,2111,0x0107e000,17293312
128138,0x0081e210,2112,0x01080000,17301504
128142,0x0081e220,2113,0x01082000,17309696
158003,0x0081e230,2114,0x01084000,17317888
158005,0x0081e240,2115,0x01086000,17326080
158006,0x0081e250,2116,0x01088000,17334272
158009,0x0081e260,2117,0x0108a000,17342464
158012,0x0081e270,2118,0x0108c000,17350656
159001,0x0081e280,2119,0x0108e000,17358848
159003,0x0081e290,2120,0x01090000,17367040
159005,0x0081e2a0,2121,0x01092000,17375232
159007,0x0081e2b0,2122,0x01094000,17383424
159008,0x0081e2c0,2123,0x01096000,17391616
159009,0x0081e2d0,2124,0x01098000,17399808
159010,0x0081e2e0,2125,0x0109a000,17408000
159011,0x0081e2f0,2126,0x0109c000,17416192
159012,0x0081e300,2127,0x0109e000,17424384
159013,0x0081e310,2128,0x010a0000,17432576
159015,0x0081e320,2129,0x010a2000,17440768
159016,0x0081e330,2130,0x010a4000,17448960
159017,0x0081e340,2131,0x010a6000,17457152
159018,0x0081e350,2132,0x010a8000,17465344
159019,0x0081e360,2133,0x010aa000,17473536
159020,0x0081e370,2134,0x010ac000,17481728
159021,0x0081e380,2135,0x010ae000,17489920
159022,0x0081e390,2136,0x010b0000,17498112
159023,0x0081e3a0,2137,0x010b2000,17506304
159026,0x0081e3b0,2138,0x010b4000,17514496
159027,0x0081e3c0,2139,0x010b6000,17522688
159028,0x0081e3d0,2140,0x010b8000,17530880
159029,0x0081e3e0,2141,0x010ba000,17539072
159030,0x0081e3f0,2142,0x010bc000,17547264
159031,0x0081e400,2143,0x010be000,17555456
159032,0x0081e410,2144,0x010c0000,17563648
159033,0x0081e420,2145,0x010c2000,17571840
159035,0x0081e430,2146,0x010c4000,17580032
159036,0x0081e440,2147,0x010c6000,17588224
159037,0x0081e450,2148,0x010c8000,17596416
159038,0x0081e460,2149,0x010ca000,17604608
159039,0x0081e470,2150,0x010cc000,17612800
159040,0x0081e480,2151,0x010ce000,17620992
159041,0x0081e490,2152,0x010d0000,17629184
159042,0x0081e4a0,2153,0x010d2000,17637376
159043,0x0081e4b0,2154,0x010d4000,17645568
159045,0x0081e4c0,2155,0x010d6000,17653760
159046,0x0081e4d0,2156,0x010d8000,17661952
159048,0x0081e4e0,2157,0x010da000,17670144
159049,0x0081e4f0,2158,0x010dc000,17678336
159050,0x0081e500,2159,0x010de000,17686528
159051,0x0081e510,2160,0x010e0000,17694720
159052,0x0081e520,2161,0x010e2000,17702912
159053,0x0081e530,2162,0x010e4000,17711104
159055,0x0081e540,2163,0x010e6000,17719296
159056,0x0081e550,2164,0x010e8000,17727488
159057,0x0081e560,2165,0x010ea000,17735680
159058,0x0081e570,2166,0x010ec000,17743872
159059,0x0081e580,2167,0x010ee000,17752064
159060,0x0081e590,2168,0x010f0000,17760256
159061,0x0081e5a0,2169,0x010f2000,17768448
159062,0x0081e5b0,2170,0x010f4000,17776640
159063,0x0081e5c0,2171,0x010f6000,17784832
159065,0x0081e5d0,2172,0x010f8000,17793024
159066,0x0081e5e0,2173,0x010fa000,17801216
159067,0x0081e5f0,2174,0x010fc000,17809408
159068,0x0081e600,2175,0x010fe000,17817600
159069,0x0081e610,2176,0x01100000,17825792
159070,0x0081e620,2177,0x01102000,17833984
159071,0x0081e630,2178,0x01104000,17842176
159072,0x0081e640,2179,0x01106000,17850368
159073,0x0081e650,2180,0x01108000,17858560
159075,0x0081e660,2181,0x0110a000,17866752
159076,0x0081e670,2182,0x0110c000,17874944
159077,0x0081e680,2183,0x0110e000,17883136
159078,0x0081e690,2184,0x01110000,17891328
159079,0x0081e6a0,2185,0x01112000,17899520
159082,0x0081e6b0,2186,0x01114000,17907712
159083,0x0081e6c0,2187,0x01116000,17915904
159085,0x0081e6d0,2188,0x01118000,17924096
159086,0x0081e6e0,2189,0x0111a000,17932288
159087,0x0081e6f0,2190,0x0111c000,17940480
159091,0x0081e700,2191,0x0111e000,17948672
159093,0x0081e710,2192,0x01120000,17956864
159095,0x0081e720,2193,0x01122000,17965056
159098,0x0081e730,2194,0x01124000,17973248
159099,0x0081e740,2195,0x01126000,17981440
159100,0x0081e750,2196,0x01128000,17989632
159101,0x0081e760,2197,0x0112a000,17997824
159102,0x0081e770,2198,0x0112c000,18006016
159103,0x0081e780,2199,0x0112e000,18014208
159105,0x0081e790,2200,0x01130000,18022400
159106,0x0081e7a0,2201,0x01132000,18030592
159107,0x0081e7b0,2202,0x01134000,18038784
159108,0x0081e7c0,2203,0x01136000,18046976
159109,0x0081e7d0,2204,0x01138000,18055168
159110,0x0081e7e0,2205,0x0113a000,18063360
159111,0x0081e7f0,2206,0x0113c000,18071552
159112,0x0081e800,2207,0x0113e000,18079744
159113,0x0081e810,2208,0x01140000,18087936
159115,0x0081e820,2209,0x01142000,18096128
159116,0x0081e830,2210,0x01144000,18104320
159117,0x0081e840,2211,0x01146000,18112512
159118,0x0081e850,2212,0x01148000,18120704
159119,0x0081e860,2213,0x0114a000,18128896
159120,0x0081e870,2214,0x0114c000,18137088
159121,0x0081e880,2215,0x0114e000,18145280
159122,0x0081e890,2216,0x01150000,18153472
159123,0x0081e8a0,2217,0x01152000,18161664
159125,0x0081e8b0,2218,0x01154000,18169856
159126,0x0081e8c0,2219,0x01156000,18178048
159127,0x0081e8d0,2220,0x01158000,18186240
159128,0x0081e8e0,2221,0x0115a000,18194432
159129,0x0081e8f0,2222,0x0115c000,18202624
159130,0x0081e900,2223,0x0115e000,18210816
159131,0x0081e910,2224,0x01160000,18219008
159132,0x0081e920,2225,0x01162000,18227200
159133,0x0081e930,2226,0x01164000,18235392
159135,0x0081e940,2227,0x01166000,18243584
159136,0x0081e950,2228,0x01168000,18251776
159137,0x0081e960,2229,0x0116a000,18259968
159138,0x0081e970,2230,0x0116c000,18268160
159139,0x0081e980,2231,0x0116e000,18276352
159140,0x0081e990,2232,0x01170000,18284544
159141,0x0081e9a0,2233,0x01172000,18292736
159142,0x0081e9b0,2234,0x01174000,18300928
159143,0x0081e9c0,2235,0x01176000,18309120
159145,0x0081e9d0,2236,0x01178000,18317312
159146,0x0081e9e0,2237,0x0117a000,18325504
159147,0x0081e9f0,2238,0x0117c000,18333696
159148,0x0081ea00,2239,0x0117e000,18341888
159149,0x0081ea10,2240,0x01180000,18350080
159150,0x0081ea20,2241,0x01182000,18358272
159151,0x0081ea30,2242,0x01184000,18366464
159152,0x0081ea40,2243,0x01186000,18374656
159153,0x0081ea50,2244,0x01188000,18382848
159155,0x0081ea60,2245,0x0118a000,18391040
159156,0x0081ea70,2246,0x0118c000,18399232
159157,0x0081ea80,2247,0x0118e000,18407424
159158,0x0081ea90,2248,0x01190000,18415616
159159,0x0081eaa0,2249,0x01192000,18423808
159160,0x0081eab0,2250,0x01194000,18432000
159161,0x0081eac0,2251,0x01196000,18440192
159162,0x0081ead0,2252,0x01198000,18448384
159163,0x0081eae0,2253,0x0119a000,18456576
159165,0x0081eaf0,2254,0x0119c000,18464768
159166,0x0081eb00,2255,0x0119e000,18472960
159167,0x0081eb10,2256,0x011a0000,18481152
159168,0x0081eb20,2257,0x011a2000,18489344
159169,0x0081eb30,2258,0x011a4000,18497536
159170,0x0081eb40,2259,0x011a6000,18505728
159171,0x0081eb50,2260,0x011a8000,18513920
159172,0x0081eb60,2261,0x011aa000,18522112
159173,0x0081eb70,2262,0x011ac000,18530304
159175,0x0081eb80,2264,0x011b0000,18546688
159176,0x0081eb90,2265,0x011b2000,18554880
159177,0x0081eba0,2266,0x011b4000,18563072
159178,0x0081ebb0,2267,0x011b6000,18571264
159179,0x0081ebc0,2268,0x011b8000,18579456
159180,0x0081ebd0,2269,0x011ba000,18587648
159181,0x0081ebe0,2270,0x011bc000,18595840
159182,0x0081ebf0,2271,0x011be000,18604032
159183,0x0081ec00,2272,0x011c0000,18612224
159185,0x0081ec10,2273,0x011c2000,18620416
159186,0x0081ec20,2274,0x011c4000,18628608
159187,0x0081ec30,2275,0x011c6000,18636800
159188,0x0081ec40,2276,0x011c8000,18644992
159189,0x0081ec50,2277,0x011ca000,18653184
159190,0x0081ec60,2278,0x011cc000,18661376
159191,0x0081ec70,2279,0x011ce000,18669568
159192,0x0081ec80,2280,0x011d0000,18677760
159193,0x0081ec90,2281,0x011d2000,18685952
159195,0x0081eca0,2291,0x011e6000,18767872
159196,0x0081ecb0,2292,0x011e8000,18776064
159197,0x0081ecc0,2293,0x011ea000,18784256
159198,0x0081ecd0,2294,0x011ec000,18792448
159199,0x0081ece0,2295,0x011ee000,18800640
159200,0x0081ecf0,2296,0x011f0000,18808832
159201,0x0081ed00,2297,0x011f2000,18817024
159202,0x0081ed10,2298,0x011f4000,18825216
159203,0x0081ed20,2299,0x011f6000,18833408
159205,0x0081ed30,2300,0x011f8000,18841600
159206,0x0081ed40,2301,0x011fa000,18849792
159207,0x0081ed50,2302,0x011fc000,18857984
159208,0x0081ed60,2303,0x011fe000,18866176
159209,0x0081ed70,2304,0x01200000,18874368
159210,0x0081ed80,2305,0x01202000,18882560
159211,0x0081ed90,2306,0x01204000,18890752
159212,0x0081eda0,2307,0x01206000,18898944
159213,0x0081edb0,2308,0x01208000,18907136
159215,0x0081edc0,2309,0x0120a000,18915328
159216,0x0081edd0,2310,0x0120c000,18923520
159217,0x0081ede0,2311,0x0120e000,18931712
159218,0x0081edf0,2312,0x01210000,18939904
159219,0x0081ee00,2313,0x01212000,18948096
159220,0x0081ee10,2314,0x01214000,18956288
159221,0x0081ee20,2315,0x01216000,18964480
159222,0x0081ee30,2316,0x01218000,18972672
159223,0x0081ee40,2317,0x0121a000,18980864
159225,0x0081ee50,2318,0x0121c000,18989056
159226,0x0081ee60,2319,0x0121e000,18997248
159227,0x0081ee70,2320,0x01220000,19005440
159228,0x0081ee80,2321,0x01222000,19013632
159229,0x0081ee90,2322,0x01224000,19021824
159230,0x0081eea0,2323,0x01226000,19030016
159231,0x0081eeb0,2324,0x01228000,19038208
159232,0x0081eec0,2325,0x0122a000,19046400
159233,0x0081eed0,2326,0x0122c000,19054592
159235,0x0081eee0,2327,0x0122e000,19062784
159236,0x0081eef0,2328,0x01230000,19070976
159237,0x0081ef00,2329,0x01232000,19079168
159238,0x0081ef10,2330,0x01234000,19087360
159239,0x0081ef20,2331,0x01236000,19095552
159240,0x0081ef30,2332,0x01238000,19103744
159241,0x0081ef40,2333,0x0123a000,19111936
159242,0x0081ef50,2334,0x0123c000,19120128
159243,0x0081ef60,2335,0x0123e000,19128320
159245,0x0081ef70,2336,0x01240000,19136512
159246,0x0081ef80,2337,0x01242000,19144704
159247,0x0081ef90,2338,0x01244000,19152896
159248,0x0081efa0,2339,0x01246000,19161088
159249,0x0081efb0,2340,0x01248000,19169280
159251,0x0081efc0,2341,0x0124a000,19177472
159253,0x0081efd0,2342,0x0124c000,19185664
159255,0x0081efe0,2343,0x0124e000,19193856
159256,0x0081eff0,2344,0x01250000,19202048
399420,0x008d7000,179,0x00166000,1466368
127030,0x008d7080,2023,0x00fce000,16572416
399422,0x008d7100,180,0x00168000,1474560
127031,0x008d7110,2024,0x00fd0000,16580608
301707,0x008d7120,4500,0x02328000,36864000
399423,0x008d7180,181,0x0016a000,1482752
127033,0x008d7200,2025,0x00fd2000,16588800
127034,0x008d7280,2026,0x00fd4000,16596992
300850,0x008d7300,3893,0x01e6a000,31891456
301662,0x008d7310,4487,0x0230e000,36757504
000060,0x008d7380,414,0x0033c000,3391488
159050,0x008d7390,2128,0x010a0000,17432576
300851,0x008d73a0,3894,0x01e6c000,31899648
399428,0x008d7400,182,0x0016c000,1490944
000061,0x008d7410,415,0x0033e000,3399680
200488,0x008d7420,934,0x0074c000,7651328
127037,0x008d7430,2027,0x00fd6000,16605184
159051,0x008d7440,2129,0x010a2000,17440768
300852,0x008d7450,3895,0x01e6e000,31907840
399380,0x008d7480,141,0x0011a000,1155072
399429,0x008d7490,183,0x0016e000,1499136
000062,0x008d74a0,416,0x00340000,3407872
127038,0x008d74b0,2028,0x00fd8000,16613376
159052,0x008d74c0,2130,0x010a4000,17448960
300853,0x008d74d0,3896,0x01e70000,31916032
301665,0x008d74e0,4488,0x02310000,36765696
399381,0x008d7500,142,0x0011c000,1163264
000063,0x008d7510,417,0x00342000,3416064
159053,0x008d7520,2131,0x010a6000,17457152
300854,0x008d7530,3897,0x01e72000,31924224
301666,0x008d7540,4489,0x02312000,36773888
399382,0x008d7580,143,0x0011e000,1171456
300855,0x008d7590,3898,0x01e74000,31932416
301667,0x008d75a0,4490,0x02314000,36782080
399383,0x008d7600,144,0x00120000,1179648
000065,0x008d7610,418,0x00344000,3424256
159055,0x008d7620,2132,0x010a8000,17465344
300856,0x008d7630,3899,0x01e76000,31940608
301668,0x008d7640,4491,0x02316000,36790272
399384,0x008d7680,145,0x00122000,1187840
000066,0x008d7690,419,0x00346000,3432448
159056,0x008d76a0,2133,0x010aa000,17473536
300857,0x008d76b0,3900,0x01e78000,31948800
301669,0x008d76c0,4492,0x02318000,36798464
399385,0x008d7700,146,0x00124000,1196032
159057,0x008d7710,2134,0x010ac000,17481728
300858,0x008d7720,3901,0x01e7a000,31956992
399386,0x008d7780,147,0x00126000,1204224
000068,0x008d7790,420,0x00348000,3440640
159058,0x008d77a0,2135,0x010ae000,17489920
300859,0x008d77b0,3902,0x01e7c000,31965184
399387,0x008d7800,148,0x00128000,1212416
000069,0x008d7810,421,0x0034a000,3448832
002001,0x008d7820,954,0x00774000,7815168
159059,0x008d7830,2136,0x010b0000,17498112
399388,0x008d7880,149,0x0012a000,1220608
399389,0x008d7900,150,0x0012c000,1228800
002003,0x008d7910,955,0x00776000,7823360
002004,0x008d7980,956,0x00778000,7831552
002005,0x008d7a00,957,0x0077a000,7839744
002006,0x008d7a80,958,0x0077c000,7847936
399701,0x008d7b00,296,0x00250000,2424832
200761,0x008d7b10,950,0x0076c000,7782400
002007,0x008d7b20,959,0x0077e000,7856128
399702,0x008d7b80,297,0x00252000,2433024
002008,0x008d7b90,960,0x00780000,7864320
399703,0x008d7c00,298,0x00254000,2441216
002009,0x008d7c10,961,0x00782000,7872512
399704,0x008d7c80,299,0x00256000,2449408
399705,0x008d7d00,300,0x00258000,2457600
399706,0x008d7d80,301,0x0025a000,2465792
128127,0x008d7d90,2077,0x0103a000,17014784
399707,0x008d7e00,302,0x0025c000,2473984
159330,0x008d7e10,2365,0x0127a000,19374080
159331,0x008d7e80,2366,0x0127c000,19382272
399660,0x008d7f00,258,0x00204000,2113536
159332,0x008d7f10,2367,0x0127e000,19390464
399661,0x008d7f80,259,0x00206000,2121728
159333,0x008d7f90,2368,0x01280000,19398656
399662,0x008ea000,260,0x00208000,2129920
399663,0x008ea080,261,0x0020a000,2138112
159335,0x008ea090,2369,0x01282000,19406848
399664,0x008ea100,262,0x0020c000,2146304
159336,0x008ea110,2370,0x01284000,19415040
399665,0x008ea180,263,0x0020e000,2154496
159337,0x008ea190,2371,0x01286000,19423232
399666,0x008ea200,264,0x00210000,2162688
159338,0x008ea210,2372,0x01288000,19431424
399667,0x008ea280,265,0x00212000,2170880
159290,0x008ea290,2333,0x0123a000,19111936
159339,0x008ea2a0,2373,0x0128a000,19439616
399668,0x008ea300,266,0x00214000,2179072
002240,0x008ea310,1181,0x0093a000,9674752
159291,0x008ea320,2334,0x0123c000,19120128
399669,0x008ea380,267,0x00216000,2187264
002241,0x008ea390,1182,0x0093c000,9682944
159292,0x008ea3a0,2335,0x0123e000,19128320
002242,0x008ea400,1183,0x0093e000,9691136
159293,0x008ea410,2336,0x01240000,19136512
002243,0x008ea480,1184,0x00940000,9699328
002244,0x008ea500,1185,0x00942000,9707520
159295,0x008ea510,2337,0x01242000,19144704
002245,0x008ea580,1186,0x00944000,9715712
159296,0x008ea590,2338,0x01244000,19152896
002246,0x008ea600,1187,0x00946000,9723904
159297,0x008ea610,2339,0x01246000,19161088
002247,0x008ea680,1188,0x00948000,9732096
159298,0x008ea690,2340,0x01248000,19169280
002248,0x008ea700,1189,0x0094a000,9740288
159299,0x008ea710,2341,0x0124a000,19177472
167501,0x008ea720,3069,0x017fa000,25141248
002249,0x008ea780,1190,0x0094c000,9748480
000620,0x008ea880,551,0x0044e000,4513792
159610,0x008ea890,2512,0x013a0000,20578304
159611,0x008ea900,2513,0x013a2000,20586496
000622,0x008ea980,552,0x00450000,4521984
159612,0x008ea990,2514,0x013a4000,20594688
167506,0x008ea9a0,3070,0x017fc000,25149440
000623,0x008eaa00,553,0x00452000,4530176
159613,0x008eaa10,2515,0x013a6000,20602880
167508,0x008eaa80,3071,0x017fe000,25157632
000625,0x008eab00,554,0x00454000,4538368
159615,0x008eab10,2516,0x013a8000,20611072
000626,0x008eab80,555,0x00456000,4546560
159616,0x008eab90,2517,0x013aa000,20619264
000627,0x008eac00,556,0x00458000,4554752
001390,0x008eac10,902,0x0070c000,7389184
159617,0x008eac20,2518,0x013ac000,20627456
300100,0x008eac30,3183,0x018de000,26075136
000628,0x008eac80,557,0x0045a000,4562944
001391,0x008eac90,903,0x0070e000,7397376
159618,0x008eaca0,2519,0x013ae000,20635648
300101,0x008eacb0,3184,0x018e0000,26083328
000629,0x008ead00,558,0x0045c000,4571136
159570,0x008ead10,2480,0x01360000,20316160
159619,0x008ead20,2520,0x013b0000,20643840
300102,0x008ead30,3185,0x018e2000,26091520
000581,0x008ead80,525,0x0041a000,4300800
001393,0x008ead90,904,0x00710000,7405568
002520,0x008eada0,1438,0x00b3c000,11780096
159571,0x008eadb0,2481,0x01362000,20324352
300103,0x008eadc0,3186,0x018e4000,26099712
000582,0x008eae00,526,0x0041c000,4308992
002521,0x008eae10,1439,0x00b3e000,11788288
159572,0x008eae20,2482,0x01364000,20332544
161010,0x008eae30,2889,0x01692000,23666688
001395,0x008eae80,905,0x00712000,7413760
002522,0x008eae90,1440,0x00b40000,11796480
159573,0x008eaea0,2483,0x01366000,20340736
300105,0x008eaeb0,3187,0x018e6000,26107904
000584,0x008eaf00,527,0x0041e000,4317184
001396,0x008eaf10,906,0x00714000,7421952
002523,0x008eaf20,1441,0x00b42000,11804672
300106,0x008eaf30,3188,0x018e8000,26116096
002524,0x008eaf80,1442,0x00b44000,11812864
159575,0x008eaf90,2484,0x01368000,20348928
300107,0x008eafa0,3189,0x018ea000,26124288
000586,0x008eb000,528,0x00420000,4325376
159576,0x008eb010,2485,0x0136a000,20357120
161014,0x008eb020,2890,0x01694000,23674880
300108,0x008eb030,3190,0x018ec000,26132480
001399,0x008eb080,907,0x00716000,7430144
002526,0x008eb090,1443,0x00b46000,11821056
159577,0x008eb0a0,2486,0x0136c000,20365312
161015,0x008eb0b0,2891,0x01696000,23683072
300109,0x008eb0c0,3191,0x018ee000,26140672
002527,0x008eb100,1444,0x00b48000,11829248
159578,0x008eb110,2487,0x0136e000,20373504
300061,0x008eb120,3147,0x01896000,25780224
000589,0x008eb180,529,0x00422000,4333568
002528,0x008eb190,1445,0x00b4a000,11837440
161017,0x008eb1a0,2892,0x01698000,23691264
300062,0x008eb1b0,3148,0x01898000,25788416
002480,0x008eb200,1404,0x00af8000,11501568
002529,0x008eb210,1446,0x00b4c000,11845632
300063,0x008eb220,3149,0x0189a000,25796608
002481,0x008eb280,1405,0x00afa000,11509760
161019,0x008eb290,2893,0x0169a000,23699456
000900,0x008eb300,725,0x005aa000,5939200
002482,0x008eb310,1406,0x00afc000,11517952
300065,0x008eb320,3150,0x0189c000,25804800
000901,0x008eb380,726,0x005ac000,5947392
002483,0x008eb390,1407,0x00afe000,11526144
300066,0x008eb3a0,3151,0x0189e000,25812992
000902,0x008eb400,727,0x005ae000,5955584
200011,0x008eb410,916,0x00728000,7503872
002484,0x008eb420,1408,0x00b00000,11534336
300067,0x008eb430,3152,0x018a0000,25821184
000903,0x008eb480,728,0x005b0000,5963776
200012,0x008eb490,917,0x0072a000,7512064
002485,0x008eb4a0,1409,0x00b02000,11542528
300068,0x008eb4b0,3153,0x018a2000,25829376
002486,0x008eb500,1410,0x00b04000,11550720
300069,0x008eb510,3154,0x018a4000,25837568
000905,0x008eb580,729,0x005b2000,5971968
002487,0x008eb590,1411,0x00b06000,11558912
000906,0x008eb600,730,0x005b4000,5980160
002488,0x008eb610,1412,0x00b08000,11567104
200016,0x008eb680,918,0x0072c000,7520256
002489,0x008eb690,1413,0x00b0a000,11575296
000908,0x008eb700,731,0x005b6000,5988352
200017,0x008eb710,919,0x0072e000,7528448
000860,0x008eb780,700,0x00578000,5734400
000909,0x008eb790,732,0x005b8000,5996544
159850,0x008eb7a0,2694,0x0150c000,22069248
200019,0x008eb800,920,0x00730000,7536640
002800,0x008eb810,1694,0x00d3c000,13877248
159851,0x008eb820,2695,0x0150e000,22077440
000862,0x008eb880,701,0x0057a000,5742592
002801,0x008eb890,1695,0x00d3e000,13885440
159852,0x008eb8a0,2696,0x01510000,22085632
000863,0x008eb900,702,0x0057c000,5750784
002802,0x008eb910,1696,0x00d40000,13893632
002803,0x008eb980,1697,0x00d42000,13901824
159855,0x008eba00,2697,0x01512000,22093824
162105,0x008eba10,2971,0x01736000,24338432
301150,0x008eba20,4167,0x0208e000,34136064
002805,0x008eba80,1698,0x00d44000,13910016
159856,0x008eba90,2698,0x01514000,22102016
301151,0x008ebaa0,4168,0x02090000,34144256
002806,0x008ebb00,1699,0x00d46000,13918208
159857,0x008ebb10,2699,0x01516000,22110208
300340,0x008ebb20,3406,0x01a9c000,27901952
301152,0x008ebb30,4169,0x02092000,34152448
000868,0x008ebb80,703,0x0057e000,5758976
002807,0x008ebb90,1700,0x00d48000,13926400
159858,0x008ebba0,2700,0x01518000,22118400
162108,0x008ebbb0,2972,0x01738000,24346624
300341,0x008ebbc0,3407,0x01a9e000,27910144
301153,0x008ebbd0,4170,0x02094000,34160640
000869,0x008ebc00,704,0x00580000,5767168
002808,0x008ebc10,1701,0x00d4a000,13934592
159859,0x008ebc20,2701,0x0151a000,22126592
300342,0x008ebc30,3408,0x01aa0000,27918336
002760,0x008ebc80,1660,0x00cf8000,13598720
002809,0x008ebc90,1702,0x00d4c000,13942784
300343,0x008ebca0,3409,0x01aa2000,27926528
301155,0x008ebcb0,4171,0x02096000,34168832
002761,0x008ebd00,1661,0x00cfa000,13606912
300344,0x008ebd10,3410,0x01aa4000,27934720
301156,0x008ebd20,4172,0x02098000,34177024
002762,0x008ebd80,1662,0x00cfc000,13615104
300345,0x008ebd90,3411,0x01aa6000,27942912
301157,0x008ebda0,4173,0x0209a000,34185216
002763,0x008ebe00,1663,0x00cfe000,13623296
300346,0x008ebe10,3412,0x01aa8000,27951104
301158,0x008ebe20,4174,0x0209c000,34193408
300347,0x008ebe80,3413,0x01aaa000,27959296
301159,0x008ebe90,4175,0x0209e000,34201600
002765,0x008ebf00,1664,0x00d00000,13631488
300348,0x008ebf10,3414,0x01aac000,27967488
002766,0x008ebf80,1665,0x00d02000,13639680
300349,0x008ebf90,3415,0x01aae000,27975680
002767,0x008ec000,1666,0x00d04000,13647872
002768,0x008ec080,1667,0x00d06000,13656064
002769,0x008ec100,1668,0x00d08000,13664256
123241,0x008ec180,1988,0x00f88000,16285696
123243,0x008ec280,1989,0x00f8a000,16293888
123245,0x008ec380,1990,0x00f8c000,16302080
123247,0x008ec480,1991,0x00f8e000,16310272
300620,0x008ec580,3674,0x01cb4000,30097408
300621,0x008ec600,3675,0x01cb6000,30105600
300622,0x008ec680,3676,0x01cb8000,30113792
300623,0x008ec700,3677,0x01cba000,30121984
300624,0x008ec780,3678,0x01cbc000,30130176
158012,0x008ec800,2087,0x0104e000,17096704
300625,0x008ec810,3679,0x01cbe000,30138368
300626,0x008ec880,3680,0x01cc0000,30146560
300627,0x008ec900,3681,0x01cc2000,30154752
301390,0x008ec910,4364,0x02218000,35749888
301439,0x008ec920,4380,0x02238000,35880960
160722,0x008ec980,2872,0x01670000,23527424
300628,0x008ec990,3682,0x01cc4000,30162944
301391,0x008ec9a0,4365,0x0221a000,35758080
160723,0x008eca00,2873,0x01672000,23535616
300580,0x008eca10,3634,0x01c64000,29769728
300629,0x008eca20,3683,0x01cc6000,30171136
301392,0x008eca30,4366,0x0221c000,35766272
300581,0x008eca80,3635,0x01c66000,29777920
301393,0x008eca90,4367,0x0221e000,35774464
300582,0x008ecb00,3636,0x01c68000,29786112
160726,0x008ecb80,2874,0x01674000,23543808
300583,0x008ecb90,3637,0x01c6a000,29794304
301395,0x008ecba0,4368,0x02220000,35782656
300584,0x008ecc00,3638,0x01c6c000,29802496
301396,0x008ecc10,4369,0x02222000,35790848
300585,0x008ecc80,3639,0x01c6e000,29810688
301397,0x008ecc90,4370,0x02224000,35799040
200530,0x008ecd00,938,0x00754000,7684096
300586,0x008ecd10,3640,0x01c70000,29818880
301398,0x008ecd20,4371,0x02226000,35807232
300587,0x008ecd80,3641,0x01c72000,29827072
301399,0x008ecd90,4372,0x02228000,35815424
300588,0x008ece00,3642,0x01c74000,29835264
300589,0x008ece80,3643,0x01c76000,29843456
300900,0x008ed000,3942,0x01ecc000,32292864
159100,0x008ed080,2165,0x010ea000,17735680
300901,0x008ed090,3943,0x01ece000,32301056
159101,0x008ed100,2166,0x010ec000,17743872
300902,0x008ed110,3944,0x01ed0000,32309248
200539,0x008ed180,939,0x00756000,7692288
159102,0x008ed190,2167,0x010ee000,17752064
300903,0x008ed1a0,3945,0x01ed2000,32317440
399431,0x008ed200,184,0x00170000,1507328
127040,0x008ed210,2029,0x00fda000,16621568
159103,0x008ed220,2168,0x010f0000,17760256
161810,0x008ed230,2957,0x0171a000,24223744
300904,0x008ed240,3946,0x01ed4000,32325632
399432,0x008ed280,185,0x00172000,1515520
161811,0x008ed290,2958,0x0171c000,24231936
300905,0x008ed2a0,3947,0x01ed6000,32333824
301717,0x008ed2b0,4501,0x0232a000,36872192
399433,0x008ed300,186,0x00174000,1523712
159105,0x008ed310,2169,0x010f2000,17768448
161812,0x008ed320,2959,0x0171e000,24240128
300906,0x008ed330,3948,0x01ed8000,32342016
399434,0x008ed380,187,0x00176000,1531904
159106,0x008ed390,2170,0x010f4000,17776640
300907,0x008ed3a0,3949,0x01eda000,32350208
399435,0x008ed400,188,0x00178000,1540096
127044,0x008ed410,2030,0x00fdc000,16629760
159107,0x008ed420,2171,0x010f6000,17784832
300908,0x008ed430,3950,0x01edc000,32358400
399436,0x008ed480,189,0x0017a000,1548288
127045,0x008ed490,2031,0x00fde000,16637952
159108,0x008ed4a0,2172,0x010f8000,17793024
161815,0x008ed4b0,2960,0x01720000,24248320
300860,0x008ed4c0,3903,0x01e7e000,31973376
300909,0x008ed4d0,3951,0x01ede000,32366592
399437,0x008ed500,190,0x0017c000,1556480
000070,0x008ed510,422,0x0034c000,3457024
127046,0x008ed520,2032,0x00fe0000,16646144
159060,0x008ed530,2137,0x010b2000,17506304
159109,0x008ed540,2173,0x010fa000,17801216
161816,0x008ed550,2961,0x01722000,24256512
300861,0x008ed560,3904,0x01e80000,31981568
399438,0x008ed580,191,0x0017e000,1564672
127047,0x008ed590,2033,0x00fe2000,16654336
159061,0x008ed5a0,2138,0x010b4000,17514496
300862,0x008ed5b0,3905,0x01e82000,31989760
399390,0x008ed600,151,0x0012e000,1236992
399439,0x008ed610,192,0x00180000,1572864
159062,0x008ed620,2139,0x010b6000,17522688
300863,0x008ed630,3906,0x01e84000,31997952
399391,0x008ed680,152,0x00130000,1245184
127049,0x008ed690,2034,0x00fe4000,16662528
159063,0x008ed6a0,2140,0x010b8000,17530880
300864,0x008ed6b0,3907,0x01e86000,32006144
399392,0x008ed700,153,0x00132000,1253376
300865,0x008ed710,3908,0x01e88000,32014336
301677,0x008ed720,4493,0x0231a000,36806656
399393,0x008ed780,154,0x00134000,1261568
159065,0x008ed790,2141,0x010ba000,17539072
300866,0x008ed7a0,3909,0x01e8a000,32022528
301678,0x008ed7b0,4494,0x0231c000,36814848
399394,0x008ed800,155,0x00136000,1269760
159066,0x008ed810,2142,0x010bc000,17547264
300867,0x008ed820,3910,0x01e8c000,32030720
399395,0x008ed880,156,0x00138000,1277952
159067,0x008ed890,2143,0x010be000,17555456
300868,0x008ed8a0,3911,0x01e8e000,32038912
399396,0x008ed900,157,0x0013a000,1286144
000078,0x008ed910,423,0x0034e000,3465216
002010,0x008ed920,962,0x00784000,7880704
159068,0x008ed930,2144,0x010c0000,17563648
300869,0x008ed940,3912,0x01e90000,32047104
399397,0x008ed980,158,0x0013c000,1294336
002011,0x008ed990,963,0x00786000,7888896
159069,0x008ed9a0,2145,0x010c2000,17571840
180301,0x008ed9b0,4511,0x0233e000,36954112
399398,0x008eda00,159,0x0013e000,1302528
002012,0x008eda10,964,0x00788000,7897088
180302,0x008eda20,4512,0x02340000,36962304
399399,0x008eda80,160,0x00140000,1310720
001201,0x008eda90,794,0x00634000,6504448
180303,0x008edaa0,4513,0x02342000,36970496
001202,0x008edb00,795,0x00636000,6512640
002014,0x008edb10,965,0x0078a000,7905280
001203,0x008edb80,796,0x00638000,6520832
002015,0x008edb90,966,0x0078c000,7913472
180305,0x008edba0,4514,0x02344000,36978688
002016,0x008edc00,967,0x0078e000,7921664
180306,0x008edc10,4515,0x02346000,36986880
001205,0x008edc80,797,0x0063a000,6529024
200771,0x008edc90,951,0x0076e000,7790592
002017,0x008edca0,968,0x00790000,7929856
001206,0x008edd00,798,0x0063c000,6537216
001207,0x008edd80,799,0x0063e000,6545408
002019,0x008edd90,969,0x00792000,7938048
128134,0x008edda0,2078,0x0103c000,17022976
001208,0x008ede00,800,0x00640000,6553600
128135,0x008ede10,2079,0x0103e000,17031168
001209,0x008ede80,801,0x00642000,6561792
128136,0x008ede90,2080,0x01040000,17039360
128138,0x008edf80,2081,0x01042000,17047552
399670,0x008ee080,268,0x00218000,2195456
399671,0x008ee100,269,0x0021a000,2203648
399672,0x008ee180,270,0x0021c000,2211840
399673,0x008ee200,271,0x0021e000,2220032
399674,0x008ee280,272,0x00220000,2228224
399675,0x008ee300,273,0x00222000,2236416
399676,0x008ee380,274,0x00224000,2244608
399677,0x008ee400,275,0x00226000,2252800
399678,0x008ee480,276,0x00228000,2260992
002250,0x008ee490,1191,0x0094e000,9756672
399679,0x008ee500,277,0x0022a000,2269184
002251,0x008ee510,1192,0x00950000,9764864
002252,0x008ee580,1193,0x00952000,9773056
002253,0x008ee600,1194,0x00954000,9781248
002254,0x008ee680,1195,0x00956000,9789440
002255,0x008ee700,1196,0x00958000,9797632
002256,0x008ee780,1197,0x0095a000,9805824
164808,0x008ee800,3028,0x017a8000,24805376
002258,0x008ee880,1198,0x0095c000,9814016
002259,0x008ee900,1199,0x0095e000,9822208
000630,0x008eea00,559,0x0045e000,4579328
159620,0x008eea10,2521,0x013b2000,20652032
000631,0x008eea80,560,0x00460000,4587520
159621,0x008eea90,2522,0x013b4000,20660224
000632,0x008eeb00,561,0x00462000,4595712
159622,0x008eeb10,2523,0x013b6000,20668416
000633,0x008eeb80,562,0x00464000,4603904
159623,0x008eeb90,2524,0x013b8000,20676608
000635,0x008eec80,563,0x00466000,4612096
159625,0x008eec90,2525,0x013ba000,20684800
000636,0x008eed00,564,0x00468000,4620288
000637,0x008eed80,565,0x0046a000,4628480
159627,0x008eed90,2526,0x013bc000,20692992
300110,0x008eeda0,3192,0x018f0000,26148864
000638,0x008eee00,566,0x0046c000,4636672
159628,0x008eee10,2527,0x013be000,20701184
300111,0x008eee20,3193,0x018f2000,26157056
000590,0x008eee80,530,0x00424000,4341760
000639,0x008eee90,567,0x0046e000,4644864
159629,0x008eeea0,2528,0x013c0000,20709376
300112,0x008eeeb0,3194,0x018f4000,26165248
000591,0x008eef00,531,0x00426000,4349952
002530,0x008eef10,1447,0x00b4e000,11853824
159581,0x008eef20,2488,0x01370000,20381696
300113,0x008eef30,3195,0x018f6000,26173440
399959,0x008eef80,329,0x00292000,2695168
000592,0x008eef90,532,0x00428000,4358144
002531,0x008eefa0,1448,0x00b50000,11862016
159582,0x008eefb0,2489,0x01372000,20389888
000593,0x008ef000,533,0x0042a000,4366336
002532,0x008ef010,1449,0x00b52000,11870208
159583,0x008ef020,2490,0x01374000,20398080
300115,0x008ef030,3196,0x018f8000,26181632
002533,0x008ef080,1450,0x00b54000,11878400
161022,0x008ef090,3087,0x0181e000,25288704
000595,0x008ef100,534,0x0042c000,4374528
002534,0x008ef110,1451,0x00b56000,11886592
160211,0x008ef120,2813,0x015fa000,23044096
300117,0x008ef130,3197,0x018fa000,26189824
000596,0x008ef180,535,0x0042e000,4382720
002535,0x008ef190,1452,0x00b58000,11894784
159586,0x008ef1a0,2491,0x01376000,20406272
160212,0x008ef1b0,2814,0x015fc000,23052288
161024,0x008ef1c0,2894,0x0169c000,23707648
300118,0x008ef1d0,3198,0x018fc000,26198016
000597,0x008ef200,536,0x00430000,4390912
002536,0x008ef210,1453,0x00b5a000,11902976
159587,0x008ef220,2492,0x01378000,20414464
161025,0x008ef230,2895,0x0169e000,23715840
300070,0x008ef240,3155,0x018a6000,25845760
300119,0x008ef250,3199,0x018fe000,26206208
000598,0x008ef280,537,0x00432000,4399104
002537,0x008ef290,1454,0x00b5c000,11911168
159588,0x008ef2a0,2493,0x0137a000,20422656
161026,0x008ef2b0,2896,0x016a0000,23724032
300071,0x008ef2c0,3156,0x018a8000,25853952
000599,0x008ef300,538,0x00434000,4407296
002538,0x008ef310,1455,0x00b5e000,11919360
159589,0x008ef320,2494,0x0137c000,20430848
160215,0x008ef330,2815,0x015fe000,23060480
161027,0x008ef340,2897,0x016a2000,23732224
300072,0x008ef350,3157,0x018aa000,25862144
002490,0x008ef380,1414,0x00b0c000,11583488
002539,0x008ef390,1456,0x00b60000,11927552
160216,0x008ef3a0,2816,0x01600000,23068672
161028,0x008ef3b0,2898,0x016a4000,23740416
300073,0x008ef3c0,3158,0x018ac000,25870336
002491,0x008ef400,1415,0x00b0e000,11591680
161029,0x008ef410,2899,0x016a6000,23748608
300074,0x008ef420,3159,0x018ae000,25878528
000910,0x008ef480,733,0x005ba000,6004736
002492,0x008ef490,1416,0x00b10000,11599872
160218,0x008ef4a0,2817,0x01602000,23076864
300075,0x008ef4b0,3160,0x018b0000,25886720
000911,0x008ef500,734,0x005bc000,6012928
200020,0x008ef510,921,0x00732000,7544832
002493,0x008ef520,1417,0x00b12000,11608064
159901,0x008ef530,2732,0x01558000,22380544
160219,0x008ef540,2818,0x01604000,23085056
300076,0x008ef550,3161,0x018b2000,25894912
000912,0x008ef580,735,0x005be000,6021120
002494,0x008ef590,1418,0x00b14000,11616256
159902,0x008ef5a0,2733,0x0155a000,22388736
300077,0x008ef5b0,3162,0x018b4000,25903104
000913,0x008ef600,736,0x005c0000,6029312
002495,0x008ef610,1419,0x00b16000,11624448
159903,0x008ef620,2734,0x0155c000,22396928
300078,0x008ef630,3163,0x018b6000,25911296
002496,0x008ef680,1420,0x00b18000,11632640
300079,0x008ef690,3164,0x018b8000,25919488
000915,0x008ef700,737,0x005c2000,6037504
002497,0x008ef710,1421,0x00b1a000,11640832
159905,0x008ef720,2735,0x0155e000,22405120
301200,0x008ef730,4212,0x020e8000,34504704
200025,0x008ef780,922,0x00734000,7553024
002498,0x008ef790,1422,0x00b1c000,11649024
159906,0x008ef7a0,2736,0x01560000,22413312
301201,0x008ef7b0,4213,0x020ea000,34512896
000917,0x008ef800,738,0x005c4000,6045696
200026,0x008ef810,923,0x00736000,7561216
159907,0x008ef820,2737,0x01562000,22421504
301202,0x008ef830,4214,0x020ec000,34521088
159908,0x008ef880,2738,0x01564000,22429696
301203,0x008ef890,4215,0x020ee000,34529280
000919,0x008ef900,739,0x005c6000,6053888
200028,0x008ef910,924,0x00738000,7569408
159909,0x008ef920,2739,0x01566000,22437888
200029,0x008ef980,925,0x0073a000,7577600
002810,0x008ef990,1703,0x00d4e000,13950976
159861,0x008ef9a0,2702,0x0151c000,22134784
301205,0x008ef9b0,4216,0x020f0000,34537472
002811,0x008efa00,1704,0x00d50000,13959168
159862,0x008efa10,2703,0x0151e000,22142976
301206,0x008efa20,4217,0x020f2000,34545664
002812,0x008efa80,1705,0x00d52000,13967360
159863,0x008efa90,2704,0x01520000,22151168
301207,0x008efaa0,4218,0x020f4000,34553856
002813,0x008efb00,1706,0x00d54000,13975552
159864,0x008efb10,2705,0x01522000,22159360
301208,0x008efb20,4219,0x020f6000,34562048
000875,0x008efb80,705,0x00582000,5775360
159865,0x008efb90,2706,0x01524000,22167552
301160,0x008efba0,4176,0x020a0000,34209792
301209,0x008efbb0,4220,0x020f8000,34570240
000876,0x008efc00,706,0x00584000,5783552
002815,0x008efc10,1707,0x00d56000,13983744
159866,0x008efc20,2707,0x01526000,22175744
301161,0x008efc30,4177,0x020a2000,34217984
000877,0x008efc80,707,0x00586000,5791744
002816,0x008efc90,1708,0x00d58000,13991936
159867,0x008efca0,2708,0x01528000,22183936
300350,0x008efcb0,3416,0x01ab0000,27983872
301162,0x008efcc0,4178,0x020a4000,34226176
000878,0x008efd00,708,0x00588000,5799936
002817,0x008efd10,1709,0x00d5a000,14000128
300351,0x008efd20,3417,0x01ab2000,27992064
301163,0x008efd30,4179,0x020a6000,34234368
002818,0x008efd80,1710,0x00d5c000,14008320
159869,0x008efd90,2709,0x0152a000,22192128
300352,0x008efda0,3418,0x01ab4000,28000256
002819,0x008efe00,1711,0x00d5e000,14016512
300353,0x008efe10,3419,0x01ab6000,28008448
301165,0x008efe20,4180,0x020a8000,34242560
002771,0x008efe80,1669,0x00d0a000,13672448
300354,0x008efe90,3420,0x01ab8000,28016640
301166,0x008efea0,4181,0x020aa000,34250752
002772,0x008eff00,1670,0x00d0c000,13680640
300355,0x008eff10,3421,0x01aba000,28024832
301167,0x008eff20,4182,0x020ac000,34258944
002773,0x008eff80,1671,0x00d0e000,13688832
301168,0x008eff90,4183,0x020ae000,34267136
002774,0x008f0000,1672,0x00d10000,13697024
300357,0x008f0010,3422,0x01abc000,28033024
301169,0x008f0020,4184,0x020b0000,34275328
002775,0x008f0080,1673,0x00d12000,13705216
300358,0x008f0090,3423,0x01abe000,28041216
300359,0x008f0100,3424,0x01ac0000,28049408
001965,0x008f0180,913,0x00722000,7479296
002777,0x008f0190,1674,0x00d14000,13713408
002778,0x008f0200,1675,0x00d16000,13721600
002779,0x008f0280,1676,0x00d18000,13729792
123250,0x008f0290,1992,0x00f90000,16318464
123252,0x008f0380,1993,0x00f92000,16326656
123253,0x008f0400,1994,0x00f94000,16334848
123255,0x008f0500,1995,0x00f96000,16343040
123257,0x008f0600,1996,0x00f98000,16351232
123258,0x008f0680,1997,0x00f9a000,16359424
163208,0x008f0690,3002,0x01774000,24592384
123259,0x008f0700,1998,0x00f9c000,16367616
300630,0x008f0710,3684,0x01cc8000,30179328
300631,0x008f0780,3685,0x01cca000,30187520
300632,0x008f0800,3686,0x01ccc000,30195712
300633,0x008f0880,3687,0x01cce000,30203904
300634,0x008f0900,3688,0x01cd0000,30212096
301446,0x008f0910,4381,0x0223a000,35889152
300635,0x008f0980,3689,0x01cd2000,30220288
300636,0x008f0a00,3690,0x01cd4000,30228480
301448,0x008f0a10,4382,0x0223c000,35897344
300637,0x008f0a80,3691,0x01cd6000,30236672
301449,0x008f0a90,4383,0x0223e000,35905536
300638,0x008f0b00,3692,0x01cd8000,30244864
300590,0x008f0b80,3644,0x01c78000,29851648
300639,0x008f0b90,3693,0x01cda000,30253056
300591,0x008f0c00,3645,0x01c7a000,29859840
300592,0x008f0c80,3646,0x01c7c000,29868032
300593,0x008f0d00,3647,0x01c7e000,29876224
300594,0x008f0d80,3648,0x01c80000,29884416
300595,0x008f0e00,3649,0x01c82000,29892608
300596,0x008f0e80,3650,0x01c84000,29900800
200541,0x008f0f00,940,0x00758000,7700480
300597,0x008f0f10,3651,0x01c86000,29908992
300598,0x008f0f80,3652,0x01c88000,29917184
300599,0x008f1000,3653,0x01c8a000,29925376
167001,0x008f1080,3064,0x017f0000,25100288
167002,0x008f1100,3065,0x017f2000,25108480
167003,0x008f1180,3066,0x017f4000,25116672
300910,0x008f1190,3952,0x01ee0000,32374784
159110,0x008f1200,2174,0x010fc000,17809408
300911,0x008f1210,3953,0x01ee2000,32382976
159111,0x008f1280,2175,0x010fe000,17817600
300912,0x008f1290,3954,0x01ee4000,32391168
399440,0x008f1300,193,0x00182000,1581056
159112,0x008f1310,2176,0x01100000,17825792
300913,0x008f1320,3955,0x01ee6000,32399360
399441,0x008f1380,194,0x00184000,1589248
127050,0x008f1390,2035,0x00fe6000,16670720
159113,0x008f13a0,2177,0x01102000,17833984
161820,0x008f13b0,2962,0x01724000,24264704
300915,0x008f1400,3956,0x01ee8000,32407552
159115,0x008f1480,2178,0x01104000,17842176
300916,0x008f1490,3957,0x01eea000,32415744
127053,0x008f1500,2036,0x00fe8000,16678912
159116,0x008f1510,2179,0x01106000,17850368
300917,0x008f1520,3958,0x01eec000,32423936
301680,0x008f1530,4495,0x0231e000,36823040
127054,0x008f1580,2037,0x00fea000,16687104
159117,0x008f1590,2180,0x01108000,17858560
300918,0x008f15a0,3959,0x01eee000,32432128
127055,0x008f1600,2038,0x00fec000,16695296
159118,0x008f1610,2181,0x0110a000,17866752
300870,0x008f1620,3913,0x01e92000,32055296
300919,0x008f1630,3960,0x01ef0000,32440320
301682,0x008f1640,4496,0x02320000,36831232
127056,0x008f1680,2039,0x00fee000,16703488
159070,0x008f1690,2146,0x010c4000,17580032
159119,0x008f16a0,2182,0x0110c000,17874944
300871,0x008f16b0,3914,0x01e94000,32063488
301683,0x008f16c0,4497,0x02322000,36839424
159071,0x008f1700,2147,0x010c6000,17588224
300872,0x008f1710,3915,0x01e96000,32071680
159072,0x008f1780,2148,0x010c8000,17596416
300873,0x008f1790,3916,0x01e98000,32079872
127059,0x008f1800,2040,0x00ff0000,16711680
159073,0x008f1810,2149,0x010ca000,17604608
300875,0x008f1880,3917,0x01e9a000,32088064
301687,0x008f1890,4498,0x02324000,36847616
159075,0x008f1900,2150,0x010cc000,17612800
300876,0x008f1910,3918,0x01e9c000,32096256
159076,0x008f1980,2151,0x010ce000,17620992
300877,0x008f1990,3919,0x01e9e000,32104448
159077,0x008f1a00,2152,0x010d0000,17629184
300878,0x008f1a10,3920,0x01ea0000,32112640
000088,0x008f1a80,424,0x00350000,3473408
002020,0x008f1a90,970,0x00794000,7946240
159078,0x008f1aa0,2153,0x010d2000,17637376
300879,0x008f1ab0,3921,0x01ea2000,32120832
000089,0x008f1b00,425,0x00352000,3481600
002021,0x008f1b10,971,0x00796000,7954432
159079,0x008f1b20,2154,0x010d4000,17645568
001210,0x008f1b80,802,0x00644000,6569984
002022,0x008f1b90,972,0x00798000,7962624
001211,0x008f1c00,803,0x00646000,6578176
002023,0x008f1c10,973,0x0079a000,7970816
000400,0x008f1c80,441,0x00372000,3612672
001212,0x008f1c90,804,0x00648000,6586368
002024,0x008f1ca0,974,0x0079c000,7979008
000401,0x008f1d00,442,0x00374000,3620864
001213,0x008f1d10,805,0x0064a000,6594560
002025,0x008f1d20,975,0x0079e000,7987200
000402,0x008f1d80,443,0x00376000,3629056
002026,0x008f1d90,976,0x007a0000,7995392
000403,0x008f1e00,444,0x00378000,3637248
001215,0x008f1e10,806,0x0064c000,6602752
002027,0x008f1e20,977,0x007a2000,8003584
128142,0x008f1e30,2082,0x01044000,17055744
000404,0x008f1e80,445,0x0037a000,3645440
001216,0x008f1e90,807,0x0064e000,6610944
002028,0x008f1ea0,978,0x007a4000,8011776
001217,0x008f1f00,808,0x00650000,6619136
002029,0x008f1f10,979,0x007a6000,8019968
001218,0x008f1f80,809,0x00652000,6627328
000407,0x008f2000,446,0x0037c000,3653632
001219,0x008f2010,810,0x00654000,6635520
000408,0x008f2080,447,0x0037e000,3661824
000409,0x008f2100,448,0x00380000,3670016
159350,0x008f2110,2374,0x0128c000,19447808
002300,0x008f2180,1237,0x009aa000,10133504
159351,0x008f2190,2375,0x0128e000,19456000
399680,0x008f2200,278,0x0022c000,2277376
002301,0x008f2210,1238,0x009ac000,10141696
159352,0x008f2220,2376,0x01290000,19464192
399681,0x008f2280,279,0x0022e000,2285568
002302,0x008f2290,1239,0x009ae000,10149888
159353,0x008f22a0,2377,0x01292000,19472384
399682,0x008f2300,280,0x00230000,2293760
002303,0x008f2310,1240,0x009b0000,10158080
399683,0x008f2380,281,0x00232000,2301952
002304,0x008f2390,1241,0x009b2000,10166272
159355,0x008f23a0,2378,0x01294000,19480576
399684,0x008f2400,282,0x00234000,2310144
002305,0x008f2410,1242,0x009b4000,10174464
159356,0x008f2420,2379,0x01296000,19488768
399685,0x008f2480,283,0x00236000,2318336
002306,0x008f2490,1243,0x009b6000,10182656
159357,0x008f24a0,2380,0x01298000,19496960
399686,0x008f2500,284,0x00238000,2326528
002307,0x008f2510,1244,0x009b8000,10190848
159358,0x008f2520,2381,0x0129a000,19505152
399687,0x008f2580,285,0x0023a000,2334720
159359,0x008f2590,2382,0x0129c000,19513344
164810,0x008f25a0,3029,0x017aa000,24813568
399688,0x008f2600,287,0x0023e000,2351104
002309,0x008f2610,1245,0x009ba000,10199040
399689,0x008f2680,286,0x0023c000,2342912
002261,0x008f2690,1200,0x00960000,9830400
002262,0x008f2700,1201,0x00962000,9838592
002263,0x008f2780,1202,0x00964000,9846784
164814,0x008f2790,3030,0x017ac000,24821760
201872,0x008f2800,915,0x00726000,7495680
002264,0x008f2810,1203,0x00966000,9854976
002265,0x008f2880,1204,0x00968000,9863168
002266,0x008f2900,1205,0x0096a000,9871360
002267,0x008f2980,1206,0x0096c000,9879552
002268,0x008f2a00,1207,0x0096e000,9887744
002269,0x008f2a80,1208,0x00970000,9895936
159630,0x008f2b80,2529,0x013c2000,20717568
159631,0x008f2c00,2530,0x013c4000,20725760
159632,0x008f2c80,2531,0x013c6000,20733952
159633,0x008f2d00,2532,0x013c8000,20742144
159635,0x008f2e00,2533,0x013ca000,20750336
159636,0x008f2e80,2534,0x013cc000,20758528
399965,0x008f2f00,330,0x00294000,2703360
159637,0x008f2f10,2535,0x013ce000,20766720
300120,0x008f2f20,3200,0x01900000,26214400
399966,0x008f2f80,331,0x00296000,2711552
159638,0x008f2f90,2536,0x013d0000,20774912
300121,0x008f2fa0,3201,0x01902000,26222592
159257,0x00929000,2346,0x01254000,19218432
159258,0x00929010,2347,0x01256000,19226624
159259,0x00929020,2348,0x01258000,19234816
159260,0x00929030,2349,0x0125a000,19243008
159261,0x00929040,2350,0x0125c000,19251200
159262,0x00929050,2351,0x0125e000,19259392
159263,0x00929060,2352,0x01260000,19267584
159265,0x00929070,2353,0x01262000,19275776
159266,0x00929080,2354,0x01264000,19283968
159267,0x00929090,2355,0x01266000,19292160
159268,0x009290a0,2356,0x01268000,19300352
159269,0x009290b0,2357,0x0126a000,19308544
159270,0x009290c0,2358,0x0126c000,19316736
159271,0x009290d0,2359,0x0126e000,19324928
159272,0x009290e0,2360,0x01270000,19333120
159273,0x009290f0,2361,0x01272000,19341312
159275,0x00929100,2362,0x01274000,19349504
159276,0x00929110,2363,0x01276000,19357696
159277,0x00929120,2364,0x01278000,19365888
159278,0x00929130,2365,0x0127a000,19374080
159279,0x00929140,2366,0x0127c000,19382272
159280,0x00929150,2367,0x0127e000,19390464
159281,0x00929160,2372,0x01288000,19431424
159283,0x00929170,2373,0x0128a000,19439616
159285,0x00929180,2374,0x0128c000,19447808
159286,0x00929190,2375,0x0128e000,19456000
159287,0x009291a0,2376,0x01290000,19464192
159288,0x009291b0,2377,0x01292000,19472384
159289,0x009291c0,2378,0x01294000,19480576
159290,0x009291d0,2379,0x01296000,19488768
159291,0x009291e0,2380,0x01298000,19496960
159292,0x009291f0,2381,0x0129a000,19505152
159293,0x00929200,2382,0x0129c000,19513344
159295,0x00929210,2383,0x0129e000,19521536
159296,0x00929220,2384,0x012a0000,19529728
159297,0x00929230,2385,0x012a2000,19537920
159298,0x00929240,2386,0x012a4000,19546112
159299,0x00929250,2387,0x012a6000,19554304
159300,0x00929260,2388,0x012a8000,19562496
159301,0x00929270,2389,0x012aa000,19570688
159302,0x00929280,2390,0x012ac000,19578880
159303,0x00929290,2391,0x012ae000,19587072
159305,0x009292a0,2392,0x012b0000,19595264
159306,0x009292b0,2393,0x012b2000,19603456
159307,0x009292c0,2394,0x012b4000,19611648
159309,0x009292d0,2395,0x012b6000,19619840
159310,0x009292e0,2396,0x012b8000,19628032
159311,0x009292f0,2397,0x012ba000,19636224
159312,0x00929300,2398,0x012bc000,19644416
159315,0x00929310,2399,0x012be000,19652608
159316,0x00929320,2400,0x012c0000,19660800
159318,0x00929330,2401,0x012c2000,19668992
159320,0x00929340,2402,0x012c4000,19677184
159321,0x00929350,2403,0x012c6000,19685376
159322,0x00929360,2404,0x012c8000,19693568
159323,0x00929370,2405,0x012ca000,19701760
159325,0x00929380,2406,0x012cc000,19709952
159326,0x00929390,2407,0x012ce000,19718144
159327,0x009293a0,2408,0x012d0000,19726336
159328,0x009293b0,2409,0x012d2000,19734528
159329,0x009293c0,2410,0x012d4000,19742720
159330,0x009293d0,2411,0x012d6000,19750912
159331,0x009293e0,2412,0x012d8000,19759104
159332,0x009293f0,2413,0x012da000,19767296
159333,0x00929400,2414,0x012dc000,19775488
159335,0x00929410,2415,0x012de000,19783680
159336,0x00929420,2416,0x012e0000,19791872
159337,0x00929430,2417,0x012e2000,19800064
159338,0x00929440,2418,0x012e4000,19808256
159339,0x00929450,2419,0x012e6000,19816448
159350,0x00929460,2420,0x012e8000,19824640
159351,0x00929470,2421,0x012ea000,19832832
159352,0x00929480,2422,0x012ec000,19841024
159353,0x00929490,2423,0x012ee000,19849216
159355,0x009294a0,2424,0x012f0000,19857408
159356,0x009294b0,2425,0x012f2000,19865600
159357,0x009294c0,2426,0x012f4000,19873792
159358,0x009294d0,2427,0x012f6000,19881984
159359,0x009294e0,2428,0x012f8000,19890176
159360,0x009294f0,2429,0x012fa000,19898368
159361,0x00929500,2430,0x012fc000,19906560
159362,0x00929510,2431,0x012fe000,19914752
159363,0x00929520,2432,0x01300000,19922944
159365,0x00929530,2433,0x01302000,19931136
159366,0x00929540,2434,0x01304000,19939328
159367,0x00929550,2435,0x01306000,19947520
159368,0x00929560,2436,0x01308000,19955712
159369,0x00929570,2437,0x0130a000,19963904
159370,0x00929580,2438,0x0130c000,19972096
159371,0x00929590,2439,0x0130e000,19980288
159372,0x009295a0,2440,0x01310000,19988480
159373,0x009295b0,2441,0x01312000,19996672
159375,0x009295c0,2442,0x01314000,20004864
159376,0x009295d0,2443,0x01316000,20013056
159377,0x009295e0,2444,0x01318000,20021248
159378,0x009295f0,2445,0x0131a000,20029440
159379,0x00929600,2446,0x0131c000,20037632
159380,0x00929610,2447,0x0131e000,20045824
159381,0x00929620,2448,0x01320000,20054016
159382,0x00929630,2449,0x01322000,20062208
159383,0x00929640,2450,0x01324000,20070400
159385,0x00929650,2451,0x01326000,20078592
159386,0x00929660,2452,0x01328000,20086784
159387,0x00929670,2453,0x0132a000,20094976
159388,0x00929680,2454,0x0132c000,20103168
159389,0x00929690,2455,0x0132e000,20111360
159390,0x009296a0,2456,0x01330000,20119552
159391,0x009296b0,2457,0x01332000,20127744
159392,0x009296c0,2458,0x01334000,20135936
159393,0x009296d0,2459,0x01336000,20144128
159395,0x009296e0,2460,0x01338000,20152320
159396,0x009296f0,2461,0x0133a000,20160512
159397,0x00929700,2462,0x0133c000,20168704
159398,0x00929710,2463,0x0133e000,20176896
159399,0x00929720,2464,0x01340000,20185088
159400,0x00929730,2465,0x01342000,20193280
159500,0x00929740,2466,0x01344000,20201472
159501,0x00929750,2467,0x01346000,20209664
159502,0x00929760,2468,0x01348000,20217856
159505,0x00929770,2469,0x0134a000,20226048
159506,0x00929780,2470,0x0134c000,20234240
159507,0x00929790,2471,0x0134e000,20242432
159508,0x009297a0,2472,0x01350000,20250624
159509,0x009297b0,2473,0x01352000,20258816
159510,0x009297c0,2474,0x01354000,20267008
159511,0x009297d0,2475,0x01356000,20275200
159512,0x009297e0,2476,0x01358000,20283392
159513,0x009297f0,2477,0x0135a000,20291584
159515,0x00929800,2478,0x0135c000,20299776
159516,0x00929810,2479,0x0135e000,20307968
159517,0x00929820,2480,0x01360000,20316160
159518,0x00929830,2481,0x01362000,20324352
159519,0x00929840,2482,0x01364000,20332544
159520,0x00929850,2483,0x01366000,20340736
159521,0x00929860,2484,0x01368000,20348928
159523,0x00929870,2485,0x0136a000,20357120
159525,0x00929880,2486,0x0136c000,20365312
159526,0x00929890,2487,0x0136e000,20373504
159527,0x009298a0,2488,0x01370000,20381696
159528,0x009298b0,2489,0x01372000,20389888
159529,0x009298c0,2490,0x01374000,20398080
159530,0x009298d0,2491,0x01376000,20406272
159531,0x009298e0,2492,0x01378000,20414464
159532,0x009298f0,2493,0x0137a000,20422656
159533,0x00929900,2494,0x0137c000,20430848
159535,0x00929910,2495,0x0137e000,20439040
159536,0x00929920,2496,0x01380000,20447232
159537,0x00929930,2497,0x01382000,20455424
159538,0x00929940,2498,0x01384000,20463616
159539,0x00929950,2499,0x01386000,20471808
159540,0x00929960,2500,0x01388000,20480000
159541,0x00929970,2501,0x0138a000,20488192
159542,0x00929980,2502,0x0138c000,20496384
159543,0x00929990,2503,0x0138e000,20504576
159545,0x009299a0,2504,0x01390000,20512768
159546,0x009299b0,2505,0x01392000,20520960
159547,0x009299c0,2506,0x01394000,20529152
159549,0x009299d0,2507,0x01396000,20537344
159550,0x009299e0,2508,0x01398000,20545536
159551,0x009299f0,2509,0x0139a000,20553728
159552,0x00929a00,2510,0x0139c000,20561920
159553,0x00929a10,2511,0x0139e000,20570112
159555,0x00929a20,2512,0x013a0000,20578304
159556,0x00929a30,2513,0x013a2000,20586496
159557,0x00929a40,2514,0x013a4000,20594688
159558,0x00929a50,2515,0x013a6000,20602880
159559,0x00929a60,2516,0x013a8000,20611072
159560,0x00929a70,2517,0x013aa000,20619264
159561,0x00929a80,2518,0x013ac000,20627456
159562,0x00929a90,2519,0x013ae000,20635648
159563,0x00929aa0,2520,0x013b0000,20643840
159565,0x00929ab0,2521,0x013b2000,20652032
159566,0x00929ac0,2522,0x013b4000,20660224
159567,0x00929ad0,2523,0x013b6000,20668416
159568,0x00929ae0,2524,0x013b8000,20676608
159569,0x00929af0,2525,0x013ba000,20684800
159570,0x00929b00,2526,0x013bc000,20692992
159571,0x00929b10,2527,0x013be000,20701184
159572,0x00929b20,2528,0x013c0000,20709376
159573,0x00929b30,2529,0x013c2000,20717568
159575,0x00929b40,2530,0x013c4000,20725760
159576,0x00929b50,2531,0x013c6000,20733952
159577,0x00929b60,2532,0x013c8000,20742144
159578,0x00929b70,2533,0x013ca000,20750336
159581,0x00929b80,2534,0x013cc000,20758528
159582,0x00929b90,2535,0x013ce000,20766720
159583,0x00929ba0,2536,0x013d0000,20774912
159586,0x00929bb0,2537,0x013d2000,20783104
159587,0x00929bc0,2538,0x013d4000,20791296
159588,0x00929bd0,2539,0x013d6000,20799488
159589,0x00929be0,2540,0x013d8000,20807680
159590,0x00929bf0,2541,0x013da000,20815872
159591,0x00929c00,2542,0x013dc000,20824064
159592,0x00929c10,2543,0x013de000,20832256
159593,0x00929c20,2544,0x013e0000,20840448
159595,0x00929c30,2545,0x013e2000,20848640
159596,0x00929c40,2546,0x013e4000,20856832
159597,0x00929c50,2547,0x013e6000,20865024
159599,0x00929c60,2548,0x013e8000,20873216
159600,0x00929c70,2549,0x013ea000,20881408
159601,0x00929c80,2550,0x013ec000,20889600
159602,0x00929c90,2551,0x013ee000,20897792
159603,0x00929ca0,2552,0x013f0000,20905984
159605,0x00929cb0,2553,0x013f2000,20914176
159606,0x00929cc0,2554,0x013f4000,20922368
159607,0x00929cd0,2555,0x013f6000,20930560
159608,0x00929ce0,2556,0x013f8000,20938752
159609,0x00929cf0,2557,0x013fa000,20946944
159610,0x00929d00,2558,0x013fc000,20955136
159611,0x00929d10,2559,0x013fe000,20963328
159612,0x00929d20,2560,0x01400000,20971520
159613,0x00929d30,2561,0x01402000,20979712
159615,0x00929d40,2562,0x01404000,20987904
159616,0x00929d50,2563,0x01406000,20996096
159617,0x00929d60,2564,0x01408000,21004288
159618,0x00929d70,2565,0x0140a000,21012480
159619,0x00929d80,2566,0x0140c000,21020672
159620,0x00929d90,2567,0x0140e000,21028864
159621,0x00929da0,2568,0x01410000,21037056
159622,0x00929db0,2569,0x01412000,21045248
159623,0x00929dc0,2570,0x01414000,21053440
159625,0x00929dd0,2571,0x01416000,21061632
159627,0x00929de0,2572,0x01418000,21069824
159628,0x00929df0,2573,0x0141a000,21078016
159629,0x00929e00,2574,0x0141c000,21086208
159630,0x00929e10,2575,0x0141e000,21094400
159631,0x00929e20,2576,0x01420000,21102592
159632,0x00929e30,2577,0x01422000,21110784
159633,0x00929e40,2578,0x01424000,21118976
159635,0x00929e50,2579,0x01426000,21127168
159636,0x00929e60,2580,0x01428000,21135360
159637,0x00929e70,2581,0x0142a000,21143552
159638,0x00929e80,2582,0x0142c000,21151744
159639,0x00929e90,2583,0x0142e000,21159936
159640,0x00929ea0,2584,0x01430000,21168128
159641,0x00929eb0,2585,0x01432000,21176320
159642,0x00929ec0,2586,0x01434000,21184512
159643,0x00929ed0,2587,0x01436000,21192704
159645,0x00929ee0,2588,0x01438000,21200896
159647,0x00929ef0,2589,0x0143a000,21209088
159649,0x00929f00,2590,0x0143c000,21217280
159650,0x00929f10,2591,0x0143e000,21225472
159651,0x00929f20,2592,0x01440000,21233664
159652,0x00929f30,2593,0x01442000,21241856
159653,0x00929f40,2594,0x01444000,21250048
159655,0x00929f50,2595,0x01446000,21258240
159656,0x00929f60,2596,0x01448000,21266432
159657,0x00929f70,2597,0x0144a000,21274624
159658,0x00929f80,2598,0x0144c000,21282816
159659,0x00929f90,2599,0x0144e000,21291008
159660,0x00929fa0,2600,0x01450000,21299200
159661,0x00929fb0,2601,0x01452000,21307392
159662,0x00929fc0,2602,0x01454000,21315584
159663,0x00929fd0,2603,0x01456000,21323776
159665,0x00929fe0,2604,0x01458000,21331968
159666,0x00929ff0,2605,0x0145a000,21340160
399967,0x00940000,332,0x00298000,2719744
159590,0x00940010,2495,0x0137e000,20439040
159639,0x00940020,2537,0x013d2000,20783104
300122,0x00940030,3202,0x01904000,26230784
002540,0x00940080,1457,0x00b62000,11935744
159591,0x00940090,2496,0x01380000,20447232
300123,0x009400a0,3203,0x01906000,26238976
002541,0x00940100,1458,0x00b64000,11943936
159592,0x00940110,2497,0x01382000,20455424
161030,0x00940120,2900,0x016a8000,23756800
300124,0x00940130,3204,0x01908000,26247168
002542,0x00940180,1459,0x00b66000,11952128
159593,0x00940190,2498,0x01384000,20463616
161031,0x009401a0,2901,0x016aa000,23764992
300125,0x009401b0,3205,0x0190a000,26255360
002543,0x00940200,1460,0x00b68000,11960320
160220,0x00940210,2819,0x01606000,23093248
161032,0x00940220,2902,0x016ac000,23773184
300126,0x00940230,3206,0x0190c000,26263552
002544,0x00940280,1461,0x00b6a000,11968512
159595,0x00940290,2499,0x01386000,20471808
160221,0x009402a0,2820,0x01608000,23101440
161033,0x009402b0,2903,0x016ae000,23781376
300127,0x009402c0,3207,0x0190e000,26271744
002545,0x00940300,1462,0x00b6c000,11976704
159596,0x00940310,2500,0x01388000,20480000
160222,0x00940320,2821,0x0160a000,23109632
300128,0x00940330,3208,0x01910000,26279936
002546,0x00940380,1463,0x00b6e000,11984896
159597,0x00940390,2501,0x0138a000,20488192
160223,0x009403a0,2822,0x0160c000,23117824
161035,0x009403b0,2904,0x016b0000,23789568
300080,0x009403c0,3165,0x018ba000,25927680
300129,0x009403d0,3209,0x01912000,26288128
000762,0x00940400,642,0x00504000,5259264
002547,0x00940410,1464,0x00b70000,11993088
002701,0x00940420,1609,0x00c92000,13180928
159752,0x00940430,2625,0x01482000,21504000
161036,0x00940440,2905,0x016b2000,23797760
300081,0x00940450,3166,0x018bc000,25935872
002548,0x00940480,1465,0x00b72000,12001280
002702,0x00940490,1610,0x00c94000,13189120
159599,0x009404a0,2502,0x0138c000,20496384
160225,0x009404b0,2823,0x0160e000,23126016
161037,0x009404c0,2906,0x016b4000,23805952
300082,0x009404d0,3167,0x018be000,25944064
002549,0x00940500,1466,0x00b74000,12009472
002703,0x00940510,1611,0x00c96000,13197312
161038,0x00940520,2907,0x016b6000,23814144
300083,0x00940530,3168,0x018c0000,25952256
159755,0x00940580,2626,0x01484000,21512192
161039,0x00940590,2908,0x016b8000,23822336
300084,0x009405a0,3169,0x018c2000,25960448
301050,0x009405b0,4083,0x01fe6000,33447936
000766,0x00940600,643,0x00506000,5267456
000920,0x00940610,740,0x005c8000,6062080
002705,0x00940620,1612,0x00c98000,13205504
159910,0x00940630,2740,0x01568000,22446080
162006,0x00940640,2970,0x01734000,24330240
300085,0x00940650,3170,0x018c4000,25968640
301051,0x00940660,4084,0x01fe8000,33456128
000767,0x00940680,644,0x00508000,5275648
000921,0x00940690,741,0x005ca000,6070272
200030,0x009406a0,926,0x0073c000,7585792
002706,0x009406b0,1613,0x00c9a000,13213696
159757,0x009406c0,2627,0x01486000,21520384
300086,0x009406d0,3171,0x018c6000,25976832
300240,0x009406e0,3315,0x019e6000,27156480
301052,0x009406f0,4085,0x01fea000,33464320
000768,0x00940700,645,0x0050a000,5283840
000922,0x00940710,742,0x005cc000,6078464
002707,0x00940720,1614,0x00c9c000,13221888
159758,0x00940730,2628,0x01488000,21528576
159912,0x00940740,2741,0x0156a000,22454272
300087,0x00940750,3172,0x018c8000,25985024
300241,0x00940760,3316,0x019e8000,27164672
301053,0x00940770,4086,0x01fec000,33472512
000923,0x00940780,743,0x005ce000,6086656
002708,0x00940790,1615,0x00c9e000,13230080
159913,0x009407a0,2742,0x0156c000,22462464
300088,0x009407b0,3173,0x018ca000,25993216
300242,0x009407c0,3317,0x019ea000,27172864
002660,0x00940800,1572,0x00c48000,12877824
002709,0x00940810,1616,0x00ca0000,13238272
300243,0x00940820,3318,0x019ec000,27181056
301055,0x00940830,4087,0x01fee000,33480704
000925,0x00940880,744,0x005d0000,6094848
002661,0x00940890,1573,0x00c4a000,12886016
159915,0x009408a0,2743,0x0156e000,22470656
300244,0x009408b0,3319,0x019ee000,27189248
301056,0x009408c0,4088,0x01ff0000,33488896
301210,0x009408d0,4221,0x020fa000,34578432
000926,0x00940900,745,0x005d2000,6103040
002662,0x00940910,1574,0x00c4c000,12894208
159916,0x00940920,2744,0x01570000,22478848
300245,0x00940930,3320,0x019f0000,27197440
301057,0x00940940,4089,0x01ff2000,33497088
301211,0x00940950,4222,0x020fc000,34586624
000927,0x00940980,746,0x005d4000,6111232
002663,0x00940990,1575,0x00c4e000,12902400
300246,0x009409a0,3321,0x019f2000,27205632
300400,0x009409b0,3460,0x01b08000,28344320
301058,0x009409c0,4090,0x01ff4000,33505280
301212,0x009409d0,4223,0x020fe000,34594816
000928,0x00940a00,747,0x005d6000,6119424
200037,0x00940a10,927,0x0073e000,7593984
002664,0x00940a20,1576,0x00c50000,12910592
159918,0x00940a30,2745,0x01572000,22487040
300247,0x00940a40,3322,0x019f4000,27213824
300401,0x00940a50,3461,0x01b0a000,28352512
301059,0x00940a60,4091,0x01ff6000,33513472
301213,0x00940a70,4224,0x02100000,34603008
000880,0x00940a80,709,0x0058a000,5808128
000929,0x00940a90,748,0x005d8000,6127616
159870,0x00940aa0,2710,0x0152c000,22200320
159919,0x00940ab0,2746,0x01574000,22495232
300248,0x00940ac0,3323,0x019f6000,27222016
300402,0x00940ad0,3462,0x01b0c000,28360704
000881,0x00940b00,710,0x0058c000,5816320
002666,0x00940b10,1577,0x00c52000,12918784
002820,0x00940b20,1712,0x00d60000,14024704
159871,0x00940b30,2711,0x0152e000,22208512
300249,0x00940b40,3324,0x019f8000,27230208
300403,0x00940b50,3463,0x01b0e000,28368896
301215,0x00940b60,4225,0x02102000,34611200
000882,0x00940b80,711,0x0058e000,5824512
002667,0x00940b90,1578,0x00c54000,12926976
002821,0x00940ba0,1713,0x00d62000,14032896
159872,0x00940bb0,2712,0x01530000,22216704
300404,0x00940bc0,3464,0x01b10000,28377088
301216,0x00940bd0,4226,0x02104000,34619392
000883,0x00940c00,712,0x00590000,5832704
002668,0x00940c10,1579,0x00c56000,12935168
002822,0x00940c20,1714,0x00d64000,14041088
159873,0x00940c30,2713,0x01532000,22224896
300405,0x00940c40,3465,0x01b12000,28385280
301217,0x00940c50,4227,0x02106000,34627584
001696,0x00940c80,909,0x0071a000,7446528
002669,0x00940c90,1580,0x00c58000,12943360
002823,0x00940ca0,1715,0x00d66000,14049280
300406,0x00940cb0,3466,0x01b14000,28393472
301218,0x00940cc0,4228,0x02108000,34635776
000885,0x00940d00,713,0x00592000,5840896
002824,0x00940d10,1716,0x00d68000,14057472
159875,0x00940d20,2714,0x01534000,22233088
300407,0x00940d30,3467,0x01b16000,28401664
301170,0x00940d40,4185,0x020b2000,34283520
301219,0x00940d50,4229,0x0210a000,34643968
000886,0x00940d80,714,0x00594000,5849088
002825,0x00940d90,1717,0x00d6a000,14065664
123142,0x00940da0,1944,0x00f30000,15925248
159876,0x00940db0,2715,0x01536000,22241280
300408,0x00940dc0,3468,0x01b18000,28409856
301171,0x00940dd0,4186,0x020b4000,34291712
000887,0x00940e00,715,0x00596000,5857280
002826,0x00940e10,1718,0x00d6c000,14073856
159877,0x00940e20,2716,0x01538000,22249472
300360,0x00940e30,3425,0x01ac2000,28057600
300409,0x00940e40,3469,0x01b1a000,28418048
301172,0x00940e50,4187,0x020b6000,34299904
000888,0x00940e80,716,0x00598000,5865472
002827,0x00940e90,1719,0x00d6e000,14082048
123144,0x00940ea0,1945,0x00f32000,15933440
301173,0x00940eb0,4188,0x020b8000,34308096
000889,0x00940f00,717,0x0059a000,5873664
002828,0x00940f10,1720,0x00d70000,14090240
160505,0x00940f20,2833,0x01622000,23207936
002780,0x00940f80,1677,0x00d1a000,13737984
002829,0x00940f90,1721,0x00d72000,14098432
300363,0x00940fa0,3426,0x01ac4000,28065792
301175,0x00940fb0,4189,0x020ba000,34316288
300364,0x00941000,3427,0x01ac6000,28073984
301176,0x00941010,4190,0x020bc000,34324480
301330,0x00941020,4321,0x021c2000,35397632
002782,0x00941080,1678,0x00d1c000,13746176
300365,0x00941090,3428,0x01ac8000,28082176
301177,0x009410a0,4191,0x020be000,34332672
301331,0x009410b0,4322,0x021c4000,35405824
002783,0x00941100,1679,0x00d1e000,13754368
123149,0x00941110,1946,0x00f34000,15941632
300366,0x00941120,3429,0x01aca000,28090368
300520,0x00941130,3578,0x01bf4000,29310976
301178,0x00941140,4192,0x020c0000,34340864
301332,0x00941150,4323,0x021c6000,35414016
300521,0x00941180,3579,0x01bf6000,29319168
301179,0x00941190,4193,0x020c2000,34349056
301333,0x009411a0,4324,0x021c8000,35422208
002785,0x00941200,1680,0x00d20000,13762560
300368,0x00941210,3430,0x01acc000,28098560
300522,0x00941220,3580,0x01bf8000,29327360
399050,0x00941280,20,0x00028000,163840
002786,0x00941290,1681,0x00d22000,13770752
002940,0x009412a0,1823,0x00e3e000,14934016
159991,0x009412b0,2794,0x015d4000,22888448
300369,0x009412c0,3431,0x01ace000,28106752
300523,0x009412d0,3581,0x01bfa000,29335552
301335,0x009412e0,4325,0x021ca000,35430400
002787,0x00941300,1682,0x00d24000,13778944
002941,0x00941310,1824,0x00e40000,14942208
159992,0x00941320,2795,0x015d6000,22896640
301336,0x00941330,4326,0x021cc000,35438592
002788,0x00941380,1683,0x00d26000,13787136
002942,0x00941390,1825,0x00e42000,14950400
159993,0x009413a0,2796,0x015d8000,22904832
300525,0x009413b0,3582,0x01bfc000,29343744
301337,0x009413c0,4327,0x021ce000,35446784
002789,0x00941400,1684,0x00d28000,13795328
002943,0x00941410,1826,0x00e44000,14958592
123260,0x00941420,1999,0x00f9e000,16375808
159994,0x00941430,2797,0x015da000,22913024
160620,0x00941440,2849,0x01642000,23339008
301338,0x00941450,4328,0x021d0000,35454976
123261,0x00941480,2000,0x00fa0000,16384000
159995,0x00941490,2798,0x015dc000,22921216
160621,0x009414a0,2850,0x01644000,23347200
300527,0x009414b0,3583,0x01bfe000,29351936
301290,0x009414c0,4284,0x02178000,35094528
301339,0x009414d0,4329,0x021d2000,35463168
001979,0x00941500,914,0x00724000,7487488
002945,0x00941510,1827,0x00e46000,14966784
123262,0x00941520,2001,0x00fa2000,16392192
159996,0x00941530,2799,0x015de000,22929408
160622,0x00941540,2851,0x01646000,23355392
300528,0x00941550,3584,0x01c00000,29360128
301291,0x00941560,4285,0x0217a000,35102720
002946,0x00941580,1828,0x00e48000,14974976
123263,0x00941590,2002,0x00fa4000,16400384
159997,0x009415a0,2800,0x015e0000,22937600
300480,0x009415b0,3539,0x01ba6000,28991488
300529,0x009415c0,3585,0x01c02000,29368320
301292,0x009415d0,4286,0x0217c000,35110912
002947,0x00941600,1829,0x00e4a000,14983168
123264,0x00941610,2003,0x00fa6000,16408576
159998,0x00941620,2801,0x015e2000,22945792
300481,0x00941630,3540,0x01ba8000,28999680
301293,0x00941640,4287,0x0217e000,35119104
002948,0x00941680,1830,0x00e4c000,14991360
123265,0x00941690,2004,0x00fa8000,16416768
160625,0x009416a0,2852,0x01648000,23363584
300482,0x009416b0,3541,0x01baa000,29007872
002949,0x00941700,1831,0x00e4e000,14999552
123266,0x00941710,2005,0x00faa000,16424960
160626,0x00941720,2853,0x0164a000,23371776
300483,0x00941730,3542,0x01bac000,29016064
301295,0x00941740,4288,0x02180000,35127296
123267,0x00941780,2006,0x00fac000,16433152
300484,0x00941790,3543,0x01bae000,29024256
301296,0x009417a0,4289,0x02182000,35135488
123268,0x00941800,2007,0x00fae000,16441344
160628,0x00941810,2854,0x0164c000,23379968
300485,0x00941820,3544,0x01bb0000,29032448
301297,0x00941830,4290,0x02184000,35143680
123269,0x00941880,2008,0x00fb0000,16449536
160629,0x00941890,2855,0x0164e000,23388160
300486,0x009418a0,3545,0x01bb2000,29040640
300640,0x009418b0,3694,0x01cdc000,30261248
301298,0x009418c0,4291,0x02186000,35151872
300487,0x00941900,3546,0x01bb4000,29048832
300641,0x00941910,3695,0x01cde000,30269440
301299,0x00941920,4292,0x02188000,35160064
300488,0x00941980,3547,0x01bb6000,29057024
300642,0x00941990,3696,0x01ce0000,30277632
300489,0x00941a00,3548,0x01bb8000,29065216
300643,0x00941a10,3697,0x01ce2000,30285824
300644,0x00941a80,3698,0x01ce4000,30294016
301456,0x00941a90,4384,0x02240000,35913728
300645,0x00941b00,3699,0x01ce6000,30302208
301611,0x00941b10,4469,0x022ea000,36610048
300800,0x00941b80,3843,0x01e06000,31481856
301458,0x00941b90,4385,0x02242000,35921920
000010,0x00941c00,382,0x002fc000,3129344
300647,0x00941c10,3700,0x01ce8000,30310400
300801,0x00941c20,3844,0x01e08000,31490048
301459,0x00941c30,4386,0x02244000,35930112
301613,0x00941c40,4470,0x022ec000,36618240
000011,0x00941c80,383,0x002fe000,3137536
159001,0x00941c90,2088,0x01050000,17104896
300648,0x00941ca0,3701,0x01cea000,30318592
300802,0x00941cb0,3845,0x01e0a000,31498240
399330,0x00941d00,102,0x000cc000,835584
000012,0x00941d10,384,0x00300000,3145728
300649,0x00941d20,3702,0x01cec000,30326784
300803,0x00941d30,3846,0x01e0c000,31506432
159003,0x00941d80,2089,0x01052000,17113088
300804,0x00941d90,3847,0x01e0e000,31514624
301616,0x00941da0,4471,0x022ee000,36626432
000014,0x00941e00,385,0x00302000,3153920
300805,0x00941e10,3848,0x01e10000,31522816
301617,0x00941e20,4472,0x022f0000,36634624
399333,0x00941e80,103,0x000ce000,843776
159005,0x00941e90,2090,0x01054000,17121280
300806,0x00941ea0,3849,0x01e12000,31531008
301618,0x00941eb0,4473,0x022f2000,36642816
000016,0x00941f00,386,0x00304000,3162112
161713,0x00941f10,2946,0x01704000,24133632
300807,0x00941f20,3850,0x01e14000,31539200
399335,0x00941f80,104,0x000d0000,851968
000017,0x00941f90,387,0x00306000,3170304
159007,0x00941fa0,2091,0x01056000,17129472
300808,0x00941fb0,3851,0x01e16000,31547392
301571,0x00941fc0,4441,0x022b2000,36380672
200550,0x00942000,941,0x0075a000,7708672
159008,0x00942010,2092,0x01058000,17137664
161715,0x00942020,2947,0x01706000,24141824
300760,0x00942030,3806,0x01dbc000,31178752
300809,0x00942040,3852,0x01e18000,31555584
399337,0x00942080,105,0x000d2000,860160
000019,0x00942090,388,0x00308000,3178496
159009,0x009420a0,2093,0x0105a000,17145856
161716,0x009420b0,2948,0x01708000,24150016
300761,0x009420c0,3807,0x01dbe000,31186944
300762,0x00942100,3808,0x01dc0000,31195136
399290,0x00942180,70,0x0008c000,573440
399339,0x00942190,106,0x000d4000,868352
200553,0x009421a0,942,0x0075c000,7716864
127102,0x009421b0,2064,0x01020000,16908288
300763,0x009421c0,3809,0x01dc2000,31203328
301575,0x009421d0,4442,0x022b4000,36388864
399291,0x00942200,71,0x0008e000,581632
127103,0x00942210,2065,0x01022000,16916480
399292,0x00942280,72,0x00090000,589824
127104,0x00942290,2066,0x01024000,16924672
300765,0x009422a0,3810,0x01dc4000,31211520
301577,0x009422b0,4443,0x022b6000,36397056
399293,0x00942300,73,0x00092000,598016
127105,0x00942310,2067,0x01026000,16932864
300766,0x00942320,3811,0x01dc6000,31219712
300920,0x00942330,3961,0x01ef2000,32448512
301578,0x00942340,4444,0x022b8000,36405248
399294,0x00942380,74,0x00094000,606208
159120,0x00942390,2183,0x0110e000,17883136
300767,0x009423a0,3812,0x01dc8000,31227904
300921,0x009423b0,3962,0x01ef4000,32456704
399295,0x00942400,75,0x00096000,614400
159121,0x00942410,2184,0x01110000,17891328
300768,0x00942420,3813,0x01dca000,31236096
300922,0x00942430,3963,0x01ef6000,32464896
399296,0x00942480,76,0x00098000,622592
127108,0x00942490,2068,0x01028000,16941056
159122,0x009424a0,2185,0x01112000,17899520
300769,0x009424b0,3814,0x01dcc000,31244288
300923,0x009424c0,3964,0x01ef8000,32473088
399297,0x00942500,77,0x0009a000,630784
127060,0x00942510,2041,0x00ff2000,16719872
127109,0x00942520,2069,0x0102a000,16949248
159123,0x00942530,2186,0x01114000,17907712
180201,0x00942540,4508,0x02338000,36929536
399298,0x00942580,78,0x0009c000,638976
127061,0x00942590,2042,0x00ff4000,16728064
161831,0x009425a0,2963,0x01726000,24272896
300925,0x009425b0,3965,0x01efa000,32481280
180202,0x009425c0,4509,0x0233a000,36937728
399299,0x00942600,79,0x0009e000,647168
127062,0x00942610,2043,0x00ff6000,16736256
159125,0x00942620,2187,0x01116000,17915904
300926,0x00942630,3966,0x01efc000,32489472
180203,0x00942640,4510,0x0233c000,36945920
159126,0x00942680,2188,0x01118000,17924096
300927,0x00942690,3967,0x01efe000,32497664
127064,0x00942700,2044,0x00ff8000,16744448
159127,0x00942710,2189,0x0111a000,17932288
161834,0x00942720,2964,0x01728000,24281088
300928,0x00942730,3968,0x01f00000,32505856
399610,0x00942780,208,0x001a0000,1703936
159128,0x00942790,2190,0x0111c000,17940480
300880,0x009427a0,3922,0x01ea4000,32129024
300929,0x009427b0,3969,0x01f02000,32514048
399611,0x00942800,209,0x001a2000,1712128
000090,0x00942810,426,0x00354000,3489792
159129,0x00942820,2191,0x0111e000,17948672
300881,0x00942830,3923,0x01ea6000,32137216
399612,0x00942880,210,0x001a4000,1720320
127067,0x00942890,2045,0x00ffa000,16752640
161837,0x009428a0,2965,0x0172a000,24289280
300882,0x009428b0,3924,0x01ea8000,32145408
399613,0x00942900,211,0x001a6000,1728512
127068,0x00942910,2046,0x00ffc000,16760832
159082,0x00942920,2155,0x010d6000,17653760
300883,0x00942930,3925,0x01eaa000,32153600
399614,0x00942980,212,0x001a8000,1736704
127069,0x00942990,2047,0x00ffe000,16769024
159083,0x009429a0,2156,0x010d8000,17661952
300884,0x009429b0,3926,0x01eac000,32161792
301696,0x009429c0,4499,0x02326000,36855808
399615,0x00942a00,213,0x001aa000,1744896
300885,0x00942a10,3927,0x01eae000,32169984
399616,0x00942a80,214,0x001ac000,1753088
003000,0x00942a90,1878,0x00eac000,15384576
159085,0x00942aa0,2157,0x010da000,17670144
300886,0x00942ab0,3928,0x01eb0000,32178176
399617,0x00942b00,215,0x001ae000,1761280
000096,0x00942b10,427,0x00356000,3497984
003001,0x00942b20,1879,0x00eae000,15392768
159086,0x00942b30,2158,0x010dc000,17678336
159240,0x00942b40,2291,0x011e6000,18767872
300887,0x00942b50,3929,0x01eb2000,32186368
399618,0x00942b80,216,0x001b0000,1769472
003002,0x00942b90,1880,0x00eb0000,15400960
159087,0x00942ba0,2159,0x010de000,17686528
159241,0x00942bb0,2292,0x011e8000,18776064
168101,0x00942bc0,3072,0x01800000,25165824
300888,0x00942bd0,3930,0x01eb4000,32194560
399619,0x00942c00,217,0x001b2000,1777664
002030,0x00942c10,980,0x007a8000,8028160
003003,0x00942c20,1881,0x00eb2000,15409152
159242,0x00942c30,2293,0x011ea000,18784256
168102,0x00942c40,3073,0x01802000,25174016
300889,0x00942c50,3931,0x01eb6000,32202752
000099,0x00942c80,428,0x00358000,3506176
002031,0x00942c90,981,0x007aa000,8036352
003004,0x00942ca0,1882,0x00eb4000,15417344
159243,0x00942cb0,2294,0x011ec000,18792448
168103,0x00942cc0,3074,0x01804000,25182208
001220,0x00942d00,811,0x00656000,6643712
002032,0x00942d10,982,0x007ac000,8044544
003005,0x00942d20,1883,0x00eb6000,15425536
168104,0x00942d30,3075,0x01806000,25190400
001221,0x00942d80,812,0x00658000,6651904
002033,0x00942d90,983,0x007ae000,8052736
003006,0x00942da0,1884,0x00eb8000,15433728
159245,0x00942db0,2295,0x011ee000,18800640
168105,0x00942dc0,3076,0x01808000,25198592
000410,0x00942e00,449,0x00382000,3678208
001222,0x00942e10,813,0x0065a000,6660096
002034,0x00942e20,984,0x007b0000,8060928
003007,0x00942e30,1885,0x00eba000,15441920
159246,0x00942e40,2296,0x011f0000,18808832
159400,0x00942e50,2419,0x012e6000,19816448
000411,0x00942e80,450,0x00384000,3686400
001223,0x00942e90,814,0x0065c000,6668288
002035,0x00942ea0,985,0x007b2000,8069120
003008,0x00942eb0,1886,0x00ebc000,15450112
159247,0x00942ec0,2297,0x011f2000,18817024
002036,0x00942f00,986,0x007b4000,8077312
003009,0x00942f10,1887,0x00ebe000,15458304
159248,0x00942f20,2298,0x011f4000,18825216
165511,0x00942f30,3039,0x017be000,24895488
001225,0x00942f80,815,0x0065e000,6676480
002037,0x00942f90,987,0x007b6000,8085504
159249,0x00942fa0,2299,0x011f6000,18833408
165512,0x00942fb0,3040,0x017c0000,24903680
001226,0x00943000,816,0x00660000,6684672
002038,0x00943010,988,0x007b8000,8093696
002150,0x00943020,1092,0x00888000,8945664
164701,0x00943030,3025,0x017a2000,24780800
165513,0x00943040,3041,0x017c2000,24911872
000415,0x00943080,451,0x00386000,3694592
001227,0x00943090,817,0x00662000,6692864
002039,0x009430a0,989,0x007ba000,8101888
002151,0x009430b0,1093,0x0088a000,8953856
001228,0x00943100,818,0x00664000,6701056
002152,0x00943110,1094,0x0088c000,8962048
164703,0x00943120,3026,0x017a4000,24788992
165515,0x00943130,3042,0x017c4000,24920064
000417,0x00943180,452,0x00388000,3702784
001229,0x00943190,819,0x00666000,6709248
002153,0x009431a0,1095,0x0088e000,8970240
165516,0x009431b0,3043,0x017c6000,24928256
002154,0x00943200,1096,0x00890000,8978432
164705,0x00943210,3027,0x017a6000,24797184
165517,0x00943220,3044,0x017c8000,24936448
000419,0x00943280,453,0x0038a000,3710976
002155,0x00943290,1097,0x00892000,8986624
159360,0x009432a0,2383,0x0129e000,19521536
002156,0x00943300,1098,0x00894000,8994816
002310,0x00943310,1246,0x009bc000,10207232
159361,0x00943320,2384,0x012a0000,19529728
165519,0x00943330,3045,0x017ca000,24944640
002157,0x00943380,1099,0x00896000,9003008
002311,0x00943390,1247,0x009be000,10215424
159362,0x009433a0,2385,0x012a2000,19537920
002158,0x00943400,1100,0x00898000,9011200
002312,0x00943410,1248,0x009c0000,10223616
159363,0x00943420,2386,0x012a4000,19546112
399692,0x00943480,288,0x00240000,2359296
002159,0x00943490,1101,0x0089a000,9019392
002313,0x009434a0,1249,0x009c2000,10231808
399693,0x00943500,289,0x00242000,2367488
002314,0x00943510,1250,0x009c4000,10240000
159365,0x00943520,2387,0x012a6000,19554304
399694,0x00943580,290,0x00244000,2375680
000530,0x00943590,487,0x003ce000,3989504
002315,0x009435a0,1251,0x009c6000,10248192
159366,0x009435b0,2388,0x012a8000,19562496
159520,0x009435c0,2437,0x0130a000,19963904
399695,0x00943600,291,0x00246000,2383872
000531,0x00943610,488,0x003d0000,3997696
002316,0x00943620,1252,0x009c8000,10256384
159367,0x00943630,2389,0x012aa000,19570688
159521,0x00943640,2438,0x0130c000,19972096
399696,0x00943680,292,0x00248000,2392064
399850,0x00943690,317,0x0027a000,2596864
000532,0x009436a0,489,0x003d2000,4005888
002317,0x009436b0,1253,0x009ca000,10264576
159368,0x009436c0,2390,0x012ac000,19578880
399697,0x00943700,293,0x0024a000,2400256
000533,0x00943710,490,0x003d4000,4014080
002318,0x00943720,1254,0x009cc000,10272768
159369,0x00943730,2391,0x012ae000,19587072
159523,0x00943740,2439,0x0130e000,19980288
180601,0x00943750,4521,0x02352000,37036032
399698,0x00943780,294,0x0024c000,2408448
399852,0x00943790,318,0x0027c000,2605056
000534,0x009437a0,491,0x003d6000,4022272
002270,0x009437b0,1209,0x00972000,9904128
002319,0x009437c0,1255,0x009ce000,10280960
180602,0x009437d0,4522,0x02354000,37044224
399699,0x00943800,295,0x0024e000,2416640
002271,0x00943810,1210,0x00974000,9912320
159525,0x00943820,2440,0x01310000,19988480
180603,0x00943830,4523,0x02356000,37052416
000536,0x00943880,492,0x003d8000,4030464
002272,0x00943890,1211,0x00976000,9920512
159526,0x009438a0,2441,0x01312000,19996672
000537,0x00943900,493,0x003da000,4038656
002273,0x00943910,1212,0x00978000,9928704
159527,0x00943920,2442,0x01314000,20004864
164824,0x00943930,3031,0x017ae000,24829952
300010,0x00943940,3100,0x01838000,25395200
180605,0x00943950,4524,0x02358000,37060608
000538,0x00943980,494,0x003dc000,4046848
002274,0x00943990,1213,0x0097a000,9936896
159528,0x009439a0,2443,0x01316000,20013056
300011,0x009439b0,3101,0x0183a000,25403392
180606,0x009439c0,4525,0x0235a000,37068800
000539,0x00943a00,495,0x003de000,4055040
002275,0x00943a10,1214,0x0097c000,9945088
159529,0x00943a20,2444,0x01318000,20021248
300012,0x00943a30,3102,0x0183c000,25411584
180607,0x00943a40,4526,0x0235c000,37076992
002276,0x00943a80,1215,0x0097e000,9953280
002430,0x00943a90,1361,0x00aa2000,11149312
300013,0x00943aa0,3103,0x0183e000,25419776
002277,0x00943b00,1216,0x00980000,9961472
002431,0x00943b10,1362,0x00aa4000,11157504
300014,0x00943b20,3104,0x01840000,25427968
002278,0x00943b80,1217,0x00982000,9969664
002432,0x00943b90,1363,0x00aa6000,11165696
300015,0x00943ba0,3105,0x01842000,25436160
002279,0x00943c00,1218,0x00984000,9977856
300016,0x00943c10,3106,0x01844000,25444352
002434,0x00943c80,1364,0x00aa8000,11173888
300017,0x00943c90,3107,0x01846000,25452544
000650,0x00943d00,568,0x00470000,4653056
159640,0x00943d10,2538,0x013d4000,20791296
300018,0x00943d20,3108,0x01848000,25460736
000651,0x00943d80,569,0x00472000,4661248
002436,0x00943d90,1365,0x00aaa000,11182080
159641,0x00943da0,2539,0x013d6000,20799488
300019,0x00943db0,3109,0x0184a000,25468928
399970,0x00943e00,333,0x0029a000,2727936
000498,0x00943e10,464,0x003a0000,3801088
000652,0x00943e20,570,0x00474000,4669440
002437,0x00943e30,1366,0x00aac000,11190272
159642,0x00943e40,2540,0x013d8000,20807680
399971,0x00943e80,334,0x0029c000,2736128
002438,0x00943e90,1367,0x00aae000,11198464
159643,0x00943ea0,2541,0x013da000,20815872
399972,0x00943f00,335,0x0029e000,2744320
002390,0x00943f10,1323,0x00a56000,10838016
002439,0x00943f20,1368,0x00ab0000,11206656
399973,0x00943f80,336,0x002a0000,2752512
000655,0x00943f90,571,0x00476000,4677632
002391,0x00943fa0,1324,0x00a58000,10846208
159645,0x00943fb0,2542,0x013dc000,20824064
159667,0x00a2e000,2607,0x0145e000,21356544
159669,0x00a2e010,2608,0x01460000,21364736
159670,0x00a2e020,2609,0x01462000,21372928
159671,0x00a2e030,2610,0x01464000,21381120
159672,0x00a2e040,2611,0x01466000,21389312
159673,0x00a2e050,2612,0x01468000,21397504
159675,0x00a2e060,2613,0x0146a000,21405696
159676,0x00a2e070,2614,0x0146c000,21413888
159677,0x00a2e080,2615,0x0146e000,21422080
159678,0x00a2e090,2616,0x01470000,21430272
159679,0x00a2e0a0,2617,0x01472000,21438464
159680,0x00a2e0b0,2618,0x01474000,21446656
159681,0x00a2e0c0,2619,0x01476000,21454848
159682,0x00a2e0d0,2620,0x01478000,21463040
159685,0x00a2e0e0,2621,0x0147a000,21471232
159686,0x00a2e0f0,2622,0x0147c000,21479424
159687,0x00a2e100,2623,0x0147e000,21487616
159688,0x00a2e110,2624,0x01480000,21495808
159689,0x00a2e120,2625,0x01482000,21504000
159690,0x00a2e130,2626,0x01484000,21512192
159691,0x00a2e140,2627,0x01486000,21520384
159692,0x00a2e150,2628,0x01488000,21528576
159695,0x00a2e160,2629,0x0148a000,21536768
159696,0x00a2e170,2630,0x0148c000,21544960
159697,0x00a2e180,2631,0x0148e000,21553152
159698,0x00a2e190,2632,0x01490000,21561344
159699,0x00a2e1a0,2633,0x01492000,21569536
159700,0x00a2e1b0,2634,0x01494000,21577728
159701,0x00a2e1c0,2635,0x01496000,21585920
159703,0x00a2e1d0,2636,0x01498000,21594112
159706,0x00a2e1e0,2637,0x0149a000,21602304
159707,0x00a2e1f0,2638,0x0149c000,21610496
159708,0x00a2e200,2639,0x0149e000,21618688
159709,0x00a2e210,2640,0x014a0000,21626880
159711,0x00a2e220,2641,0x014a2000,21635072
159712,0x00a2e230,2642,0x014a4000,21643264
159713,0x00a2e240,2643,0x014a6000,21651456
159715,0x00a2e250,2644,0x014a8000,21659648
159716,0x00a2e260,2645,0x014aa000,21667840
159717,0x00a2e270,2646,0x014ac000,21676032
159718,0x00a2e280,2647,0x014ae000,21684224
159719,0x00a2e290,2648,0x014b0000,21692416
159720,0x00a2e2a0,2649,0x014b2000,21700608
159721,0x00a2e2b0,2650,0x014b4000,21708800
159723,0x00a2e2c0,2651,0x014b6000,21716992
159725,0x00a2e2d0,2652,0x014b8000,21725184
159726,0x00a2e2e0,2653,0x014ba000,21733376
159728,0x00a2e2f0,2654,0x014bc000,21741568
159729,0x00a2e300,2655,0x014be000,21749760
159730,0x00a2e310,2656,0x014c0000,21757952
159731,0x00a2e320,2657,0x014c2000,21766144
159732,0x00a2e330,2658,0x014c4000,21774336
159735,0x00a2e340,2659,0x014c6000,21782528
159736,0x00a2e350,2660,0x014c8000,21790720
159738,0x00a2e360,2661,0x014ca000,21798912
159739,0x00a2e370,2662,0x014cc000,21807104
159740,0x00a2e380,2663,0x014ce000,21815296
159741,0x00a2e390,2664,0x014d0000,21823488
159742,0x00a2e3a0,2665,0x014d2000,21831680
159743,0x00a2e3b0,2666,0x014d4000,21839872
159745,0x00a2e3c0,2667,0x014d6000,21848064
159747,0x00a2e3d0,2668,0x014d8000,21856256
159748,0x00a2e3e0,2669,0x014da000,21864448
159750,0x00a2e3f0,2670,0x014dc000,21872640
159751,0x00a2e400,2671,0x014de000,21880832
159752,0x00a2e410,2672,0x014e0000,21889024
159755,0x00a2e420,2673,0x014e2000,21897216
159757,0x00a2e430,2674,0x014e4000,21905408
159758,0x00a2e440,2675,0x014e6000,21913600
159760,0x00a2e450,2676,0x014e8000,21921792
159761,0x00a2e460,2677,0x014ea000,21929984
159763,0x00a2e470,2678,0x014ec000,21938176
159766,0x00a2e480,2679,0x014ee000,21946368
159767,0x00a2e490,2680,0x014f0000,21954560
159768,0x00a2e4a0,2681,0x014f2000,21962752
159770,0x00a2e4b0,2682,0x014f4000,21970944
159773,0x00a2e4c0,2683,0x014f6000,21979136
159775,0x00a2e4d0,2684,0x014f8000,21987328
159776,0x00a2e4e0,2685,0x014fa000,21995520
159777,0x00a2e4f0,2686,0x014fc000,22003712
159778,0x00a2e500,2687,0x014fe000,22011904
159779,0x00a2e510,2688,0x01500000,22020096
159780,0x00a2e520,2689,0x01502000,22028288
159781,0x00a2e530,2690,0x01504000,22036480
159782,0x00a2e540,2691,0x01506000,22044672
159783,0x00a2e550,2692,0x01508000,22052864
159786,0x00a2e560,2693,0x0150a000,22061056
159787,0x00a2e570,2694,0x0150c000,22069248
159788,0x00a2e580,2695,0x0150e000,22077440
159790,0x00a2e590,2696,0x01510000,22085632
159791,0x00a2e5a0,2697,0x01512000,22093824
159792,0x00a2e5b0,2698,0x01514000,22102016
159793,0x00a2e5c0,2699,0x01516000,22110208
159795,0x00a2e5d0,2700,0x01518000,22118400
159796,0x00a2e5e0,2701,0x0151a000,22126592
159797,0x00a2e5f0,2702,0x0151c000,22134784
159798,0x00a2e600,2703,0x0151e000,22142976
159800,0x00a2e610,2705,0x01522000,22159360
159801,0x00a2e620,2706,0x01524000,22167552
159804,0x00a2e630,2707,0x01526000,22175744
159805,0x00a2e640,2708,0x01528000,22183936
159806,0x00a2e650,2709,0x0152a000,22192128
159807,0x00a2e660,2710,0x0152c000,22200320
159808,0x00a2e670,2711,0x0152e000,22208512
159810,0x00a2e680,2712,0x01530000,22216704
159811,0x00a2e690,2713,0x01532000,22224896
159812,0x00a2e6a0,2714,0x01534000,22233088
159813,0x00a2e6b0,2715,0x01536000,22241280
159814,0x00a2e6c0,2716,0x01538000,22249472
159816,0x00a2e6d0,2717,0x0153a000,22257664
159819,0x00a2e6e0,2718,0x0153c000,22265856
159820,0x00a2e6f0,2719,0x0153e000,22274048
159821,0x00a2e700,2720,0x01540000,22282240
159822,0x00a2e710,2721,0x01542000,22290432
159824,0x00a2e720,2722,0x01544000,22298624
159825,0x00a2e730,2723,0x01546000,22306816
159827,0x00a2e740,2724,0x01548000,22315008
159828,0x00a2e750,2725,0x0154a000,22323200
159830,0x00a2e760,2726,0x0154c000,22331392
159831,0x00a2e770,2727,0x0154e000,22339584
159834,0x00a2e780,2728,0x01550000,22347776
159835,0x00a2e790,2729,0x01552000,22355968
159836,0x00a2e7a0,2730,0x01554000,22364160
159837,0x00a2e7b0,2731,0x01556000,22372352
159838,0x00a2e7c0,2732,0x01558000,22380544
159839,0x00a2e7d0,2733,0x0155a000,22388736
159840,0x00a2e7e0,2734,0x0155c000,22396928
159841,0x00a2e7f0,2735,0x0155e000,22405120
159842,0x00a2e800,2736,0x01560000,22413312
159843,0x00a2e810,2737,0x01562000,22421504
159845,0x00a2e820,2738,0x01564000,22429696
159847,0x00a2e830,2739,0x01566000,22437888
159848,0x00a2e840,2740,0x01568000,22446080
159849,0x00a2e850,2741,0x0156a000,22454272
159850,0x00a2e860,2742,0x0156c000,22462464
159851,0x00a2e870,2743,0x0156e000,22470656
159852,0x00a2e880,2744,0x01570000,22478848
159855,0x00a2e890,2745,0x01572000,22487040
159856,0x00a2e8a0,2746,0x01574000,22495232
159857,0x00a2e8b0,2747,0x01576000,22503424
159858,0x00a2e8c0,2748,0x01578000,22511616
159859,0x00a2e8d0,2749,0x0157a000,22519808
159861,0x00a2e8e0,2750,0x0157c000,22528000
159862,0x00a2e8f0,2751,0x0157e000,22536192
159863,0x00a2e900,2752,0x01580000,22544384
159864,0x00a2e910,2753,0x01582000,22552576
159865,0x00a2e920,2754,0x01584000,22560768
159866,0x00a2e930,2755,0x01586000,22568960
159867,0x00a2e940,2756,0x01588000,22577152
159869,0x00a2e950,2757,0x0158a000,22585344
159870,0x00a2e960,2758,0x0158c000,22593536
159871,0x00a2e970,2759,0x0158e000,22601728
159872,0x00a2e980,2760,0x01590000,22609920
159873,0x00a2e990,2761,0x01592000,22618112
159875,0x00a2e9a0,2762,0x01594000,22626304
159876,0x00a2e9b0,2763,0x01596000,22634496
159877,0x00a2e9c0,2764,0x01598000,22642688
159880,0x00a2e9d0,2765,0x0159a000,22650880
159881,0x00a2e9e0,2766,0x0159c000,22659072
159883,0x00a2e9f0,2767,0x0159e000,22667264
159885,0x00a2ea00,2768,0x015a0000,22675456
159886,0x00a2ea10,2769,0x015a2000,22683648
159887,0x00a2ea20,2770,0x015a4000,22691840
159888,0x00a2ea30,2771,0x015a6000,22700032
159889,0x00a2ea40,2772,0x015a8000,22708224
159890,0x00a2ea50,2773,0x015aa000,22716416
159891,0x00a2ea60,2774,0x015ac000,22724608
159892,0x00a2ea70,2775,0x015ae000,22732800
159895,0x00a2ea80,2776,0x015b0000,22740992
159896,0x00a2ea90,2777,0x015b2000,22749184
159898,0x00a2eaa0,2778,0x015b4000,22757376
159899,0x00a2eab0,2779,0x015b6000,22765568
159901,0x00a2eac0,2780,0x015b8000,22773760
159902,0x00a2ead0,2781,0x015ba000,22781952
159903,0x00a2eae0,2782,0x015bc000,22790144
159905,0x00a2eaf0,2783,0x015be000,22798336
159906,0x00a2eb00,2784,0x015c0000,22806528
159907,0x00a2eb10,2785,0x015c2000,22814720
159908,0x00a2eb20,2786,0x015c4000,22822912
159909,0x00a2eb30,2787,0x015c6000,22831104
159910,0x00a2eb40,2788,0x015c8000,22839296
159912,0x00a2eb50,2789,0x015ca000,22847488
159913,0x00a2eb60,2790,0x015cc000,22855680
159915,0x00a2eb70,2791,0x015ce000,22863872
159916,0x00a2eb80,2792,0x015d0000,22872064
159918,0x00a2eb90,2793,0x015d2000,22880256
159919,0x00a2eba0,2794,0x015d4000,22888448
159920,0x00a2ebb0,2795,0x015d6000,22896640
159922,0x00a2ebc0,2796,0x015d8000,22904832
159923,0x00a2ebd0,2797,0x015da000,22913024
159925,0x00a2ebe0,2798,0x015dc000,22921216
159928,0x00a2ebf0,2799,0x015de000,22929408
159929,0x00a2ec00,2800,0x015e0000,22937600
159930,0x00a2ec10,2801,0x015e2000,22945792
159931,0x00a2ec20,2802,0x015e4000,22953984
159933,0x00a2ec30,2803,0x015e6000,22962176
159934,0x00a2ec40,2804,0x015e8000,22970368
159935,0x00a2ec50,2805,0x015ea000,22978560
159936,0x00a2ec60,2806,0x015ec000,22986752
159937,0x00a2ec70,2807,0x015ee000,22994944
159938,0x00a2ec80,2808,0x015f0000,23003136
159939,0x00a2ec90,2809,0x015f2000,23011328
159940,0x00a2eca0,2810,0x015f4000,23019520
159941,0x00a2ecb0,2811,0x015f6000,23027712
159943,0x00a2ecc0,2812,0x015f8000,23035904
159944,0x00a2ecd0,2813,0x015fa000,23044096
159945,0x00a2ece0,2814,0x015fc000,23052288
159948,0x00a2ecf0,2815,0x015fe000,23060480
159949,0x00a2ed00,2816,0x01600000,23068672
159952,0x00a2ed10,2817,0x01602000,23076864
159954,0x00a2ed20,2818,0x01604000,23085056
159956,0x00a2ed30,2819,0x01606000,23093248
159957,0x00a2ed40,2820,0x01608000,23101440
159958,0x00a2ed50,2821,0x0160a000,23109632
159959,0x00a2ed60,2822,0x0160c000,23117824
159960,0x00a2ed70,2823,0x0160e000,23126016
159961,0x00a2ed80,2824,0x01610000,23134208
159964,0x00a2ed90,2825,0x01612000,23142400
159965,0x00a2eda0,2826,0x01614000,23150592
159966,0x00a2edb0,2827,0x01616000,23158784
159967,0x00a2edc0,2828,0x01618000,23166976
159968,0x00a2edd0,2829,0x0161a000,23175168
159970,0x00a2ede0,2830,0x0161c000,23183360
159971,0x00a2edf0,2831,0x0161e000,23191552
159972,0x00a2ee00,2832,0x01620000,23199744
159973,0x00a2ee10,2833,0x01622000,23207936
159974,0x00a2ee20,2834,0x01624000,23216128
159975,0x00a2ee30,2835,0x01626000,23224320
159976,0x00a2ee40,2836,0x01628000,23232512
159977,0x00a2ee50,2837,0x0162a000,23240704
159980,0x00a2ee60,2838,0x0162c000,23248896
159981,0x00a2ee70,2839,0x0162e000,23257088
159982,0x00a2ee80,2840,0x01630000,23265280
159985,0x00a2ee90,2841,0x01632000,23273472
159991,0x00a2eea0,2842,0x01634000,23281664
159992,0x00a2eeb0,2843,0x01636000,23289856
159993,0x00a2eec0,2844,0x01638000,23298048
159994,0x00a2eed0,2845,0x0163a000,23306240
159995,0x00a2eee0,2846,0x0163c000,23314432
159996,0x00a2eef0,2847,0x0163e000,23322624
159997,0x00a2ef00,2848,0x01640000,23330816
159998,0x00a2ef10,2849,0x01642000,23339008
160105,0x00a2ef20,2850,0x01644000,23347200
160106,0x00a2ef30,2851,0x01646000,23355392
160119,0x00a2ef40,2852,0x01648000,23363584
160125,0x00a2ef50,2853,0x0164a000,23371776
160127,0x00a2ef60,2854,0x0164c000,23379968
160128,0x00a2ef70,2855,0x0164e000,23388160
160133,0x00a2ef80,2856,0x01650000,23396352
160135,0x00a2ef90,2857,0x01652000,23404544
160140,0x00a2efa0,2858,0x01654000,23412736
160142,0x00a2efb0,2859,0x01656000,23420928
160143,0x00a2efc0,2860,0x01658000,23429120
160211,0x00a2efd0,2861,0x0165a000,23437312
160212,0x00a2efe0,2862,0x0165c000,23445504
160215,0x00a2eff0,2863,0x0165e000,23453696
399974,0x00a90000,337,0x002a2000,2760704
000656,0x00a90010,572,0x00478000,4685824
000810,0x00a90020,671,0x0053e000,5496832
002392,0x00a90030,1325,0x00a5a000,10854400
159800,0x00a90040,2657,0x014c2000,21766144
399975,0x00a90080,338,0x002a4000,2768896
000657,0x00a90090,573,0x0047a000,4694016
000811,0x00a900a0,672,0x00540000,5505024
002393,0x00a900b0,1326,0x00a5c000,10862592
159647,0x00a900c0,2543,0x013de000,20832256
159801,0x00a900d0,2658,0x014c4000,21774336
160119,0x00a900e0,2804,0x015e8000,22970368
300130,0x00a900f0,3210,0x01914000,26296320
399976,0x00a90100,339,0x002a6000,2777088
000812,0x00a90110,673,0x00542000,5513216
002394,0x00a90120,1327,0x00a5e000,10870784
300131,0x00a90130,3211,0x01916000,26304512
000659,0x00a90180,574,0x0047c000,4702208
000813,0x00a90190,674,0x00544000,5521408
002395,0x00a901a0,1328,0x00a60000,10878976
159649,0x00a901b0,2544,0x013e0000,20840448
300132,0x00a901c0,3212,0x01918000,26312704
002396,0x00a90200,1329,0x00a62000,10887168
002550,0x00a90210,1467,0x00b76000,12017664
159804,0x00a90220,2659,0x014c6000,21782528
300133,0x00a90230,3213,0x0191a000,26320896
000815,0x00a90280,675,0x00546000,5529600
002397,0x00a90290,1330,0x00a64000,10895360
002551,0x00a902a0,1468,0x00b78000,12025856
159805,0x00a902b0,2660,0x014c8000,21790720
161040,0x00a902c0,2909,0x016ba000,23830528
300134,0x00a902d0,3214,0x0191c000,26329088
301100,0x00a902e0,4128,0x02040000,33816576
000816,0x00a90300,676,0x00548000,5537792
002398,0x00a90310,1331,0x00a66000,10903552
002552,0x00a90320,1469,0x00b7a000,12034048
159806,0x00a90330,2661,0x014ca000,21798912
300135,0x00a90340,3215,0x0191e000,26337280
301101,0x00a90350,4129,0x02042000,33824768
002399,0x00a90380,1332,0x00a68000,10911744
002553,0x00a90390,1470,0x00b7c000,12042240
159807,0x00a903a0,2662,0x014cc000,21807104
300136,0x00a903b0,3216,0x01920000,26345472
301102,0x00a903c0,4130,0x02044000,33832960
000818,0x00a90400,677,0x0054a000,5545984
002554,0x00a90410,1471,0x00b7e000,12050432
159808,0x00a90420,2663,0x014ce000,21815296
300137,0x00a90430,3217,0x01922000,26353664
301103,0x00a90440,4131,0x02046000,33841152
000819,0x00a90480,678,0x0054c000,5554176
002555,0x00a90490,1472,0x00b80000,12058624
159760,0x00a904a0,2629,0x0148a000,21536768
300138,0x00a904b0,3218,0x01924000,26361856
002556,0x00a90500,1473,0x00b82000,12066816
159761,0x00a90510,2630,0x0148c000,21544960
300139,0x00a90520,3219,0x01926000,26370048
301105,0x00a90530,4132,0x02048000,33849344
002557,0x00a90580,1474,0x00b84000,12075008
300091,0x00a90590,3174,0x018cc000,26001408
301106,0x00a905a0,4133,0x0204a000,33857536
002558,0x00a90600,1475,0x00b86000,12083200
002712,0x00a90610,1617,0x00ca2000,13246464
159763,0x00a90620,2631,0x0148e000,21553152
300092,0x00a90630,3175,0x018ce000,26009600
301107,0x00a90640,4134,0x0204c000,33865728
002559,0x00a90680,1476,0x00b88000,12091392
002713,0x00a90690,1618,0x00ca4000,13254656
300093,0x00a906a0,3176,0x018d0000,26017792
301108,0x00a906b0,4135,0x0204e000,33873920
002714,0x00a90700,1619,0x00ca6000,13262848
300094,0x00a90710,3177,0x018d2000,26025984
301060,0x00a90720,4092,0x01ff8000,33521664
301109,0x00a90730,4136,0x02050000,33882112
000776,0x00a90780,646,0x0050c000,5292032
000930,0x00a90790,749,0x005da000,6135808
002715,0x00a907a0,1620,0x00ca8000,13271040
159766,0x00a907b0,2632,0x01490000,21561344
159920,0x00a907c0,2747,0x01576000,22503424
300095,0x00a907d0,3178,0x018d4000,26034176
301061,0x00a907e0,4093,0x01ffa000,33529856
000777,0x00a90800,647,0x0050e000,5300224
000931,0x00a90810,750,0x005dc000,6144000
002716,0x00a90820,1621,0x00caa000,13279232
159767,0x00a90830,2633,0x01492000,21569536
300096,0x00a90840,3179,0x018d6000,26042368
300250,0x00a90850,3325,0x019fa000,27238400
301062,0x00a90860,4094,0x01ffc000,33538048
000778,0x00a90880,648,0x00510000,5308416
000932,0x00a90890,751,0x005de000,6152192
002717,0x00a908a0,1622,0x00cac000,13287424
159768,0x00a908b0,2634,0x01494000,21577728
159922,0x00a908c0,2748,0x01578000,22511616
300097,0x00a908d0,3180,0x018d8000,26050560
300251,0x00a908e0,3326,0x019fc000,27246592
301063,0x00a908f0,4095,0x01ffe000,33546240
000779,0x00a90900,649,0x00512000,5316608
000933,0x00a90910,752,0x005e0000,6160384
002718,0x00a90920,1623,0x00cae000,13295616
159923,0x00a90930,2749,0x0157a000,22519808
300098,0x00a90940,3181,0x018da000,26058752
300252,0x00a90950,3327,0x019fe000,27254784
002670,0x00a90980,1581,0x00c5a000,12951552
002719,0x00a90990,1624,0x00cb0000,13303808
300099,0x00a909a0,3182,0x018dc000,26066944
300253,0x00a909b0,3328,0x01a00000,27262976
301065,0x00a909c0,4096,0x02000000,33554432
000935,0x00a90a00,753,0x005e2000,6168576
002671,0x00a90a10,1582,0x00c5c000,12959744
159925,0x00a90a20,2750,0x0157c000,22528000
300254,0x00a90a30,3329,0x01a02000,27271168
301066,0x00a90a40,4097,0x02002000,33562624
301220,0x00a90a50,4230,0x0210c000,34652160
000936,0x00a90a80,754,0x005e4000,6176768
200045,0x00a90a90,928,0x00740000,7602176
002672,0x00a90aa0,1583,0x00c5e000,12967936
300255,0x00a90ab0,3330,0x01a04000,27279360
301067,0x00a90ac0,4098,0x02004000,33570816
301221,0x00a90ad0,4231,0x0210e000,34660352
000937,0x00a90b00,755,0x005e6000,6184960
002673,0x00a90b10,1584,0x00c60000,12976128
300256,0x00a90b20,3331,0x01a06000,27287552
300410,0x00a90b30,3470,0x01b1c000,28426240
301068,0x00a90b40,4099,0x02006000,33579008
301222,0x00a90b50,4232,0x02110000,34668544
000938,0x00a90b80,756,0x005e8000,6193152
002674,0x00a90b90,1585,0x00c62000,12984320
159928,0x00a90ba0,2751,0x0157e000,22536192
300257,0x00a90bb0,3332,0x01a08000,27295744
300411,0x00a90bc0,3471,0x01b1e000,28434432
301069,0x00a90bd0,4100,0x02008000,33587200
301223,0x00a90be0,4233,0x02112000,34676736
000890,0x00a90c00,718,0x0059c000,5881856
002675,0x00a90c10,1586,0x00c64000,12992512
159880,0x00a90c20,2717,0x0153a000,22257664
159929,0x00a90c30,2752,0x01580000,22544384
300258,0x00a90c40,3333,0x01a0a000,27303936
300412,0x00a90c50,3472,0x01b20000,28442624
002676,0x00a90c80,1587,0x00c66000,13000704
002830,0x00a90c90,1722,0x00d74000,14106624
159881,0x00a90ca0,2718,0x0153c000,22265856
300259,0x00a90cb0,3334,0x01a0c000,27312128
300413,0x00a90cc0,3473,0x01b22000,28450816
301225,0x00a90cd0,4234,0x02114000,34684928
000892,0x00a90d00,719,0x0059e000,5890048
002677,0x00a90d10,1588,0x00c68000,13008896
002831,0x00a90d20,1723,0x00d76000,14114816
300414,0x00a90d30,3474,0x01b24000,28459008
301226,0x00a90d40,4235,0x02116000,34693120
980068,0x00a90d80,367,0x002de000,3006464
000893,0x00a90d90,720,0x005a0000,5898240
002678,0x00a90da0,1589,0x00c6a000,13017088
002832,0x00a90db0,1724,0x00d78000,14123008
159883,0x00a90dc0,2719,0x0153e000,22274048
300415,0x00a90dd0,3475,0x01b26000,28467200
301227,0x00a90de0,4236,0x02118000,34701312
002679,0x00a90e00,1590,0x00c6c000,13025280
002833,0x00a90e10,1725,0x00d7a000,14131200
123150,0x00a90e20,1947,0x00f36000,15949824
300416,0x00a90e30,3476,0x01b28000,28475392
301228,0x00a90e40,4237,0x0211a000,34709504
000895,0x00a90e80,721,0x005a2000,5906432
123151,0x00a90e90,1948,0x00f38000,15958016
159885,0x00a90ea0,2720,0x01540000,22282240
300417,0x00a90eb0,3477,0x01b2a000,28483584
301180,0x00a90ec0,4194,0x020c4000,34357248
301229,0x00a90ed0,4238,0x0211c000,34717696
002835,0x00a90f00,1726,0x00d7c000,14139392
159886,0x00a90f10,2721,0x01542000,22290432
160512,0x00a90f20,2834,0x01624000,23216128
300418,0x00a90f30,3478,0x01b2c000,28491776
301181,0x00a90f40,4195,0x020c6000,34365440
399100,0x00a90f80,23,0x0002e000,188416
000897,0x00a90f90,722,0x005a4000,5914624
002836,0x00a90fa0,1727,0x00d7e000,14147584
159887,0x00a90fb0,2722,0x01544000,22298624
160513,0x00a90fc0,2835,0x01626000,23224320
300370,0x00a90fd0,3432,0x01ad0000,28114944
300419,0x00a90fe0,3479,0x01b2e000,28499968
301182,0x00a90ff0,4196,0x020c8000,34373632
160216,0x00b30000,2865,0x01662000,23470080
160218,0x00b30010,2866,0x01664000,23478272
160219,0x00b30020,2867,0x01666000,23486464
160220,0x00b30030,2868,0x01668000,23494656
160221,0x00b30040,2869,0x0166a000,23502848
160222,0x00b30050,2870,0x0166c000,23511040
160223,0x00b30060,2871,0x0166e000,23519232
160225,0x00b30070,2872,0x01670000,23527424
160311,0x00b30080,2873,0x01672000,23535616
160314,0x00b30090,2874,0x01674000,23543808
160322,0x00b300a0,2875,0x01676000,23552000
160323,0x00b300b0,2876,0x01678000,23560192
160324,0x00b300c0,2877,0x0167a000,23568384
160325,0x00b300d0,2878,0x0167c000,23576576
160326,0x00b300e0,2879,0x0167e000,23584768
160416,0x00b300f0,2880,0x01680000,23592960
160421,0x00b30100,2881,0x01682000,23601152
160505,0x00b30110,2882,0x01684000,23609344
160512,0x00b30120,2883,0x01686000,23617536
160513,0x00b30130,2884,0x01688000,23625728
160515,0x00b30140,2885,0x0168a000,23633920
160518,0x00b30150,2886,0x0168c000,23642112
160526,0x00b30160,2887,0x0168e000,23650304
160527,0x00b30170,2888,0x01690000,23658496
160529,0x00b30180,2889,0x01692000,23666688
160607,0x00b30190,2890,0x01694000,23674880
160610,0x00b301a0,2891,0x01696000,23683072
160611,0x00b301b0,2892,0x01698000,23691264
160613,0x00b301c0,2893,0x0169a000,23699456
160615,0x00b301d0,2894,0x0169c000,23707648
160616,0x00b301e0,2895,0x0169e000,23715840
160617,0x00b301f0,2896,0x016a0000,23724032
160618,0x00b30200,2897,0x016a2000,23732224
160620,0x00b30210,2898,0x016a4000,23740416
160621,0x00b30220,2899,0x016a6000,23748608
160622,0x00b30230,2900,0x016a8000,23756800
160625,0x00b30240,2901,0x016aa000,23764992
160626,0x00b30250,2902,0x016ac000,23773184
160628,0x00b30260,2903,0x016ae000,23781376
160629,0x00b30270,2904,0x016b0000,23789568
160630,0x00b30280,2905,0x016b2000,23797760
160631,0x00b30290,2906,0x016b4000,23805952
160632,0x00b302a0,2907,0x016b6000,23814144
160633,0x00b302b0,2908,0x016b8000,23822336
160635,0x00b302c0,2909,0x016ba000,23830528
160637,0x00b302d0,2910,0x016bc000,23838720
160638,0x00b302e0,2911,0x016be000,23846912
160639,0x00b302f0,2912,0x016c0000,23855104
160641,0x00b30300,2913,0x016c2000,23863296
160642,0x00b30310,2914,0x016c4000,23871488
160643,0x00b30320,2915,0x016c6000,23879680
160644,0x00b30330,2916,0x016c8000,23887872
160706,0x00b30340,2917,0x016ca000,23896064
160716,0x00b30350,2918,0x016cc000,23904256
160717,0x00b30360,2919,0x016ce000,23912448
160719,0x00b30370,2920,0x016d0000,23920640
160722,0x00b30380,2921,0x016d2000,23928832
160723,0x00b30390,2922,0x016d4000,23937024
160726,0x00b303a0,2923,0x016d6000,23945216
160805,0x00b303b0,2924,0x016d8000,23953408
160806,0x00b303c0,2925,0x016da000,23961600
160807,0x00b303d0,2926,0x016dc000,23969792
160812,0x00b303e0,2927,0x016de000,23977984
160813,0x00b303f0,2928,0x016e0000,23986176
160910,0x00b30400,2929,0x016e2000,23994368
160916,0x00b30410,2930,0x016e4000,24002560
160918,0x00b30420,2931,0x016e6000,24010752
160919,0x00b30430,2932,0x016e8000,24018944
160921,0x00b30440,2933,0x016ea000,24027136
160924,0x00b30450,2934,0x016ec000,24035328
160925,0x00b30460,2935,0x016ee000,24043520
160926,0x00b30470,2936,0x016f0000,24051712
161005,0x00b30480,2937,0x016f2000,24059904
161010,0x00b30490,2938,0x016f4000,24068096
161014,0x00b304a0,2939,0x016f6000,24076288
161015,0x00b304b0,2940,0x016f8000,24084480
161017,0x00b304c0,2941,0x016fa000,24092672
161019,0x00b304d0,2942,0x016fc000,24100864
161024,0x00b304e0,2943,0x016fe000,24109056
161025,0x00b304f0,2944,0x01700000,24117248
161026,0x00b30500,2945,0x01702000,24125440
161027,0x00b30510,2946,0x01704000,24133632
161028,0x00b30520,2947,0x01706000,24141824
161029,0x00b30530,2948,0x01708000,24150016
161030,0x00b30540,2949,0x0170a000,24158208
161031,0x00b30550,2950,0x0170c000,24166400
161032,0x00b30560,2951,0x0170e000,24174592
161033,0x00b30570,2952,0x01710000,24182784
161035,0x00b30580,2953,0x01712000,24190976
161036,0x00b30590,2954,0x01714000,24199168
161037,0x00b305a0,2955,0x01716000,24207360
161038,0x00b305b0,2956,0x01718000,24215552
161039,0x00b305c0,2957,0x0171a000,24223744
161040,0x00b305d0,2958,0x0171c000,24231936
161115,0x00b305e0,2959,0x0171e000,24240128
161116,0x00b305f0,2960,0x01720000,24248320
161117,0x00b30600,2961,0x01722000,24256512
161118,0x00b30610,2962,0x01724000,24264704
161119,0x00b30620,2963,0x01726000,24272896
161121,0x00b30630,2964,0x01728000,24281088
161122,0x00b30640,2965,0x0172a000,24289280
161123,0x00b30650,2966,0x0172c000,24297472
161124,0x00b30660,2967,0x0172e000,24305664
161125,0x00b30670,2968,0x01730000,24313856
161126,0x00b30680,2969,0x01732000,24322048
161127,0x00b30690,2970,0x01734000,24330240
161128,0x00b306a0,2971,0x01736000,24338432
161129,0x00b306b0,2972,0x01738000,24346624
161130,0x00b306c0,2973,0x0173a000,24354816
161131,0x00b306d0,2974,0x0173c000,24363008
161132,0x00b306e0,2975,0x0173e000,24371200
161133,0x00b306f0,2976,0x01740000,24379392
161216,0x00b30700,2977,0x01742000,24387584
161217,0x00b30710,2978,0x01744000,24395776
161219,0x00b30720,2979,0x01746000,24403968
161222,0x00b30730,2980,0x01748000,24412160
161224,0x00b30740,2981,0x0174a000,24420352
161225,0x00b30750,2982,0x0174c000,24428544
161226,0x00b30760,2983,0x0174e000,24436736
161227,0x00b30770,2984,0x01750000,24444928
161229,0x00b30780,2985,0x01752000,24453120
161232,0x00b30790,2986,0x01754000,24461312
161233,0x00b307a0,2987,0x01756000,24469504
161505,0x00b307b0,2988,0x01758000,24477696
161607,0x00b307c0,2989,0x0175a000,24485888
161610,0x00b307d0,2990,0x0175c000,24494080
161614,0x00b307e0,2991,0x0175e000,24502272
161626,0x00b307f0,2992,0x01760000,24510464
161631,0x00b30800,2993,0x01762000,24518656
161706,0x00b30810,2994,0x01764000,24526848
161713,0x00b30820,2995,0x01766000,24535040
161715,0x00b30830,2996,0x01768000,24543232
161716,0x00b30840,2997,0x0176a000,24551424
161720,0x00b30850,2998,0x0176c000,24559616
161722,0x00b30860,2999,0x0176e000,24567808
161724,0x00b30870,3000,0x01770000,24576000
161725,0x00b30880,3001,0x01772000,24584192
161726,0x00b30890,3002,0x01774000,24592384
161727,0x00b308a0,3003,0x01776000,24600576
161728,0x00b308b0,3004,0x01778000,24608768
161729,0x00b308c0,3005,0x0177a000,24616960
161810,0x00b308d0,3006,0x0177c000,24625152
161811,0x00b308e0,3007,0x0177e000,24633344
161812,0x00b308f0,3008,0x01780000,24641536
161815,0x00b30900,3009,0x01782000,24649728
161816,0x00b30910,3010,0x01784000,24657920
161820,0x00b30920,3011,0x01786000,24666112
161831,0x00b30930,3012,0x01788000,24674304
161834,0x00b30940,3013,0x0178a000,24682496
161837,0x00b30950,3014,0x0178c000,24690688
161903,0x00b30960,3015,0x0178e000,24698880
161908,0x00b30970,3016,0x01790000,24707072
161912,0x00b30980,3017,0x01792000,24715264
161914,0x00b30990,3018,0x01794000,24723456
162006,0x00b309a0,3019,0x01796000,24731648
162105,0x00b309b0,3020,0x01798000,24739840
162108,0x00b309c0,3021,0x0179a000,24748032
162207,0x00b309d0,3022,0x0179c000,24756224
162215,0x00b309e0,3023,0x0179e000,24764416
162216,0x00b309f0,3025,0x017a2000,24780800
162307,0x00b30a00,3026,0x017a4000,24788992
162411,0x00b30a10,3027,0x017a6000,24797184
162412,0x00b30a20,3028,0x017a8000,24805376
162414,0x00b30a30,3029,0x017aa000,24813568
162415,0x00b30a40,3030,0x017ac000,24821760
162509,0x00b30a50,3031,0x017ae000,24829952
162605,0x00b30a60,3032,0x017b0000,24838144
162607,0x00b30a70,3033,0x017b2000,24846336
162703,0x00b30a80,3034,0x017b4000,24854528
162711,0x00b30a90,3035,0x017b6000,24862720
162712,0x00b30aa0,3036,0x017b8000,24870912
162715,0x00b30ab0,3037,0x017ba000,24879104
162719,0x00b30ac0,3038,0x017bc000,24887296
162720,0x00b30ad0,3039,0x017be000,24895488
162721,0x00b30ae0,3040,0x017c0000,24903680
163001,0x00b30af0,3041,0x017c2000,24911872
163003,0x00b30b00,3042,0x017c4000,24920064
163005,0x00b30b10,3043,0x017c6000,24928256
163109,0x00b30b20,3044,0x017c8000,24936448
163110,0x00b30b30,3045,0x017ca000,24944640
163111,0x00b30b40,3046,0x017cc000,24952832
163113,0x00b30b50,3047,0x017ce000,24961024
163114,0x00b30b60,3048,0x017d0000,24969216
163115,0x00b30b70,3049,0x017d2000,24977408
163116,0x00b30b80,3050,0x017d4000,24985600
163118,0x00b30b90,3051,0x017d6000,24993792
163208,0x00b30ba0,3052,0x017d8000,25001984
163302,0x00b30bb0,3053,0x017da000,25010176
163402,0x00b30bc0,3054,0x017dc000,25018368
163406,0x00b30bd0,3055,0x017de000,25026560
163407,0x00b30be0,3056,0x017e0000,25034752
163409,0x00b30bf0,3057,0x017e2000,25042944
163412,0x00b30c00,3058,0x017e4000,25051136
163415,0x00b30c10,3059,0x017e6000,25059328
163417,0x00b30c20,3060,0x017e8000,25067520
163418,0x00b30c30,3061,0x017ea000,25075712
163503,0x00b30c40,3062,0x017ec000,25083904
163801,0x00b30c50,3063,0x017ee000,25092096
163819,0x00b30c60,3064,0x017f0000,25100288
163821,0x00b30c70,3065,0x017f2000,25108480
163907,0x00b30c80,3066,0x017f4000,25116672
164105,0x00b30c90,3067,0x017f6000,25124864
164206,0x00b30ca0,3068,0x017f8000,25133056
164208,0x00b30cb0,3069,0x017fa000,25141248
164210,0x00b30cc0,3070,0x017fc000,25149440
164403,0x00b30cd0,3071,0x017fe000,25157632
164508,0x00b30ce0,3072,0x01800000,25165824
164509,0x00b30cf0,3073,0x01802000,25174016
164606,0x00b30d00,3074,0x01804000,25182208
164701,0x00b30d10,3075,0x01806000,25190400
164703,0x00b30d20,3076,0x01808000,25198592
164705,0x00b30d30,3077,0x0180a000,25206784
164808,0x00b30d40,3078,0x0180c000,25214976
164810,0x00b30d50,3079,0x0180e000,25223168
164814,0x00b30d60,3080,0x01810000,25231360
164824,0x00b30d70,3081,0x01812000,25239552
164902,0x00b30d80,3082,0x01814000,25247744
164906,0x00b30d90,3083,0x01816000,25255936
165309,0x00b30da0,3084,0x01818000,25264128
165311,0x00b30db0,3085,0x0181a000,25272320
165313,0x00b30dc0,3086,0x0181c000,25280512
165508,0x00b30dd0,3087,0x0181e000,25288704
165509,0x00b30de0,3088,0x01820000,25296896
165511,0x00b30df0,3089,0x01822000,25305088
165512,0x00b30e00,3090,0x01824000,25313280
165513,0x00b30e10,3091,0x01826000,25321472
165515,0x00b30e20,3092,0x01828000,25329664
165516,0x00b30e30,3093,0x0182a000,25337856
165517,0x00b30e40,3094,0x0182c000,25346048
165519,0x00b30e50,3095,0x0182e000,25354240
165520,0x00b30e60,3096,0x01830000,25362432
165521,0x00b30e70,3097,0x01832000,25370624
165522,0x00b30e80,3098,0x01834000,25378816
165525,0x00b30e90,3099,0x01836000,25387008
165528,0x00b30ea0,3100,0x01838000,25395200
166001,0x00b30eb0,3101,0x0183a000,25403392
166006,0x00b30ec0,3102,0x0183c000,25411584
166008,0x00b30ed0,3103,0x0183e000,25419776
166009,0x00b30ee0,3104,0x01840000,25427968
166011,0x00b30ef0,3105,0x01842000,25436160
166016,0x00b30f00,3106,0x01844000,25444352
166023,0x00b30f10,3107,0x01846000,25452544
166024,0x00b30f20,3108,0x01848000,25460736
166025,0x00b30f30,3109,0x0184a000,25468928
166027,0x00b30f40,3110,0x0184c000,25477120
166105,0x00b30f50,3111,0x0184e000,25485312
166107,0x00b30f60,3112,0x01850000,25493504
166401,0x00b30f70,3113,0x01852000,25501696
167001,0x00b30f80,3114,0x01854000,25509888
167002,0x00b30f90,3115,0x01856000,25518080
167003,0x00b30fa0,3116,0x01858000,25526272
167301,0x00b30fb0,3117,0x0185a000,25534464
167302,0x00b30fc0,3118,0x0185c000,25542656
167501,0x00b30fd0,3119,0x0185e000,25550848
167506,0x00b30fe0,3120,0x01860000,25559040
167508,0x00b30ff0,3121,0x01862000,25567232
399101,0x00bd0000,24,0x00030000,196608
000898,0x00bd0010,723,0x005a6000,5922816
002837,0x00bd0020,1728,0x00d80000,14155776
123154,0x00bd0030,1949,0x00f3a000,15966208
159888,0x00bd0040,2723,0x01546000,22306816
300371,0x00bd0050,3433,0x01ad2000,28123136
301183,0x00bd0060,4197,0x020ca000,34381824
399102,0x00bd0080,25,0x00032000,204800
000899,0x00bd0090,724,0x005a8000,5931008
002838,0x00bd00a0,1729,0x00d82000,14163968
123155,0x00bd00b0,1950,0x00f3c000,15974400
159889,0x00bd00c0,2724,0x01548000,22315008
160515,0x00bd00d0,2836,0x01628000,23232512
399103,0x00bd0100,26,0x00034000,212992
002790,0x00bd0110,1685,0x00d2a000,13803520
002839,0x00bd0120,1730,0x00d84000,14172160
300373,0x00bd0130,3434,0x01ad4000,28131328
301185,0x00bd0140,4198,0x020cc000,34390016
002791,0x00bd0180,1686,0x00d2c000,13811712
123157,0x00bd0190,1951,0x00f3e000,15982592
300374,0x00bd01a0,3435,0x01ad6000,28139520
301186,0x00bd01b0,4199,0x020ce000,34398208
002792,0x00bd0200,1687,0x00d2e000,13819904
123158,0x00bd0210,1952,0x00f40000,15990784
160518,0x00bd0220,2837,0x0162a000,23240704
300375,0x00bd0230,3436,0x01ad8000,28147712
301187,0x00bd0240,4200,0x020d0000,34406400
399106,0x00bd0280,27,0x00036000,221184
002793,0x00bd0290,1688,0x00d30000,13828096
163109,0x00bd02a0,2994,0x01764000,24526848
300376,0x00bd02b0,3437,0x01ada000,28155904
300530,0x00bd02c0,3586,0x01c04000,29376512
301188,0x00bd02d0,4201,0x020d2000,34414592
399107,0x00bd0300,28,0x00038000,229376
300377,0x00bd0310,3438,0x01adc000,28164096
300531,0x00bd0320,3587,0x01c06000,29384704
301189,0x00bd0330,4202,0x020d4000,34422784
399108,0x00bd0380,29,0x0003a000,237568
002795,0x00bd0390,1689,0x00d32000,13836288
300378,0x00bd03a0,3439,0x01ade000,28172288
300532,0x00bd03b0,3588,0x01c08000,29392896
399060,0x00bd0400,21,0x0002a000,172032
002796,0x00bd0410,1690,0x00d34000,13844480
002950,0x00bd0420,1832,0x00e50000,15007744
300379,0x00bd0430,3440,0x01ae0000,28180480
300533,0x00bd0440,3589,0x01c0a000,29401088
301345,0x00bd0450,4330,0x021d4000,35471360
002797,0x00bd0480,1691,0x00d36000,13852672
002951,0x00bd0490,1833,0x00e52000,15015936
300534,0x00bd04a0,3590,0x01c0c000,29409280
301500,0x00bd04b0,4397,0x0225a000,36020224
002798,0x00bd0500,1692,0x00d38000,13860864
002952,0x00bd0510,1834,0x00e54000,15024128
300535,0x00bd0520,3591,0x01c0e000,29417472
301501,0x00bd0530,4398,0x0225c000,36028416
002799,0x00bd0580,1693,0x00d3a000,13869056
002953,0x00bd0590,1835,0x00e56000,15032320
123270,0x00bd05a0,2009,0x00fb2000,16457728
160630,0x00bd05b0,2856,0x01650000,23396352
300536,0x00bd05c0,3592,0x01c10000,29425664
301348,0x00bd05d0,4331,0x021d6000,35479552
301502,0x00bd05e0,4399,0x0225e000,36036608
123271,0x00bd0600,2010,0x00fb4000,16465920
160631,0x00bd0610,2857,0x01652000,23404544
300537,0x00bd0620,3593,0x01c12000,29433856
301349,0x00bd0630,4332,0x021d8000,35487744
301503,0x00bd0640,4400,0x02260000,36044800
002955,0x00bd0680,1836,0x00e58000,15040512
123272,0x00bd0690,2011,0x00fb6000,16474112
160632,0x00bd06a0,2858,0x01654000,23412736
300538,0x00bd06b0,3594,0x01c14000,29442048
002956,0x00bd0700,1837,0x00e5a000,15048704
123273,0x00bd0710,2012,0x00fb8000,16482304
160633,0x00bd0720,2859,0x01656000,23420928
162411,0x00bd0730,2977,0x01742000,24387584
300490,0x00bd0740,3549,0x01bba000,29073408
300539,0x00bd0750,3595,0x01c16000,29450240
301505,0x00bd0760,4401,0x02262000,36052992
002957,0x00bd0780,1838,0x00e5c000,15056896
123274,0x00bd0790,2013,0x00fba000,16490496
162412,0x00bd07a0,2978,0x01744000,24395776
300491,0x00bd07b0,3550,0x01bbc000,29081600
002958,0x00bd0800,1839,0x00e5e000,15065088
123275,0x00bd0810,2014,0x00fbc000,16498688
160635,0x00bd0820,2860,0x01658000,23429120
300492,0x00bd0830,3551,0x01bbe000,29089792
301507,0x00bd0840,4402,0x02264000,36061184
002959,0x00bd0880,1840,0x00e60000,15073280
123276,0x00bd0890,2015,0x00fbe000,16506880
162414,0x00bd08a0,2979,0x01746000,24403968
300493,0x00bd08b0,3552,0x01bc0000,29097984
301508,0x00bd08c0,4403,0x02266000,36069376
123277,0x00bd0900,2016,0x00fc0000,16515072
160637,0x00bd0910,2861,0x0165a000,23437312
162415,0x00bd0920,2980,0x01748000,24412160
300494,0x00bd0930,3553,0x01bc2000,29106176
301509,0x00bd0940,4404,0x02268000,36077568
123278,0x00bd0980,2017,0x00fc2000,16523264
160638,0x00bd0990,2862,0x0165c000,23445504
123279,0x00bd0a00,2018,0x00fc4000,16531456
160639,0x00bd0a10,2863,0x0165e000,23453696
300496,0x00bd0a20,3554,0x01bc4000,29114368
300650,0x00bd0a30,3703,0x01cee000,30334976
300497,0x00bd0a80,3555,0x01bc6000,29122560
300651,0x00bd0a90,3704,0x01cf0000,30343168
161607,0x00bd0b00,2940,0x016f8000,24084480
300498,0x00bd0b10,3556,0x01bc8000,29130752
300652,0x00bd0b20,3705,0x01cf2000,30351360
300499,0x00bd0b80,3557,0x01bca000,29138944
300653,0x00bd0b90,3706,0x01cf4000,30359552
300654,0x00bd0c00,3707,0x01cf6000,30367744
300655,0x00bd0c80,3708,0x01cf8000,30375936
300656,0x00bd0d00,3709,0x01cfa000,30384128
300810,0x00bd0d10,3853,0x01e1a000,31563776
301468,0x00bd0d20,4387,0x02246000,35938304
301622,0x00bd0d30,4474,0x022f4000,36651008
000020,0x00bd0d80,389,0x0030a000,3186688
159010,0x00bd0d90,2094,0x0105c000,17154048
300657,0x00bd0da0,3710,0x01cfc000,30392320
300811,0x00bd0db0,3854,0x01e1c000,31571968
301469,0x00bd0dc0,4388,0x02248000,35946496
000021,0x00bd0e00,390,0x0030c000,3194880
159011,0x00bd0e10,2095,0x0105e000,17162240
300658,0x00bd0e20,3711,0x01cfe000,30400512
300812,0x00bd0e30,3855,0x01e1e000,31580160
159012,0x00bd0e80,2096,0x01060000,17170432
300659,0x00bd0e90,3712,0x01d00000,30408704
300813,0x00bd0ea0,3856,0x01e20000,31588352
399341,0x00bd0f00,107,0x000d6000,876544
159013,0x00bd0f10,2097,0x01062000,17178624
161720,0x00bd0f20,2949,0x0170a000,24158208
300814,0x00bd0f30,3857,0x01e22000,31596544
301626,0x00bd0f40,4475,0x022f6000,36659200
300815,0x00bd0f80,3858,0x01e24000,31604736
168101,0x00c32000,3123,0x01866000,25583616
168102,0x00c32010,3124,0x01868000,25591808
168103,0x00c32020,3125,0x0186a000,25600000
168104,0x00c32030,3126,0x0186c000,25608192
168105,0x00c32040,3127,0x0186e000,25616384
168203,0x00c32050,3128,0x01870000,25624576
168204,0x00c32060,3129,0x01872000,25632768
168301,0x00c32070,3130,0x01874000,25640960
168401,0x00c32080,3131,0x01876000,25649152
168701,0x00c32090,3132,0x01878000,25657344
169101,0x00c320a0,3133,0x0187a000,25665536
169104,0x00c320b0,3134,0x0187c000,25673728
169105,0x00c320c0,3135,0x0187e000,25681920
169106,0x00c320d0,3136,0x01880000,25690112
169201,0x00c320e0,3137,0x01882000,25698304
161022,0x00c320f0,3138,0x01884000,25706496
161907,0x00c32100,3139,0x01886000,25714688
166007,0x00c32110,3140,0x01888000,25722880
168002,0x00c32120,3141,0x0188a000,25731072
300001,0x00c32130,3142,0x0188c000,25739264
300002,0x00c32140,3143,0x0188e000,25747456
300003,0x00c32150,3144,0x01890000,25755648
300004,0x00c32160,3145,0x01892000,25763840
300005,0x00c32170,3146,0x01894000,25772032
300006,0x00c32180,3147,0x01896000,25780224
300007,0x00c32190,3148,0x01898000,25788416
300008,0x00c321a0,3149,0x0189a000,25796608
300009,0x00c321b0,3150,0x0189c000,25804800
300010,0x00c321c0,3151,0x0189e000,25812992
300011,0x00c321d0,3152,0x018a0000,25821184
300012,0x00c321e0,3153,0x018a2000,25829376
300013,0x00c321f0,3154,0x018a4000,25837568
300014,0x00c32200,3155,0x018a6000,25845760
300015,0x00c32210,3156,0x018a8000,25853952
300016,0x00c32220,3157,0x018aa000,25862144
300017,0x00c32230,3158,0x018ac000,25870336
300018,0x00c32240,3159,0x018ae000,25878528
300019,0x00c32250,3160,0x018b0000,25886720
300020,0x00c32260,3161,0x018b2000,25894912
300021,0x00c32270,3162,0x018b4000,25903104
300022,0x00c32280,3163,0x018b6000,25911296
300024,0x00c32290,3164,0x018b8000,25919488
300025,0x00c322a0,3165,0x018ba000,25927680
300026,0x00c322b0,3166,0x018bc000,25935872
300027,0x00c322c0,3167,0x018be000,25944064
300029,0x00c322d0,3168,0x018c0000,25952256
300030,0x00c322e0,3169,0x018c2000,25960448
300031,0x00c322f0,3170,0x018c4000,25968640
300032,0x00c32300,3171,0x018c6000,25976832
300033,0x00c32310,3172,0x018c8000,25985024
300034,0x00c32320,3173,0x018ca000,25993216
300035,0x00c32330,3174,0x018cc000,26001408
300036,0x00c32340,3175,0x018ce000,26009600
300037,0x00c32350,3176,0x018d0000,26017792
300039,0x00c32360,3177,0x018d2000,26025984
300040,0x00c32370,3178,0x018d4000,26034176
300041,0x00c32380,3179,0x018d6000,26042368
300042,0x00c32390,3180,0x018d8000,26050560
300043,0x00c323a0,3181,0x018da000,26058752
300044,0x00c323b0,3182,0x018dc000,26066944
300045,0x00c323c0,3183,0x018de000,26075136
300046,0x00c323d0,3184,0x018e0000,26083328
300047,0x00c323e0,3185,0x018e2000,26091520
300048,0x00c323f0,3186,0x018e4000,26099712
300049,0x00c32400,3187,0x018e6000,26107904
300050,0x00c32410,3188,0x018e8000,26116096
300051,0x00c32420,3189,0x018ea000,26124288
300052,0x00c32430,3190,0x018ec000,26132480
300053,0x00c32440,3191,0x018ee000,26140672
300054,0x00c32450,3192,0x018f0000,26148864
300055,0x00c32460,3193,0x018f2000,26157056
300056,0x00c32470,3194,0x018f4000,26165248
300057,0x00c32480,3195,0x018f6000,26173440
300058,0x00c32490,3196,0x018f8000,26181632
300059,0x00c324a0,3197,0x018fa000,26189824
300061,0x00c324b0,3198,0x018fc000,26198016
300062,0x00c324c0,3199,0x018fe000,26206208
300063,0x00c324d0,3200,0x01900000,26214400
300065,0x00c324e0,3201,0x01902000,26222592
300066,0x00c324f0,3202,0x01904000,26230784
300067,0x00c32500,3203,0x01906000,26238976
300068,0x00c32510,3204,0x01908000,26247168
300069,0x00c32520,3205,0x0190a000,26255360
300070,0x00c32530,3206,0x0190c000,26263552
300071,0x00c32540,3207,0x0190e000,26271744
300072,0x00c32550,3208,0x01910000,26279936
300073,0x00c32560,3209,0x01912000,26288128
300074,0x00c32570,3210,0x01914000,26296320
300075,0x00c32580,3211,0x01916000,26304512
300076,0x00c32590,3212,0x01918000,26312704
300077,0x00c325a0,3213,0x0191a000,26320896
300078,0x00c325b0,3214,0x0191c000,26329088
300079,0x00c325c0,3215,0x0191e000,26337280
300080,0x00c325d0,3216,0x01920000,26345472
300081,0x00c325e0,3217,0x01922000,26353664
300082,0x00c325f0,3218,0x01924000,26361856
300083,0x00c32600,3219,0x01926000,26370048
300084,0x00c32610,3220,0x01928000,26378240
300085,0x00c32620,3221,0x0192a000,26386432
300086,0x00c32630,3222,0x0192c000,26394624
300087,0x00c32640,3223,0x0192e000,26402816
300088,0x00c32650,3224,0x01930000,26411008
300091,0x00c32660,3225,0x01932000,26419200
300092,0x00c32670,3226,0x01934000,26427392
300093,0x00c32680,3227,0x01936000,26435584
300094,0x00c32690,3228,0x01938000,26443776
300095,0x00c326a0,3229,0x0193a000,26451968
300096,0x00c326b0,3230,0x0193c000,26460160
300097,0x00c326c0,3231,0x0193e000,26468352
300098,0x00c326d0,3232,0x01940000,26476544
300099,0x00c326e0,3233,0x01942000,26484736
300100,0x00c326f0,3234,0x01944000,26492928
300101,0x00c32700,3235,0x01946000,26501120
300102,0x00c32710,3236,0x01948000,26509312
300103,0x00c32720,3237,0x0194a000,26517504
300105,0x00c32730,3238,0x0194c000,26525696
300106,0x00c32740,3239,0x0194e000,26533888
300107,0x00c32750,3240,0x01950000,26542080
300108,0x00c32760,3241,0x01952000,26550272
300109,0x00c32770,3242,0x01954000,26558464
300110,0x00c32780,3243,0x01956000,26566656
300111,0x00c32790,3244,0x01958000,26574848
300112,0x00c327a0,3245,0x0195a000,26583040
300113,0x00c327b0,3246,0x0195c000,26591232
300115,0x00c327c0,3247,0x0195e000,26599424
300117,0x00c327d0,3248,0x01960000,26607616
300118,0x00c327e0,3249,0x01962000,26615808
300119,0x00c327f0,3250,0x01964000,26624000
300120,0x00c32800,3251,0x01966000,26632192
300121,0x00c32810,3252,0x01968000,26640384
300122,0x00c32820,3253,0x0196a000,26648576
300123,0x00c32830,3254,0x0196c000,26656768
300124,0x00c32840,3255,0x0196e000,26664960
300125,0x00c32850,3256,0x01970000,26673152
300126,0x00c32860,3257,0x01972000,26681344
300127,0x00c32870,3258,0x01974000,26689536
300128,0x00c32880,3259,0x01976000,26697728
300129,0x00c32890,3287,0x019ae000,26927104
300130,0x00c328a0,3288,0x019b0000,26935296
300131,0x00c328b0,3289,0x019b2000,26943488
300132,0x00c328c0,3290,0x019b4000,26951680
300133,0x00c328d0,3291,0x019b6000,26959872
300134,0x00c328e0,3292,0x019b8000,26968064
300135,0x00c328f0,3293,0x019ba000,26976256
300136,0x00c32900,3294,0x019bc000,26984448
300137,0x00c32910,3295,0x019be000,26992640
300138,0x00c32920,3296,0x019c0000,27000832
300139,0x00c32930,3297,0x019c2000,27009024
300140,0x00c32940,3298,0x019c4000,27017216
300141,0x00c32950,3299,0x019c6000,27025408
300142,0x00c32960,3300,0x019c8000,27033600
300143,0x00c32970,3301,0x019ca000,27041792
300144,0x00c32980,3302,0x019cc000,27049984
300145,0x00c32990,3303,0x019ce000,27058176
300146,0x00c329a0,3304,0x019d0000,27066368
300147,0x00c329b0,3305,0x019d2000,27074560
300148,0x00c329c0,3306,0x019d4000,27082752
300149,0x00c329d0,3307,0x019d6000,27090944
300150,0x00c329e0,3308,0x019d8000,27099136
300151,0x00c329f0,3309,0x019da000,27107328
300152,0x00c32a00,3310,0x019dc000,27115520
300153,0x00c32a10,3311,0x019de000,27123712
300154,0x00c32a20,3312,0x019e0000,27131904
300155,0x00c32a30,3313,0x019e2000,27140096
300157,0x00c32a40,3314,0x019e4000,27148288
300158,0x00c32a50,3315,0x019e6000,27156480
300159,0x00c32a60,3316,0x019e8000,27164672
300160,0x00c32a70,3317,0x019ea000,27172864
300161,0x00c32a80,3318,0x019ec000,27181056
300162,0x00c32a90,3319,0x019ee000,27189248
300163,0x00c32aa0,3320,0x019f0000,27197440
300164,0x00c32ab0,3321,0x019f2000,27205632
300165,0x00c32ac0,3322,0x019f4000,27213824
300166,0x00c32ad0,3323,0x019f6000,27222016
300167,0x00c32ae0,3324,0x019f8000,27230208
300168,0x00c32af0,3325,0x019fa000,27238400
300169,0x00c32b00,3326,0x019fc000,27246592
300170,0x00c32b10,3327,0x019fe000,27254784
300171,0x00c32b20,3328,0x01a00000,27262976
300172,0x00c32b30,3329,0x01a02000,27271168
300173,0x00c32b40,3330,0x01a04000,27279360
300174,0x00c32b50,3331,0x01a06000,27287552
300175,0x00c32b60,3332,0x01a08000,27295744
300176,0x00c32b70,3333,0x01a0a000,27303936
300177,0x00c32b80,3334,0x01a0c000,27312128
300179,0x00c32b90,3335,0x01a0e000,27320320
300180,0x00c32ba0,3336,0x01a10000,27328512
300181,0x00c32bb0,3337,0x01a12000,27336704
300182,0x00c32bc0,3338,0x01a14000,27344896
300183,0x00c32bd0,3339,0x01a16000,27353088
300184,0x00c32be0,3340,0x01a18000,27361280
300185,0x00c32bf0,3341,0x01a1a000,27369472
300187,0x00c32c00,3342,0x01a1c000,27377664
300188,0x00c32c10,3343,0x01a1e000,27385856
300189,0x00c32c20,3344,0x01a20000,27394048
300190,0x00c32c30,3345,0x01a22000,27402240
300191,0x00c32c40,3346,0x01a24000,27410432
300192,0x00c32c50,3347,0x01a26000,27418624
300193,0x00c32c60,3348,0x01a28000,27426816
300194,0x00c32c70,3349,0x01a2a000,27435008
300195,0x00c32c80,3350,0x01a2c000,27443200
300196,0x00c32c90,3351,0x01a2e000,27451392
300197,0x00c32ca0,3352,0x01a30000,27459584
300198,0x00c32cb0,3353,0x01a32000,27467776
300199,0x00c32cc0,3354,0x01a34000,27475968
300200,0x00c32cd0,3355,0x01a36000,27484160
300201,0x00c32ce0,3356,0x01a38000,27492352
300203,0x00c32cf0,3357,0x01a3a000,27500544
300204,0x00c32d00,3358,0x01a3c000,27508736
300205,0x00c32d10,3359,0x01a3e000,27516928
300206,0x00c32d20,3360,0x01a40000,27525120
300207,0x00c32d30,3361,0x01a42000,27533312
300208,0x00c32d40,3362,0x01a44000,27541504
300209,0x00c32d50,3363,0x01a46000,27549696
300210,0x00c32d60,3364,0x01a48000,27557888
300211,0x00c32d70,3365,0x01a4a000,27566080
300212,0x00c32d80,3366,0x01a4c000,27574272
300213,0x00c32d90,3367,0x01a4e000,27582464
300214,0x00c32da0,3368,0x01a50000,27590656
300215,0x00c32db0,3369,0x01a52000,27598848
300217,0x00c32dc0,3370,0x01a54000,27607040
300218,0x00c32dd0,3371,0x01a56000,27615232
300219,0x00c32de0,3372,0x01a58000,27623424
300220,0x00c32df0,3373,0x01a5a000,27631616
300221,0x00c32e00,3374,0x01a5c000,27639808
300222,0x00c32e10,3375,0x01a5e000,27648000
300223,0x00c32e20,3376,0x01a60000,27656192
300224,0x00c32e30,3377,0x01a62000,27664384
300225,0x00c32e40,3378,0x01a64000,27672576
300226,0x00c32e50,3379,0x01a66000,27680768
300227,0x00c32e60,3380,0x01a68000,27688960
300228,0x00c32e70,3381,0x01a6a000,27697152
300229,0x00c32e80,3382,0x01a6c000,27705344
300230,0x00c32e90,3383,0x01a6e000,27713536
300231,0x00c32ea0,3384,0x01a70000,27721728
300232,0x00c32eb0,3385,0x01a72000,27729920
300233,0x00c32ec0,3386,0x01a74000,27738112
300234,0x00c32ed0,3387,0x01a76000,27746304
300235,0x00c32ee0,3388,0x01a78000,27754496
300236,0x00c32ef0,3389,0x01a7a000,27762688
300237,0x00c32f00,3390,0x01a7c000,27770880
300238,0x00c32f10,3391,0x01a7e000,27779072
300239,0x00c32f20,3392,0x01a80000,27787264
300240,0x00c32f30,3393,0x01a82000,27795456
300241,0x00c32f40,3394,0x01a84000,27803648
300242,0x00c32f50,3395,0x01a86000,27811840
300243,0x00c32f60,3396,0x01a88000,27820032
300244,0x00c32f70,3397,0x01a8a000,27828224
300245,0x00c32f80,3398,0x01a8c000,27836416
300246,0x00c32f90,3399,0x01a8e000,27844608
300247,0x00c32fa0,3400,0x01a90000,27852800
300248,0x00c32fb0,3401,0x01a92000,27860992
300249,0x00c32fc0,3402,0x01a94000,27869184
300250,0x00c32fd0,3403,0x01a96000,27877376
300251,0x00c32fe0,3404,0x01a98000,27885568
300252,0x00c32ff0,3405,0x01a9a000,27893760
163503,0x00cbc180,3012,0x01788000,24674304
127110,0x00cbc200,2070,0x0102c000,16957440
127111,0x00cbc280,2071,0x0102e000,16965632
127112,0x00cbc300,2072,0x01030000,16973824
127113,0x00cbc380,2073,0x01032000,16982016
127114,0x00cbc400,2074,0x01034000,16990208
127115,0x00cbc480,2075,0x01036000,16998400
300930,0x00cbc490,3970,0x01f04000,32522240
159130,0x00cbc500,2192,0x01120000,17956864
300931,0x00cbc510,3971,0x01f06000,32530432
159131,0x00cbc580,2193,0x01122000,17965056
300932,0x00cbc590,3972,0x01f08000,32538624
159132,0x00cbc600,2194,0x01124000,17973248
300933,0x00cbc610,3973,0x01f0a000,32546816
127070,0x00cbc680,2048,0x01000000,16777216
159133,0x00cbc690,2195,0x01126000,17981440
300935,0x00cbc700,3974,0x01f0c000,32555008
127072,0x00cbc780,2049,0x01002000,16785408
159135,0x00cbc790,2196,0x01128000,17989632
300936,0x00cbc7a0,3975,0x01f0e000,32563200
159136,0x00cbc800,2197,0x0112a000,17997824
300937,0x00cbc810,3976,0x01f10000,32571392
159137,0x00cbc880,2198,0x0112c000,18006016
300938,0x00cbc890,3977,0x01f12000,32579584
159138,0x00cbc900,2199,0x0112e000,18014208
300890,0x00cbc910,3932,0x01eb8000,32210944
300939,0x00cbc920,3978,0x01f14000,32587776
159139,0x00cbc980,2200,0x01130000,18022400
300891,0x00cbc990,3933,0x01eba000,32219136
159091,0x00cbca00,2160,0x010e0000,17694720
300892,0x00cbca10,3934,0x01ebc000,32227328
127078,0x00cbca80,2050,0x01004000,16793600
300893,0x00cbca90,3935,0x01ebe000,32235520
159093,0x00cbcb00,2161,0x010e2000,17702912
300894,0x00cbcb10,3936,0x01ec0000,32243712
300895,0x00cbcb80,3937,0x01ec2000,32251904
159095,0x00cbcc00,2162,0x010e4000,17711104
300896,0x00cbcc10,3938,0x01ec4000,32260096
300897,0x00cbcc80,3939,0x01ec6000,32268288
300898,0x00cbcd00,3940,0x01ec8000,32276480
002040,0x00cbcd80,990,0x007bc000,8110080
159098,0x00cbcd90,2163,0x010e6000,17719296
300899,0x00cbcda0,3941,0x01eca000,32284672
002041,0x00cbce00,991,0x007be000,8118272
159099,0x00cbce10,2164,0x010e8000,17727488
167301,0x00cbce20,3067,0x017f6000,25124864
001230,0x00cbce80,820,0x00668000,6717440
002042,0x00cbce90,992,0x007c0000,8126464
167302,0x00cbcea0,3068,0x017f8000,25133056
001231,0x00cbcf00,821,0x0066a000,6725632
002043,0x00cbcf10,993,0x007c2000,8134656
000420,0x00cbcf80,454,0x0038c000,3719168
001232,0x00cbcf90,822,0x0066c000,6733824
002044,0x00cbcfa0,994,0x007c4000,8142848
000421,0x00cbd000,455,0x0038e000,3727360
001233,0x00cbd010,823,0x0066e000,6742016
002045,0x00cbd020,995,0x007c6000,8151040
000422,0x00cbd080,456,0x00390000,3735552
001234,0x00cbd090,824,0x00670000,6750208
002046,0x00cbd0a0,996,0x007c8000,8159232
000423,0x00cbd100,457,0x00392000,3743744
002047,0x00cbd110,997,0x007ca000,8167424
001236,0x00cbd180,825,0x00672000,6758400
002048,0x00cbd190,998,0x007cc000,8175616
000425,0x00cbd200,458,0x00394000,3751936
001237,0x00cbd210,826,0x00674000,6766592
002049,0x00cbd220,999,0x007ce000,8183808
000426,0x00cbd280,459,0x00396000,3760128
001238,0x00cbd290,827,0x00676000,6774784
001239,0x00cbd300,828,0x00678000,6782976
000428,0x00cbd380,460,0x00398000,3768320
000429,0x00cbd400,461,0x0039a000,3776512
159370,0x00cbd410,2392,0x012b0000,19595264
002320,0x00cbd480,1256,0x009d0000,10289152
159371,0x00cbd490,2393,0x012b2000,19603456
988106,0x00cbd500,372,0x002e8000,3047424
002321,0x00cbd510,1257,0x009d2000,10297344
159372,0x00cbd520,2394,0x012b4000,19611648
988107,0x00cbd580,373,0x002ea000,3055616
002322,0x00cbd590,1258,0x009d4000,10305536
159373,0x00cbd5a0,2395,0x012b6000,19619840
002323,0x00cbd600,1259,0x009d6000,10313728
002324,0x00cbd680,1260,0x009d8000,10321920
159375,0x00cbd690,2396,0x012b8000,19628032
169201,0x00cbd6a0,3086,0x0181c000,25280512
159376,0x00cbd700,2397,0x012ba000,19636224
002326,0x00cbd780,1261,0x009da000,10330112
159377,0x00cbd790,2398,0x012bc000,19644416
002327,0x00cbd800,1262,0x009dc000,10338304
159378,0x00cbd810,2399,0x012be000,19652608
002328,0x00cbd880,1263,0x009de000,10346496
159379,0x00cbd890,2400,0x012c0000,19660800
002329,0x00cbd900,1264,0x009e0000,10354688
002281,0x00cbd980,1219,0x00986000,9986048
000700,0x00cbda00,599,0x004ae000,4907008
002282,0x00cbda10,1220,0x00988000,9994240
000701,0x00cbda80,600,0x004b0000,4915200
002283,0x00cbda90,1221,0x0098a000,10002432
000702,0x00cbdb00,601,0x004b2000,4923392
002284,0x00cbdb10,1222,0x0098c000,10010624
000703,0x00cbdb80,602,0x004b4000,4931584
002285,0x00cbdb90,1223,0x0098e000,10018816
002286,0x00cbdc00,1224,0x00990000,10027008
000705,0x00cbdc80,603,0x004b6000,4939776
002287,0x00cbdc90,1225,0x00992000,10035200
000707,0x00cbdd80,604,0x004b8000,4947968
002289,0x00cbdd90,1226,0x00994000,10043392
000708,0x00cbde00,605,0x004ba000,4956160
000709,0x00cbde80,606,0x004bc000,4964352
159650,0x00cbde90,2545,0x013e2000,20848640
000661,0x00cbdf00,575,0x0047e000,4710400
002600,0x00cbdf10,1517,0x00bda000,12427264
159651,0x00cbdf20,2546,0x013e4000,20856832
002601,0x00cbdf80,1518,0x00bdc000,12435456
159652,0x00cbdf90,2547,0x013e6000,20865024
000663,0x00cbe000,576,0x00480000,4718592
002602,0x00cbe010,1519,0x00bde000,12443648
159653,0x00cbe020,2548,0x013e8000,20873216
399982,0x00cbe080,340,0x002a8000,2785280
002603,0x00cbe090,1520,0x00be0000,12451840
399983,0x00cbe100,341,0x002aa000,2793472
000665,0x00cbe110,577,0x00482000,4726784
159655,0x00cbe120,2549,0x013ea000,20881408
002605,0x00cbe180,1521,0x00be2000,12460032
159656,0x00cbe190,2550,0x013ec000,20889600
002606,0x00cbe200,1522,0x00be4000,12468224
159657,0x00cbe210,2551,0x013ee000,20897792
300140,0x00cbe220,3220,0x01928000,26378240
399986,0x00cbe280,342,0x002ac000,2801664
000668,0x00cbe290,578,0x00484000,4734976
002607,0x00cbe2a0,1523,0x00be6000,12476416
159658,0x00cbe2b0,2552,0x013f0000,20905984
300141,0x00cbe2c0,3221,0x0192a000,26386432
399987,0x00cbe300,343,0x002ae000,2809856
000669,0x00cbe310,579,0x00486000,4743168
002608,0x00cbe320,1524,0x00be8000,12484608
159659,0x00cbe330,2553,0x013f2000,20914176
300142,0x00cbe340,3222,0x0192c000,26394624
002560,0x00cbe380,1477,0x00b8a000,12099584
002609,0x00cbe390,1525,0x00bea000,12492800
300143,0x00cbe3a0,3223,0x0192e000,26402816
399989,0x00cbe400,344,0x002b0000,2818048
002561,0x00cbe410,1478,0x00b8c000,12107776
300144,0x00cbe420,3224,0x01930000,26411008
002562,0x00cbe480,1479,0x00b8e000,12115968
300145,0x00cbe490,3225,0x01932000,26419200
002563,0x00cbe500,1480,0x00b90000,12124160
300146,0x00cbe510,3226,0x01934000,26427392
002564,0x00cbe580,1481,0x00b92000,12132352
300147,0x00cbe590,3227,0x01936000,26435584
002565,0x00cbe600,1482,0x00b94000,12140544
300148,0x00cbe610,3228,0x01938000,26443776
002566,0x00cbe680,1483,0x00b96000,12148736
300149,0x00cbe690,3229,0x0193a000,26451968
002567,0x00cbe700,1484,0x00b98000,12156928
002568,0x00cbe780,1485,0x00b9a000,12165120
002569,0x00cbe800,1486,0x00b9c000,12173312
159930,0x00cbe900,2753,0x01582000,22552576
159931,0x00cbe980,2754,0x01584000,22560768
159933,0x00cbea80,2755,0x01586000,22568960
159934,0x00cbeb00,2756,0x01588000,22577152
159935,0x00cbeb80,2757,0x0158a000,22585344
301230,0x00cbeb90,4239,0x0211e000,34725888
200055,0x00cbec00,929,0x00742000,7610368
159936,0x00cbec10,2758,0x0158c000,22593536
301231,0x00cbec20,4240,0x02120000,34734080
200056,0x00cbec80,930,0x00744000,7618560
159937,0x00cbec90,2759,0x0158e000,22601728
300420,0x00cbeca0,3480,0x01b30000,28508160
301232,0x00cbecb0,4241,0x02122000,34742272
000948,0x00cbed00,757,0x005ea000,6201344
159938,0x00cbed10,2760,0x01590000,22609920
300421,0x00cbed20,3481,0x01b32000,28516352
301233,0x00cbed30,4242,0x02124000,34750464
000949,0x00cbed80,758,0x005ec000,6209536
200058,0x00cbed90,931,0x00746000,7626752
159890,0x00cbeda0,2725,0x0154a000,22323200
159939,0x00cbedb0,2761,0x01592000,22618112
300422,0x00cbedc0,3482,0x01b34000,28524544
301234,0x00cbedd0,4243,0x02126000,34758656
002840,0x00cbee00,1731,0x00d86000,14180352
159891,0x00cbee10,2726,0x0154c000,22331392
300423,0x00cbee20,3483,0x01b36000,28532736
301235,0x00cbee30,4244,0x02128000,34766848
002841,0x00cbee80,1732,0x00d88000,14188544
159892,0x00cbee90,2727,0x0154e000,22339584
300424,0x00cbeea0,3484,0x01b38000,28540928
301236,0x00cbeeb0,4245,0x0212a000,34775040
002842,0x00cbef00,1733,0x00d8a000,14196736
300425,0x00cbef10,3485,0x01b3a000,28549120
301237,0x00cbef20,4246,0x0212c000,34783232
002843,0x00cbef80,1734,0x00d8c000,14204928
300426,0x00cbef90,3486,0x01b3c000,28557312
301238,0x00cbefa0,4247,0x0212e000,34791424
159895,0x00cbf000,2728,0x01550000,22347776
300427,0x00cbf010,3487,0x01b3e000,28565504
301190,0x00cbf020,4203,0x020d6000,34430976
301239,0x00cbf030,4248,0x02130000,34799616
002845,0x00cbf080,1735,0x00d8e000,14213120
159896,0x00cbf090,2729,0x01552000,22355968
300428,0x00cbf0a0,3488,0x01b40000,28573696
301191,0x00cbf0b0,4204,0x020d8000,34439168
002846,0x00cbf100,1736,0x00d90000,14221312
300380,0x00cbf110,3441,0x01ae2000,28188672
300429,0x00cbf120,3489,0x01b42000,28581888
301192,0x00cbf130,4205,0x020da000,34447360
002847,0x00cbf180,1737,0x00d92000,14229504
159898,0x00cbf190,2730,0x01554000,22364160
300381,0x00cbf1a0,3442,0x01ae4000,28196864
301193,0x00cbf1b0,4206,0x020dc000,34455552
002848,0x00cbf200,1738,0x00d94000,14237696
159899,0x00cbf210,2731,0x01556000,22372352
300382,0x00cbf220,3443,0x01ae6000,28205056
002849,0x00cbf280,1739,0x00d96000,14245888
160526,0x00cbf290,2838,0x0162c000,23248896
300383,0x00cbf2a0,3444,0x01ae8000,28213248
301195,0x00cbf2b0,4207,0x020de000,34463744
160527,0x00cbf300,2839,0x0162e000,23257088
300384,0x00cbf310,3445,0x01aea000,28221440
301196,0x00cbf320,4208,0x020e0000,34471936
300385,0x00cbf380,3446,0x01aec000,28229632
301197,0x00cbf390,4209,0x020e2000,34480128
160529,0x00cbf400,2840,0x01630000,23265280
300386,0x00cbf410,3447,0x01aee000,28237824
301198,0x00cbf420,4210,0x020e4000,34488320
300387,0x00cbf480,3448,0x01af0000,28246016
301199,0x00cbf490,4211,0x020e6000,34496512
300388,0x00cbf500,3449,0x01af2000,28254208
300389,0x00cbf580,3450,0x01af4000,28262400
301510,0x00cbf600,4405,0x0226a000,36085760
301511,0x00cbf680,4406,0x0226c000,36093952
123280,0x00cbf700,2019,0x00fc6000,16539648
300700,0x00cbf710,3753,0x01d52000,30744576
301512,0x00cbf720,4407,0x0226e000,36102144
123281,0x00cbf780,2020,0x00fc8000,16547840
300701,0x00cbf790,3754,0x01d54000,30752768
301513,0x00cbf7a0,4408,0x02270000,36110336
300702,0x00cbf800,3755,0x01d56000,30760960
300703,0x00cbf880,3756,0x01d58000,30769152
301515,0x00cbf890,4409,0x02272000,36118528
399231,0x00cbf900,30,0x0003c000,245760
161610,0x00cbf910,2941,0x016fa000,24092672
301516,0x00cbf920,4410,0x02274000,36126720
399232,0x00cbf980,31,0x0003e000,253952
300705,0x00cbf990,3757,0x01d5a000,30777344
301517,0x00cbf9a0,4411,0x02276000,36134912
399233,0x00cbfa00,32,0x00040000,262144
300706,0x00cbfa10,3758,0x01d5c000,30785536
301518,0x00cbfa20,4412,0x02278000,36143104
399234,0x00cbfa80,33,0x00042000,270336
300707,0x00cbfa90,3759,0x01d5e000,30793728
301519,0x00cbfaa0,4413,0x0227a000,36151296
399235,0x00cbfb00,34,0x00044000,278528
161614,0x00cbfb10,2942,0x016fc000,24100864
300708,0x00cbfb20,3760,0x01d60000,30801920
399236,0x00cbfb80,35,0x00046000,286720
300660,0x00cbfb90,3713,0x01d02000,30416896
300709,0x00cbfba0,3761,0x01d62000,30810112
399237,0x00cbfc00,36,0x00048000,294912
300661,0x00cbfc10,3714,0x01d04000,30425088
160805,0x00cbfc80,2875,0x01676000,23552000
300662,0x00cbfc90,3715,0x01d06000,30433280
399239,0x00cbfd00,37,0x0004a000,303104
160806,0x00cbfd10,2876,0x01678000,23560192
300663,0x00cbfd20,3716,0x01d08000,30441472
160807,0x00cbfd80,2877,0x0167a000,23568384
300664,0x00cbfd90,3717,0x01d0a000,30449664
300665,0x00cbfe00,3718,0x01d0c000,30457856
300666,0x00cbfe80,3719,0x01d0e000,30466048
300667,0x00cbff00,3720,0x01d10000,30474240
301479,0x00cbff10,4389,0x0224a000,35954688
300668,0x00cbff80,3721,0x01d12000,30482432
300669,0x00cc0000,3722,0x01d14000,30490624
180101,0x00cc0080,4503,0x0232e000,36888576
180102,0x00cc0100,4504,0x02330000,36896768
180103,0x00cc0180,4505,0x02332000,36904960
180105,0x00cc0280,4506,0x02334000,36913152
200570,0x00cc0300,943,0x0075e000,7725056
180106,0x00cc0310,4507,0x02336000,36921344
162703,0x00cc0400,2984,0x01750000,24444928
300940,0x00cc0600,3979,0x01f16000,32595968
159140,0x00cc0680,2201,0x01132000,18030592
300941,0x00cc0690,3980,0x01f18000,32604160
000151,0x00cc0700,430,0x0035c000,3522560
159141,0x00cc0710,2202,0x01134000,18038784
300942,0x00cc0720,3981,0x01f1a000,32612352
159142,0x00cc0780,2203,0x01136000,18046976
300943,0x00cc0790,3982,0x01f1c000,32620544
000153,0x00cc0800,431,0x0035e000,3530752
127080,0x00cc0810,2051,0x01006000,16801792
159143,0x00cc0820,2204,0x01138000,18055168
300945,0x00cc0880,3983,0x01f1e000,32628736
000155,0x00cc0900,432,0x00360000,3538944
127082,0x00cc0910,2052,0x01008000,16809984
159145,0x00cc0920,2205,0x0113a000,18063360
300946,0x00cc0930,3984,0x01f20000,32636928
000156,0x00cc0980,433,0x00362000,3547136
127083,0x00cc0990,2053,0x0100a000,16818176
159146,0x00cc09a0,2206,0x0113c000,18071552
300947,0x00cc09b0,3985,0x01f22000,32645120
000157,0x00cc0a00,434,0x00364000,3555328
127084,0x00cc0a10,2054,0x0100c000,16826368
159147,0x00cc0a20,2207,0x0113e000,18079744
300948,0x00cc0a30,3986,0x01f24000,32653312
000158,0x00cc0a80,435,0x00366000,3563520
127085,0x00cc0a90,2055,0x0100e000,16834560
159148,0x00cc0aa0,2208,0x01140000,18087936
300949,0x00cc0ab0,3987,0x01f26000,32661504
000159,0x00cc0b00,436,0x00368000,3571712
159149,0x00cc0b10,2209,0x01142000,18096128
127088,0x00cc0c00,2056,0x01010000,16842752
127089,0x00cc0c80,2057,0x01012000,16850944
164606,0x00cc0e00,3024,0x017a0000,24772608
002050,0x00cc0f00,1000,0x007d0000,8192000
002051,0x00cc0f80,1001,0x007d2000,8200192
002052,0x00cc1000,1002,0x007d4000,8208384
002053,0x00cc1080,1003,0x007d6000,8216576
000430,0x00cc1100,462,0x0039c000,3784704
002054,0x00cc1110,1004,0x007d8000,8224768
002055,0x00cc1180,1005,0x007da000,8232960
399750,0x00cc1200,303,0x0025e000,2482176
002056,0x00cc1210,1006,0x007dc000,8241152
002057,0x00cc1280,1007,0x007de000,8249344
002058,0x00cc1300,1008,0x007e0000,8257536
002059,0x00cc1380,1009,0x007e2000,8265728
001248,0x00cc1400,829,0x0067a000,6791168
159380,0x00cc1580,2401,0x012c2000,19668992
002330,0x00cc1600,1265,0x009e2000,10362880
159381,0x00cc1610,2402,0x012c4000,19677184
002331,0x00cc1680,1266,0x009e4000,10371072
159382,0x00cc1690,2403,0x012c6000,19685376
002332,0x00cc1700,1267,0x009e6000,10379264
159383,0x00cc1710,2404,0x012c8000,19693568
002333,0x00cc1780,1268,0x009e8000,10387456
002334,0x00cc1800,1269,0x009ea000,10395648
159385,0x00cc1810,2405,0x012ca000,19701760
002335,0x00cc1880,1270,0x009ec000,10403840
159386,0x00cc1890,2406,0x012cc000,19709952
002336,0x00cc1900,1271,0x009ee000,10412032
159387,0x00cc1910,2407,0x012ce000,19718144
168401,0x00cc1920,3080,0x01810000,25231360
002337,0x00cc1980,1272,0x009f0000,10420224
159388,0x00cc1990,2408,0x012d0000,19726336
002338,0x00cc1a00,1273,0x009f2000,10428416
159389,0x00cc1a10,2409,0x012d2000,19734528
002290,0x00cc1a80,1227,0x00996000,10051584
002339,0x00cc1a90,1274,0x009f4000,10436608
002291,0x00cc1b00,1228,0x00998000,10059776
000710,0x00cc1b80,607,0x004be000,4972544
002292,0x00cc1b90,1229,0x0099a000,10067968
159700,0x00cc1ba0,2587,0x01436000,21192704
000711,0x00cc1c00,608,0x004c0000,4980736
002293,0x00cc1c10,1230,0x0099c000,10076160
159701,0x00cc1c20,2588,0x01438000,21200896
000712,0x00cc1c80,609,0x004c2000,4988928
002294,0x00cc1c90,1231,0x0099e000,10084352
000713,0x00cc1d00,610,0x004c4000,4997120
002295,0x00cc1d10,1232,0x009a0000,10092544
159703,0x00cc1d20,2589,0x0143a000,21209088
002296,0x00cc1d80,1233,0x009a2000,10100736
000715,0x00cc1e00,611,0x004c6000,5005312
002297,0x00cc1e10,1234,0x009a4000,10108928
301000,0x00cc1e20,4036,0x01f88000,33062912
000716,0x00cc1e80,612,0x004c8000,5013504
002298,0x00cc1e90,1235,0x009a6000,10117120
159706,0x00cc1ea0,2590,0x0143c000,21217280
301001,0x00cc1eb0,4037,0x01f8a000,33071104
000717,0x00cc1f00,613,0x004ca000,5021696
002299,0x00cc1f10,1236,0x009a8000,10125312
159707,0x00cc1f20,2591,0x0143e000,21225472
301002,0x00cc1f30,4038,0x01f8c000,33079296
000718,0x00cc1f80,614,0x004cc000,5029888
159708,0x00cc1f90,2592,0x01440000,21233664
301003,0x00cc1fa0,4039,0x01f8e000,33087488
000670,0x00cc2000,580,0x00488000,4751360
000719,0x00cc2010,615,0x004ce000,5038080
159660,0x00cc2020,2554,0x013f4000,20922368
159709,0x00cc2030,2593,0x01442000,21241856
301004,0x00cc2040,4040,0x01f90000,33095680
159661,0x00cc2080,2555,0x013f6000,20930560
301005,0x00cc2090,4041,0x01f92000,33103872
399990,0x00cc2100,345,0x002b2000,2826240
980001,0x00cc2110,355,0x002c6000,2908160
000672,0x00cc2120,581,0x0048a000,4759552
002611,0x00cc2130,1526,0x00bec000,12500992
159662,0x00cc2140,2556,0x013f8000,20938752
301006,0x00cc2150,4042,0x01f94000,33112064
399991,0x00cc2180,346,0x002b4000,2834432
002612,0x00cc2190,1527,0x00bee000,12509184
159663,0x00cc21a0,2557,0x013fa000,20946944
301007,0x00cc21b0,4043,0x01f96000,33120256
399992,0x00cc2200,347,0x002b6000,2842624
002613,0x00cc2210,1528,0x00bf0000,12517376
301008,0x00cc2220,4044,0x01f98000,33128448
399993,0x00cc2280,348,0x002b8000,2850816
002614,0x00cc2290,1529,0x00bf2000,12525568
159665,0x00cc22a0,2558,0x013fc000,20955136
301009,0x00cc22b0,4045,0x01f9a000,33136640
399994,0x00cc2300,349,0x002ba000,2859008
000676,0x00cc2310,582,0x0048c000,4767744
002615,0x00cc2320,1530,0x00bf4000,12533760
159666,0x00cc2330,2559,0x013fe000,20963328
399995,0x00cc2380,350,0x002bc000,2867200
000677,0x00cc2390,583,0x0048e000,4775936
002616,0x00cc23a0,1531,0x00bf6000,12541952
159667,0x00cc23b0,2560,0x01400000,20971520
300150,0x00cc23c0,3230,0x0193c000,26460160
399996,0x00cc2400,351,0x002be000,2875392
000678,0x00cc2410,584,0x00490000,4784128
002617,0x00cc2420,1532,0x00bf8000,12550144
300151,0x00cc2430,3231,0x0193e000,26468352
399997,0x00cc2480,352,0x002c0000,2883584
000679,0x00cc2490,585,0x00492000,4792320
159669,0x00cc24a0,2561,0x01402000,20979712
300152,0x00cc24b0,3232,0x01940000,26476544
180901,0x00cc24c0,4529,0x02362000,37101568
399998,0x00cc2500,353,0x002c2000,2891776
002570,0x00cc2510,1487,0x00b9e000,12181504
300153,0x00cc2520,3233,0x01942000,26484736
002571,0x00cc2580,1488,0x00ba0000,12189696
300154,0x00cc2590,3234,0x01944000,26492928
002572,0x00cc2600,1489,0x00ba2000,12197888
300155,0x00cc2610,3235,0x01946000,26501120
002573,0x00cc2680,1490,0x00ba4000,12206080
002574,0x00cc2700,1491,0x00ba6000,12214272
300157,0x00cc2710,3236,0x01948000,26509312
002575,0x00cc2780,1492,0x00ba8000,12222464
300158,0x00cc2790,3237,0x0194a000,26517504
002576,0x00cc2800,1493,0x00baa000,12230656
300159,0x00cc2810,3238,0x0194c000,26525696
002577,0x00cc2880,1494,0x00bac000,12238848
002578,0x00cc2900,1495,0x00bae000,12247040
002579,0x00cc2980,1496,0x00bb0000,12255232
163001,0x00cc2a00,2991,0x0175e000,24502272
000950,0x00cc2a80,759,0x005ee000,6217728
159940,0x00cc2a90,2762,0x01594000,22626304
000951,0x00cc2b00,760,0x005f0000,6225920
159941,0x00cc2b10,2763,0x01596000,22634496
163003,0x00cc2b20,2992,0x01760000,24510464
399001,0x00cc2b80,0,0x00000000,0
000952,0x00cc2b90,761,0x005f2000,6234112
399002,0x00cc2c00,1,0x00002000,8192
000953,0x00cc2c10,762,0x005f4000,6242304
159943,0x00cc2c20,2764,0x01598000,22642688
163005,0x00cc2c30,2993,0x01762000,24518656
399003,0x00cc2c80,2,0x00004000,16384
159944,0x00cc2c90,2765,0x0159a000,22650880
399004,0x00cc2d00,3,0x00006000,24576
000955,0x00cc2d10,763,0x005f6000,6250496
159945,0x00cc2d20,2766,0x0159c000,22659072
399005,0x00cc2d80,4,0x00008000,32768
399006,0x00cc2e00,5,0x0000a000,40960
000957,0x00cc2e10,764,0x005f8000,6258688
300430,0x00cc2e20,3490,0x01b44000,28590080
399007,0x00cc2e80,6,0x0000c000,49152
000958,0x00cc2e90,765,0x005fa000,6266880
159948,0x00cc2ea0,2767,0x0159e000,22667264
399008,0x00cc2f00,7,0x0000e000,57344
000959,0x00cc2f10,766,0x005fc000,6275072
159949,0x00cc2f20,2768,0x015a0000,22675456
300432,0x00cc2f30,3491,0x01b46000,28598272
399009,0x00cc2f80,8,0x00010000,65536
002850,0x00cc2f90,1740,0x00d98000,14254080
300433,0x00cc2fa0,3492,0x01b48000,28606464
002851,0x00cc3000,1741,0x00d9a000,14262272
300434,0x00cc3010,3493,0x01b4a000,28614656
301246,0x00cc3020,4249,0x02132000,34807808
002852,0x00cc3080,1742,0x00d9c000,14270464
300435,0x00cc3090,3494,0x01b4c000,28622848
002853,0x00cc3100,1743,0x00d9e000,14278656
300436,0x00cc3110,3495,0x01b4e000,28631040
301248,0x00cc3120,4250,0x02134000,34816000
300437,0x00cc3180,3496,0x01b50000,28639232
002855,0x00cc3200,1744,0x00da0000,14286848
300438,0x00cc3210,3497,0x01b52000,28647424
002856,0x00cc3280,1745,0x00da2000,14295040
300390,0x00cc3290,3451,0x01af6000,28270592
300439,0x00cc32a0,3498,0x01b54000,28655616
002857,0x00cc3300,1746,0x00da4000,14303232
300391,0x00cc3310,3452,0x01af8000,28278784
002858,0x00cc3380,1747,0x00da6000,14311424
002859,0x00cc3400,1748,0x00da8000,14319616
300393,0x00cc3410,3453,0x01afa000,28286976
300394,0x00cc3480,3454,0x01afc000,28295168
300395,0x00cc3500,3455,0x01afe000,28303360
300396,0x00cc3580,3456,0x01b00000,28311552
300397,0x00cc3600,3457,0x01b02000,28319744
300398,0x00cc3680,3458,0x01b04000,28327936
300399,0x00cc3700,3459,0x01b06000,28336128
301520,0x00cc3780,4414,0x0227c000,36159488
300710,0x00cc3880,3762,0x01d64000,30818304
301522,0x00cc3890,4415,0x0227e000,36167680
300711,0x00cc3900,3763,0x01d66000,30826496
300712,0x00cc3980,3764,0x01d68000,30834688
399240,0x00cc3a00,38,0x0004c000,311296
300713,0x00cc3a10,3765,0x01d6a000,30842880
301525,0x00cc3a20,4416,0x02280000,36175872
399241,0x00cc3a80,39,0x0004e000,319488
301526,0x00cc3a90,4417,0x02282000,36184064
399242,0x00cc3b00,40,0x00050000,327680
300715,0x00cc3b10,3766,0x01d6c000,30851072
399243,0x00cc3b80,41,0x00052000,335872
300716,0x00cc3b90,3767,0x01d6e000,30859264
301528,0x00cc3ba0,4418,0x02284000,36192256
399244,0x00cc3c00,42,0x00054000,344064
300717,0x00cc3c10,3768,0x01d70000,30867456
301529,0x00cc3c20,4419,0x02286000,36200448
160812,0x00cc3c80,2878,0x0167c000,23576576
300718,0x00cc3c90,3769,0x01d72000,30875648
160813,0x00cc3d00,2879,0x0167e000,23584768
300670,0x00cc3d10,3723,0x01d16000,30498816
300719,0x00cc3d20,3770,0x01d74000,30883840
161626,0x00cc3d80,2943,0x016fe000,24109056
300671,0x00cc3d90,3724,0x01d18000,30507008
399248,0x00cc3e00,43,0x00056000,352256
300672,0x00cc3e10,3725,0x01d1a000,30515200
300673,0x00cc3e80,3726,0x01d1c000,30523392
300674,0x00cc3f00,3727,0x01d1e000,30531584
301486,0x00cc3f10,4390,0x0224c000,35962880
300675,0x00cc3f80,3728,0x01d20000,30539776
301487,0x00cc3f90,4391,0x0224e000,35971072
300676,0x00cc4000,3729,0x01d22000,30547968
301488,0x00cc4010,4392,0x02250000,35979264
300677,0x00cc4080,3730,0x01d24000,30556160
301489,0x00cc4090,4393,0x02252000,35987456
300678,0x00cc4100,3731,0x01d26000,30564352
300679,0x00cc4180,3732,0x01d28000,30572544
200625,0x00cc4280,946,0x00764000,7749632
162711,0x00cc4480,2985,0x01752000,24453120
200581,0x00cc4500,944,0x00760000,7733248
162712,0x00cc4510,2986,0x01754000,24461312
161903,0x00cc4680,2966,0x0172c000,24297472
162715,0x00cc4690,2987,0x01756000,24469504
300950,0x00cc4780,3988,0x01f28000,32669696
159150,0x00cc4800,2210,0x01144000,18104320
300951,0x00cc4810,3989,0x01f2a000,32677888
002100,0x00cc4880,1046,0x0082c000,8568832
159151,0x00cc4890,2211,0x01146000,18112512
162719,0x00cc48a0,2988,0x01758000,24477696
161907,0x00cc48b0,3088,0x01820000,25296896
300952,0x00cc48c0,3990,0x01f2c000,32686080
002101,0x00cc4900,1047,0x0082e000,8577024
159152,0x00cc4910,2212,0x01148000,18120704
161908,0x00cc4920,2967,0x0172e000,24305664
300953,0x00cc4930,3991,0x01f2e000,32694272
399481,0x00cc4980,195,0x00186000,1597440
002102,0x00cc4990,1048,0x00830000,8585216
159153,0x00cc49a0,2213,0x0114a000,18128896
002103,0x00cc4a00,1049,0x00832000,8593408
300955,0x00cc4a10,3992,0x01f30000,32702464
002104,0x00cc4a80,1050,0x00834000,8601600
127092,0x00cc4a90,2058,0x01014000,16859136
159155,0x00cc4aa0,2214,0x0114c000,18137088
300956,0x00cc4ab0,3993,0x01f32000,32710656
000166,0x00cc4b00,437,0x0036a000,3579904
002105,0x00cc4b10,1051,0x00836000,8609792
127093,0x00cc4b20,2059,0x01016000,16867328
159156,0x00cc4b30,2215,0x0114e000,18145280
300957,0x00cc4b40,3994,0x01f34000,32718848
002106,0x00cc4b80,1052,0x00838000,8617984
159157,0x00cc4b90,2216,0x01150000,18153472
300958,0x00cc4ba0,3995,0x01f36000,32727040
002107,0x00cc4c00,1053,0x0083a000,8626176
127095,0x00cc4c10,2060,0x01018000,16875520
159158,0x00cc4c20,2217,0x01152000,18161664
300959,0x00cc4c30,3996,0x01f38000,32735232
002108,0x00cc4c80,1054,0x0083c000,8634368
127096,0x00cc4c90,2061,0x0101a000,16883712
159159,0x00cc4ca0,2218,0x01154000,18169856
002109,0x00cc4d00,1055,0x0083e000,8642560
127098,0x00cc4d80,2062,0x0101c000,16891904
127099,0x00cc4e00,2063,0x0101e000,16900096
163801,0x00cc4e10,3013,0x0178a000,24682496
399802,0x00cc5000,304,0x00260000,2490368
399803,0x00cc5080,305,0x00262000,2498560
002060,0x00cc5090,1010,0x007e4000,8273920
399804,0x00cc5100,306,0x00264000,2506752
002061,0x00cc5110,1011,0x007e6000,8282112
399805,0x00cc5180,307,0x00266000,2514944
002062,0x00cc5190,1012,0x007e8000,8290304
399806,0x00cc5200,308,0x00268000,2523136
002063,0x00cc5210,1013,0x007ea000,8298496
399807,0x00cc5280,309,0x0026a000,2531328
002064,0x00cc5290,1014,0x007ec000,8306688
399808,0x00cc5300,310,0x0026c000,2539520
002065,0x00cc5310,1015,0x007ee000,8314880
399809,0x00cc5380,311,0x0026e000,2547712
200869,0x00cc5390,952,0x00770000,7798784
002066,0x00cc53a0,1016,0x007f0000,8323072
001255,0x00cc5400,830,0x0067c000,6799360
002067,0x00cc5410,1017,0x007f2000,8331264
001256,0x00cc5480,831,0x0067e000,6807552
002068,0x00cc5490,1018,0x007f4000,8339456
001257,0x00cc5500,832,0x00680000,6815744
002069,0x00cc5510,1019,0x007f6000,8347648
001258,0x00cc5580,833,0x00682000,6823936
001259,0x00cc5600,834,0x00684000,6832128
159390,0x00cc5700,2410,0x012d4000,19742720
002340,0x00cc5780,1275,0x009f6000,10444800
159391,0x00cc5790,2411,0x012d6000,19750912
159392,0x00cc5800,2412,0x012d8000,19759104
002342,0x00cc5880,1276,0x009f8000,10452992
159393,0x00cc5890,2413,0x012da000,19767296
002343,0x00cc5900,1277,0x009fa000,10461184
002344,0x00cc5980,1278,0x009fc000,10469376
159395,0x00cc5990,2414,0x012dc000,19775488
002345,0x00cc5a00,1279,0x009fe000,10477568
159396,0x00cc5a10,2415,0x012de000,19783680
002346,0x00cc5a80,1280,0x00a00000,10485760
159397,0x00cc5a90,2416,0x012e0000,19791872
002347,0x00cc5b00,1281,0x00a02000,10493952
159398,0x00cc5b10,2417,0x012e2000,19800064
002348,0x00cc5b80,1282,0x00a04000,10502144
159399,0x00cc5b90,2418,0x012e4000,19808256
002349,0x00cc5c00,1283,0x00a06000,10510336
000720,0x00cc5d00,616,0x004d0000,5046272
000721,0x00cc5d80,617,0x004d2000,5054464
159711,0x00cc5d90,2594,0x01444000,21250048
000722,0x00cc5e00,618,0x004d4000,5062656
159712,0x00cc5e10,2595,0x01446000,21258240
000723,0x00cc5e80,619,0x004d6000,5070848
159713,0x00cc5e90,2596,0x01448000,21266432
000725,0x00cc5f80,620,0x004d8000,5079040
159715,0x00cc5f90,2597,0x0144a000,21274624
301010,0x00cc5fa0,4046,0x01f9c000,33144832
000726,0x00cc6000,621,0x004da000,5087232
159716,0x00cc6010,2598,0x0144c000,21282816
301011,0x00cc6020,4047,0x01f9e000,33153024
000727,0x00cc6080,622,0x004dc000,5095424
159717,0x00cc6090,2599,0x0144e000,21291008
300200,0x00cc60a0,3277,0x0199a000,26845184
301012,0x00cc60b0,4048,0x01fa0000,33161216
000728,0x00cc6100,623,0x004de000,5103616
159718,0x00cc6110,2600,0x01450000,21299200
300201,0x00cc6120,3278,0x0199c000,26853376
301013,0x00cc6130,4049,0x01fa2000,33169408
000680,0x00cc6180,586,0x00494000,4800512
000729,0x00cc6190,624,0x004e0000,5111808
159670,0x00cc61a0,2562,0x01404000,20987904
159719,0x00cc61b0,2601,0x01452000,21307392
000681,0x00cc6200,587,0x00496000,4808704
002620,0x00cc6210,1533,0x00bfa000,12558336
159671,0x00cc6220,2563,0x01406000,20996096
300203,0x00cc6230,3279,0x0199e000,26861568
301015,0x00cc6240,4050,0x01fa4000,33177600
000682,0x00cc6280,588,0x00498000,4816896
159672,0x00cc6290,2564,0x01408000,21004288
300204,0x00cc62a0,3280,0x019a0000,26869760
301016,0x00cc62b0,4051,0x01fa6000,33185792
000683,0x00cc6300,589,0x0049a000,4825088
002622,0x00cc6310,1534,0x00bfc000,12566528
159673,0x00cc6320,2565,0x0140a000,21012480
300205,0x00cc6330,3281,0x019a2000,26877952
301017,0x00cc6340,4052,0x01fa8000,33193984
002623,0x00cc6380,1535,0x00bfe000,12574720
300206,0x00cc6390,3282,0x019a4000,26886144
301018,0x00cc63a0,4053,0x01faa000,33202176
000685,0x00cc6400,590,0x0049c000,4833280
002624,0x00cc6410,1536,0x00c00000,12582912
159675,0x00cc6420,2566,0x0140c000,21020672
300207,0x00cc6430,3283,0x019a6000,26894336
301019,0x00cc6440,4054,0x01fac000,33210368
980015,0x00cc6480,356,0x002c8000,2916352
000686,0x00cc6490,591,0x0049e000,4841472
002625,0x00cc64a0,1537,0x00c02000,12591104
159676,0x00cc64b0,2567,0x0140e000,21028864
300208,0x00cc64c0,3284,0x019a8000,26902528
980016,0x00cc6500,357,0x002ca000,2924544
002626,0x00cc6510,1538,0x00c04000,12599296
159677,0x00cc6520,2568,0x01410000,21037056
161115,0x00cc6530,2910,0x016bc000,23838720
300160,0x00cc6540,3239,0x0194e000,26533888
300209,0x00cc6550,3285,0x019aa000,26910720
980017,0x00cc6580,358,0x002cc000,2932736
000688,0x00cc6590,592,0x004a0000,4849664
002627,0x00cc65a0,1539,0x00c06000,12607488
159678,0x00cc65b0,2569,0x01412000,21045248
161116,0x00cc65c0,2911,0x016be000,23846912
300161,0x00cc65d0,3240,0x01950000,26542080
980018,0x00cc6600,359,0x002ce000,2940928
002628,0x00cc6610,1540,0x00c08000,12615680
159679,0x00cc6620,2570,0x01414000,21053440
161117,0x00cc6630,2912,0x016c0000,23855104
300162,0x00cc6640,3241,0x01952000,26550272
002580,0x00cc6680,1497,0x00bb2000,12263424
002629,0x00cc6690,1541,0x00c0a000,12623872
161118,0x00cc66a0,2913,0x016c2000,23863296
300163,0x00cc66b0,3242,0x01954000,26558464
002581,0x00cc6700,1498,0x00bb4000,12271616
161119,0x00cc6710,2914,0x016c4000,23871488
300164,0x00cc6720,3243,0x01956000,26566656
002582,0x00cc6780,1499,0x00bb6000,12279808
300165,0x00cc6790,3244,0x01958000,26574848
002583,0x00cc6800,1500,0x00bb8000,12288000
300166,0x00cc6810,3245,0x0195a000,26583040
002584,0x00cc6880,1501,0x00bba000,12296192
123104,0x00cc6890,1930,0x00f14000,15810560
300167,0x00cc68a0,3246,0x0195c000,26591232
002585,0x00cc6900,1502,0x00bbc000,12304384
300168,0x00cc6910,3247,0x0195e000,26599424
002586,0x00cc6980,1503,0x00bbe000,12312576
300169,0x00cc6990,3248,0x01960000,26607616
002587,0x00cc6a00,1504,0x00bc0000,12320768
123107,0x00cc6a10,1931,0x00f16000,15818752
002588,0x00cc6a80,1505,0x00bc2000,12328960
002589,0x00cc6b00,1506,0x00bc4000,12337152
123109,0x00cc6b10,1932,0x00f18000,15826944
000960,0x00cc6c00,767,0x005fe000,6283264
399010,0x00cc6c80,9,0x00012000,73728
002900,0x00cc6c90,1787,0x00df6000,14639104
399011,0x00cc6d00,10,0x00014000,81920
000962,0x00cc6d10,768,0x00600000,6291456
002901,0x00cc6d20,1788,0x00df8000,14647296
123064,0x00cc6d30,1920,0x00f00000,15728640
159952,0x00cc6d40,2769,0x015a2000,22683648
399012,0x00cc6d80,11,0x00016000,90112
000963,0x00cc6d90,769,0x00602000,6299648
002902,0x00cc6da0,1789,0x00dfa000,14655488
123065,0x00cc6db0,1921,0x00f02000,15736832
399013,0x00cc6e00,12,0x00018000,98304
002903,0x00cc6e10,1790,0x00dfc000,14663680
159954,0x00cc6e20,2770,0x015a4000,22691840
000965,0x00cc6e80,770,0x00604000,6307840
399015,0x00cc6f00,13,0x0001a000,106496
000966,0x00cc6f10,771,0x00606000,6316032
002905,0x00cc6f20,1791,0x00dfe000,14671872
159956,0x00cc6f30,2771,0x015a6000,22700032
301251,0x00cc6f40,4251,0x02136000,34824192
399016,0x00cc6f80,14,0x0001c000,114688
000967,0x00cc6f90,772,0x00608000,6324224
002906,0x00cc6fa0,1792,0x00e00000,14680064
159957,0x00cc6fb0,2772,0x015a8000,22708224
162207,0x00cc6fc0,2973,0x0173a000,24354816
300440,0x00cc6fd0,3499,0x01b56000,28663808
301252,0x00cc6fe0,4252,0x02138000,34832384
399017,0x00cc7000,15,0x0001e000,122880
000968,0x00cc7010,773,0x0060a000,6332416
002907,0x00cc7020,1793,0x00e02000,14688256
159958,0x00cc7030,2773,0x015aa000,22716416
300441,0x00cc7040,3500,0x01b58000,28672000
399018,0x00cc7080,16,0x00020000,131072
000969,0x00cc7090,774,0x0060c000,6340608
002908,0x00cc70a0,1794,0x00e04000,14696448
159959,0x00cc70b0,2774,0x015ac000,22724608
300442,0x00cc70c0,3501,0x01b5a000,28680192
399019,0x00cc7100,17,0x00022000,139264
002860,0x00cc7110,1749,0x00daa000,14327808
002909,0x00cc7120,1795,0x00e06000,14704640
300443,0x00cc7130,3502,0x01b5c000,28688384
301255,0x00cc7140,4253,0x0213a000,34840576
002861,0x00cc7180,1750,0x00dac000,14336000
300444,0x00cc7190,3503,0x01b5e000,28696576
301256,0x00cc71a0,4254,0x0213c000,34848768
002862,0x00cc7200,1751,0x00dae000,14344192
300445,0x00cc7210,3504,0x01b60000,28704768
301257,0x00cc7220,4255,0x0213e000,34856960
002863,0x00cc7280,1752,0x00db0000,14352384
300446,0x00cc7290,3505,0x01b62000,28712960
301258,0x00cc72a0,4256,0x02140000,34865152
002864,0x00cc7300,1753,0x00db2000,14360576
300447,0x00cc7310,3506,0x01b64000,28721152
301259,0x00cc7320,4257,0x02142000,34873344
002865,0x00cc7380,1754,0x00db4000,14368768
300448,0x00cc7390,3507,0x01b66000,28729344
002866,0x00cc7400,1755,0x00db6000,14376960
300449,0x00cc7410,3508,0x01b68000,28737536
002867,0x00cc7480,1756,0x00db8000,14385152
002868,0x00cc7500,1757,0x00dba000,14393344
002869,0x00cc7580,1758,0x00dbc000,14401536
164105,0x00cc7700,3017,0x01792000,24715264
301531,0x00cc7980,4420,0x02288000,36208640
300720,0x00cc7a00,3771,0x01d76000,30892032
300721,0x00cc7a80,3772,0x01d78000,30900224
301533,0x00cc7a90,4421,0x0228a000,36216832
300722,0x00cc7b00,3773,0x01d7a000,30908416
300723,0x00cc7b80,3774,0x01d7c000,30916608
301535,0x00cc7b90,4422,0x0228c000,36225024
300724,0x00cc7c00,3775,0x01d7e000,30924800
301536,0x00cc7c10,4423,0x0228e000,36233216
161631,0x00cc7c80,2944,0x01700000,24117248
300725,0x00cc7c90,3776,0x01d80000,30932992
300726,0x00cc7d00,3777,0x01d82000,30941184
301538,0x00cc7d10,4424,0x02290000,36241408
166001,0x00cc7d80,3051,0x017d6000,24993792
300727,0x00cc7d90,3778,0x01d84000,30949376
301539,0x00cc7da0,4425,0x02292000,36249600
301491,0x00cc7e00,4394,0x02254000,35995648
300680,0x00cc7e80,3733,0x01d2a000,30580736
300729,0x00cc7e90,3779,0x01d86000,30957568
300681,0x00cc7f00,3734,0x01d2c000,30588928
399258,0x00cc7f80,44,0x00058000,360448
300682,0x00cc7f90,3735,0x01d2e000,30597120
399259,0x00cc8000,45,0x0005a000,368640
166006,0x00cc8010,3052,0x017d8000,25001984
300683,0x00cc8020,3736,0x01d30000,30605312
166007,0x00cc8080,3089,0x01822000,25305088
300684,0x00cc8090,3737,0x01d32000,30613504
166008,0x00cc8100,3053,0x017da000,25010176
300685,0x00cc8110,3738,0x01d34000,30621696
166009,0x00cc8180,3054,0x017dc000,25018368
300686,0x00cc8190,3739,0x01d36000,30629888
301498,0x00cc81a0,4395,0x02256000,36003840
300687,0x00cc8200,3740,0x01d38000,30638080
301499,0x00cc8210,4396,0x02258000,36012032
300688,0x00cc8280,3741,0x01d3a000,30646272
300689,0x00cc8300,3742,0x01d3c000,30654464
159200,0x00cc8500,2255,0x0119e000,18472960
159201,0x00cc8580,2256,0x011a0000,18481152
162720,0x00cc8590,2989,0x0175a000,24485888
159202,0x00cc8600,2257,0x011a2000,18489344
162721,0x00cc8610,2990,0x0175c000,24494080
159203,0x00cc8680,2258,0x011a4000,18497536
159205,0x00cc8780,2259,0x011a6000,18505728
161912,0x00cc8790,2968,0x01730000,24313856
159206,0x00cc8800,2260,0x011a8000,18513920
159207,0x00cc8880,2261,0x011aa000,18522112
161914,0x00cc8890,2969,0x01732000,24322048
200596,0x00cc8900,945,0x00762000,7741440
159208,0x00cc8910,2262,0x011ac000,18530304
300960,0x00cc8920,3997,0x01f3a000,32743424
159160,0x00cc8980,2219,0x01156000,18178048
159209,0x00cc8990,2263,0x011ae000,18538496
300961,0x00cc89a0,3998,0x01f3c000,32751616
002110,0x00cc8a00,1056,0x00840000,8650752
159161,0x00cc8a10,2220,0x01158000,18186240
300962,0x00cc8a20,3999,0x01f3e000,32759808
002111,0x00cc8a80,1057,0x00842000,8658944
159162,0x00cc8a90,2221,0x0115a000,18194432
300963,0x00cc8aa0,4000,0x01f40000,32768000
002112,0x00cc8b00,1058,0x00844000,8667136
159163,0x00cc8b10,2222,0x0115c000,18202624
300964,0x00cc8b20,4001,0x01f42000,32776192
300965,0x00cc8b80,4002,0x01f44000,32784384
002114,0x00cc8c00,1059,0x00846000,8675328
159165,0x00cc8c10,2223,0x0115e000,18210816
300966,0x00cc8c20,4003,0x01f46000,32792576
002115,0x00cc8c80,1060,0x00848000,8683520
159166,0x00cc8c90,2224,0x01160000,18219008
300967,0x00cc8ca0,4004,0x01f48000,32800768
002116,0x00cc8d00,1061,0x0084a000,8691712
159167,0x00cc8d10,2225,0x01162000,18227200
300968,0x00cc8d20,4005,0x01f4a000,32808960
002117,0x00cc8d80,1062,0x0084c000,8699904
159168,0x00cc8d90,2226,0x01164000,18235392
300969,0x00cc8da0,4006,0x01f4c000,32817152
159169,0x00cc8e00,2227,0x01166000,18243584
180401,0x00cc8e10,4516,0x02348000,36995072
001300,0x00cc8e80,855,0x006ae000,7004160
002119,0x00cc8e90,1063,0x0084e000,8708096
180402,0x00cc8ea0,4517,0x0234a000,37003264
001301,0x00cc8f00,856,0x006b0000,7012352
399810,0x00cc9080,312,0x00270000,2555904
399811,0x00cc9100,313,0x00272000,2564096
399812,0x00cc9180,314,0x00274000,2572288
001306,0x00cc9190,857,0x006b2000,7020544
399813,0x00cc9200,315,0x00276000,2580480
399814,0x00cc9280,316,0x00278000,2588672
001308,0x00cc9290,858,0x006b4000,7028736
001260,0x00cc9300,835,0x00686000,6840320
001309,0x00cc9310,859,0x006b6000,7036928
002072,0x00cc9320,1020,0x007f8000,8355840
002073,0x00cc9380,1021,0x007fa000,8364032
163819,0x00cc9390,3014,0x0178c000,24690688
002074,0x00cc9400,1022,0x007fc000,8372224
002075,0x00cc9480,1023,0x007fe000,8380416
002076,0x00cc9500,1024,0x00800000,8388608
002077,0x00cc9580,1025,0x00802000,8396800
001266,0x00cc9600,836,0x00688000,6848512
002078,0x00cc9610,1026,0x00804000,8404992
001267,0x00cc9680,837,0x0068a000,6856704
002079,0x00cc9690,1027,0x00806000,8413184
001268,0x00cc9700,838,0x0068c000,6864896
001269,0x00cc9780,839,0x0068e000,6873088
002350,0x00cc9900,1284,0x00a08000,10518528
002351,0x00cc9980,1285,0x00a0a000,10526720
164902,0x00cc9990,3032,0x017b0000,24838144
002352,0x00cc9a00,1286,0x00a0c000,10534912
002353,0x00cc9a80,1287,0x00a0e000,10543104
002354,0x00cc9b00,1288,0x00a10000,10551296
002355,0x00cc9b80,1289,0x00a12000,10559488
164906,0x00cc9b90,3033,0x017b2000,24846336
002356,0x00cc9c00,1290,0x00a14000,10567680
002357,0x00cc9c80,1291,0x00a16000,10575872
002358,0x00cc9d00,1292,0x00a18000,10584064
159720,0x00cc9e80,2602,0x01454000,21315584
000731,0x00cc9f00,625,0x004e2000,5120000
159721,0x00cc9f10,2603,0x01456000,21323776
000733,0x00cca000,626,0x004e4000,5128192
159723,0x00cca010,2604,0x01458000,21331968
000735,0x00cca100,627,0x004e6000,5136384
159725,0x00cca110,2605,0x0145a000,21340160
301020,0x00cca120,4055,0x01fae000,33218560
000736,0x00cca180,628,0x004e8000,5144576
159726,0x00cca190,2606,0x0145c000,21348352
301021,0x00cca1a0,4056,0x01fb0000,33226752
000737,0x00cca200,629,0x004ea000,5152768
300210,0x00cca210,3286,0x019ac000,26918912
301022,0x00cca220,4057,0x01fb2000,33234944
000738,0x00cca280,630,0x004ec000,5160960
159728,0x00cca290,2607,0x0145e000,21356544
300211,0x00cca2a0,3287,0x019ae000,26927104
301023,0x00cca2b0,4058,0x01fb4000,33243136
000690,0x00cca300,593,0x004a2000,4857856
000739,0x00cca310,631,0x004ee000,5169152
159680,0x00cca320,2571,0x01416000,21061632
159729,0x00cca330,2608,0x01460000,21364736
300212,0x00cca340,3288,0x019b0000,26935296
301024,0x00cca350,4059,0x01fb6000,33251328
000691,0x00cca380,594,0x004a4000,4866048
002630,0x00cca390,1542,0x00c0c000,12632064
159681,0x00cca3a0,2572,0x01418000,21069824
300213,0x00cca3b0,3289,0x019b2000,26943488
301025,0x00cca3c0,4060,0x01fb8000,33259520
000692,0x00cca400,595,0x004a6000,4874240
002631,0x00cca410,1543,0x00c0e000,12640256
159682,0x00cca420,2573,0x0141a000,21078016
300214,0x00cca430,3290,0x019b4000,26951680
301026,0x00cca440,4061,0x01fba000,33267712
980022,0x00cca480,360,0x002d0000,2949120
002632,0x00cca490,1544,0x00c10000,12648448
161121,0x00cca4a0,2915,0x016c6000,23879680
300215,0x00cca4b0,3291,0x019b6000,26959872
301027,0x00cca4c0,4062,0x01fbc000,33275904
980023,0x00cca500,361,0x002d2000,2957312
002633,0x00cca510,1545,0x00c12000,12656640
161122,0x00cca520,2916,0x016c8000,23887872
301028,0x00cca530,4063,0x01fbe000,33284096
000695,0x00cca580,596,0x004a8000,4882432
002634,0x00cca590,1546,0x00c14000,12664832
159685,0x00cca5a0,2574,0x0141c000,21086208
160311,0x00cca5b0,2824,0x01610000,23134208
161123,0x00cca5c0,2917,0x016ca000,23896064
300217,0x00cca5d0,3292,0x019b8000,26968064
301029,0x00cca5e0,4064,0x01fc0000,33292288
002635,0x00cca600,1547,0x00c16000,12673024
159686,0x00cca610,2575,0x0141e000,21094400
161124,0x00cca620,2918,0x016cc000,23904256
300218,0x00cca630,3293,0x019ba000,26976256
000697,0x00cca680,597,0x004aa000,4890624
002636,0x00cca690,1548,0x00c18000,12681216
159687,0x00cca6a0,2576,0x01420000,21102592
161125,0x00cca6b0,2919,0x016ce000,23912448
168701,0x00cca6c0,3081,0x01812000,25239552
300170,0x00cca6d0,3249,0x01962000,26615808
300219,0x00cca6e0,3294,0x019bc000,26984448
980027,0x00cca700,362,0x002d4000,2965504
000698,0x00cca710,598,0x004ac000,4898816
002637,0x00cca720,1549,0x00c1a000,12689408
159688,0x00cca730,2577,0x01422000,21110784
160314,0x00cca740,2825,0x01612000,23142400
161126,0x00cca750,2920,0x016d0000,23920640
300171,0x00cca760,3250,0x01964000,26624000
980028,0x00cca780,363,0x002d6000,2973696
002638,0x00cca790,1550,0x00c1c000,12697600
159689,0x00cca7a0,2578,0x01424000,21118976
161127,0x00cca7b0,2921,0x016d2000,23928832
300172,0x00cca7c0,3251,0x01966000,26632192
002590,0x00cca800,1507,0x00bc6000,12345344
002639,0x00cca810,1551,0x00c1e000,12705792
161128,0x00cca820,2922,0x016d4000,23937024
300173,0x00cca830,3252,0x01968000,26640384
002591,0x00cca880,1508,0x00bc8000,12353536
161129,0x00cca890,2923,0x016d6000,23945216
300174,0x00cca8a0,3253,0x0196a000,26648576
002592,0x00cca900,1509,0x00bca000,12361728
123112,0x00cca910,1933,0x00f1a000,15835136
300175,0x00cca920,3254,0x0196c000,26656768
002593,0x00cca980,1510,0x00bcc000,12369920
123113,0x00cca990,1934,0x00f1c000,15843328
300176,0x00cca9a0,3255,0x0196e000,26664960
002594,0x00ccaa00,1511,0x00bce000,12378112
123114,0x00ccaa10,1935,0x00f1e000,15851520
300177,0x00ccaa20,3256,0x01970000,26673152
002595,0x00ccaa80,1512,0x00bd0000,12386304
002596,0x00ccab00,1513,0x00bd2000,12394496
300179,0x00ccab10,3257,0x01972000,26681344
002597,0x00ccab80,1514,0x00bd4000,12402688
123117,0x00ccab90,1936,0x00f20000,15859712
301300,0x00ccaba0,4293,0x0218a000,35168256
002598,0x00ccac00,1515,0x00bd6000,12410880
123118,0x00ccac10,1937,0x00f22000,15867904
301301,0x00ccac20,4294,0x0218c000,35176448
002599,0x00ccac80,1516,0x00bd8000,12419072
123119,0x00ccac90,1938,0x00f24000,15876096
301302,0x00ccaca0,4295,0x0218e000,35184640
123071,0x00ccad00,1922,0x00f04000,15745024
301303,0x00ccad10,4296,0x02190000,35192832
000970,0x00ccad80,775,0x0060e000,6348800
123072,0x00ccad90,1923,0x00f06000,15753216
159960,0x00ccada0,2775,0x015ae000,22732800
399020,0x00ccae00,18,0x00024000,147456
002910,0x00ccae10,1796,0x00e08000,14712832
159961,0x00ccae20,2776,0x015b0000,22740992
301305,0x00ccae30,4297,0x02192000,35201024
000972,0x00ccae80,776,0x00610000,6356992
002911,0x00ccae90,1797,0x00e0a000,14721024
301306,0x00ccaea0,4298,0x02194000,35209216
000973,0x00ccaf00,777,0x00612000,6365184
002912,0x00ccaf10,1798,0x00e0c000,14729216
301307,0x00ccaf20,4299,0x02196000,35217408
002913,0x00ccaf80,1799,0x00e0e000,14737408
123076,0x00ccaf90,1924,0x00f08000,15761408
159964,0x00ccafa0,2777,0x015b2000,22749184
301308,0x00ccafb0,4300,0x02198000,35225600
000975,0x00ccb000,778,0x00614000,6373376
159965,0x00ccb010,2778,0x015b4000,22757376
162215,0x00ccb020,2974,0x0173c000,24363008
301260,0x00ccb030,4258,0x02144000,34881536
301309,0x00ccb040,4301,0x0219a000,35233792
002915,0x00ccb080,1800,0x00e10000,14745600
159966,0x00ccb090,2779,0x015b6000,22765568
162216,0x00ccb0a0,2975,0x0173e000,24371200
301261,0x00ccb0b0,4259,0x02146000,34889728
000977,0x00ccb100,779,0x00616000,6381568
002916,0x00ccb110,1801,0x00e12000,14753792
159967,0x00ccb120,2780,0x015b8000,22773760
300450,0x00ccb130,3509,0x01b6a000,28745728
301262,0x00ccb140,4260,0x02148000,34897920
000978,0x00ccb180,780,0x00618000,6389760
002917,0x00ccb190,1802,0x00e14000,14761984
159968,0x00ccb1a0,2781,0x015ba000,22781952
300451,0x00ccb1b0,3510,0x01b6c000,28753920
301263,0x00ccb1c0,4261,0x0214a000,34906112
002918,0x00ccb200,1803,0x00e16000,14770176
300452,0x00ccb210,3511,0x01b6e000,28762112
002870,0x00ccb280,1759,0x00dbe000,14409728
002919,0x00ccb290,1804,0x00e18000,14778368
300453,0x00ccb2a0,3512,0x01b70000,28770304
301265,0x00ccb2b0,4262,0x0214c000,34914304
002871,0x00ccb300,1760,0x00dc0000,14417920
300454,0x00ccb310,3513,0x01b72000,28778496
301266,0x00ccb320,4263,0x0214e000,34922496
002872,0x00ccb380,1761,0x00dc2000,14426112
300455,0x00ccb390,3514,0x01b74000,28786688
301267,0x00ccb3a0,4264,0x02150000,34930688
002873,0x00ccb400,1762,0x00dc4000,14434304
300456,0x00ccb410,3515,0x01b76000,28794880
301268,0x00ccb420,4265,0x02152000,34938880
300457,0x00ccb480,3516,0x01b78000,28803072
301269,0x00ccb490,4266,0x02154000,34947072
002875,0x00ccb500,1763,0x00dc6000,14442496
300458,0x00ccb510,3517,0x01b7a000,28811264
002876,0x00ccb580,1764,0x00dc8000,14450688
300459,0x00ccb590,3518,0x01b7c000,28819456
002877,0x00ccb600,1765,0x00dca000,14458880
002878,0x00ccb680,1766,0x00dcc000,14467072
002879,0x00ccb700,1767,0x00dce000,14475264
163302,0x00ccb800,3003,0x01776000,24600576
399300,0x00ccb880,80,0x000a0000,655360
399301,0x00ccb900,81,0x000a2000,663552
399302,0x00ccb980,82,0x000a4000,671744
399303,0x00ccba00,83,0x000a6000,679936
399306,0x00ccbb80,84,0x000a8000,688128
300730,0x00ccbb90,3780,0x01d88000,30965760
399307,0x00ccbc00,85,0x000aa000,696320
300731,0x00ccbc10,3781,0x01d8a000,30973952
300732,0x00ccbc80,3782,0x01d8c000,30982144
399260,0x00ccbd00,46,0x0005c000,376832
300733,0x00ccbd10,3783,0x01d8e000,30990336
399261,0x00ccbd80,47,0x0005e000,385024
399262,0x00ccbe00,48,0x00060000,393216
300735,0x00ccbe10,3784,0x01d90000,30998528
399263,0x00ccbe80,49,0x00062000,401408
300736,0x00ccbe90,3785,0x01d92000,31006720
301548,0x00ccbea0,4426,0x02294000,36257792
399264,0x00ccbf00,50,0x00064000,409600
166011,0x00ccbf10,3055,0x017de000,25026560
300737,0x00ccbf20,3786,0x01d94000,31014912
399265,0x00ccbf80,51,0x00066000,417792
300738,0x00ccbf90,3787,0x01d96000,31023104
399266,0x00ccc000,52,0x00068000,425984
300690,0x00ccc010,3743,0x01d3e000,30662656
300739,0x00ccc020,3788,0x01d98000,31031296
399267,0x00ccc080,53,0x0006a000,434176
300691,0x00ccc090,3744,0x01d40000,30670848
399268,0x00ccc100,54,0x0006c000,442368
300692,0x00ccc110,3745,0x01d42000,30679040
399269,0x00ccc180,55,0x0006e000,450560
166016,0x00ccc190,3056,0x017e0000,25034752
300693,0x00ccc1a0,3746,0x01d44000,30687232
300694,0x00ccc200,3747,0x01d46000,30695424
300695,0x00ccc280,3748,0x01d48000,30703616
300696,0x00ccc300,3749,0x01d4a000,30711808
300697,0x00ccc380,3750,0x01d4c000,30720000
300698,0x00ccc400,3751,0x01d4e000,30728192
300699,0x00ccc480,3752,0x01d50000,30736384
159210,0x00ccc680,2264,0x011b0000,18546688
159211,0x00ccc700,2265,0x011b2000,18554880
159212,0x00ccc780,2266,0x011b4000,18563072
159213,0x00ccc800,2267,0x011b6000,18571264
159215,0x00ccc900,2268,0x011b8000,18579456
159216,0x00ccc980,2269,0x011ba000,18587648
159217,0x00ccca00,2270,0x011bc000,18595840
159218,0x00ccca80,2271,0x011be000,18604032
300970,0x00ccca90,4007,0x01f4e000,32825344
159170,0x00cccb00,2228,0x01168000,18251776
159219,0x00cccb10,2272,0x011c0000,18612224
300971,0x00cccb20,4008,0x01f50000,32833536
002120,0x00cccb80,1064,0x00850000,8716288
159171,0x00cccb90,2229,0x0116a000,18259968
300972,0x00cccba0,4009,0x01f52000,32841728
002121,0x00cccc00,1065,0x00852000,8724480
159172,0x00cccc10,2230,0x0116c000,18268160
300973,0x00cccc20,4010,0x01f54000,32849920
002122,0x00cccc80,1066,0x00854000,8732672
159173,0x00cccc90,2231,0x0116e000,18276352
002123,0x00cccd00,1067,0x00856000,8740864
300975,0x00cccd10,4011,0x01f56000,32858112
002124,0x00cccd80,1068,0x00858000,8749056
159175,0x00cccd90,2232,0x01170000,18284544
300976,0x00cccda0,4012,0x01f58000,32866304
002125,0x00ccce00,1069,0x0085a000,8757248
159176,0x00ccce10,2233,0x01172000,18292736
300977,0x00ccce20,4013,0x01f5a000,32874496
002126,0x00ccce80,1070,0x0085c000,8765440
159177,0x00ccce90,2234,0x01174000,18300928
300978,0x00cccea0,4014,0x01f5c000,32882688
002127,0x00cccf00,1071,0x0085e000,8773632
159178,0x00cccf10,2235,0x01176000,18309120
300979,0x00cccf20,4015,0x01f5e000,32890880
002128,0x00cccf80,1072,0x00860000,8781824
159179,0x00cccf90,2236,0x01178000,18317312
002129,0x00ccd000,1073,0x00862000,8790016
001311,0x00ccd080,860,0x006b8000,7045120
001312,0x00ccd100,861,0x006ba000,7053312
163821,0x00ccd110,3015,0x0178e000,24698880
000501,0x00ccd180,465,0x003a2000,3809280
001313,0x00ccd190,862,0x006bc000,7061504
001314,0x00ccd200,863,0x006be000,7069696
000503,0x00ccd280,466,0x003a4000,3817472
000504,0x00ccd300,467,0x003a6000,3825664
001316,0x00ccd310,864,0x006c0000,7077888
000505,0x00ccd380,468,0x003a8000,3833856
001317,0x00ccd390,865,0x006c2000,7086080
002080,0x00ccd3a0,1028,0x00808000,8421376
000506,0x00ccd400,469,0x003aa000,3842048
001318,0x00ccd410,866,0x006c4000,7094272
002081,0x00ccd420,1029,0x0080a000,8429568
000507,0x00ccd480,470,0x003ac000,3850240
001270,0x00ccd490,840,0x00690000,6881280
001319,0x00ccd4a0,867,0x006c6000,7102464
002082,0x00ccd4b0,1030,0x0080c000,8437760
002083,0x00ccd500,1031,0x0080e000,8445952
000509,0x00ccd580,471,0x003ae000,3858432
002084,0x00ccd590,1032,0x00810000,8454144
002085,0x00ccd600,1033,0x00812000,8462336
002400,0x00ccd610,1333,0x00a6a000,10919936
002086,0x00ccd680,1034,0x00814000,8470528
002401,0x00ccd690,1334,0x00a6c000,10928128
002402,0x00ccd700,1335,0x00a6e000,10936320
002088,0x00ccd780,1035,0x00816000,8478720
002403,0x00ccd790,1336,0x00a70000,10944512
001277,0x00ccd800,841,0x00692000,6889472
002404,0x00ccd810,1337,0x00a72000,10952704
001278,0x00ccd880,842,0x00694000,6897664
002405,0x00ccd890,1338,0x00a74000,10960896
001279,0x00ccd900,843,0x00696000,6905856
002406,0x00ccd910,1339,0x00a76000,10969088
002407,0x00ccd980,1340,0x00a78000,10977280
002408,0x00ccda00,1341,0x00a7a000,10985472
002360,0x00ccda80,1293,0x00a1a000,10592256
002409,0x00ccda90,1342,0x00a7c000,10993664
002361,0x00ccdb00,1294,0x00a1c000,10600448
002362,0x00ccdb80,1295,0x00a1e000,10608640
002363,0x00ccdc00,1296,0x00a20000,10616832
002364,0x00ccdc80,1297,0x00a22000,10625024
002365,0x00ccdd00,1298,0x00a24000,10633216
002366,0x00ccdd80,1299,0x00a26000,10641408
002367,0x00ccde00,1300,0x00a28000,10649600
002368,0x00ccde80,1301,0x00a2a000,10657792
002369,0x00ccdf00,1302,0x00a2c000,10665984
159730,0x00cce000,2609,0x01462000,21372928
159731,0x00cce080,2610,0x01464000,21381120
159732,0x00cce100,2611,0x01466000,21389312
159735,0x00cce280,2612,0x01468000,21397504
301030,0x00cce290,4065,0x01fc2000,33300480
159736,0x00cce300,2613,0x0146a000,21405696
301031,0x00cce310,4066,0x01fc4000,33308672
300220,0x00cce380,3295,0x019be000,26992640
301032,0x00cce390,4067,0x01fc6000,33316864
159738,0x00cce400,2614,0x0146c000,21413888
300221,0x00cce410,3296,0x019c0000,27000832
301033,0x00cce420,4068,0x01fc8000,33325056
159690,0x00cce480,2579,0x01426000,21127168
159739,0x00cce490,2615,0x0146e000,21422080
300222,0x00cce4a0,3297,0x019c2000,27009024
980030,0x00cce500,364,0x002d8000,2981888
002640,0x00cce510,1552,0x00c20000,12713984
159691,0x00cce520,2580,0x01428000,21135360
300223,0x00cce530,3298,0x019c4000,27017216
301035,0x00cce540,4069,0x01fca000,33333248
002641,0x00cce580,1553,0x00c22000,12722176
159692,0x00cce590,2581,0x0142a000,21143552
161130,0x00cce5a0,2924,0x016d8000,23953408
300224,0x00cce5b0,3299,0x019c6000,27025408
301036,0x00cce5c0,4070,0x01fcc000,33341440
980032,0x00cce600,365,0x002da000,2990080
002642,0x00cce610,1554,0x00c24000,12730368
161131,0x00cce620,2925,0x016da000,23961600
300225,0x00cce630,3300,0x019c8000,27033600
301037,0x00cce640,4071,0x01fce000,33349632
002643,0x00cce680,1555,0x00c26000,12738560
161132,0x00cce690,2926,0x016dc000,23969792
300226,0x00cce6a0,3301,0x019ca000,27041792
301038,0x00cce6b0,4072,0x01fd0000,33357824
002644,0x00cce700,1556,0x00c28000,12746752
159695,0x00cce710,2582,0x0142c000,21151744
161133,0x00cce720,2927,0x016de000,23977984
300227,0x00cce730,3302,0x019cc000,27049984
301039,0x00cce740,4073,0x01fd2000,33366016
980035,0x00cce780,366,0x002dc000,2998272
002645,0x00cce790,1557,0x00c2a000,12754944
159696,0x00cce7a0,2583,0x0142e000,21159936
160322,0x00cce7b0,2826,0x01614000,23150592
300228,0x00cce7c0,3303,0x019ce000,27058176
002646,0x00cce800,1558,0x00c2c000,12763136
159697,0x00cce810,2584,0x01430000,21168128
160323,0x00cce820,2827,0x01616000,23158784
300180,0x00cce830,3258,0x01974000,26689536
300229,0x00cce840,3304,0x019d0000,27066368
002647,0x00cce880,1559,0x00c2e000,12771328
159698,0x00cce890,2585,0x01432000,21176320
160324,0x00cce8a0,2828,0x01618000,23166976
300181,0x00cce8b0,3259,0x01976000,26697728
002648,0x00cce900,1560,0x00c30000,12779520
159699,0x00cce910,2586,0x01434000,21184512
160325,0x00cce920,2829,0x0161a000,23175168
300182,0x00cce930,3260,0x01978000,26705920
002649,0x00cce980,1561,0x00c32000,12787712
160326,0x00cce990,2830,0x0161c000,23183360
300183,0x00cce9a0,3261,0x0197a000,26714112
300184,0x00ccea00,3262,0x0197c000,26722304
123122,0x00ccea80,1939,0x00f26000,15884288
300185,0x00ccea90,3263,0x0197e000,26730496
123124,0x00cceb80,1940,0x00f28000,15892480
300187,0x00cceb90,3264,0x01980000,26738688
300188,0x00ccec00,3265,0x01982000,26746880
300189,0x00ccec80,3266,0x01984000,26755072
301310,0x00cced00,4302,0x0219c000,35241984
301311,0x00cced80,4303,0x0219e000,35250176
123080,0x00ccee00,1925,0x00f0a000,15769600
300500,0x00ccee10,3558,0x01bcc000,29147136
301312,0x00ccee20,4304,0x021a0000,35258368
300501,0x00ccee80,3559,0x01bce000,29155328
301313,0x00ccee90,4305,0x021a2000,35266560
000980,0x00ccef00,781,0x0061a000,6397952
159970,0x00ccef10,2782,0x015bc000,22790144
300502,0x00ccef20,3560,0x01bd0000,29163520
301314,0x00ccef30,4306,0x021a4000,35274752
399030,0x00ccef80,19,0x00026000,155648
000981,0x00ccef90,782,0x0061c000,6406144
002920,0x00ccefa0,1805,0x00e1a000,14786560
159971,0x00ccefb0,2783,0x015be000,22798336
300503,0x00ccefc0,3561,0x01bd2000,29171712
301315,0x00ccefd0,4307,0x021a6000,35282944
002921,0x00ccf000,1806,0x00e1c000,14794752
159972,0x00ccf010,2784,0x015c0000,22806528
300504,0x00ccf020,3562,0x01bd4000,29179904
301316,0x00ccf030,4308,0x021a8000,35291136
000983,0x00ccf080,783,0x0061e000,6414336
002922,0x00ccf090,1807,0x00e1e000,14802944
159973,0x00ccf0a0,2785,0x015c2000,22814720
300505,0x00ccf0b0,3563,0x01bd6000,29188096
301317,0x00ccf0c0,4309,0x021aa000,35299328
002923,0x00ccf100,1808,0x00e20000,14811136
159974,0x00ccf110,2786,0x015c4000,22822912
300506,0x00ccf120,3564,0x01bd8000,29196288
301318,0x00ccf130,4310,0x021ac000,35307520
000985,0x00ccf180,784,0x00620000,6422528
159975,0x00ccf190,2787,0x015c6000,22831104
300507,0x00ccf1a0,3565,0x01bda000,29204480
301270,0x00ccf1b0,4267,0x02156000,34955264
301319,0x00ccf1c0,4311,0x021ae000,35315712
002925,0x00ccf200,1809,0x00e22000,14819328
123088,0x00ccf210,1926,0x00f0c000,15777792
159976,0x00ccf220,2788,0x015c8000,22839296
300508,0x00ccf230,3566,0x01bdc000,29212672
000987,0x00ccf280,785,0x00622000,6430720
002926,0x00ccf290,1810,0x00e24000,14827520
159977,0x00ccf2a0,2789,0x015ca000,22847488
300460,0x00ccf2b0,3519,0x01b7e000,28827648
300509,0x00ccf2c0,3567,0x01bde000,29220864
301272,0x00ccf2d0,4268,0x02158000,34963456
000988,0x00ccf300,786,0x00624000,6438912
002927,0x00ccf310,1811,0x00e26000,14835712
300461,0x00ccf320,3520,0x01b80000,28835840
301273,0x00ccf330,4269,0x0215a000,34971648
000989,0x00ccf380,787,0x00626000,6447104
002928,0x00ccf390,1812,0x00e28000,14843904
300462,0x00ccf3a0,3521,0x01b82000,28844032
002880,0x00ccf400,1768,0x00dd0000,14483456
002929,0x00ccf410,1813,0x00e2a000,14852096
300463,0x00ccf420,3522,0x01b84000,28852224
301275,0x00ccf430,4270,0x0215c000,34979840
002881,0x00ccf480,1769,0x00dd2000,14491648
160607,0x00ccf490,2841,0x01632000,23273472
300464,0x00ccf4a0,3523,0x01b86000,28860416
301276,0x00ccf4b0,4271,0x0215e000,34988032
002882,0x00ccf500,1770,0x00dd4000,14499840
300465,0x00ccf510,3524,0x01b88000,28868608
301277,0x00ccf520,4272,0x02160000,34996224
002883,0x00ccf580,1771,0x00dd6000,14508032
300466,0x00ccf590,3525,0x01b8a000,28876800
301278,0x00ccf5a0,4273,0x02162000,35004416
002884,0x00ccf600,1772,0x00dd8000,14516224
300467,0x00ccf610,3526,0x01b8c000,28884992
301279,0x00ccf620,4274,0x02164000,35012608
002885,0x00ccf680,1773,0x00dda000,14524416
300468,0x00ccf690,3527,0x01b8e000,28893184
002886,0x00ccf700,1774,0x00ddc000,14532608
300469,0x00ccf710,3528,0x01b90000,28901376
002887,0x00ccf780,1775,0x00dde000,14540800
002888,0x00ccf800,1776,0x00de0000,14548992
002889,0x00ccf880,1777,0x00de2000,14557184
399310,0x00ccfa00,86,0x000ac000,704512
399311,0x00ccfa80,87,0x000ae000,712704
399312,0x00ccfb00,88,0x000b0000,720896
399313,0x00ccfb80,89,0x000b2000,729088
399314,0x00ccfc00,90,0x000b4000,737280
301550,0x00ccfc10,4427,0x02296000,36265984
399315,0x00ccfc80,91,0x000b6000,745472
301551,0x00ccfc90,4428,0x02298000,36274176
399316,0x00ccfd00,92,0x000b8000,753664
300740,0x00ccfd10,3789,0x01d9a000,31039488
301552,0x00ccfd20,4429,0x0229a000,36282368
399317,0x00ccfd80,93,0x000ba000,761856
300741,0x00ccfd90,3790,0x01d9c000,31047680
399318,0x00ccfe00,94,0x000bc000,770048
162509,0x00ccfe10,2981,0x0174a000,24420352
399319,0x00ccfe80,95,0x000be000,778240
300743,0x00ccfe90,3791,0x01d9e000,31055872
301555,0x00ccfea0,4430,0x0229c000,36290560
301556,0x00ccff00,4431,0x0229e000,36298752
300745,0x00ccff80,3792,0x01da0000,31064064
301557,0x00ccff90,4432,0x022a0000,36306944
300746,0x00cd0000,3793,0x01da2000,31072256
301558,0x00cd0010,4433,0x022a2000,36315136
399274,0x00cd0080,56,0x00070000,458752
300747,0x00cd0090,3794,0x01da4000,31080448
301559,0x00cd00a0,4434,0x022a4000,36323328
399275,0x00cd0100,57,0x00072000,466944
300748,0x00cd0110,3795,0x01da6000,31088640
399276,0x00cd0180,58,0x00074000,475136
166023,0x00cd0190,3057,0x017e2000,25042944
300749,0x00cd01a0,3796,0x01da8000,31096832
399277,0x00cd0200,59,0x00076000,483328
166024,0x00cd0210,3058,0x017e4000,25051136
399278,0x00cd0280,60,0x00078000,491520
166025,0x00cd0290,3059,0x017e6000,25059328
399279,0x00cd0300,61,0x0007a000,499712
164403,0x00cd0380,3021,0x0179a000,24748032
166027,0x00cd0390,3060,0x017e8000,25067520
159220,0x00cd0800,2273,0x011c2000,18620416
159221,0x00cd0880,2274,0x011c4000,18628608
399550,0x00cd0900,196,0x00188000,1605632
159222,0x00cd0910,2275,0x011c6000,18636800
399551,0x00cd0980,197,0x0018a000,1613824
159223,0x00cd0990,2276,0x011c8000,18644992
399552,0x00cd0a00,198,0x0018c000,1622016
399553,0x00cd0a80,199,0x0018e000,1630208
159225,0x00cd0a90,2277,0x011ca000,18653184
399554,0x00cd0b00,200,0x00190000,1638400
159226,0x00cd0b10,2278,0x011cc000,18661376
399555,0x00cd0b80,201,0x00192000,1646592
159227,0x00cd0b90,2279,0x011ce000,18669568
399556,0x00cd0c00,202,0x00194000,1654784
159228,0x00cd0c10,2280,0x011d0000,18677760
300980,0x00cd0c20,4016,0x01f60000,32899072
399557,0x00cd0c80,203,0x00196000,1662976
159180,0x00cd0c90,2237,0x0117a000,18325504
159229,0x00cd0ca0,2281,0x011d2000,18685952
300981,0x00cd0cb0,4017,0x01f62000,32907264
002130,0x00cd0d00,1074,0x00864000,8798208
159181,0x00cd0d10,2238,0x0117c000,18333696
300982,0x00cd0d20,4018,0x01f64000,32915456
002131,0x00cd0d80,1075,0x00866000,8806400
159182,0x00cd0d90,2239,0x0117e000,18341888
300983,0x00cd0da0,4019,0x01f66000,32923648
002132,0x00cd0e00,1076,0x00868000,8814592
159183,0x00cd0e10,2240,0x01180000,18350080
300984,0x00cd0e20,4020,0x01f68000,32931840
002133,0x00cd0e80,1077,0x0086a000,8822784
300985,0x00cd0e90,4021,0x01f6a000,32940032
002134,0x00cd0f00,1078,0x0086c000,8830976
159185,0x00cd0f10,2241,0x01182000,18358272
300986,0x00cd0f20,4022,0x01f6c000,32948224
002135,0x00cd0f80,1079,0x0086e000,8839168
159186,0x00cd0f90,2242,0x01184000,18366464
300987,0x00cd0fa0,4023,0x01f6e000,32956416
002136,0x00cd1000,1080,0x00870000,8847360
159187,0x00cd1010,2243,0x01186000,18374656
300988,0x00cd1020,4024,0x01f70000,32964608
002137,0x00cd1080,1081,0x00872000,8855552
159188,0x00cd1090,2244,0x01188000,18382848
300989,0x00cd10a0,4025,0x01f72000,32972800
002138,0x00cd1100,1082,0x00874000,8863744
159189,0x00cd1110,2245,0x0118a000,18391040
168203,0x00cd1120,3077,0x0180a000,25206784
002139,0x00cd1180,1083,0x00876000,8871936
168204,0x00cd1190,3078,0x0180c000,25214976
000510,0x00cd1280,472,0x003b0000,3866624
001322,0x00cd1290,868,0x006c8000,7110656
159500,0x00cd12a0,2420,0x012e8000,19824640
001323,0x00cd1300,869,0x006ca000,7118848
159501,0x00cd1310,2421,0x012ea000,19832832
001324,0x00cd1380,870,0x006cc000,7127040
159502,0x00cd1390,2422,0x012ec000,19841024
000513,0x00cd1400,473,0x003b2000,3874816
001325,0x00cd1410,871,0x006ce000,7135232
000514,0x00cd1480,474,0x003b4000,3883008
001326,0x00cd1490,872,0x006d0000,7143424
002090,0x00cd1500,1036,0x00818000,8486912
159505,0x00cd1510,2423,0x012ee000,19849216
000516,0x00cd1580,475,0x003b6000,3891200
001328,0x00cd1590,873,0x006d2000,7151616
002091,0x00cd15a0,1037,0x0081a000,8495104
159506,0x00cd15b0,2424,0x012f0000,19857408
000517,0x00cd1600,476,0x003b8000,3899392
001280,0x00cd1610,844,0x00698000,6914048
002092,0x00cd1620,1038,0x0081c000,8503296
159507,0x00cd1630,2425,0x012f2000,19865600
000518,0x00cd1680,477,0x003ba000,3907584
002093,0x00cd1690,1039,0x0081e000,8511488
159508,0x00cd16a0,2426,0x012f4000,19873792
000519,0x00cd1700,478,0x003bc000,3915776
001282,0x00cd1710,845,0x0069a000,6922240
002094,0x00cd1720,1040,0x00820000,8519680
159509,0x00cd1730,2427,0x012f6000,19881984
001283,0x00cd1780,846,0x0069c000,6930432
002095,0x00cd1790,1041,0x00822000,8527872
002410,0x00cd17a0,1343,0x00a7e000,11001856
002096,0x00cd1800,1042,0x00824000,8536064
001285,0x00cd1880,847,0x0069e000,6938624
002097,0x00cd1890,1043,0x00826000,8544256
002412,0x00cd18a0,1344,0x00a80000,11010048
001286,0x00cd1900,848,0x006a0000,6946816
002098,0x00cd1910,1044,0x00828000,8552448
002413,0x00cd1920,1345,0x00a82000,11018240
001287,0x00cd1980,849,0x006a2000,6955008
002099,0x00cd1990,1045,0x0082a000,8560640
002414,0x00cd19a0,1346,0x00a84000,11026432
001288,0x00cd1a00,850,0x006a4000,6963200
002415,0x00cd1a10,1347,0x00a86000,11034624
001289,0x00cd1a80,851,0x006a6000,6971392
002416,0x00cd1a90,1348,0x00a88000,11042816
002418,0x00cd1b80,1349,0x00a8a000,11051008
180701,0x00cd1b90,4527,0x0235e000,37085184
002370,0x00cd1c00,1303,0x00a2e000,10674176
002419,0x00cd1c10,1350,0x00a8c000,11059200
002371,0x00cd1c80,1304,0x00a30000,10682368
002372,0x00cd1d00,1305,0x00a32000,10690560
002373,0x00cd1d80,1306,0x00a34000,10698752
002374,0x00cd1e00,1307,0x00a36000,10706944
002375,0x00cd1e80,1308,0x00a38000,10715136
002376,0x00cd1f00,1309,0x00a3a000,10723328
002377,0x00cd1f80,1310,0x00a3c000,10731520
002378,0x00cd2000,1311,0x00a3e000,10739712
002379,0x00cd2080,1312,0x00a40000,10747904
000750,0x00cd2180,632,0x004f0000,5177344
159740,0x00cd2190,2616,0x01470000,21430272
000751,0x00cd2200,633,0x004f2000,5185536
159741,0x00cd2210,2617,0x01472000,21438464
000752,0x00cd2280,634,0x004f4000,5193728
159742,0x00cd2290,2618,0x01474000,21446656
000753,0x00cd2300,635,0x004f6000,5201920
159743,0x00cd2310,2619,0x01476000,21454848
000755,0x00cd2400,636,0x004f8000,5210112
159745,0x00cd2410,2620,0x01478000,21463040
301040,0x00cd2420,4074,0x01fd4000,33374208
000756,0x00cd2480,637,0x004fa000,5218304
301041,0x00cd2490,4075,0x01fd6000,33382400
000757,0x00cd2500,638,0x004fc000,5226496
159747,0x00cd2510,2621,0x0147a000,21471232
300230,0x00cd2520,3305,0x019d2000,27074560
301042,0x00cd2530,4076,0x01fd8000,33390592
000758,0x00cd2580,639,0x004fe000,5234688
159748,0x00cd2590,2622,0x0147c000,21479424
300231,0x00cd25a0,3306,0x019d4000,27082752
301043,0x00cd25b0,4077,0x01fda000,33398784
000759,0x00cd2600,640,0x00500000,5242880
300232,0x00cd2610,3307,0x019d6000,27090944
002650,0x00cd2680,1562,0x00c34000,12795904
300233,0x00cd2690,3308,0x019d8000,27099136
301045,0x00cd26a0,4078,0x01fdc000,33406976
002651,0x00cd2700,1563,0x00c36000,12804096
300234,0x00cd2710,3309,0x019da000,27107328
301046,0x00cd2720,4079,0x01fde000,33415168
002652,0x00cd2780,1564,0x00c38000,12812288
300235,0x00cd2790,3310,0x019dc000,27115520
301047,0x00cd27a0,4080,0x01fe0000,33423360
002653,0x00cd2800,1565,0x00c3a000,12820480
300236,0x00cd2810,3311,0x019de000,27123712
301048,0x00cd2820,4081,0x01fe2000,33431552
002654,0x00cd2880,1566,0x00c3c000,12828672
300237,0x00cd2890,3312,0x019e0000,27131904
301049,0x00cd28a0,4082,0x01fe4000,33439744
002655,0x00cd2900,1567,0x00c3e000,12836864
300238,0x00cd2910,3313,0x019e2000,27140096
002656,0x00cd2980,1568,0x00c40000,12845056
300190,0x00cd2990,3267,0x01986000,26763264
300239,0x00cd29a0,3314,0x019e4000,27148288
002657,0x00cd2a00,1569,0x00c42000,12853248
300191,0x00cd2a10,3268,0x01988000,26771456
002658,0x00cd2a80,1570,0x00c44000,12861440
300192,0x00cd2a90,3269,0x0198a000,26779648
002659,0x00cd2b00,1571,0x00c46000,12869632
300193,0x00cd2b10,3270,0x0198c000,26787840
123131,0x00cd2b80,1941,0x00f2a000,15900672
300194,0x00cd2b90,3271,0x0198e000,26796032
300195,0x00cd2c00,3272,0x01990000,26804224
123133,0x00cd2c80,1942,0x00f2c000,15908864
300196,0x00cd2c90,3273,0x01992000,26812416
300197,0x00cd2d00,3274,0x01994000,26820608
300198,0x00cd2d80,3275,0x01996000,26828800
300199,0x00cd2e00,3276,0x01998000,26836992
301320,0x00cd2e80,4312,0x021b0000,35323904
302132,0x00cd2e90,4502,0x0232c000,36880384
123138,0x00cd2f00,1943,0x00f2e000,15917056
301321,0x00cd2f10,4313,0x021b2000,35332096
123090,0x00cd2f80,1927,0x00f0e000,15785984
300510,0x00cd2f90,3568,0x01be0000,29229056
301322,0x00cd2fa0,4314,0x021b4000,35340288
123091,0x00cd3000,1928,0x00f10000,15794176
300511,0x00cd3010,3569,0x01be2000,29237248
301323,0x00cd3020,4315,0x021b6000,35348480
000990,0x00cd3080,788,0x00628000,6455296
123092,0x00cd3090,1929,0x00f12000,15802368
159980,0x00cd30a0,2790,0x015cc000,22855680
300512,0x00cd30b0,3570,0x01be4000,29245440
002930,0x00cd3100,1814,0x00e2c000,14860288
159981,0x00cd3110,2791,0x015ce000,22863872
300513,0x00cd3120,3571,0x01be6000,29253632
301325,0x00cd3130,4316,0x021b8000,35356672
002931,0x00cd3180,1815,0x00e2e000,14868480
159982,0x00cd3190,2792,0x015d0000,22872064
300514,0x00cd31a0,3572,0x01be8000,29261824
301326,0x00cd31b0,4317,0x021ba000,35364864
000993,0x00cd3200,789,0x0062a000,6463488
002932,0x00cd3210,1816,0x00e30000,14876672
300515,0x00cd3220,3573,0x01bea000,29270016
301327,0x00cd3230,4318,0x021bc000,35373056
002933,0x00cd3280,1817,0x00e32000,14884864
160610,0x00cd3290,2842,0x01634000,23281664
300516,0x00cd32a0,3574,0x01bec000,29278208
301328,0x00cd32b0,4319,0x021be000,35381248
000995,0x00cd3300,790,0x0062c000,6471680
159985,0x00cd3310,2793,0x015d2000,22880256
160611,0x00cd3320,2843,0x01636000,23289856
300517,0x00cd3330,3575,0x01bee000,29286400
301280,0x00cd3340,4275,0x02166000,35020800
301329,0x00cd3350,4320,0x021c0000,35389440
002935,0x00cd3380,1818,0x00e34000,14893056
300518,0x00cd3390,3576,0x01bf0000,29294592
301281,0x00cd33a0,4276,0x02168000,35028992
000997,0x00cd3400,791,0x0062e000,6479872
002936,0x00cd3410,1819,0x00e36000,14901248
160613,0x00cd3420,2844,0x01638000,23298048
300470,0x00cd3430,3529,0x01b92000,28909568
300519,0x00cd3440,3577,0x01bf2000,29302784
301282,0x00cd3450,4277,0x0216a000,35037184
000998,0x00cd3480,792,0x00630000,6488064
002937,0x00cd3490,1820,0x00e38000,14909440
300471,0x00cd34a0,3530,0x01b94000,28917760
301283,0x00cd34b0,4278,0x0216c000,35045376
000999,0x00cd3500,793,0x00632000,6496256
002938,0x00cd3510,1821,0x00e3a000,14917632
160615,0x00cd3520,2845,0x0163a000,23306240
300472,0x00cd3530,3531,0x01b96000,28925952
002890,0x00cd3580,1778,0x00de4000,14565376
002939,0x00cd3590,1822,0x00e3c000,14925824
160616,0x00cd35a0,2846,0x0163c000,23314432
300473,0x00cd35b0,3532,0x01b98000,28934144
301285,0x00cd35c0,4279,0x0216e000,35053568
002891,0x00cd3600,1779,0x00de6000,14573568
160617,0x00cd3610,2847,0x0163e000,23322624
300474,0x00cd3620,3533,0x01b9a000,28942336
301286,0x00cd3630,4280,0x02170000,35061760
002892,0x00cd3680,1780,0x00de8000,14581760
160618,0x00cd3690,2848,0x01640000,23330816
300475,0x00cd36a0,3534,0x01b9c000,28950528
301287,0x00cd36b0,4281,0x02172000,35069952
002893,0x00cd3700,1781,0x00dea000,14589952
300476,0x00cd3710,3535,0x01b9e000,28958720
301288,0x00cd3720,4282,0x02174000,35078144
300477,0x00cd3780,3536,0x01ba0000,28966912
301289,0x00cd3790,4283,0x02176000,35086336
002895,0x00cd3800,1782,0x00dec000,14598144
300478,0x00cd3810,3537,0x01ba2000,28975104
002896,0x00cd3880,1783,0x00dee000,14606336
300479,0x00cd3890,3538,0x01ba4000,28983296
002897,0x00cd3900,1784,0x00df0000,14614528
301600,0x00cd3910,4461,0x022da000,36544512
002898,0x00cd3980,1785,0x00df2000,14622720
301601,0x00cd3990,4462,0x022dc000,36552704
002899,0x00cd3a00,1786,0x00df4000,14630912
301602,0x00cd3a10,4463,0x022de000,36560896
301603,0x00cd3a80,4464,0x022e0000,36569088
000001,0x00cd3b00,375,0x002ee000,3072000
399320,0x00cd3b80,96,0x000c0000,786432
000002,0x00cd3b90,376,0x002f0000,3080192
200429,0x00cd3ba0,932,0x00748000,7634944
399321,0x00cd3c00,97,0x000c2000,794624
301606,0x00cd3c10,4465,0x022e2000,36577280
399322,0x00cd3c80,98,0x000c4000,802816
000004,0x00cd3c90,377,0x002f2000,3088384
301607,0x00cd3ca0,4466,0x022e4000,36585472
301608,0x00cd3d00,4467,0x022e6000,36593664
399324,0x00cd3d80,99,0x000c6000,811008
000006,0x00cd3d90,378,0x002f4000,3096576
301560,0x00cd3da0,4435,0x022a6000,36331520
301609,0x00cd3db0,4468,0x022e8000,36601856
000007,0x00cd3e00,379,0x002f6000,3104768
399326,0x00cd3e80,100,0x000c8000,819200
000008,0x00cd3e90,380,0x002f8000,3112960
300750,0x00cd3ea0,3797,0x01daa000,31105024
000009,0x00cd3f00,381,0x002fa000,3121152
161706,0x00cd3f10,2945,0x01702000,24125440
300751,0x00cd3f20,3798,0x01dac000,31113216
301563,0x00cd3f30,4436,0x022a8000,36339712
399328,0x00cd3f80,101,0x000ca000,827392
300752,0x00cd3f90,3799,0x01dae000,31121408
399280,0x00cd4000,62,0x0007c000,507904
300753,0x00cd4010,3800,0x01db0000,31129600
301565,0x00cd4020,4437,0x022aa000,36347904
399281,0x00cd4080,63,0x0007e000,516096
301566,0x00cd4090,4438,0x022ac000,36356096
399282,0x00cd4100,64,0x00080000,524288
300755,0x00cd4110,3801,0x01db2000,31137792
301567,0x00cd4120,4439,0x022ae000,36364288
399283,0x00cd4180,65,0x00082000,532480
300756,0x00cd4190,3802,0x01db4000,31145984
301568,0x00cd41a0,4440,0x022b0000,36372480
399284,0x00cd4200,66,0x00084000,540672
300757,0x00cd4210,3803,0x01db6000,31154176
399285,0x00cd4280,67,0x00086000,548864
300758,0x00cd4290,3804,0x01db8000,31162368
399286,0x00cd4300,68,0x00088000,557056
300759,0x00cd4310,3805,0x01dba000,31170560
399289,0x00cd4480,69,0x0008a000,565248
200706,0x00cd4490,947,0x00766000,7757824
399602,0x00cd4700,204,0x00198000,1671168
399604,0x00cd4800,205,0x0019a000,1679360
399606,0x00cd4900,206,0x0019c000,1687552
159230,0x00cd4980,2282,0x011d4000,18694144
399608,0x00cd4a00,207,0x0019e000,1695744
159231,0x00cd4a10,2283,0x011d6000,18702336
159232,0x00cd4a80,2284,0x011d8000,18710528
159233,0x00cd4b00,2285,0x011da000,18718720
159235,0x00cd4c00,2286,0x011dc000,18726912
159236,0x00cd4c80,2287,0x011de000,18735104
159237,0x00cd4d00,2288,0x011e0000,18743296
159238,0x00cd4d80,2289,0x011e2000,18751488
300990,0x00cd4d90,4026,0x01f74000,32980992
159190,0x00cd4e00,2246,0x0118c000,18399232
159239,0x00cd4e10,2290,0x011e4000,18759680
300991,0x00cd4e20,4027,0x01f76000,32989184
002140,0x00cd4e80,1084,0x00878000,8880128
159191,0x00cd4e90,2247,0x0118e000,18407424
300992,0x00cd4ea0,4028,0x01f78000,32997376
002141,0x00cd4f00,1085,0x0087a000,8888320
159192,0x00cd4f10,2248,0x01190000,18415616
300993,0x00cd4f20,4029,0x01f7a000,33005568
002142,0x00cd4f80,1086,0x0087c000,8896512
159193,0x00cd4f90,2249,0x01192000,18423808
300994,0x00cd4fa0,4030,0x01f7c000,33013760
300995,0x00cd5000,4031,0x01f7e000,33021952
002144,0x00cd5080,1087,0x0087e000,8904704
159195,0x00cd5090,2250,0x01194000,18432000
300996,0x00cd50a0,4032,0x01f80000,33030144
002145,0x00cd5100,1088,0x00880000,8912896
159196,0x00cd5110,2251,0x01196000,18440192
165508,0x00cd5120,3037,0x017ba000,24879104
300997,0x00cd5130,4033,0x01f82000,33038336
002146,0x00cd5180,1089,0x00882000,8921088
159197,0x00cd5190,2252,0x01198000,18448384
165509,0x00cd51a0,3038,0x017bc000,24887296
300998,0x00cd51b0,4034,0x01f84000,33046528
159198,0x00cd5200,2253,0x0119a000,18456576
300999,0x00cd5210,4035,0x01f86000,33054720
002148,0x00cd5280,1090,0x00884000,8929280
159199,0x00cd5290,2254,0x0119c000,18464768
001330,0x00cd5300,874,0x006d4000,7159808
002149,0x00cd5310,1091,0x00886000,8937472
001331,0x00cd5380,875,0x006d6000,7168000
000520,0x00cd5400,479,0x003be000,3923968
001332,0x00cd5410,876,0x006d8000,7176192
159510,0x00cd5420,2428,0x012f8000,19890176
000521,0x00cd5480,480,0x003c0000,3932160
001333,0x00cd5490,877,0x006da000,7184384
159511,0x00cd54a0,2429,0x012fa000,19898368
159512,0x00cd5500,2430,0x012fc000,19906560
000523,0x00cd5580,481,0x003c2000,3940352
001335,0x00cd5590,878,0x006dc000,7192576
159513,0x00cd55a0,2431,0x012fe000,19914752
000524,0x00cd5600,482,0x003c4000,3948544
001336,0x00cd5610,879,0x006de000,7200768
000525,0x00cd5680,483,0x003c6000,3956736
001337,0x00cd5690,880,0x006e0000,7208960
159515,0x00cd56a0,2432,0x01300000,19922944
988201,0x00cd5700,374,0x002ec000,3063808
000526,0x00cd5710,484,0x003c8000,3964928
001338,0x00cd5720,881,0x006e2000,7217152
159516,0x00cd5730,2433,0x01302000,19931136
001339,0x00cd5780,882,0x006e4000,7225344
159517,0x00cd5790,2434,0x01304000,19939328
000528,0x00cd5800,485,0x003ca000,3973120
159518,0x00cd5810,2435,0x01306000,19947520
300001,0x00cd5820,3091,0x01826000,25321472
000529,0x00cd5880,486,0x003cc000,3981312
159519,0x00cd5890,2436,0x01308000,19955712
300002,0x00cd58a0,3092,0x01828000,25329664
002420,0x00cd5900,1351,0x00a8e000,11067392
300003,0x00cd5910,3093,0x0182a000,25337856
002421,0x00cd5980,1352,0x00a90000,11075584
300004,0x00cd5990,3094,0x0182c000,25346048
002422,0x00cd5a00,1353,0x00a92000,11083776
300005,0x00cd5a10,3095,0x0182e000,25354240
001296,0x00cd5a80,852,0x006a8000,6979584
002423,0x00cd5a90,1354,0x00a94000,11091968
300006,0x00cd5aa0,3096,0x01830000,25362432
002424,0x00cd5b00,1355,0x00a96000,11100160
300007,0x00cd5b10,3097,0x01832000,25370624
001298,0x00cd5b80,853,0x006aa000,6987776
002425,0x00cd5b90,1356,0x00a98000,11108352
300008,0x00cd5ba0,3098,0x01834000,25378816
001299,0x00cd5c00,854,0x006ac000,6995968
002426,0x00cd5c10,1357,0x00a9a000,11116544
300009,0x00cd5c20,3099,0x01836000,25387008
000488,0x00cd5c80,463,0x0039e000,3792896
002427,0x00cd5c90,1358,0x00a9c000,11124736
002428,0x00cd5d00,1359,0x00a9e000,11132928
160105,0x00cd5d10,2802,0x015e4000,22953984
002380,0x00cd5d80,1313,0x00a42000,10756096
002429,0x00cd5d90,1360,0x00aa0000,11141120
160106,0x00cd5da0,2803,0x015e6000,22962176
002381,0x00cd5e00,1314,0x00a44000,10764288
000800,0x00cd5e80,665,0x00532000,5447680
002382,0x00cd5e90,1315,0x00a46000,10772480
000801,0x00cd5f00,666,0x00534000,5455872
002383,0x00cd5f10,1316,0x00a48000,10780672
000802,0x00cd5f80,667,0x00536000,5464064
002384,0x00cd5f90,1317,0x00a4a000,10788864
000803,0x00cd6000,668,0x00538000,5472256
002385,0x00cd6010,1318,0x00a4c000,10797056
002386,0x00cd6080,1319,0x00a4e000,10805248
002387,0x00cd6100,1320,0x00a50000,10813440
002388,0x00cd6180,1321,0x00a52000,10821632
000807,0x00cd6200,669,0x0053a000,5480448
002389,0x00cd6210,1322,0x00a54000,10829824
000809,0x00cd6300,670,0x0053c000,5488640
159750,0x00cd6310,2623,0x0147e000,21487616
000761,0x00cd6380,641,0x00502000,5251072
002700,0x00cd6390,1608,0x00c90000,13172736
159751,0x00cd63a0,2624,0x01480000,21495808
300253,0x00d4e000,3407,0x01a9e000,27910144
300254,0x00d4e010,3408,0x01aa0000,27918336
300255,0x00d4e020,3409,0x01aa2000,27926528
300256,0x00d4e030,3410,0x01aa4000,27934720
300257,0x00d4e040,3411,0x01aa6000,27942912
300258,0x00d4e050,3412,0x01aa8000,27951104
300259,0x00d4e060,3413,0x01aaa000,27959296
300260,0x00d4e070,3414,0x01aac000,27967488
300261,0x00d4e080,3415,0x01aae000,27975680
300263,0x00d4e090,3416,0x01ab0000,27983872
300264,0x00d4e0a0,3417,0x01ab2000,27992064
300265,0x00d4e0b0,3418,0x01ab4000,28000256
300266,0x00d4e0c0,3419,0x01ab6000,28008448
300267,0x00d4e0d0,3420,0x01ab8000,28016640
300268,0x00d4e0e0,3421,0x01aba000,28024832
300269,0x00d4e0f0,3422,0x01abc000,28033024
300270,0x00d4e100,3423,0x01abe000,28041216
300271,0x00d4e110,3424,0x01ac0000,28049408
300272,0x00d4e120,3425,0x01ac2000,28057600
300274,0x00d4e130,3426,0x01ac4000,28065792
300275,0x00d4e140,3427,0x01ac6000,28073984
300276,0x00d4e150,3428,0x01ac8000,28082176
300277,0x00d4e160,3429,0x01aca000,28090368
300278,0x00d4e170,3430,0x01acc000,28098560
300279,0x00d4e180,3431,0x01ace000,28106752
300280,0x00d4e190,3432,0x01ad0000,28114944
300281,0x00d4e1a0,3433,0x01ad2000,28123136
300283,0x00d4e1b0,3434,0x01ad4000,28131328
300284,0x00d4e1c0,3435,0x01ad6000,28139520
300285,0x00d4e1d0,3436,0x01ad8000,28147712
300286,0x00d4e1e0,3437,0x01ada000,28155904
300287,0x00d4e1f0,3438,0x01adc000,28164096
300288,0x00d4e200,3439,0x01ade000,28172288
300289,0x00d4e210,3440,0x01ae0000,28180480
300290,0x00d4e220,3441,0x01ae2000,28188672
300291,0x00d4e230,3442,0x01ae4000,28196864
300292,0x00d4e240,3443,0x01ae6000,28205056
300293,0x00d4e250,3444,0x01ae8000,28213248
300294,0x00d4e260,3445,0x01aea000,28221440
300295,0x00d4e270,3446,0x01aec000,28229632
300296,0x00d4e280,3447,0x01aee000,28237824
300298,0x00d4e290,3448,0x01af0000,28246016
300299,0x00d4e2a0,3449,0x01af2000,28254208
300300,0x00d4e2b0,3450,0x01af4000,28262400
300301,0x00d4e2c0,3451,0x01af6000,28270592
300302,0x00d4e2d0,3452,0x01af8000,28278784
300303,0x00d4e2e0,3453,0x01afa000,28286976
300304,0x00d4e2f0,3454,0x01afc000,28295168
300305,0x00d4e300,3455,0x01afe000,28303360
300306,0x00d4e310,3456,0x01b00000,28311552
300307,0x00d4e320,3457,0x01b02000,28319744
300308,0x00d4e330,3458,0x01b04000,28327936
300310,0x00d4e340,3459,0x01b06000,28336128
300311,0x00d4e350,3460,0x01b08000,28344320
300313,0x00d4e360,3461,0x01b0a000,28352512
300314,0x00d4e370,3462,0x01b0c000,28360704
300315,0x00d4e380,3463,0x01b0e000,28368896
300316,0x00d4e390,3464,0x01b10000,28377088
300317,0x00d4e3a0,3465,0x01b12000,28385280
300318,0x00d4e3b0,3466,0x01b14000,28393472
300319,0x00d4e3c0,3467,0x01b16000,28401664
300320,0x00d4e3d0,3468,0x01b18000,28409856
300321,0x00d4e3e0,3469,0x01b1a000,28418048
300322,0x00d4e3f0,3470,0x01b1c000,28426240
300323,0x00d4e400,3471,0x01b1e000,28434432
300324,0x00d4e410,3472,0x01b20000,28442624
300326,0x00d4e420,3473,0x01b22000,28450816
300327,0x00d4e430,3474,0x01b24000,28459008
300328,0x00d4e440,3475,0x01b26000,28467200
300329,0x00d4e450,3476,0x01b28000,28475392
300331,0x00d4e460,3477,0x01b2a000,28483584
300332,0x00d4e470,3478,0x01b2c000,28491776
300333,0x00d4e480,3479,0x01b2e000,28499968
300334,0x00d4e490,3480,0x01b30000,28508160
300335,0x00d4e4a0,3481,0x01b32000,28516352
300337,0x00d4e4b0,3482,0x01b34000,28524544
300338,0x00d4e4c0,3483,0x01b36000,28532736
300339,0x00d4e4d0,3484,0x01b38000,28540928
300340,0x00d4e4e0,3485,0x01b3a000,28549120
300341,0x00d4e4f0,3486,0x01b3c000,28557312
300342,0x00d4e500,3487,0x01b3e000,28565504
300343,0x00d4e510,3488,0x01b40000,28573696
300344,0x00d4e520,3489,0x01b42000,28581888
300345,0x00d4e530,3490,0x01b44000,28590080
300346,0x00d4e540,3491,0x01b46000,28598272
300347,0x00d4e550,3492,0x01b48000,28606464
300348,0x00d4e560,3493,0x01b4a000,28614656
300349,0x00d4e570,3494,0x01b4c000,28622848
300350,0x00d4e580,3495,0x01b4e000,28631040
300351,0x00d4e590,3496,0x01b50000,28639232
300352,0x00d4e5a0,3497,0x01b52000,28647424
300353,0x00d4e5b0,3498,0x01b54000,28655616
300354,0x00d4e5c0,3499,0x01b56000,28663808
300355,0x00d4e5d0,3500,0x01b58000,28672000
300357,0x00d4e5e0,3501,0x01b5a000,28680192
300358,0x00d4e5f0,3502,0x01b5c000,28688384
300359,0x00d4e600,3503,0x01b5e000,28696576
300360,0x00d4e610,3504,0x01b60000,28704768
300363,0x00d4e620,3505,0x01b62000,28712960
300364,0x00d4e630,3506,0x01b64000,28721152
300365,0x00d4e640,3507,0x01b66000,28729344
300366,0x00d4e650,3508,0x01b68000,28737536
300368,0x00d4e660,3509,0x01b6a000,28745728
300369,0x00d4e670,3510,0x01b6c000,28753920
300370,0x00d4e680,3511,0x01b6e000,28762112
300371,0x00d4e690,3512,0x01b70000,28770304
300373,0x00d4e6a0,3513,0x01b72000,28778496
300374,0x00d4e6b0,3514,0x01b74000,28786688
300375,0x00d4e6c0,3515,0x01b76000,28794880
300376,0x00d4e6d0,3516,0x01b78000,28803072
300377,0x00d4e6e0,3517,0x01b7a000,28811264
300378,0x00d4e6f0,3518,0x01b7c000,28819456
300379,0x00d4e700,3519,0x01b7e000,28827648
300380,0x00d4e710,3520,0x01b80000,28835840
300381,0x00d4e720,3521,0x01b82000,28844032
300382,0x00d4e730,3522,0x01b84000,28852224
300383,0x00d4e740,3523,0x01b86000,28860416
300384,0x00d4e750,3524,0x01b88000,28868608
300385,0x00d4e760,3525,0x01b8a000,28876800
300386,0x00d4e770,3526,0x01b8c000,28884992
300387,0x00d4e780,3527,0x01b8e000,28893184
300388,0x00d4e790,3528,0x01b90000,28901376
300389,0x00d4e7a0,3529,0x01b92000,28909568
300390,0x00d4e7b0,3530,0x01b94000,28917760
300391,0x00d4e7c0,3531,0x01b96000,28925952
300393,0x00d4e7d0,3532,0x01b98000,28934144
300394,0x00d4e7e0,3533,0x01b9a000,28942336
300395,0x00d4e7f0,3534,0x01b9c000,28950528
300396,0x00d4e800,3535,0x01b9e000,28958720
300397,0x00d4e810,3536,0x01ba0000,28966912
300398,0x00d4e820,3537,0x01ba2000,28975104
300399,0x00d4e830,3538,0x01ba4000,28983296
300400,0x00d4e840,3539,0x01ba6000,28991488
300401,0x00d4e850,3540,0x01ba8000,28999680
300402,0x00d4e860,3541,0x01baa000,29007872
300403,0x00d4e870,3542,0x01bac000,29016064
300404,0x00d4e880,3543,0x01bae000,29024256
300405,0x00d4e890,3544,0x01bb0000,29032448
300406,0x00d4e8a0,3545,0x01bb2000,29040640
300407,0x00d4e8b0,3546,0x01bb4000,29048832
300408,0x00d4e8c0,3547,0x01bb6000,29057024
300409,0x00d4e8d0,3548,0x01bb8000,29065216
300410,0x00d4e8e0,3549,0x01bba000,29073408
300411,0x00d4e8f0,3550,0x01bbc000,29081600
300412,0x00d4e900,3551,0x01bbe000,29089792
300413,0x00d4e910,3552,0x01bc0000,29097984
300414,0x00d4e920,3553,0x01bc2000,29106176
300415,0x00d4e930,3554,0x01bc4000,29114368
300416,0x00d4e940,3555,0x01bc6000,29122560
300417,0x00d4e950,3556,0x01bc8000,29130752
300418,0x00d4e960,3557,0x01bca000,29138944
300419,0x00d4e970,3558,0x01bcc000,29147136
300420,0x00d4e980,3559,0x01bce000,29155328
300421,0x00d4e990,3560,0x01bd0000,29163520
300422,0x00d4e9a0,3561,0x01bd2000,29171712
300423,0x00d4e9b0,3562,0x01bd4000,29179904
300424,0x00d4e9c0,3563,0x01bd6000,29188096
300425,0x00d4e9d0,3564,0x01bd8000,29196288
300426,0x00d4e9e0,3565,0x01bda000,29204480
300427,0x00d4e9f0,3566,0x01bdc000,29212672
300428,0x00d4ea00,3567,0x01bde000,29220864
300429,0x00d4ea10,3568,0x01be0000,29229056
300430,0x00d4ea20,3569,0x01be2000,29237248
300432,0x00d4ea30,3570,0x01be4000,29245440
300433,0x00d4ea40,3571,0x01be6000,29253632
300434,0x00d4ea50,3572,0x01be8000,29261824
300435,0x00d4ea60,3573,0x01bea000,29270016
300436,0x00d4ea70,3574,0x01bec000,29278208
300437,0x00d4ea80,3575,0x01bee000,29286400
300438,0x00d4ea90,3576,0x01bf0000,29294592
300439,0x00d4eaa0,3577,0x01bf2000,29302784
300440,0x00d4eab0,3578,0x01bf4000,29310976
300441,0x00d4eac0,3579,0x01bf6000,29319168
300442,0x00d4ead0,3580,0x01bf8000,29327360
300443,0x00d4eae0,3581,0x01bfa000,29335552
300444,0x00d4eaf0,3582,0x01bfc000,29343744
300445,0x00d4eb00,3583,0x01bfe000,29351936
300446,0x00d4eb10,3584,0x01c00000,29360128
300447,0x00d4eb20,3585,0x01c02000,29368320
300448,0x00d4eb30,3586,0x01c04000,29376512
300449,0x00d4eb40,3587,0x01c06000,29384704
300450,0x00d4eb50,3588,0x01c08000,29392896
300451,0x00d4eb60,3589,0x01c0a000,29401088
300452,0x00d4eb70,3590,0x01c0c000,29409280
300453,0x00d4eb80,3591,0x01c0e000,29417472
300454,0x00d4eb90,3592,0x01c10000,29425664
300455,0x00d4eba0,3593,0x01c12000,29433856
300456,0x00d4ebb0,3594,0x01c14000,29442048
300457,0x00d4ebc0,3595,0x01c16000,29450240
300458,0x00d4ebd0,3596,0x01c18000,29458432
300459,0x00d4ebe0,3597,0x01c1a000,29466624
300460,0x00d4ebf0,3598,0x01c1c000,29474816
300461,0x00d4ec00,3599,0x01c1e000,29483008
300462,0x00d4ec10,3600,0x01c20000,29491200
300463,0x00d4ec20,3601,0x01c22000,29499392
300464,0x00d4ec30,3602,0x01c24000,29507584
300465,0x00d4ec40,3603,0x01c26000,29515776
300466,0x00d4ec50,3604,0x01c28000,29523968
300467,0x00d4ec60,3605,0x01c2a000,29532160
300468,0x00d4ec70,3606,0x01c2c000,29540352
300469,0x00d4ec80,3607,0x01c2e000,29548544
300470,0x00d4ec90,3608,0x01c30000,29556736
300471,0x00d4eca0,3609,0x01c32000,29564928
300472,0x00d4ecb0,3610,0x01c34000,29573120
300473,0x00d4ecc0,3611,0x01c36000,29581312
300474,0x00d4ecd0,3612,0x01c38000,29589504
300475,0x00d4ece0,3613,0x01c3a000,29597696
300476,0x00d4ecf0,3614,0x01c3c000,29605888
300477,0x00d4ed00,3615,0x01c3e000,29614080
300478,0x00d4ed10,3616,0x01c40000,29622272
300479,0x00d4ed20,3617,0x01c42000,29630464
300480,0x00d4ed30,3618,0x01c44000,29638656
300481,0x00d4ed40,3619,0x01c46000,29646848
300482,0x00d4ed50,3620,0x01c48000,29655040
300483,0x00d4ed60,3621,0x01c4a000,29663232
300484,0x00d4ed70,3622,0x01c4c000,29671424
300485,0x00d4ed80,3623,0x01c4e000,29679616
300486,0x00d4ed90,3624,0x01c50000,29687808
300487,0x00d4eda0,3625,0x01c52000,29696000
300488,0x00d4edb0,3626,0x01c54000,29704192
300489,0x00d4edc0,3627,0x01c56000,29712384
300490,0x00d4edd0,3628,0x01c58000,29720576
300491,0x00d4ede0,3629,0x01c5a000,29728768
300492,0x00d4edf0,3630,0x01c5c000,29736960
300493,0x00d4ee00,3631,0x01c5e000,29745152
300494,0x00d4ee10,3632,0x01c60000,29753344
300496,0x00d4ee20,3633,0x01c62000,29761536
300497,0x00d4ee30,3634,0x01c64000,29769728
300498,0x00d4ee40,3635,0x01c66000,29777920
300499,0x00d4ee50,3636,0x01c68000,29786112
300500,0x00d4ee60,3637,0x01c6a000,29794304
300501,0x00d4ee70,3638,0x01c6c000,29802496
300502,0x00d4ee80,3639,0x01c6e000,29810688
300503,0x00d4ee90,3640,0x01c70000,29818880
300504,0x00d4eea0,3641,0x01c72000,29827072
300505,0x00d4eeb0,3642,0x01c74000,29835264
300506,0x00d4eec0,3643,0x01c76000,29843456
300507,0x00d4eed0,3644,0x01c78000,29851648
300508,0x00d4eee0,3645,0x01c7a000,29859840
300509,0x00d4eef0,3646,0x01c7c000,29868032
300510,0x00d4ef00,3647,0x01c7e000,29876224
300511,0x00d4ef10,3648,0x01c80000,29884416
300512,0x00d4ef20,3649,0x01c82000,29892608
300513,0x00d4ef30,3650,0x01c84000,29900800
300514,0x00d4ef40,3651,0x01c86000,29908992
300515,0x00d4ef50,3652,0x01c88000,29917184
300516,0x00d4ef60,3653,0x01c8a000,29925376
300517,0x00d4ef70,3654,0x01c8c000,29933568
300518,0x00d4ef80,3655,0x01c8e000,29941760
300519,0x00d4ef90,3656,0x01c90000,29949952
300520,0x00d4efa0,3657,0x01c92000,29958144
300521,0x00d4efb0,3658,0x01c94000,29966336
300522,0x00d4efc0,3659,0x01c96000,29974528
300523,0x00d4efd0,3660,0x01c98000,29982720
300525,0x00d4efe0,3661,0x01c9a000,29990912
300527,0x00d4eff0,3662,0x01c9c000,29999104
300528,0x00e4f000,3664,0x01ca0000,30015488
300529,0x00e4f010,3665,0x01ca2000,30023680
300530,0x00e4f020,3666,0x01ca4000,30031872
300531,0x00e4f030,3667,0x01ca6000,30040064
300532,0x00e4f040,3668,0x01ca8000,30048256
300533,0x00e4f050,3669,0x01caa000,30056448
300534,0x00e4f060,3670,0x01cac000,30064640
300535,0x00e4f070,3671,0x01cae000,30072832
300536,0x00e4f080,3672,0x01cb0000,30081024
300537,0x00e4f090,3673,0x01cb2000,30089216
300538,0x00e4f0a0,3674,0x01cb4000,30097408
300539,0x00e4f0b0,3675,0x01cb6000,30105600
300540,0x00e4f0c0,3676,0x01cb8000,30113792
300541,0x00e4f0d0,3677,0x01cba000,30121984
300542,0x00e4f0e0,3678,0x01cbc000,30130176
300543,0x00e4f0f0,3679,0x01cbe000,30138368
300545,0x00e4f100,3680,0x01cc0000,30146560
300546,0x00e4f110,3681,0x01cc2000,30154752
300547,0x00e4f120,3682,0x01cc4000,30162944
300548,0x00e4f130,3683,0x01cc6000,30171136
300549,0x00e4f140,3684,0x01cc8000,30179328
300550,0x00e4f150,3685,0x01cca000,30187520
300551,0x00e4f160,3686,0x01ccc000,30195712
300552,0x00e4f170,3687,0x01cce000,30203904
300553,0x00e4f180,3688,0x01cd0000,30212096
300554,0x00e4f190,3689,0x01cd2000,30220288
300555,0x00e4f1a0,3690,0x01cd4000,30228480
300556,0x00e4f1b0,3691,0x01cd6000,30236672
300557,0x00e4f1c0,3692,0x01cd8000,30244864
300558,0x00e4f1d0,3693,0x01cda000,30253056
300559,0x00e4f1e0,3694,0x01cdc000,30261248
300560,0x00e4f1f0,3695,0x01cde000,30269440
300561,0x00e4f200,3696,0x01ce0000,30277632
300562,0x00e4f210,3697,0x01ce2000,30285824
300563,0x00e4f220,3698,0x01ce4000,30294016
300564,0x00e4f230,3699,0x01ce6000,30302208
300565,0x00e4f240,3700,0x01ce8000,30310400
300566,0x00e4f250,3701,0x01cea000,30318592
300567,0x00e4f260,3702,0x01cec000,30326784
300568,0x00e4f270,3703,0x01cee000,30334976
300569,0x00e4f280,3704,0x01cf0000,30343168
300570,0x00e4f290,3705,0x01cf2000,30351360
300571,0x00e4f2a0,3706,0x01cf4000,30359552
300572,0x00e4f2b0,3707,0x01cf6000,30367744
300573,0x00e4f2c0,3708,0x01cf8000,30375936
300575,0x00e4f2d0,3709,0x01cfa000,30384128
300576,0x00e4f2e0,3710,0x01cfc000,30392320
300577,0x00e4f2f0,3711,0x01cfe000,30400512
300578,0x00e4f300,3712,0x01d00000,30408704
300579,0x00e4f310,3713,0x01d02000,30416896
300580,0x00e4f320,3714,0x01d04000,30425088
300581,0x00e4f330,3715,0x01d06000,30433280
300582,0x00e4f340,3716,0x01d08000,30441472
300583,0x00e4f350,3717,0x01d0a000,30449664
300584,0x00e4f360,3718,0x01d0c000,30457856
300585,0x00e4f370,3719,0x01d0e000,30466048
300586,0x00e4f380,3720,0x01d10000,30474240
300587,0x00e4f390,3721,0x01d12000,30482432
300588,0x00e4f3a0,3722,0x01d14000,30490624
300589,0x00e4f3b0,3723,0x01d16000,30498816
300590,0x00e4f3c0,3724,0x01d18000,30507008
300591,0x00e4f3d0,3725,0x01d1a000,30515200
300592,0x00e4f3e0,3726,0x01d1c000,30523392
300593,0x00e4f3f0,3727,0x01d1e000,30531584
300594,0x00e4f400,3728,0x01d20000,30539776
300595,0x00e4f410,3729,0x01d22000,30547968
300596,0x00e4f420,3730,0x01d24000,30556160
300597,0x00e4f430,3731,0x01d26000,30564352
300598,0x00e4f440,3732,0x01d28000,30572544
300599,0x00e4f450,3733,0x01d2a000,30580736
300600,0x00e4f460,3734,0x01d2c000,30588928
300601,0x00e4f470,3735,0x01d2e000,30597120
300602,0x00e4f480,3736,0x01d30000,30605312
300603,0x00e4f490,3737,0x01d32000,30613504
300604,0x00e4f4a0,3738,0x01d34000,30621696
300605,0x00e4f4b0,3739,0x01d36000,30629888
300606,0x00e4f4c0,3740,0x01d38000,30638080
300607,0x00e4f4d0,3741,0x01d3a000,30646272
300608,0x00e4f4e0,3742,0x01d3c000,30654464
300609,0x00e4f4f0,3743,0x01d3e000,30662656
300610,0x00e4f500,3744,0x01d40000,30670848
300611,0x00e4f510,3745,0x01d42000,30679040
300612,0x00e4f520,3746,0x01d44000,30687232
300613,0x00e4f530,3747,0x01d46000,30695424
300614,0x00e4f540,3748,0x01d48000,30703616
300615,0x00e4f550,3749,0x01d4a000,30711808
300616,0x00e4f560,3750,0x01d4c000,30720000
300617,0x00e4f570,3751,0x01d4e000,30728192
300618,0x00e4f580,3752,0x01d50000,30736384
300619,0x00e4f590,3753,0x01d52000,30744576
300620,0x00e4f5a0,3754,0x01d54000,30752768
300621,0x00e4f5b0,3755,0x01d56000,30760960
300622,0x00e4f5c0,3756,0x01d58000,30769152
300623,0x00e4f5d0,3757,0x01d5a000,30777344
300624,0x00e4f5e0,3758,0x01d5c000,30785536
300625,0x00e4f5f0,3759,0x01d5e000,30793728
300626,0x00e4f600,3760,0x01d60000,30801920
300627,0x00e4f610,3761,0x01d62000,30810112
300628,0x00e4f620,3762,0x01d64000,30818304
300629,0x00e4f630,3763,0x01d66000,30826496
300630,0x00e4f640,3764,0x01d68000,30834688
300631,0x00e4f650,3765,0x01d6a000,30842880
300632,0x00e4f660,3766,0x01d6c000,30851072
300633,0x00e4f670,3767,0x01d6e000,30859264
300634,0x00e4f680,3768,0x01d70000,30867456
300635,0x00e4f690,3769,0x01d72000,30875648
300636,0x00e4f6a0,3770,0x01d74000,30883840
300637,0x00e4f6b0,3771,0x01d76000,30892032
300638,0x00e4f6c0,3772,0x01d78000,30900224
300639,0x00e4f6d0,3773,0x01d7a000,30908416
300640,0x00e4f6e0,3774,0x01d7c000,30916608
300641,0x00e4f6f0,3775,0x01d7e000,30924800
300642,0x00e4f700,3776,0x01d80000,30932992
300643,0x00e4f710,3777,0x01d82000,30941184
300644,0x00e4f720,3778,0x01d84000,30949376
300645,0x00e4f730,3779,0x01d86000,30957568
300647,0x00e4f740,3780,0x01d88000,30965760
300648,0x00e4f750,3781,0x01d8a000,30973952
300649,0x00e4f760,3782,0x01d8c000,30982144
300650,0x00e4f770,3783,0x01d8e000,30990336
300651,0x00e4f780,3784,0x01d90000,30998528
300652,0x00e4f790,3785,0x01d92000,31006720
300653,0x00e4f7a0,3786,0x01d94000,31014912
300654,0x00e4f7b0,3787,0x01d96000,31023104
300655,0x00e4f7c0,3788,0x01d98000,31031296
300656,0x00e4f7d0,3789,0x01d9a000,31039488
300657,0x00e4f7e0,3790,0x01d9c000,31047680
300658,0x00e4f7f0,3791,0x01d9e000,31055872
300659,0x00e4f800,3792,0x01da0000,31064064
300660,0x00e4f810,3793,0x01da2000,31072256
300661,0x00e4f820,3794,0x01da4000,31080448
300662,0x00e4f830,3795,0x01da6000,31088640
300663,0x00e4f840,3796,0x01da8000,31096832
300664,0x00e4f850,3797,0x01daa000,31105024
300665,0x00e4f860,3798,0x01dac000,31113216
300666,0x00e4f870,3799,0x01dae000,31121408
300667,0x00e4f880,3800,0x01db0000,31129600
300668,0x00e4f890,3801,0x01db2000,31137792
300669,0x00e4f8a0,3802,0x01db4000,31145984
300670,0x00e4f8b0,3803,0x01db6000,31154176
300671,0x00e4f8c0,3804,0x01db8000,31162368
300672,0x00e4f8d0,3805,0x01dba000,31170560
300673,0x00e4f8e0,3806,0x01dbc000,31178752
300674,0x00e4f8f0,3807,0x01dbe000,31186944
300675,0x00e4f900,3808,0x01dc0000,31195136
300676,0x00e4f910,3809,0x01dc2000,31203328
300677,0x00e4f920,3810,0x01dc4000,31211520
300678,0x00e4f930,3811,0x01dc6000,31219712
300679,0x00e4f940,3812,0x01dc8000,31227904
300680,0x00e4f950,3813,0x01dca000,31236096
300681,0x00e4f960,3814,0x01dcc000,31244288
300682,0x00e4f970,3815,0x01dce000,31252480
300683,0x00e4f980,3816,0x01dd0000,31260672
300684,0x00e4f990,3817,0x01dd2000,31268864
300685,0x00e4f9a0,3818,0x01dd4000,31277056
300686,0x00e4f9b0,3819,0x01dd6000,31285248
300687,0x00e4f9c0,3820,0x01dd8000,31293440
300688,0x00e4f9d0,3821,0x01dda000,31301632
300689,0x00e4f9e0,3822,0x01ddc000,31309824
300690,0x00e4f9f0,3823,0x01dde000,31318016
300691,0x00e4fa00,3824,0x01de0000,31326208
300692,0x00e4fa10,3825,0x01de2000,31334400
300693,0x00e4fa20,3826,0x01de4000,31342592
300694,0x00e4fa30,3827,0x01de6000,31350784
300695,0x00e4fa40,3828,0x01de8000,31358976
300696,0x00e4fa50,3829,0x01dea000,31367168
300697,0x00e4fa60,3830,0x01dec000,31375360
300698,0x00e4fa70,3831,0x01dee000,31383552
300699,0x00e4fa80,3832,0x01df0000,31391744
300700,0x00e4fa90,3833,0x01df2000,31399936
300701,0x00e4faa0,3834,0x01df4000,31408128
300702,0x00e4fab0,3835,0x01df6000,31416320
300703,0x00e4fac0,3836,0x01df8000,31424512
300705,0x00e4fad0,3837,0x01dfa000,31432704
300706,0x00e4fae0,3838,0x01dfc000,31440896
300707,0x00e4faf0,3839,0x01dfe000,31449088
300708,0x00e4fb00,3840,0x01e00000,31457280
300709,0x00e4fb10,3841,0x01e02000,31465472
300710,0x00e4fb20,3842,0x01e04000,31473664
300711,0x00e4fb30,3843,0x01e06000,31481856
300712,0x00e4fb40,3844,0x01e08000,31490048
300713,0x00e4fb50,3845,0x01e0a000,31498240
300715,0x00e4fb60,3846,0x01e0c000,31506432
300716,0x00e4fb70,3847,0x01e0e000,31514624
300717,0x00e4fb80,3848,0x01e10000,31522816
300718,0x00e4fb90,3849,0x01e12000,31531008
300719,0x00e4fba0,3850,0x01e14000,31539200
300720,0x00e4fbb0,3851,0x01e16000,31547392
300721,0x00e4fbc0,3852,0x01e18000,31555584
300722,0x00e4fbd0,3853,0x01e1a000,31563776
300723,0x00e4fbe0,3854,0x01e1c000,31571968
300724,0x00e4fbf0,3855,0x01e1e000,31580160
300725,0x00e4fc00,3856,0x01e20000,31588352
300726,0x00e4fc10,3857,0x01e22000,31596544
300727,0x00e4fc20,3858,0x01e24000,31604736
300729,0x00e4fc30,3859,0x01e26000,31612928
300730,0x00e4fc40,3860,0x01e28000,31621120
300731,0x00e4fc50,3861,0x01e2a000,31629312
300732,0x00e4fc60,3862,0x01e2c000,31637504
300733,0x00e4fc70,3863,0x01e2e000,31645696
300735,0x00e4fc80,3864,0x01e30000,31653888
300736,0x00e4fc90,3865,0x01e32000,31662080
300737,0x00e4fca0,3866,0x01e34000,31670272
300738,0x00e4fcb0,3867,0x01e36000,31678464
300739,0x00e4fcc0,3868,0x01e38000,31686656
300740,0x00e4fcd0,3869,0x01e3a000,31694848
300741,0x00e4fce0,3870,0x01e3c000,31703040
300743,0x00e4fcf0,3871,0x01e3e000,31711232
300745,0x00e4fd00,3872,0x01e40000,31719424
300746,0x00e4fd10,3873,0x01e42000,31727616
300747,0x00e4fd20,3874,0x01e44000,31735808
300748,0x00e4fd30,3875,0x01e46000,31744000
300749,0x00e4fd40,3876,0x01e48000,31752192
300750,0x00e4fd50,3877,0x01e4a000,31760384
300751,0x00e4fd60,3878,0x01e4c000,31768576
300752,0x00e4fd70,3879,0x01e4e000,31776768
300753,0x00e4fd80,3880,0x01e50000,31784960
300755,0x00e4fd90,3881,0x01e52000,31793152
300756,0x00e4fda0,3882,0x01e54000,31801344
300757,0x00e4fdb0,3883,0x01e56000,31809536
300758,0x00e4fdc0,3884,0x01e58000,31817728
300759,0x00e4fdd0,3885,0x01e5a000,31825920
300760,0x00e4fde0,3886,0x01e5c000,31834112
300761,0x00e4fdf0,3887,0x01e5e000,31842304
300762,0x00e4fe00,3888,0x01e60000,31850496
300763,0x00e4fe10,3889,0x01e62000,31858688
300765,0x00e4fe20,3890,0x01e64000,31866880
300766,0x00e4fe30,3891,0x01e66000,31875072
300767,0x00e4fe40,3892,0x01e68000,31883264
300768,0x00e4fe50,3893,0x01e6a000,31891456
300769,0x00e4fe60,3894,0x01e6c000,31899648
300770,0x00e4fe70,3895,0x01e6e000,31907840
300771,0x00e4fe80,3896,0x01e70000,31916032
300772,0x00e4fe90,3897,0x01e72000,31924224
300773,0x00e4fea0,3898,0x01e74000,31932416
300774,0x00e4feb0,3899,0x01e76000,31940608
300775,0x00e4fec0,3900,0x01e78000,31948800
300776,0x00e4fed0,3901,0x01e7a000,31956992
300777,0x00e4fee0,3902,0x01e7c000,31965184
300778,0x00e4fef0,3903,0x01e7e000,31973376
300779,0x00e4ff00,3904,0x01e80000,31981568
300780,0x00e4ff10,3905,0x01e82000,31989760
300781,0x00e4ff20,3906,0x01e84000,31997952
300782,0x00e4ff30,3907,0x01e86000,32006144
300783,0x00e4ff40,3908,0x01e88000,32014336
300784,0x00e4ff50,3909,0x01e8a000,32022528
300785,0x00e4ff60,3910,0x01e8c000,32030720
300786,0x00e4ff70,3911,0x01e8e000,32038912
300787,0x00e4ff80,3912,0x01e90000,32047104
300788,0x00e4ff90,3913,0x01e92000,32055296
300789,0x00e4ffa0,3914,0x01e94000,32063488
300790,0x00e4ffb0,3915,0x01e96000,32071680
300791,0x00e4ffc0,3916,0x01e98000,32079872
300792,0x00e4ffd0,3917,0x01e9a000,32088064
300793,0x00e4ffe0,3918,0x01e9c000,32096256
300795,0x00e4fff0,3919,0x01e9e000,32104448
300796,0x00f50000,3921,0x01ea2000,32120832
300797,0x00f50010,3922,0x01ea4000,32129024
300798,0x00f50020,3923,0x01ea6000,32137216
300800,0x00f50030,3924,0x01ea8000,32145408
300801,0x00f50040,3925,0x01eaa000,32153600
300802,0x00f50050,3926,0x01eac000,32161792
300803,0x00f50060,3927,0x01eae000,32169984
300804,0x00f50070,3928,0x01eb0000,32178176
300805,0x00f50080,3929,0x01eb2000,32186368
300806,0x00f50090,3930,0x01eb4000,32194560
300807,0x00f500a0,3931,0x01eb6000,32202752
300808,0x00f500b0,3932,0x01eb8000,32210944
300809,0x00f500c0,3933,0x01eba000,32219136
300810,0x00f500d0,3934,0x01ebc000,32227328
300811,0x00f500e0,3935,0x01ebe000,32235520
300812,0x00f500f0,3936,0x01ec0000,32243712
300813,0x00f50100,3937,0x01ec2000,32251904
300814,0x00f50110,3938,0x01ec4000,32260096
300815,0x00f50120,3939,0x01ec6000,32268288
300816,0x00f50130,3940,0x01ec8000,32276480
300817,0x00f50140,3941,0x01eca000,32284672
300818,0x00f50150,3942,0x01ecc000,32292864
300819,0x00f50160,3943,0x01ece000,32301056
300820,0x00f50170,3944,0x01ed0000,32309248
300821,0x00f50180,3945,0x01ed2000,32317440
300822,0x00f50190,3946,0x01ed4000,32325632
300823,0x00f501a0,3947,0x01ed6000,32333824
300824,0x00f501b0,3948,0x01ed8000,32342016
300825,0x00f501c0,3949,0x01eda000,32350208
300826,0x00f501d0,3950,0x01edc000,32358400
300827,0x00f501e0,3951,0x01ede000,32366592
300828,0x00f501f0,3952,0x01ee0000,32374784
300829,0x00f50200,3953,0x01ee2000,32382976
300830,0x00f50210,3954,0x01ee4000,32391168
300831,0x00f50220,3955,0x01ee6000,32399360
300832,0x00f50230,3956,0x01ee8000,32407552
300833,0x00f50240,3957,0x01eea000,32415744
300834,0x00f50250,3958,0x01eec000,32423936
300835,0x00f50260,3959,0x01eee000,32432128
300836,0x00f50270,3960,0x01ef0000,32440320
300837,0x00f50280,3961,0x01ef2000,32448512
300838,0x00f50290,3962,0x01ef4000,32456704
300839,0x00f502a0,3963,0x01ef6000,32464896
300840,0x00f502b0,3964,0x01ef8000,32473088
300841,0x00f502c0,3965,0x01efa000,32481280
300842,0x00f502d0,3966,0x01efc000,32489472
300843,0x00f502e0,3967,0x01efe000,32497664
300844,0x00f502f0,3968,0x01f00000,32505856
300845,0x00f50300,3969,0x01f02000,32514048
300846,0x00f50310,3970,0x01f04000,32522240
300847,0x00f50320,3971,0x01f06000,32530432
300848,0x00f50330,3972,0x01f08000,32538624
300849,0x00f50340,3973,0x01f0a000,32546816
300850,0x00f50350,3974,0x01f0c000,32555008
300851,0x00f50360,3975,0x01f0e000,32563200
300852,0x00f50370,3976,0x01f10000,32571392
300853,0x00f50380,3977,0x01f12000,32579584
300854,0x00f50390,3978,0x01f14000,32587776
300855,0x00f503a0,3979,0x01f16000,32595968
300856,0x00f503b0,3980,0x01f18000,32604160
300857,0x00f503c0,3981,0x01f1a000,32612352
300858,0x00f503d0,3982,0x01f1c000,32620544
300859,0x00f503e0,3983,0x01f1e000,32628736
300860,0x00f503f0,3984,0x01f20000,32636928
300861,0x00f50400,3985,0x01f22000,32645120
300862,0x00f50410,3986,0x01f24000,32653312
300863,0x00f50420,3987,0x01f26000,32661504
300864,0x00f50430,3988,0x01f28000,32669696
300865,0x00f50440,3989,0x01f2a000,32677888
300866,0x00f50450,3990,0x01f2c000,32686080
300867,0x00f50460,3991,0x01f2e000,32694272
300868,0x00f50470,3992,0x01f30000,32702464
300869,0x00f50480,3993,0x01f32000,32710656
300870,0x00f50490,3994,0x01f34000,32718848
300871,0x00f504a0,3995,0x01f36000,32727040
300872,0x00f504b0,3996,0x01f38000,32735232
300873,0x00f504c0,3997,0x01f3a000,32743424
300875,0x00f504d0,3998,0x01f3c000,32751616
300876,0x00f504e0,3999,0x01f3e000,32759808
300877,0x00f504f0,4000,0x01f40000,32768000
300878,0x00f50500,4001,0x01f42000,32776192
300879,0x00f50510,4002,0x01f44000,32784384
300880,0x00f50520,4003,0x01f46000,32792576
300881,0x00f50530,4004,0x01f48000,32800768
300882,0x00f50540,4005,0x01f4a000,32808960
300883,0x00f50550,4006,0x01f4c000,32817152
300884,0x00f50560,4007,0x01f4e000,32825344
300885,0x00f50570,4008,0x01f50000,32833536
300886,0x00f50580,4009,0x01f52000,32841728
300887,0x00f50590,4010,0x01f54000,32849920
300888,0x00f505a0,4011,0x01f56000,32858112
300889,0x00f505b0,4012,0x01f58000,32866304
300890,0x00f505c0,4013,0x01f5a000,32874496
300891,0x00f505d0,4014,0x01f5c000,32882688
300892,0x00f505e0,4015,0x01f5e000,32890880
300893,0x00f505f0,4016,0x01f60000,32899072
300894,0x00f50600,4017,0x01f62000,32907264
300895,0x00f50610,4018,0x01f64000,32915456
300896,0x00f50620,4019,0x01f66000,32923648
300897,0x00f50630,4020,0x01f68000,32931840
300898,0x00f50640,4021,0x01f6a000,32940032
300899,0x00f50650,4022,0x01f6c000,32948224
300900,0x00f50660,4023,0x01f6e000,32956416
300901,0x00f50670,4024,0x01f70000,32964608
300902,0x00f50680,4025,0x01f72000,32972800
300903,0x00f50690,4026,0x01f74000,32980992
300904,0x00f506a0,4027,0x01f76000,32989184
300905,0x00f506b0,4028,0x01f78000,32997376
300906,0x00f506c0,4029,0x01f7a000,33005568
300907,0x00f506d0,4030,0x01f7c000,33013760
300908,0x00f506e0,4031,0x01f7e000,33021952
300909,0x00f506f0,4032,0x01f80000,33030144
300910,0x00f50700,4033,0x01f82000,33038336
300911,0x00f50710,4034,0x01f84000,33046528
300912,0x00f50720,4035,0x01f86000,33054720
300913,0x00f50730,4036,0x01f88000,33062912
300915,0x00f50740,4037,0x01f8a000,33071104
300916,0x00f50750,4038,0x01f8c000,33079296
300917,0x00f50760,4039,0x01f8e000,33087488
300918,0x00f50770,4040,0x01f90000,33095680
300919,0x00f50780,4041,0x01f92000,33103872
300920,0x00f50790,4042,0x01f94000,33112064
300921,0x00f507a0,4043,0x01f96000,33120256
300922,0x00f507b0,4044,0x01f98000,33128448
300923,0x00f507c0,4045,0x01f9a000,33136640
300925,0x00f507d0,4046,0x01f9c000,33144832
300926,0x00f507e0,4047,0x01f9e000,33153024
300927,0x00f507f0,4048,0x01fa0000,33161216
300928,0x00f50800,4049,0x01fa2000,33169408
300929,0x00f50810,4050,0x01fa4000,33177600
300930,0x00f50820,4051,0x01fa6000,33185792
300931,0x00f50830,4052,0x01fa8000,33193984
300932,0x00f50840,4053,0x01faa000,33202176
300933,0x00f50850,4054,0x01fac000,33210368
300935,0x00f50860,4055,0x01fae000,33218560
300936,0x00f50870,4056,0x01fb0000,33226752
300937,0x00f50880,4057,0x01fb2000,33234944
300938,0x00f50890,4058,0x01fb4000,33243136
300939,0x00f508a0,4059,0x01fb6000,33251328
300940,0x00f508b0,4060,0x01fb8000,33259520
300941,0x00f508c0,4061,0x01fba000,33267712
300942,0x00f508d0,4062,0x01fbc000,33275904
300943,0x00f508e0,4063,0x01fbe000,33284096
300945,0x00f508f0,4064,0x01fc0000,33292288
300946,0x00f50900,4065,0x01fc2000,33300480
300947,0x00f50910,4066,0x01fc4000,33308672
300948,0x00f50920,4067,0x01fc6000,33316864
300949,0x00f50930,4068,0x01fc8000,33325056
300950,0x00f50940,4069,0x01fca000,33333248
300951,0x00f50950,4070,0x01fcc000,33341440
300952,0x00f50960,4071,0x01fce000,33349632
300953,0x00f50970,4072,0x01fd0000,33357824
300955,0x00f50980,4073,0x01fd2000,33366016
300956,0x00f50990,4074,0x01fd4000,33374208
300957,0x00f509a0,4075,0x01fd6000,33382400
300958,0x00f509b0,4076,0x01fd8000,33390592
300959,0x00f509c0,4077,0x01fda000,33398784
300960,0x00f509d0,4078,0x01fdc000,33406976
300961,0x00f509e0,4079,0x01fde000,33415168
300962,0x00f509f0,4080,0x01fe0000,33423360
300963,0x00f50a00,4081,0x01fe2000,33431552
300964,0x00f50a10,4082,0x01fe4000,33439744
300965,0x00f50a20,4083,0x01fe6000,33447936
300966,0x00f50a30,4084,0x01fe8000,33456128
300967,0x00f50a40,4085,0x01fea000,33464320
300968,0x00f50a50,4086,0x01fec000,33472512
300969,0x00f50a60,4087,0x01fee000,33480704
300970,0x00f50a70,4088,0x01ff0000,33488896
300971,0x00f50a80,4089,0x01ff2000,33497088
300972,0x00f50a90,4090,0x01ff4000,33505280
300973,0x00f50aa0,4091,0x01ff6000,33513472
300975,0x00f50ab0,4092,0x01ff8000,33521664
300976,0x00f50ac0,4093,0x01ffa000,33529856
300977,0x00f50ad0,4094,0x01ffc000,33538048
300978,0x00f50ae0,4095,0x01ffe000,33546240
300979,0x00f50af0,4096,0x02000000,33554432
300980,0x00f50b00,4097,0x02002000,33562624
300981,0x00f50b10,4098,0x02004000,33570816
300982,0x00f50b20,4099,0x02006000,33579008
300983,0x00f50b30,4100,0x02008000,33587200
300984,0x00f50b40,4101,0x0200a000,33595392
300985,0x00f50b50,4102,0x0200c000,33603584
300986,0x00f50b60,4103,0x0200e000,33611776
300987,0x00f50b70,4104,0x02010000,33619968
300988,0x00f50b80,4105,0x02012000,33628160
300989,0x00f50b90,4106,0x02014000,33636352
300990,0x00f50ba0,4107,0x02016000,33644544
300991,0x00f50bb0,4108,0x02018000,33652736
300992,0x00f50bc0,4109,0x0201a000,33660928
300993,0x00f50bd0,4110,0x0201c000,33669120
300994,0x00f50be0,4111,0x0201e000,33677312
300995,0x00f50bf0,4112,0x02020000,33685504
300996,0x00f50c00,4113,0x02022000,33693696
300997,0x00f50c10,4114,0x02024000,33701888
300998,0x00f50c20,4115,0x02026000,33710080
300999,0x00f50c30,4116,0x02028000,33718272
301000,0x00f50c40,4117,0x0202a000,33726464
301001,0x00f50c50,4118,0x0202c000,33734656
301002,0x00f50c60,4119,0x0202e000,33742848
301003,0x00f50c70,4120,0x02030000,33751040
301004,0x00f50c80,4121,0x02032000,33759232
301005,0x00f50c90,4122,0x02034000,33767424
301006,0x00f50ca0,4123,0x02036000,33775616
301007,0x00f50cb0,4124,0x02038000,33783808
301008,0x00f50cc0,4125,0x0203a000,33792000
301009,0x00f50cd0,4126,0x0203c000,33800192
301010,0x00f50ce0,4127,0x0203e000,33808384
301011,0x00f50cf0,4128,0x02040000,33816576
301012,0x00f50d00,4129,0x02042000,33824768
301013,0x00f50d10,4130,0x02044000,33832960
301015,0x00f50d20,4131,0x02046000,33841152
301016,0x00f50d30,4132,0x02048000,33849344
301017,0x00f50d40,4133,0x0204a000,33857536
301018,0x00f50d50,4134,0x0204c000,33865728
301019,0x00f50d60,4135,0x0204e000,33873920
301020,0x00f50d70,4136,0x02050000,33882112
301021,0x00f50d80,4137,0x02052000,33890304
301022,0x00f50d90,4138,0x02054000,33898496
301023,0x00f50da0,4139,0x02056000,33906688
301024,0x00f50db0,4140,0x02058000,33914880
301025,0x00f50dc0,4141,0x0205a000,33923072
301026,0x00f50dd0,4142,0x0205c000,33931264
301027,0x00f50de0,4143,0x0205e000,33939456
301028,0x00f50df0,4144,0x02060000,33947648
301029,0x00f50e00,4145,0x02062000,33955840
301030,0x00f50e10,4146,0x02064000,33964032
301031,0x00f50e20,4147,0x02066000,33972224
301032,0x00f50e30,4148,0x02068000,33980416
301033,0x00f50e40,4149,0x0206a000,33988608
301035,0x00f50e50,4150,0x0206c000,33996800
301036,0x00f50e60,4151,0x0206e000,34004992
301037,0x00f50e70,4152,0x02070000,34013184
301038,0x00f50e80,4153,0x02072000,34021376
301039,0x00f50e90,4154,0x02074000,34029568
301040,0x00f50ea0,4155,0x02076000,34037760
301041,0x00f50eb0,4156,0x02078000,34045952
301042,0x00f50ec0,4157,0x0207a000,34054144
301043,0x00f50ed0,4158,0x0207c000,34062336
301045,0x00f50ee0,4159,0x0207e000,34070528
301046,0x00f50ef0,4160,0x02080000,34078720
301047,0x00f50f00,4161,0x02082000,34086912
301048,0x00f50f10,4162,0x02084000,34095104
301049,0x00f50f20,4163,0x02086000,34103296
301050,0x00f50f30,4164,0x02088000,34111488
301051,0x00f50f40,4165,0x0208a000,34119680
301052,0x00f50f50,4166,0x0208c000,34127872
301053,0x00f50f60,4167,0x0208e000,34136064
301055,0x00f50f70,4168,0x02090000,34144256
301056,0x00f50f80,4169,0x02092000,34152448
301057,0x00f50f90,4170,0x02094000,34160640
301058,0x00f50fa0,4171,0x02096000,34168832
301059,0x00f50fb0,4172,0x02098000,34177024
301060,0x00f50fc0,4173,0x0209a000,34185216
301061,0x00f50fd0,4174,0x0209c000,34193408
301062,0x00f50fe0,4175,0x0209e000,34201600
301063,0x00f50ff0,4176,0x020a0000,34209792
301065,0x01051000,4178,0x020a4000,34226176
301066,0x01051010,4179,0x020a6000,34234368
301067,0x01051020,4180,0x020a8000,34242560
301068,0x01051030,4181,0x020aa000,34250752
301069,0x01051040,4182,0x020ac000,34258944
301070,0x01051050,4183,0x020ae000,34267136
301071,0x01051060,4184,0x020b0000,34275328
301072,0x01051070,4185,0x020b2000,34283520
301073,0x01051080,4186,0x020b4000,34291712
301075,0x01051090,4187,0x020b6000,34299904
301076,0x010510a0,4188,0x020b8000,34308096
301077,0x010510b0,4189,0x020ba000,34316288
301078,0x010510c0,4190,0x020bc000,34324480
301079,0x010510d0,4191,0x020be000,34332672
301080,0x010510e0,4192,0x020c0000,34340864
301081,0x010510f0,4193,0x020c2000,34349056
301082,0x01051100,4194,0x020c4000,34357248
301083,0x01051110,4195,0x020c6000,34365440
301085,0x01051120,4196,0x020c8000,34373632
301086,0x01051130,4197,0x020ca000,34381824
301087,0x01051140,4198,0x020cc000,34390016
301088,0x01051150,4199,0x020ce000,34398208
301089,0x01051160,4200,0x020d0000,34406400
301090,0x01051170,4201,0x020d2000,34414592
301091,0x01051180,4202,0x020d4000,34422784
301092,0x01051190,4203,0x020d6000,34430976
301093,0x010511a0,4204,0x020d8000,34439168
301095,0x010511b0,4205,0x020da000,34447360
301096,0x010511c0,4206,0x020dc000,34455552
301097,0x010511d0,4207,0x020de000,34463744
301098,0x010511e0,4208,0x020e0000,34471936
301099,0x010511f0,4209,0x020e2000,34480128
301100,0x01051200,4210,0x020e4000,34488320
301101,0x01051210,4211,0x020e6000,34496512
301102,0x01051220,4212,0x020e8000,34504704
301103,0x01051230,4213,0x020ea000,34512896
301105,0x01051240,4214,0x020ec000,34521088
301106,0x01051250,4215,0x020ee000,34529280
301107,0x01051260,4216,0x020f0000,34537472
301108,0x01051270,4217,0x020f2000,34545664
301109,0x01051280,4218,0x020f4000,34553856
301110,0x01051290,4219,0x020f6000,34562048
301111,0x010512a0,4220,0x020f8000,34570240
301112,0x010512b0,4221,0x020fa000,34578432
301113,0x010512c0,4222,0x020fc000,34586624
301115,0x010512d0,4223,0x020fe000,34594816
301116,0x010512e0,4224,0x02100000,34603008
301117,0x010512f0,4225,0x02102000,34611200
301118,0x01051300,4226,0x02104000,34619392
301119,0x01051310,4227,0x02106000,34627584
301120,0x01051320,4228,0x02108000,34635776
301121,0x01051330,4229,0x0210a000,34643968
301122,0x01051340,4230,0x0210c000,34652160
301123,0x01051350,4231,0x0210e000,34660352
301125,0x01051360,4232,0x02110000,34668544
301126,0x01051370,4233,0x02112000,34676736
301127,0x01051380,4234,0x02114000,34684928
301128,0x01051390,4235,0x02116000,34693120
301129,0x010513a0,4236,0x02118000,34701312
301130,0x010513b0,4237,0x0211a000,34709504
301131,0x010513c0,4238,0x0211c000,34717696
301132,0x010513d0,4239,0x0211e000,34725888
301133,0x010513e0,4240,0x02120000,34734080
301135,0x010513f0,4241,0x02122000,34742272
301136,0x01051400,4242,0x02124000,34750464
301137,0x01051410,4243,0x02126000,34758656
301138,0x01051420,4244,0x02128000,34766848
301139,0x01051430,4245,0x0212a000,34775040
301141,0x01051440,4246,0x0212c000,34783232
301148,0x01051450,4247,0x0212e000,34791424
301149,0x01051460,4248,0x02130000,34799616
301150,0x01051470,4249,0x02132000,34807808
301151,0x01051480,4250,0x02134000,34816000
301152,0x01051490,4251,0x02136000,34824192
301153,0x010514a0,4252,0x02138000,34832384
301155,0x010514b0,4253,0x0213a000,34840576
301156,0x010514c0,4254,0x0213c000,34848768
301157,0x010514d0,4255,0x0213e000,34856960
301158,0x010514e0,4256,0x02140000,34865152
301159,0x010514f0,4257,0x02142000,34873344
301160,0x01051500,4258,0x02144000,34881536
301161,0x01051510,4259,0x02146000,34889728
301162,0x01051520,4260,0x02148000,34897920
301163,0x01051530,4261,0x0214a000,34906112
301165,0x01051540,4262,0x0214c000,34914304
301166,0x01051550,4263,0x0214e000,34922496
301167,0x01051560,4264,0x02150000,34930688
301168,0x01051570,4265,0x02152000,34938880
301169,0x01051580,4266,0x02154000,34947072
301170,0x01051590,4267,0x02156000,34955264
301171,0x010515a0,4268,0x02158000,34963456
301172,0x010515b0,4269,0x0215a000,34971648
301173,0x010515c0,4270,0x0215c000,34979840
301175,0x010515d0,4271,0x0215e000,34988032
301176,0x010515e0,4272,0x02160000,34996224
301177,0x010515f0,4273,0x02162000,35004416
301178,0x01051600,4274,0x02164000,35012608
301179,0x01051610,4275,0x02166000,35020800
301180,0x01051620,4276,0x02168000,35028992
301181,0x01051630,4277,0x0216a000,35037184
301182,0x01051640,4278,0x0216c000,35045376
301183,0x01051650,4279,0x0216e000,35053568
301185,0x01051660,4280,0x02170000,35061760
301186,0x01051670,4281,0x02172000,35069952
301187,0x01051680,4282,0x02174000,35078144
301188,0x01051690,4283,0x02176000,35086336
301189,0x010516a0,4284,0x02178000,35094528
301190,0x010516b0,4285,0x0217a000,35102720
301191,0x010516c0,4286,0x0217c000,35110912
301192,0x010516d0,4287,0x0217e000,35119104
301193,0x010516e0,4288,0x02180000,35127296
301195,0x010516f0,4289,0x02182000,35135488
301196,0x01051700,4290,0x02184000,35143680
301197,0x01051710,4291,0x02186000,35151872
301198,0x01051720,4292,0x02188000,35160064
301199,0x01051730,4293,0x0218a000,35168256
301200,0x01051740,4294,0x0218c000,35176448
301201,0x01051750,4295,0x0218e000,35184640
301202,0x01051760,4296,0x02190000,35192832
301203,0x01051770,4297,0x02192000,35201024
301205,0x01051780,4298,0x02194000,35209216
301206,0x01051790,4299,0x02196000,35217408
301207,0x010517a0,4300,0x02198000,35225600
301208,0x010517b0,4301,0x0219a000,35233792
301209,0x010517c0,4302,0x0219c000,35241984
301210,0x010517d0,4303,0x0219e000,35250176
301211,0x010517e0,4304,0x021a0000,35258368
301212,0x010517f0,4305,0x021a2000,35266560
301213,0x01051800,4306,0x021a4000,35274752
301215,0x01051810,4307,0x021a6000,35282944
301216,0x01051820,4308,0x021a8000,35291136
301217,0x01051830,4309,0x021aa000,35299328
301218,0x01051840,4310,0x021ac000,35307520
301219,0x01051850,4311,0x021ae000,35315712
301220,0x01051860,4312,0x021b0000,35323904
301221,0x01051870,4313,0x021b2000,35332096
301222,0x01051880,4314,0x021b4000,35340288
301223,0x01051890,4315,0x021b6000,35348480
301225,0x010518a0,4316,0x021b8000,35356672
301226,0x010518b0,4317,0x021ba000,35364864
301227,0x010518c0,4318,0x021bc000,35373056
301228,0x010518d0,4319,0x021be000,35381248
301229,0x010518e0,4320,0x021c0000,35389440
301230,0x010518f0,4321,0x021c2000,35397632
301231,0x01051900,4322,0x021c4000,35405824
301232,0x01051910,4323,0x021c6000,35414016
301233,0x01051920,4324,0x021c8000,35422208
301234,0x01051930,4325,0x021ca000,35430400
301235,0x01051940,4326,0x021cc000,35438592
301236,0x01051950,4327,0x021ce000,35446784
301237,0x01051960,4328,0x021d0000,35454976
301238,0x01051970,4329,0x021d2000,35463168
301239,0x01051980,4330,0x021d4000,35471360
301246,0x01051990,4331,0x021d6000,35479552
301248,0x010519a0,4332,0x021d8000,35487744
301251,0x010519b0,4333,0x021da000,35495936
301252,0x010519c0,4334,0x021dc000,35504128
301255,0x010519d0,4335,0x021de000,35512320
301256,0x010519e0,4336,0x021e0000,35520512
301257,0x010519f0,4337,0x021e2000,35528704
301258,0x01051a00,4338,0x021e4000,35536896
301259,0x01051a10,4339,0x021e6000,35545088
301260,0x01051a20,4340,0x021e8000,35553280
301261,0x01051a30,4341,0x021ea000,35561472
301262,0x01051a40,4342,0x021ec000,35569664
301263,0x01051a50,4343,0x021ee000,35577856
301265,0x01051a60,4344,0x021f0000,35586048
301266,0x01051a70,4345,0x021f2000,35594240
301267,0x01051a80,4346,0x021f4000,35602432
301268,0x01051a90,4347,0x021f6000,35610624
301269,0x01051aa0,4348,0x021f8000,35618816
301270,0x01051ab0,4349,0x021fa000,35627008
301272,0x01051ac0,4350,0x021fc000,35635200
301273,0x01051ad0,4351,0x021fe000,35643392
301275,0x01051ae0,4352,0x02200000,35651584
301276,0x01051af0,4353,0x02202000,35659776
301277,0x01051b00,4354,0x02204000,35667968
301278,0x01051b10,4355,0x02206000,35676160
301279,0x01051b20,4356,0x02208000,35684352
301280,0x01051b30,4357,0x0220a000,35692544
301281,0x01051b40,4358,0x0220c000,35700736
301282,0x01051b50,4359,0x0220e000,35708928
301283,0x01051b60,4360,0x02210000,35717120
301285,0x01051b70,4361,0x02212000,35725312
301286,0x01051b80,4362,0x02214000,35733504
301287,0x01051b90,4363,0x02216000,35741696
301288,0x01051ba0,4364,0x02218000,35749888
301289,0x01051bb0,4365,0x0221a000,35758080
301290,0x01051bc0,4366,0x0221c000,35766272
301291,0x01051bd0,4367,0x0221e000,35774464
301292,0x01051be0,4368,0x02220000,35782656
301293,0x01051bf0,4369,0x02222000,35790848
301295,0x01051c00,4370,0x02224000,35799040
301296,0x01051c10,4371,0x02226000,35807232
301297,0x01051c20,4372,0x02228000,35815424
301298,0x01051c30,4373,0x0222a000,35823616
301299,0x01051c40,4374,0x0222c000,35831808
301300,0x01051c50,4375,0x0222e000,35840000
301301,0x01051c60,4376,0x02230000,35848192
301302,0x01051c70,4377,0x02232000,35856384
301303,0x01051c80,4378,0x02234000,35864576
301305,0x01051c90,4379,0x02236000,35872768
301306,0x01051ca0,4380,0x02238000,35880960
301307,0x01051cb0,4381,0x0223a000,35889152
301308,0x01051cc0,4382,0x0223c000,35897344
301309,0x01051cd0,4383,0x0223e000,35905536
301310,0x01051ce0,4384,0x02240000,35913728
301311,0x01051cf0,4385,0x02242000,35921920
301312,0x01051d00,4386,0x02244000,35930112
301313,0x01051d10,4387,0x02246000,35938304
301314,0x01051d20,4388,0x02248000,35946496
301315,0x01051d30,4389,0x0224a000,35954688
301316,0x01051d40,4390,0x0224c000,35962880
301317,0x01051d50,4391,0x0224e000,35971072
301318,0x01051d60,4392,0x02250000,35979264
301319,0x01051d70,4393,0x02252000,35987456
301320,0x01051d80,4394,0x02254000,35995648
301321,0x01051d90,4395,0x02256000,36003840
301322,0x01051da0,4396,0x02258000,36012032
301323,0x01051db0,4397,0x0225a000,36020224
301325,0x01051dc0,4398,0x0225c000,36028416
301326,0x01051dd0,4399,0x0225e000,36036608
301327,0x01051de0,4400,0x02260000,36044800
301328,0x01051df0,4401,0x02262000,36052992
301329,0x01051e00,4402,0x02264000,36061184
301330,0x01051e10,4403,0x02266000,36069376
301331,0x01051e20,4404,0x02268000,36077568
301332,0x01051e30,4405,0x0226a000,36085760
301333,0x01051e40,4406,0x0226c000,36093952
301335,0x01051e50,4407,0x0226e000,36102144
301336,0x01051e60,4408,0x02270000,36110336
301337,0x01051e70,4409,0x02272000,36118528
301338,0x01051e80,4410,0x02274000,36126720
301339,0x01051e90,4411,0x02276000,36134912
301345,0x01051ea0,4412,0x02278000,36143104
301348,0x01051eb0,4413,0x0227a000,36151296
301349,0x01051ec0,4414,0x0227c000,36159488
301353,0x01051ed0,4415,0x0227e000,36167680
301355,0x01051ee0,4416,0x02280000,36175872
301356,0x01051ef0,4417,0x02282000,36184064
301357,0x01051f00,4418,0x02284000,36192256
301358,0x01051f10,4419,0x02286000,36200448
301359,0x01051f20,4420,0x02288000,36208640
301360,0x01051f30,4421,0x0228a000,36216832
301361,0x01051f40,4422,0x0228c000,36225024
301362,0x01051f50,4423,0x0228e000,36233216
301363,0x01051f60,4424,0x02290000,36241408
301365,0x01051f70,4425,0x02292000,36249600
301366,0x01051f80,4426,0x02294000,36257792
301367,0x01051f90,4427,0x02296000,36265984
301368,0x01051fa0,4428,0x02298000,36274176
301369,0x01051fb0,4429,0x0229a000,36282368
301370,0x01051fc0,4430,0x0229c000,36290560
301371,0x01051fd0,4431,0x0229e000,36298752
301372,0x01051fe0,4432,0x022a0000,36306944
301373,0x01051ff0,4433,0x022a2000,36315136
301376,0x01152000,4435,0x022a6000,36331520
301377,0x01152010,4436,0x022a8000,36339712
301378,0x01152020,4437,0x022aa000,36347904
301379,0x01152030,4438,0x022ac000,36356096
301380,0x01152040,4439,0x022ae000,36364288
301381,0x01152050,4440,0x022b0000,36372480
301382,0x01152060,4441,0x022b2000,36380672
301383,0x01152070,4442,0x022b4000,36388864
301386,0x01152080,4443,0x022b6000,36397056
301387,0x01152090,4444,0x022b8000,36405248
301388,0x011520a0,4445,0x022ba000,36413440
301389,0x011520b0,4446,0x022bc000,36421632
301390,0x011520c0,4447,0x022be000,36429824
301391,0x011520d0,4448,0x022c0000,36438016
301392,0x011520e0,4449,0x022c2000,36446208
301393,0x011520f0,4450,0x022c4000,36454400
301395,0x01152100,4451,0x022c6000,36462592
301396,0x01152110,4452,0x022c8000,36470784
301397,0x01152120,4453,0x022ca000,36478976
301398,0x01152130,4454,0x022cc000,36487168
301399,0x01152140,4455,0x022ce000,36495360
301408,0x01152150,4456,0x022d0000,36503552
301413,0x01152160,4457,0x022d2000,36511744
301418,0x01152170,4458,0x022d4000,36519936
301419,0x01152180,4459,0x022d6000,36528128
301421,0x01152190,4460,0x022d8000,36536320
301428,0x011521a0,4461,0x022da000,36544512
301429,0x011521b0,4462,0x022dc000,36552704
301439,0x011521c0,4463,0x022de000,36560896
301446,0x011521d0,4464,0x022e0000,36569088
301448,0x011521e0,4465,0x022e2000,36577280
301449,0x011521f0,4466,0x022e4000,36585472
301456,0x01152200,4467,0x022e6000,36593664
301458,0x01152210,4468,0x022e8000,36601856
301459,0x01152220,4469,0x022ea000,36610048
301468,0x01152230,4470,0x022ec000,36618240
301469,0x01152240,4471,0x022ee000,36626432
301479,0x01152250,4472,0x022f0000,36634624
301486,0x01152260,4473,0x022f2000,36642816
301487,0x01152270,4474,0x022f4000,36651008
301488,0x01152280,4475,0x022f6000,36659200
301489,0x01152290,4476,0x022f8000,36667392
301491,0x011522a0,4477,0x022fa000,36675584
301498,0x011522b0,4478,0x022fc000,36683776
301499,0x011522c0,4479,0x022fe000,36691968
301500,0x011522d0,4480,0x02300000,36700160
301501,0x011522e0,4481,0x02302000,36708352
301502,0x011522f0,4482,0x02304000,36716544
301503,0x01152300,4483,0x02306000,36724736
301505,0x01152310,4484,0x02308000,36732928
301507,0x01152320,4485,0x0230a000,36741120
301508,0x01152330,4486,0x0230c000,36749312
301509,0x01152340,4487,0x0230e000,36757504
301510,0x01152350,4488,0x02310000,36765696
301511,0x01152360,4489,0x02312000,36773888
301512,0x01152370,4490,0x02314000,36782080
301513,0x01152380,4491,0x02316000,36790272
301515,0x01152390,4492,0x02318000,36798464
301516,0x011523a0,4493,0x0231a000,36806656
301517,0x011523b0,4494,0x0231c000,36814848
301518,0x011523c0,4495,0x0231e000,36823040
301519,0x011523d0,4496,0x02320000,36831232
301520,0x011523e0,4497,0x02322000,36839424
301522,0x011523f0,4498,0x02324000,36847616
301525,0x01152400,4499,0x02326000,36855808
301526,0x01152410,4500,0x02328000,36864000
301528,0x01152420,4501,0x0232a000,36872192
301529,0x01152430,4502,0x0232c000,36880384
301531,0x01152440,4503,0x0232e000,36888576
301533,0x01152450,4504,0x02330000,36896768
301535,0x01152460,4505,0x02332000,36904960
301536,0x01152470,4506,0x02334000,36913152
301538,0x01152480,4507,0x02336000,36921344
301539,0x01152490,4508,0x02338000,36929536
301548,0x011524a0,4509,0x0233a000,36937728
301550,0x011524b0,4510,0x0233c000,36945920
301551,0x011524c0,4511,0x0233e000,36954112
301552,0x011524d0,4512,0x02340000,36962304
301555,0x011524e0,4513,0x02342000,36970496
301556,0x011524f0,4514,0x02344000,36978688
301557,0x01152500,4515,0x02346000,36986880
301558,0x01152510,4516,0x02348000,36995072
301559,0x01152520,4517,0x0234a000,37003264
301560,0x01152530,4518,0x0234c000,37011456
301563,0x01152540,4519,0x0234e000,37019648
301565,0x01152550,4520,0x02350000,37027840
301566,0x01152560,4521,0x02352000,37036032
301567,0x01152570,4522,0x02354000,37044224
301568,0x01152580,4523,0x02356000,37052416
301571,0x01152590,4524,0x02358000,37060608
301575,0x011525a0,4525,0x0235a000,37068800
301577,0x011525b0,4526,0x0235c000,37076992
301578,0x011525c0,4527,0x0235e000,37085184
301580,0x011525d0,4528,0x02360000,37093376
301581,0x011525e0,4529,0x02362000,37101568
301583,0x011525f0,4530,0x02364000,37109760
301584,0x01152600,4531,0x02366000,37117952
301585,0x01152610,4532,0x02368000,37126144
301586,0x01152620,4533,0x0236a000,37134336
301587,0x01152630,4534,0x0236c000,37142528
301588,0x01152640,4535,0x0236e000,37150720
301589,0x01152650,4536,0x02370000,37158912
301590,0x01152660,4537,0x02372000,37167104
301591,0x01152670,4538,0x02374000,37175296
301592,0x01152680,4539,0x02376000,37183488
301595,0x01152690,4540,0x02378000,37191680
301596,0x011526a0,4541,0x0237a000,37199872
301598,0x011526b0,4542,0x0237c000,37208064
301599,0x011526c0,4543,0x0237e000,37216256
301600,0x011526d0,4544,0x02380000,37224448
301601,0x011526e0,4545,0x02382000,37232640
301602,0x011526f0,4546,0x02384000,37240832
301603,0x01152700,4547,0x02386000,37249024
301606,0x01152710,4548,0x02388000,37257216
301607,0x01152720,4549,0x0238a000,37265408
301608,0x01152730,4550,0x0238c000,37273600
301609,0x01152740,4551,0x0238e000,37281792
301611,0x01152750,4552,0x02390000,37289984
301613,0x01152760,4553,0x02392000,37298176
301616,0x01152770,4554,0x02394000,37306368
301617,0x01152780,4555,0x02396000,37314560
301618,0x01152790,4556,0x02398000,37322752
301622,0x011527a0,4557,0x0239a000,37330944
301626,0x011527b0,4558,0x0239c000,37339136
301628,0x011527c0,4559,0x0239e000,37347328
301629,0x011527d0,4560,0x023a0000,37355520
301630,0x011527e0,4561,0x023a2000,37363712
301631,0x011527f0,4562,0x023a4000,37371904
301632,0x01152800,4563,0x023a6000,37380096
301633,0x01152810,4564,0x023a8000,37388288
301636,0x01152820,4565,0x023aa000,37396480
301638,0x01152830,4566,0x023ac000,37404672
301655,0x01152840,4567,0x023ae000,37412864
301656,0x01152850,4568,0x023b0000,37421056
301658,0x01152860,4569,0x023b2000,37429248
301662,0x01152870,4570,0x023b4000,37437440
301665,0x01152880,4571,0x023b6000,37445632
301666,0x01152890,4572,0x023b8000,37453824
301667,0x011528a0,4573,0x023ba000,37462016
301668,0x011528b0,4574,0x023bc000,37470208
301669,0x011528c0,4575,0x023be000,37478400
301677,0x011528d0,4576,0x023c0000,37486592
301678,0x011528e0,4577,0x023c2000,37494784
301680,0x011528f0,4578,0x023c4000,37502976
301682,0x01152900,4579,0x023c6000,37511168
301683,0x01152910,4580,0x023c8000,37519360
301687,0x01152920,4581,0x023ca000,37527552
301696,0x01152930,4582,0x023cc000,37535744
301707,0x01152940,4583,0x023ce000,37543936
301717,0x01152950,4584,0x023d0000,37552128
302132,0x01152960,4585,0x023d2000,37560320
180101,0x01152970,4586,0x023d4000,37568512
180102,0x01152980,4587,0x023d6000,37576704
180103,0x01152990,4588,0x023d8000,37584896
180105,0x011529a0,4589,0x023da000,37593088
180106,0x011529b0,4590,0x023dc000,37601280
180201,0x011529c0,4591,0x023de000,37609472
180202,0x011529d0,4592,0x023e0000,37617664
180203,0x011529e0,4593,0x023e2000,37625856
180301,0x011529f0,4594,0x023e4000,37634048
180302,0x01152a00,4595,0x023e6000,37642240
180303,0x01152a10,4596,0x023e8000,37650432
180305,0x01152a20,4597,0x023ea000,37658624
180306,0x01152a30,4598,0x023ec000,37666816
180401,0x01152a40,4599,0x023ee000,37675008
180402,0x01152a50,4600,0x023f0000,37683200
180501,0x01152a60,4601,0x023f2000,37691392
180502,0x01152a70,4602,0x023f4000,37699584
180503,0x01152a80,4603,0x023f6000,37707776
180601,0x01152a90,4604,0x023f8000,37715968
180602,0x01152aa0,4605,0x023fa000,37724160
180603,0x01152ab0,4606,0x023fc000,37732352
180605,0x01152ac0,4607,0x023fe000,37740544
180606,0x01152ad0,4608,0x02400000,37748736
180607,0x01152ae0,4609,0x02402000,37756928
180701,0x01152af0,4610,0x02404000,37765120
180801,0x01152b00,4611,0x02406000,37773312
180901,0x01152b10,4612,0x02408000,37781504
