code,file_offset_hex,block_no,block_offset_hex,block_offset_bytes
300816,0x00006000,152,0x00130000,1245184
000025,0x00006010,1010,0x007e4000,8273920
159015,0x00006020,2374,0x0128c000,19447808
160910,0x00006030,3154,0x018a4000,25837568
161722,0x00006040,3220,0x01928000,26378240
301628,0x00006050,4441,0x022b2000,36380672
300817,0x00006080,153,0x00132000,1253376
399344,0x00006090,729,0x005b2000,5971968
000026,0x000060a0,1011,0x007e6000,8282112
159016,0x000060b0,2375,0x0128e000,19456000
301580,0x000060c0,4410,0x02274000,36126720
301629,0x000060d0,4442,0x022b4000,36388864
300818,0x00006100,154,0x00134000,1261568
000027,0x00006110,1012,0x007e8000,8290304
159017,0x00006120,2376,0x01290000,19464192
161724,0x00006130,3221,0x0192a000,26386432
301581,0x00006140,4411,0x02276000,36134912
300819,0x00006180,155,0x00136000,1269760
399346,0x00006190,730,0x005b4000,5980160
000028,0x000061a0,1013,0x007ea000,8298496
159018,0x000061b0,2377,0x01292000,19472384
161725,0x000061c0,3222,0x0192c000,26394624
300770,0x000061d0,3937,0x01ec2000,32251904
000029,0x00006200,1014,0x007ec000,8306688
159019,0x00006210,2378,0x01294000,19480576
161726,0x00006220,3223,0x0192e000,26402816
300771,0x00006230,3938,0x01ec4000,32260096
301583,0x00006240,4412,0x02278000,36143104
399348,0x00006280,731,0x005b6000,5988352
161727,0x00006290,3224,0x01930000,26411008
300772,0x000062a0,3939,0x01ec6000,32268288
301584,0x000062b0,4413,0x0227a000,36151296
160916,0x00006300,3155,0x018a6000,25845760
161728,0x00006310,3225,0x01932000,26419200
300773,0x00006320,3940,0x01ec8000,32276480
301585,0x00006330,4414,0x0227c000,36159488
161729,0x00006380,3226,0x01934000,26427392
300774,0x00006390,3941,0x01eca000,32284672
301586,0x000063a0,4415,0x0227e000,36167680
160918,0x00006400,3156,0x018a8000,25853952
300775,0x00006410,3942,0x01ecc000,32292864
301587,0x00006420,4416,0x02280000,36175872
160919,0x00006480,3157,0x018aa000,25862144
300776,0x00006490,3943,0x01ece000,32301056
301588,0x000064a0,4417,0x02282000,36184064
300777,0x00006500,3944,0x01ed0000,32309248
301589,0x00006510,4418,0x02284000,36192256
300778,0x00006580,3945,0x01ed2000,32317440
300779,0x00006600,3946,0x01ed4000,32325632
200725,0x00006700,1454,0x00b5c000,11911168
200726,0x00006780,1455,0x00b5e000,11919360
000301,0x00006880,472,0x003b0000,3866624
399620,0x00006900,839,0x0068e000,6873088
399621,0x00006980,840,0x00690000,6881280
399622,0x00006a00,841,0x00692000,6889472
399623,0x00006a80,842,0x00694000,6897664
399624,0x00006b00,843,0x00696000,6905856
399625,0x00006b80,844,0x00698000,6914048
399626,0x00006c00,845,0x0069a000,6922240
003010,0x00006c10,2167,0x010ee000,17752064
399627,0x00006c80,846,0x0069c000,6930432
003011,0x00006c90,2168,0x010f0000,17760256
002200,0x00006d00,216,0x001b0000,1769472
399628,0x00006d10,847,0x0069e000,6938624
003012,0x00006d20,2169,0x010f2000,17768448
159251,0x00006d30,2576,0x01420000,21102592
002201,0x00006d80,217,0x001b2000,1777664
399629,0x00006d90,848,0x006a0000,6946816
003013,0x00006da0,2170,0x010f4000,17776640
002202,0x00006e00,218,0x001b4000,1785856
159253,0x00006e10,2577,0x01422000,21110784
002203,0x00006e80,1608,0x00c90000,13172736
003015,0x00006e90,2171,0x010f6000,17784832
002204,0x00006f00,1609,0x00c92000,13180928
003016,0x00006f10,2172,0x010f8000,17793024
159255,0x00006f20,2578,0x01424000,21118976
002205,0x00006f80,1610,0x00c94000,13189120
003017,0x00006f90,2173,0x010fa000,17801216
159256,0x00006fa0,2579,0x01426000,21127168
399001,0x00007000,83,0x000a6000,679936
399006,0x00007010,84,0x000a8000,688128
301068,0x00007020,4139,0x02056000,33906688
301069,0x00007030,4140,0x02058000,33914880
301070,0x00007040,4141,0x0205a000,33923072
301071,0x00007050,4142,0x0205c000,33931264
301072,0x00007060,4143,0x0205e000,33939456
301073,0x00007070,4144,0x02060000,33947648
301075,0x00007080,4145,0x02062000,33955840
301076,0x00007090,4146,0x02064000,33964032
301077,0x000070a0,4147,0x02066000,33972224
301078,0x000070b0,4148,0x02068000,33980416
301079,0x000070c0,4149,0x0206a000,33988608
301080,0x000070d0,4150,0x0206c000,33996800
301081,0x000070e0,4151,0x0206e000,34004992
301082,0x000070f0,4152,0x02070000,34013184
301083,0x00007100,4153,0x02072000,34021376
301085,0x00007110,4154,0x02074000,34029568
301086,0x00007120,4155,0x02076000,34037760
301087,0x00007130,4156,0x02078000,34045952
301088,0x00007140,4157,0x0207a000,34054144
301089,0x00007150,4158,0x0207c000,34062336
301090,0x00007160,4159,0x0207e000,34070528
301091,0x00007170,4160,0x02080000,34078720
301092,0x00007180,4161,0x02082000,34086912
301093,0x00007190,4162,0x02084000,34095104
301095,0x000071a0,4163,0x02086000,34103296
301096,0x000071b0,4164,0x02088000,34111488
301097,0x000071c0,4165,0x0208a000,34119680
301098,0x000071d0,4166,0x0208c000,34127872
301099,0x000071e0,4167,0x0208e000,34136064
301100,0x000071f0,4168,0x02090000,34144256
301101,0x00007200,4169,0x02092000,34152448
301179,0x00007210,4233,0x02112000,34676736
301180,0x00007220,4234,0x02114000,34684928
301181,0x00007230,4235,0x02116000,34693120
301182,0x00007240,4236,0x02118000,34701312
301183,0x00007250,4237,0x0211a000,34709504
301185,0x00007260,4238,0x0211c000,34717696
301186,0x00007270,4239,0x0211e000,34725888
301187,0x00007280,4240,0x02120000,34734080
301188,0x00007290,4241,0x02122000,34742272
301189,0x000072a0,4242,0x02124000,34750464
301190,0x000072b0,4243,0x02126000,34758656
301191,0x000072c0,4244,0x02128000,34766848
301192,0x000072d0,4245,0x0212a000,34775040
301193,0x000072e0,4246,0x0212c000,34783232
301195,0x000072f0,4247,0x0212e000,34791424
301196,0x00007300,4248,0x02130000,34799616
301197,0x00007310,4249,0x02132000,34807808
301198,0x00007320,4250,0x02134000,34816000
301199,0x00007330,4251,0x02136000,34824192
301200,0x00007340,4252,0x02138000,34832384
301201,0x00007350,4253,0x0213a000,34840576
301202,0x00007360,4254,0x0213c000,34848768
301203,0x00007370,4255,0x0213e000,34856960
301205,0x00007380,4256,0x02140000,34865152
301206,0x00007390,4257,0x02142000,34873344
301207,0x000073a0,4258,0x02144000,34881536
301208,0x000073b0,4259,0x02146000,34889728
301209,0x000073c0,4260,0x02148000,34897920
301210,0x000073d0,4261,0x0214a000,34906112
301211,0x000073e0,4262,0x0214c000,34914304
301212,0x000073f0,4263,0x0214e000,34922496
300101,0x00007400,3232,0x01940000,26476544
300102,0x00007410,3233,0x01942000,26484736
300103,0x00007420,3234,0x01944000,26492928
300105,0x00007430,3235,0x01946000,26501120
300106,0x00007440,3236,0x01948000,26509312
300107,0x00007450,3237,0x0194a000,26517504
300109,0x00007460,3238,0x0194c000,26525696
300110,0x00007470,3239,0x0194e000,26533888
300111,0x00007480,3240,0x01950000,26542080
300112,0x00007490,3241,0x01952000,26550272
300113,0x000074a0,3242,0x01954000,26558464
300115,0x000074b0,3243,0x01956000,26566656
300118,0x000074c0,3244,0x01958000,26574848
300119,0x000074d0,3245,0x0195a000,26583040
300120,0x000074e0,3246,0x0195c000,26591232
300121,0x000074f0,3247,0x0195e000,26599424
300122,0x00007500,3248,0x01960000,26607616
300124,0x00007510,3250,0x01964000,26624000
300125,0x00007520,3251,0x01966000,26632192
300126,0x00007530,3252,0x01968000,26640384
300127,0x00007540,3253,0x0196a000,26648576
300128,0x00007550,3254,0x0196c000,26656768
300129,0x00007560,3255,0x0196e000,26664960
300130,0x00007570,3256,0x01970000,26673152
300131,0x00007580,3257,0x01972000,26681344
300132,0x00007590,3258,0x01974000,26689536
300133,0x000075a0,3259,0x01976000,26697728
300134,0x000075b0,3260,0x01978000,26705920
300135,0x000075c0,3261,0x0197a000,26714112
300136,0x000075d0,3262,0x0197c000,26722304
300137,0x000075e0,3263,0x0197e000,26730496
300213,0x000075f0,3334,0x01a0c000,27312128
300214,0x00007600,3335,0x01a0e000,27320320
300215,0x00007610,3336,0x01a10000,27328512
300217,0x00007620,3337,0x01a12000,27336704
300218,0x00007630,3338,0x01a14000,27344896
300219,0x00007640,3339,0x01a16000,27353088
300220,0x00007650,3340,0x01a18000,27361280
300221,0x00007660,3341,0x01a1a000,27369472
300222,0x00007670,3342,0x01a1c000,27377664
300223,0x00007680,3343,0x01a1e000,27385856
300224,0x00007690,3344,0x01a20000,27394048
300225,0x000076a0,3345,0x01a22000,27402240
300226,0x000076b0,3346,0x01a24000,27410432
300227,0x000076c0,3347,0x01a26000,27418624
300228,0x000076d0,3348,0x01a28000,27426816
300229,0x000076e0,3349,0x01a2a000,27435008
300230,0x000076f0,3350,0x01a2c000,27443200
300231,0x00007700,3351,0x01a2e000,27451392
300232,0x00007710,3352,0x01a30000,27459584
300233,0x00007720,3353,0x01a32000,27467776
300234,0x00007730,3354,0x01a34000,27475968
300235,0x00007740,3355,0x01a36000,27484160
300236,0x00007750,3356,0x01a38000,27492352
300238,0x00007760,3358,0x01a3c000,27508736
300239,0x00007770,3359,0x01a3e000,27516928
300240,0x00007780,3360,0x01a40000,27525120
300241,0x00007790,3361,0x01a42000,27533312
300242,0x000077a0,3362,0x01a44000,27541504
300243,0x000077b0,3363,0x01a46000,27549696
300244,0x000077c0,3364,0x01a48000,27557888
300246,0x000077d0,3366,0x01a4c000,27574272
300786,0x000077e0,3871,0x01e3e000,31711232
300787,0x000077f0,3872,0x01e40000,31719424
300788,0x00007800,3873,0x01e42000,31727616
300789,0x00007810,3874,0x01e44000,31735808
300790,0x00007820,3875,0x01e46000,31744000
300791,0x00007830,3876,0x01e48000,31752192
300792,0x00007840,3877,0x01e4a000,31760384
300793,0x00007850,3878,0x01e4c000,31768576
300795,0x00007860,3879,0x01e4e000,31776768
300796,0x00007870,3880,0x01e50000,31784960
300797,0x00007880,3881,0x01e52000,31793152
300798,0x00007890,3882,0x01e54000,31801344
300800,0x000078a0,3883,0x01e56000,31809536
300801,0x000078b0,3884,0x01e58000,31817728
300802,0x000078c0,3885,0x01e5a000,31825920
300803,0x000078d0,3886,0x01e5c000,31834112
300805,0x000078e0,3888,0x01e60000,31850496
300806,0x000078f0,3889,0x01e62000,31858688
300807,0x00007900,3890,0x01e64000,31866880
300808,0x00007910,3891,0x01e66000,31875072
300809,0x00007920,3892,0x01e68000,31883264
300810,0x00007930,3893,0x01e6a000,31891456
300811,0x00007940,3894,0x01e6c000,31899648
300812,0x00007950,3895,0x01e6e000,31907840
300813,0x00007960,3896,0x01e70000,31916032
300815,0x00007970,3898,0x01e74000,31932416
300816,0x00007980,3899,0x01e76000,31940608
300817,0x00007990,3900,0x01e78000,31948800
300818,0x000079a0,3901,0x01e7a000,31956992
300819,0x000079b0,3902,0x01e7c000,31965184
300820,0x000079c0,3903,0x01e7e000,31973376
000868,0x000079d0,778,0x00614000,6373376
000869,0x000079e0,779,0x00616000,6381568
000875,0x000079f0,780,0x00618000,6389760
000876,0x00007a00,781,0x0061a000,6397952
000877,0x00007a10,782,0x0061c000,6406144
000878,0x00007a20,783,0x0061e000,6414336
000880,0x00007a30,784,0x00620000,6422528
000881,0x00007a40,785,0x00622000,6430720
000882,0x00007a50,786,0x00624000,6438912
000883,0x00007a60,787,0x00626000,6447104
000885,0x00007a70,788,0x00628000,6455296
000886,0x00007a80,789,0x0062a000,6463488
000887,0x00007a90,790,0x0062c000,6471680
000888,0x00007aa0,791,0x0062e000,6479872
000889,0x00007ab0,792,0x00630000,6488064
000890,0x00007ac0,793,0x00632000,6496256
000892,0x00007ad0,794,0x00634000,6504448
000893,0x00007ae0,795,0x00636000,6512640
000895,0x00007af0,796,0x00638000,6520832
000897,0x00007b00,797,0x0063a000,6529024
000898,0x00007b10,798,0x0063c000,6537216
000899,0x00007b20,799,0x0063e000,6545408
000900,0x00007b30,800,0x00640000,6553600
000901,0x00007b40,801,0x00642000,6561792
000902,0x00007b50,802,0x00644000,6569984
000905,0x00007b60,804,0x00648000,6586368
000906,0x00007b70,805,0x0064a000,6594560
000908,0x00007b80,806,0x0064c000,6602752
000910,0x00007b90,808,0x00650000,6619136
000912,0x00007ba0,810,0x00654000,6635520
000913,0x00007bb0,811,0x00656000,6643712
002169,0x00007bc0,1183,0x0093e000,9691136
002170,0x00007bd0,1184,0x00940000,9699328
002171,0x00007be0,1185,0x00942000,9707520
002172,0x00007bf0,1186,0x00944000,9715712
002173,0x00007c00,1187,0x00946000,9723904
002174,0x00007c10,1188,0x00948000,9732096
002176,0x00007c20,1190,0x0094c000,9748480
002177,0x00007c30,1191,0x0094e000,9756672
002178,0x00007c40,1192,0x00950000,9764864
002179,0x00007c50,1193,0x00952000,9773056
002180,0x00007c60,1194,0x00954000,9781248
002181,0x00007c70,1195,0x00956000,9789440
002182,0x00007c80,1196,0x00958000,9797632
002183,0x00007c90,1197,0x0095a000,9805824
002184,0x00007ca0,1198,0x0095c000,9814016
002185,0x00007cb0,1199,0x0095e000,9822208
002186,0x00007cc0,1200,0x00960000,9830400
002187,0x00007cd0,1201,0x00962000,9838592
002188,0x00007ce0,1202,0x00964000,9846784
002189,0x00007cf0,1203,0x00966000,9854976
002190,0x00007d00,1204,0x00968000,9863168
002191,0x00007d10,1205,0x0096a000,9871360
002192,0x00007d20,1206,0x0096c000,9879552
002194,0x00007d30,1208,0x00970000,9895936
002195,0x00007d40,1209,0x00972000,9904128
002196,0x00007d50,1210,0x00974000,9912320
002197,0x00007d60,1211,0x00976000,9920512
002199,0x00007d70,1213,0x0097a000,9936896
002200,0x00007d80,1214,0x0097c000,9945088
002201,0x00007d90,1215,0x0097e000,9953280
002202,0x00007da0,1216,0x00980000,9961472
002616,0x00007db0,1600,0x00c80000,13107200
002617,0x00007dc0,1601,0x00c82000,13115392
002622,0x00007dd0,1603,0x00c86000,13131776
002623,0x00007de0,1604,0x00c88000,13139968
002624,0x00007df0,1605,0x00c8a000,13148160
002625,0x00007e00,1606,0x00c8c000,13156352
002626,0x00007e10,1607,0x00c8e000,13164544
002627,0x00007e20,1608,0x00c90000,13172736
002628,0x00007e30,1609,0x00c92000,13180928
002629,0x00007e40,1610,0x00c94000,13189120
002631,0x00007e50,1612,0x00c98000,13205504
002632,0x00007e60,1613,0x00c9a000,13213696
002633,0x00007e70,1614,0x00c9c000,13221888
002635,0x00007e80,1616,0x00ca0000,13238272
002636,0x00007e90,1617,0x00ca2000,13246464
002637,0x00007ea0,1618,0x00ca4000,13254656
002638,0x00007eb0,1619,0x00ca6000,13262848
002639,0x00007ec0,1620,0x00ca8000,13271040
002640,0x00007ed0,1621,0x00caa000,13279232
002641,0x00007ee0,1622,0x00cac000,13287424
002642,0x00007ef0,1623,0x00cae000,13295616
002643,0x00007f00,1624,0x00cb0000,13303808
002644,0x00007f10,1625,0x00cb2000,13312000
002645,0x00007f20,1626,0x00cb4000,13320192
002646,0x00007f30,1627,0x00cb6000,13328384
002647,0x00007f40,1628,0x00cb8000,13336576
002648,0x00007f50,1629,0x00cba000,13344768
002649,0x00007f60,1630,0x00cbc000,13352960
002651,0x00007f70,1632,0x00cc0000,13369344
002652,0x00007f80,1633,0x00cc2000,13377536
002653,0x00007f90,1634,0x00cc4000,13385728
002675,0x00007fa0,1655,0x00cee000,13557760
002676,0x00007fb0,1656,0x00cf0000,13565952
002677,0x00007fc0,1657,0x00cf2000,13574144
002678,0x00007fd0,1658,0x00cf4000,13582336
002679,0x00007fe0,1659,0x00cf6000,13590528
002681,0x00007ff0,1660,0x00cf8000,13598720
002206,0x00008000,1611,0x00c96000,13197312
003018,0x00008010,2174,0x010fc000,17809408
159257,0x00008020,2580,0x01428000,21135360
165520,0x00008030,3312,0x019e0000,27131904
002207,0x00008080,1612,0x00c98000,13205504
003019,0x00008090,2175,0x010fe000,17817600
159258,0x000080a0,2581,0x0142a000,21143552
165521,0x000080b0,3313,0x019e2000,27140096
002208,0x00008100,1613,0x00c9a000,13213696
159259,0x00008110,2582,0x0142c000,21151744
165522,0x00008120,3314,0x019e4000,27148288
002160,0x00008180,1596,0x00c78000,13074432
002209,0x00008190,1614,0x00c9c000,13221888
002161,0x00008200,1597,0x00c7a000,13082624
002162,0x00008280,1598,0x00c7c000,13090816
165525,0x00008290,3315,0x019e6000,27156480
002163,0x00008300,1599,0x00c7e000,13099008
002164,0x00008380,1600,0x00c80000,13107200
399901,0x00008400,940,0x00758000,7700480
002165,0x00008410,1601,0x00c82000,13115392
165528,0x00008420,3316,0x019e8000,27164672
002166,0x00008480,1602,0x00c84000,13123584
399903,0x00008500,941,0x0075a000,7708672
002167,0x00008510,1603,0x00c86000,13131776
002168,0x00008580,1604,0x00c88000,13139968
163907,0x00008590,3285,0x019aa000,26910720
002169,0x00008600,188,0x00178000,1540096
399905,0x00008610,942,0x0075c000,7716864
159530,0x00008700,2721,0x01542000,22290432
000541,0x00008780,1083,0x00876000,8871936
159531,0x00008790,2722,0x01544000,22298624
159532,0x00008800,2723,0x01546000,22306816
000543,0x00008880,1084,0x00878000,8880128
159533,0x00008890,2724,0x01548000,22315008
000544,0x00008900,1085,0x0087a000,8888320
001356,0x00008910,1400,0x00af0000,11468800
000545,0x00008980,1086,0x0087c000,8896512
159535,0x00008990,2725,0x0154a000,22323200
000546,0x00008a00,1087,0x0087e000,8904704
001358,0x00008a10,1401,0x00af2000,11476992
159536,0x00008a20,2726,0x0154c000,22331392
395032,0x00008a30,3356,0x01a38000,27492352
300020,0x00008a80,381,0x002fa000,3121152
000547,0x00008a90,1088,0x00880000,8912896
001359,0x00008aa0,1402,0x00af4000,11485184
159537,0x00008ab0,2727,0x0154e000,22339584
395033,0x00008ac0,3357,0x01a3a000,27500544
300021,0x00008b00,553,0x00452000,4530176
000548,0x00008b10,1089,0x00882000,8921088
159538,0x00008b20,2728,0x01550000,22347776
395034,0x00008b30,3358,0x01a3c000,27508736
300022,0x00008b80,554,0x00454000,4538368
159539,0x00008b90,2729,0x01552000,22355968
002440,0x00008c00,1830,0x00e4c000,14991360
300024,0x00008c80,555,0x00456000,4546560
002441,0x00008c90,1831,0x00e4e000,14999552
300025,0x00008d00,556,0x00458000,4554752
002442,0x00008d10,1832,0x00e50000,15007744
300026,0x00008d80,557,0x0045a000,4562944
002443,0x00008d90,1833,0x00e52000,15015936
300027,0x00008e00,382,0x002fc000,3129344
002444,0x00008e10,1834,0x00e54000,15024128
002445,0x00008e80,1835,0x00e56000,15032320
002446,0x00008f00,1836,0x00e58000,15040512
002448,0x00009000,1837,0x00e5a000,15048704
160125,0x00009010,3081,0x01812000,25239552
002449,0x00009080,1838,0x00e5c000,15056896
160127,0x00009100,3082,0x01814000,25247744
000820,0x00009180,1262,0x009dc000,10338304
159810,0x00009190,2940,0x016f8000,24084480
160128,0x000091a0,3083,0x01816000,25255936
000821,0x00009200,1263,0x009de000,10346496
159811,0x00009210,2941,0x016fa000,24092672
000822,0x00009280,1264,0x009e0000,10354688
159812,0x00009290,2942,0x016fc000,24100864
000823,0x00009300,1265,0x009e2000,10362880
159813,0x00009310,2943,0x016fe000,24109056
159814,0x00009380,2944,0x01700000,24117248
301110,0x00009400,577,0x00482000,4726784
000825,0x00009410,1266,0x009e4000,10371072
301111,0x00009480,578,0x00484000,4734976
000826,0x00009490,1267,0x009e6000,10379264
159816,0x000094a0,2945,0x01702000,24125440
301112,0x00009500,579,0x00486000,4743168
300300,0x00009510,3538,0x01ba4000,28983296
301113,0x00009580,580,0x00488000,4751360
000828,0x00009590,1268,0x009e8000,10387456
300301,0x000095a0,3539,0x01ba6000,28991488
000829,0x00009600,1269,0x009ea000,10395648
159770,0x00009610,2911,0x016be000,23846912
159819,0x00009620,2946,0x01704000,24133632
300302,0x00009630,3540,0x01ba8000,28999680
301115,0x00009680,581,0x0048a000,4759552
300303,0x00009690,3541,0x01baa000,29007872
301116,0x00009700,582,0x0048c000,4767744
000782,0x00009710,1233,0x009a2000,10100736
002721,0x00009720,1977,0x00f72000,16195584
300304,0x00009730,3542,0x01bac000,29016064
301117,0x00009780,583,0x0048e000,4775936
000783,0x00009790,1234,0x009a4000,10108928
002722,0x000097a0,1978,0x00f74000,16203776
159773,0x000097b0,2912,0x016c0000,23855104
300305,0x000097c0,3543,0x01bae000,29024256
301118,0x00009800,584,0x00490000,4784128
002723,0x00009810,1979,0x00f76000,16211968
300306,0x00009820,3544,0x01bb0000,29032448
301070,0x00009880,4,0x00008000,32768
301119,0x00009890,585,0x00492000,4792320
000785,0x000098a0,1235,0x009a6000,10117120
002724,0x000098b0,1980,0x00f78000,16220160
159775,0x000098c0,2913,0x016c2000,23863296
300307,0x000098d0,3545,0x01bb2000,29040640
301071,0x00009900,5,0x0000a000,40960
000786,0x00009910,1236,0x009a8000,10125312
002725,0x00009920,1981,0x00f7a000,16228352
159776,0x00009930,2914,0x016c4000,23871488
300308,0x00009940,3546,0x01bb4000,29048832
301072,0x00009980,6,0x0000c000,49152
002726,0x00009990,369,0x002e2000,3022848
001914,0x000099a0,433,0x00362000,3547136
159777,0x000099b0,2915,0x016c6000,23879680
300260,0x000099c0,3503,0x01b5e000,28696576
301073,0x00009a00,7,0x0000e000,57344
000788,0x00009a10,1237,0x009aa000,10133504
002727,0x00009a20,1982,0x00f7c000,16236544
159778,0x00009a30,2916,0x016c8000,23887872
161216,0x00009a40,3201,0x01902000,26222592
300261,0x00009a50,3504,0x01b60000,28704768
000789,0x00009a80,1238,0x009ac000,10141696
002728,0x00009a90,1983,0x00f7e000,16244736
159779,0x00009aa0,2917,0x016ca000,23896064
161217,0x00009ab0,3202,0x01904000,26230784
301075,0x00009b00,8,0x00010000,65536
002729,0x00009b10,1984,0x00f80000,16252928
300263,0x00009b20,3505,0x01b62000,28712960
301076,0x00009b80,9,0x00012000,73728
002681,0x00009b90,255,0x001fe000,2088960
300264,0x00009ba0,3506,0x01b64000,28721152
161219,0x00009bb0,4495,0x0231e000,36823040
301077,0x00009c00,10,0x00014000,81920
002682,0x00009c10,256,0x00200000,2097152
300265,0x00009c20,3507,0x01b66000,28729344
301078,0x00009c80,11,0x00016000,90112
002683,0x00009c90,257,0x00202000,2105344
300266,0x00009ca0,3508,0x01b68000,28737536
301079,0x00009d00,12,0x00018000,98304
300267,0x00009d10,3509,0x01b6a000,28745728
002685,0x00009d80,258,0x00204000,2113536
300268,0x00009d90,3510,0x01b6c000,28753920
002686,0x00009e00,259,0x00206000,2121728
980076,0x00009e10,989,0x007ba000,8101888
300269,0x00009e20,3511,0x01b6e000,28762112
002687,0x00009e80,260,0x00208000,2129920
123207,0x00009e90,2252,0x01198000,18448384
002688,0x00009f00,261,0x0020a000,2138112
002689,0x00009f80,364,0x002d8000,2981888
123160,0x00009f90,2232,0x01170000,18284544
123209,0x00009fa0,2253,0x0119a000,18456576
163110,0x00009fb0,3264,0x01980000,26738688
163111,0x0000a000,3265,0x01982000,26746880
001872,0x0000a080,431,0x0035e000,3530752
163113,0x0000a100,3266,0x01984000,26755072
163114,0x0000a180,3267,0x01986000,26763264
123165,0x0000a200,2233,0x01172000,18292736
163115,0x0000a210,3268,0x01988000,26771456
163116,0x0000a280,3269,0x0198a000,26779648
003816,0x0000a300,2198,0x0112c000,18006016
123168,0x0000a380,2234,0x01174000,18300928
163118,0x0000a390,3270,0x0198c000,26787840
300540,0x0000a400,508,0x003f8000,4161536
162307,0x0000a410,3245,0x0195a000,26583040
300541,0x0000a480,509,0x003fa000,4169728
301353,0x0000a490,4298,0x02194000,35209216
300542,0x0000a500,510,0x003fc000,4177920
002960,0x0000a580,318,0x0027c000,2605056
300543,0x0000a590,511,0x003fe000,4186112
301355,0x0000a5a0,4299,0x02196000,35217408
002961,0x0000a600,319,0x0027e000,2613248
301356,0x0000a610,4300,0x02198000,35225600
002962,0x0000a680,320,0x00280000,2621440
300545,0x0000a690,512,0x00400000,4194304
301357,0x0000a6a0,4301,0x0219a000,35233792
002963,0x0000a700,321,0x00282000,2629632
300546,0x0000a710,513,0x00402000,4202496
301358,0x0000a720,4302,0x0219c000,35241984
300547,0x0000a780,514,0x00404000,4210688
160641,0x0000a790,3138,0x01884000,25706496
301359,0x0000a7a0,4303,0x0219e000,35250176
002965,0x0000a800,322,0x00284000,2637824
300548,0x0000a810,515,0x00406000,4218880
160642,0x0000a820,3139,0x01886000,25714688
002966,0x0000a880,323,0x00286000,2646016
300549,0x0000a890,516,0x00408000,4227072
160643,0x0000a8a0,3140,0x01888000,25722880
002967,0x0000a900,324,0x00288000,2654208
160644,0x0000a910,3141,0x0188a000,25731072
002968,0x0000a980,325,0x0028a000,2662400
002969,0x0000aa00,326,0x0028c000,2670592
164206,0x0000ac00,3287,0x019ae000,26927104
164208,0x0000ad00,3288,0x019b0000,26935296
301630,0x0000ad80,4443,0x022b6000,36397056
301631,0x0000ae00,4444,0x022b8000,36405248
300820,0x0000ae80,156,0x00138000,1277952
301632,0x0000ae90,4445,0x022ba000,36413440
000030,0x0000af00,1015,0x007ee000,8314880
159020,0x0000af10,2379,0x01296000,19488768
300821,0x0000af20,3955,0x01ee6000,32399360
301633,0x0000af30,4446,0x022bc000,36421632
000031,0x0000af80,1016,0x007f0000,8323072
159021,0x0000af90,2380,0x01298000,19496960
300822,0x0000afa0,3956,0x01ee8000,32407552
399350,0x0000b000,732,0x005b8000,5996544
000032,0x0000b010,1017,0x007f2000,8331264
159022,0x0000b020,2381,0x0129a000,19505152
300823,0x0000b030,3957,0x01eea000,32415744
399351,0x0000b080,733,0x005ba000,6004736
159023,0x0000b090,2382,0x0129c000,19513344
166105,0x0000b0a0,3327,0x019fe000,27254784
300824,0x0000b0b0,3958,0x01eec000,32423936
301636,0x0000b0c0,4447,0x022be000,36429824
399352,0x0000b100,734,0x005bc000,6012928
000034,0x0000b110,1018,0x007f4000,8339456
300825,0x0000b120,3959,0x01eee000,32432128
399353,0x0000b180,735,0x005be000,6021120
000035,0x0000b190,1019,0x007f6000,8347648
166107,0x0000b1a0,3328,0x01a00000,27262976
300826,0x0000b1b0,3960,0x01ef0000,32440320
301638,0x0000b1c0,4448,0x022c0000,36438016
399354,0x0000b200,736,0x005c0000,6029312
000036,0x0000b210,1020,0x007f8000,8355840
159026,0x0000b220,2383,0x0129e000,19521536
160921,0x0000b230,3158,0x018ac000,25870336
300827,0x0000b240,3961,0x01ef2000,32448512
301590,0x0000b250,4419,0x02286000,36200448
399355,0x0000b280,737,0x005c2000,6037504
000037,0x0000b290,1021,0x007fa000,8364032
159027,0x0000b2a0,2384,0x012a0000,19529728
300828,0x0000b2b0,3962,0x01ef4000,32456704
301591,0x0000b2c0,4420,0x02288000,36208640
399356,0x0000b300,738,0x005c4000,6045696
159028,0x0000b310,2385,0x012a2000,19537920
300780,0x0000b320,3947,0x01ed6000,32333824
300829,0x0000b330,3963,0x01ef6000,32464896
301592,0x0000b340,4421,0x0228a000,36216832
399357,0x0000b380,739,0x005c6000,6053888
000039,0x0000b390,1022,0x007fc000,8372224
159029,0x0000b3a0,2386,0x012a4000,19546112
160924,0x0000b3b0,3159,0x018ae000,25878528
300781,0x0000b3c0,3948,0x01ed8000,32342016
399358,0x0000b400,740,0x005c8000,6062080
160925,0x0000b410,3160,0x018b0000,25886720
300782,0x0000b420,3949,0x01eda000,32350208
399359,0x0000b480,741,0x005ca000,6070272
160926,0x0000b490,3161,0x018b2000,25894912
300783,0x0000b4a0,3950,0x01edc000,32358400
301595,0x0000b4b0,4422,0x0228c000,36225024
300784,0x0000b500,3951,0x01ede000,32366592
301596,0x0000b510,4423,0x0228e000,36233216
300785,0x0000b580,3952,0x01ee0000,32374784
300786,0x0000b600,126,0x000fc000,1032192
301598,0x0000b610,4424,0x02290000,36241408
300787,0x0000b680,127,0x000fe000,1040384
301599,0x0000b690,4425,0x02292000,36249600
300788,0x0000b700,128,0x00100000,1048576
300789,0x0000b780,129,0x00102000,1056768
159300,0x0000b980,2618,0x01474000,21446656
159301,0x0000ba00,2619,0x01476000,21454848
399630,0x0000ba80,849,0x006a2000,6955008
159302,0x0000ba90,2620,0x01478000,21463040
399631,0x0000bb00,850,0x006a4000,6963200
159303,0x0000bb10,2621,0x0147a000,21471232
399632,0x0000bb80,851,0x006a6000,6971392
399633,0x0000bc00,852,0x006a8000,6979584
159305,0x0000bc10,2622,0x0147c000,21479424
399634,0x0000bc80,853,0x006aa000,6987776
159306,0x0000bc90,2623,0x0147e000,21487616
399635,0x0000bd00,854,0x006ac000,6995968
159307,0x0000bd10,2624,0x01480000,21495808
399636,0x0000bd80,855,0x006ae000,7004160
003020,0x0000bd90,2176,0x01100000,17825792
399637,0x0000be00,856,0x006b0000,7012352
003021,0x0000be10,2177,0x01102000,17833984
159260,0x0000be20,2583,0x0142e000,21159936
159309,0x0000be30,2625,0x01482000,21504000
399638,0x0000be80,857,0x006b2000,7020544
002210,0x0000be90,1615,0x00c9e000,13230080
003022,0x0000bea0,2178,0x01104000,17842176
159261,0x0000beb0,2584,0x01430000,21168128
399639,0x0000bf00,858,0x006b4000,7028736
002211,0x0000bf10,1616,0x00ca0000,13238272
003023,0x0000bf20,2179,0x01106000,17850368
159262,0x0000bf30,2585,0x01432000,21176320
002212,0x0000bf80,1617,0x00ca2000,13246464
159263,0x0000bf90,2586,0x01434000,21184512
002213,0x0000c000,1618,0x00ca4000,13254656
003025,0x0000c010,2180,0x01108000,17858560
002214,0x0000c080,1619,0x00ca6000,13262848
003026,0x0000c090,2181,0x0110a000,17866752
159265,0x0000c0a0,2587,0x01436000,21192704
002215,0x0000c100,1620,0x00ca8000,13271040
003027,0x0000c110,2182,0x0110c000,17874944
159266,0x0000c120,2588,0x01438000,21200896
002216,0x0000c180,1621,0x00caa000,13279232
003028,0x0000c190,2183,0x0110e000,17883136
159267,0x0000c1a0,2589,0x0143a000,21209088
002217,0x0000c200,1622,0x00cac000,13287424
003029,0x0000c210,2184,0x01110000,17891328
159268,0x0000c220,2590,0x0143c000,21217280
002218,0x0000c280,1623,0x00cae000,13295616
159269,0x0000c290,2591,0x0143e000,21225472
180501,0x0000c2a0,4482,0x02304000,36716544
002170,0x0000c300,189,0x0017a000,1548288
001400,0x0000c310,1422,0x00b1c000,11649024
002219,0x0000c320,1624,0x00cb0000,13303808
180502,0x0000c330,4483,0x02306000,36724736
002171,0x0000c380,190,0x0017c000,1556480
180503,0x0000c390,4484,0x02308000,36732928
002172,0x0000c400,191,0x0017e000,1564672
002173,0x0000c480,192,0x00180000,1572864
002174,0x0000c500,193,0x00182000,1581056
002175,0x0000c580,1605,0x00c8a000,13148160
002176,0x0000c600,194,0x00184000,1589248
002177,0x0000c680,195,0x00186000,1597440
399913,0x0000c690,943,0x0075e000,7725056
002178,0x0000c700,196,0x00188000,1605632
399914,0x0000c710,944,0x00760000,7733248
002179,0x0000c780,197,0x0018a000,1613824
001360,0x0000c790,1403,0x00af6000,11493376
000550,0x0000c880,1090,0x00884000,8929280
159540,0x0000c890,2730,0x01554000,22364160
000551,0x0000c900,1091,0x00886000,8937472
159541,0x0000c910,2731,0x01556000,22372352
000552,0x0000c980,1092,0x00888000,8945664
159542,0x0000c990,2732,0x01558000,22380544
000553,0x0000ca00,1093,0x0088a000,8953856
001365,0x0000ca10,1404,0x00af8000,11501568
159543,0x0000ca20,2733,0x0155a000,22388736
001366,0x0000ca80,427,0x00356000,3497984
000554,0x0000ca90,1094,0x0088c000,8962048
000555,0x0000cb00,1095,0x0088e000,8970240
001367,0x0000cb10,1405,0x00afa000,11509760
159545,0x0000cb20,2734,0x0155c000,22396928
001368,0x0000cb80,428,0x00358000,3506176
159546,0x0000cb90,2735,0x0155e000,22405120
300030,0x0000cc00,558,0x0045c000,4571136
000557,0x0000cc10,1096,0x00890000,8978432
001369,0x0000cc20,1406,0x00afc000,11517952
159547,0x0000cc30,2736,0x01560000,22413312
300031,0x0000cc80,559,0x0045e000,4579328
000558,0x0000cc90,1097,0x00892000,8986624
300032,0x0000cd00,560,0x00460000,4587520
000559,0x0000cd10,1098,0x00894000,8994816
159549,0x0000cd20,2737,0x01562000,22421504
300033,0x0000cd80,561,0x00462000,4595712
300034,0x0000ce00,562,0x00464000,4603904
002451,0x0000ce10,1839,0x00e5e000,15065088
300035,0x0000ce80,563,0x00466000,4612096
002452,0x0000ce90,1840,0x00e60000,15073280
300036,0x0000cf00,564,0x00468000,4620288
002453,0x0000cf10,1841,0x00e62000,15081472
300037,0x0000cf80,565,0x0046a000,4628480
002454,0x0000cf90,1842,0x00e64000,15089664
002455,0x0000d000,1843,0x00e66000,15097856
300039,0x0000d080,566,0x0046c000,4636672
002456,0x0000d090,1844,0x00e68000,15106048
160133,0x0000d0a0,3084,0x01818000,25264128
002457,0x0000d100,1845,0x00e6a000,15114240
002458,0x0000d180,1846,0x00e6c000,15122432
160135,0x0000d190,3085,0x0181a000,25272320
002459,0x0000d200,1847,0x00e6e000,15130624
000830,0x0000d300,1270,0x009ec000,10403840
159820,0x0000d310,2947,0x01706000,24141824
000831,0x0000d380,1271,0x009ee000,10412032
159821,0x0000d390,2948,0x01708000,24150016
159822,0x0000d400,2949,0x0170a000,24158208
000833,0x0000d480,1272,0x009f0000,10420224
159824,0x0000d500,2950,0x0170c000,24166400
301120,0x0000d580,586,0x00494000,4800512
159825,0x0000d590,2951,0x0170e000,24174592
301121,0x0000d600,587,0x00496000,4808704
301122,0x0000d680,588,0x00498000,4816896
000837,0x0000d690,1273,0x009f2000,10428416
159827,0x0000d6a0,2952,0x01710000,24182784
300310,0x0000d6b0,3547,0x01bb6000,29057024
301123,0x0000d700,589,0x0049a000,4825088
000838,0x0000d710,1274,0x009f4000,10436608
159828,0x0000d720,2953,0x01712000,24190976
300311,0x0000d730,3548,0x01bb8000,29065216
000790,0x0000d780,1239,0x009ae000,10149888
000839,0x0000d790,1275,0x009f6000,10444800
159780,0x0000d7a0,2918,0x016cc000,23904256
301125,0x0000d800,590,0x0049c000,4833280
000791,0x0000d810,1240,0x009b0000,10158080
002730,0x0000d820,1985,0x00f82000,16261120
159781,0x0000d830,2919,0x016ce000,23912448
300313,0x0000d840,3549,0x01bba000,29073408
002731,0x0000d880,370,0x002e4000,3031040
301126,0x0000d890,591,0x0049e000,4841472
000792,0x0000d8a0,1241,0x009b2000,10166272
159782,0x0000d8b0,2920,0x016d0000,23920640
300314,0x0000d8c0,3550,0x01bbc000,29081600
000793,0x0000d900,1242,0x009b4000,10174464
002732,0x0000d910,1986,0x00f84000,16269312
159783,0x0000d920,2921,0x016d2000,23928832
300315,0x0000d930,3551,0x01bbe000,29089792
301127,0x0000d940,4149,0x0206a000,33988608
002733,0x0000d980,1987,0x00f86000,16277504
161222,0x0000d990,3203,0x01906000,26238976
300316,0x0000d9a0,3552,0x01bc0000,29097984
301128,0x0000d9b0,4150,0x0206c000,33996800
301080,0x0000da00,13,0x0001a000,106496
000795,0x0000da10,1243,0x009b6000,10182656
002734,0x0000da20,1988,0x00f88000,16285696
300317,0x0000da30,3553,0x01bc2000,29106176
301129,0x0000da40,4151,0x0206e000,34004992
301081,0x0000da80,14,0x0001c000,114688
000796,0x0000da90,1244,0x009b8000,10190848
002735,0x0000daa0,1989,0x00f8a000,16293888
159786,0x0000dab0,2922,0x016d4000,23937024
161224,0x0000dac0,3204,0x01908000,26247168
300318,0x0000dad0,3554,0x01bc4000,29114368
301082,0x0000db00,15,0x0001e000,122880
000797,0x0000db10,1245,0x009ba000,10199040
002736,0x0000db20,1990,0x00f8c000,16302080
159787,0x0000db30,2923,0x016d6000,23945216
161225,0x0000db40,3205,0x0190a000,26255360
300270,0x0000db50,3512,0x01b70000,28770304
300319,0x0000db60,3555,0x01bc6000,29122560
301083,0x0000db80,16,0x00020000,131072
000798,0x0000db90,1246,0x009bc000,10207232
002737,0x0000dba0,1991,0x00f8e000,16310272
159788,0x0000dbb0,2924,0x016d8000,23953408
161226,0x0000dbc0,3206,0x0190c000,26263552
300271,0x0000dbd0,3513,0x01b72000,28778496
000799,0x0000dc00,1247,0x009be000,10215424
002738,0x0000dc10,1992,0x00f90000,16318464
161227,0x0000dc20,3207,0x0190e000,26271744
300272,0x0000dc30,3514,0x01b74000,28786688
301085,0x0000dc80,17,0x00022000,139264
002690,0x0000dc90,262,0x0020c000,2146304
002739,0x0000dca0,1993,0x00f92000,16326656
160416,0x0000dcb0,3107,0x01846000,25452544
301086,0x0000dd00,18,0x00024000,147456
002691,0x0000dd10,365,0x002da000,2990080
123211,0x0000dd20,2254,0x0119c000,18464768
161229,0x0000dd30,3208,0x01910000,26279936
300274,0x0000dd40,3515,0x01b76000,28794880
301087,0x0000dd80,19,0x00026000,155648
002692,0x0000dd90,263,0x0020e000,2154496
300275,0x0000dda0,3516,0x01b78000,28803072
301088,0x0000de00,20,0x00028000,163840
002693,0x0000de10,264,0x00210000,2162688
123213,0x0000de20,2255,0x0119e000,18472960
300276,0x0000de30,3517,0x01b7a000,28811264
301089,0x0000de80,21,0x0002a000,172032
002694,0x0000de90,366,0x002dc000,2998272
123214,0x0000dea0,2256,0x011a0000,18481152
300277,0x0000deb0,3518,0x01b7c000,28819456
002695,0x0000df00,265,0x00212000,2170880
123215,0x0000df10,2257,0x011a2000,18489344
300278,0x0000df20,3519,0x01b7e000,28827648
002696,0x0000df80,266,0x00214000,2179072
123216,0x0000df90,2258,0x011a4000,18497536
300279,0x0000dfa0,3520,0x01b80000,28835840
002682,0x0000e000,1661,0x00cfa000,13606912
002683,0x0000e010,1662,0x00cfc000,13615104
002685,0x0000e020,1663,0x00cfe000,13623296
002686,0x0000e030,1664,0x00d00000,13631488
002687,0x0000e040,1665,0x00d02000,13639680
002688,0x0000e050,1666,0x00d04000,13647872
002690,0x0000e060,1668,0x00d08000,13664256
002692,0x0000e070,1670,0x00d0c000,13680640
002693,0x0000e080,1671,0x00d0e000,13688832
002695,0x0000e090,1673,0x00d12000,13705216
002696,0x0000e0a0,1674,0x00d14000,13713408
002697,0x0000e0b0,1675,0x00d16000,13721600
002698,0x0000e0c0,1676,0x00d18000,13729792
002700,0x0000e0d0,1677,0x00d1a000,13737984
002701,0x0000e0e0,1678,0x00d1c000,13746176
002702,0x0000e0f0,1679,0x00d1e000,13754368
002703,0x0000e100,1680,0x00d20000,13762560
002705,0x0000e110,1681,0x00d22000,13770752
002706,0x0000e120,1682,0x00d24000,13778944
002707,0x0000e130,1683,0x00d26000,13787136
002708,0x0000e140,1684,0x00d28000,13795328
002709,0x0000e150,1685,0x00d2a000,13803520
002712,0x0000e160,1686,0x00d2c000,13811712
002713,0x0000e170,1687,0x00d2e000,13819904
002714,0x0000e180,1688,0x00d30000,13828096
002918,0x0000e190,1869,0x00e9a000,15310848
002919,0x0000e1a0,1870,0x00e9c000,15319040
002920,0x0000e1b0,1871,0x00e9e000,15327232
002921,0x0000e1c0,1872,0x00ea0000,15335424
002922,0x0000e1d0,1873,0x00ea2000,15343616
002923,0x0000e1e0,1874,0x00ea4000,15351808
002925,0x0000e1f0,1875,0x00ea6000,15360000
002926,0x0000e200,1876,0x00ea8000,15368192
002927,0x0000e210,1877,0x00eaa000,15376384
002928,0x0000e220,1878,0x00eac000,15384576
002929,0x0000e230,1879,0x00eae000,15392768
002930,0x0000e240,1880,0x00eb0000,15400960
002931,0x0000e250,1881,0x00eb2000,15409152
002933,0x0000e260,1883,0x00eb6000,15425536
002935,0x0000e270,1884,0x00eb8000,15433728
002936,0x0000e280,1885,0x00eba000,15441920
002937,0x0000e290,1886,0x00ebc000,15450112
002938,0x0000e2a0,1887,0x00ebe000,15458304
002939,0x0000e2b0,1888,0x00ec0000,15466496
002940,0x0000e2c0,1889,0x00ec2000,15474688
002941,0x0000e2d0,1890,0x00ec4000,15482880
002942,0x0000e2e0,1891,0x00ec6000,15491072
002943,0x0000e2f0,1892,0x00ec8000,15499264
002945,0x0000e300,1893,0x00eca000,15507456
002946,0x0000e310,1894,0x00ecc000,15515648
002947,0x0000e320,1895,0x00ece000,15523840
002948,0x0000e330,1896,0x00ed0000,15532032
002949,0x0000e340,1897,0x00ed2000,15540224
002950,0x0000e350,1898,0x00ed4000,15548416
002951,0x0000e360,1899,0x00ed6000,15556608
002952,0x0000e370,1900,0x00ed8000,15564800
002953,0x0000e380,1901,0x00eda000,15572992
002955,0x0000e390,1902,0x00edc000,15581184
002956,0x0000e3a0,1903,0x00ede000,15589376
002957,0x0000e3b0,1904,0x00ee0000,15597568
002958,0x0000e3c0,1905,0x00ee2000,15605760
002959,0x0000e3d0,1906,0x00ee4000,15613952
002960,0x0000e3e0,1907,0x00ee6000,15622144
002961,0x0000e3f0,1908,0x00ee8000,15630336
002962,0x0000e400,1909,0x00eea000,15638528
002963,0x0000e410,1910,0x00eec000,15646720
002965,0x0000e420,1911,0x00eee000,15654912
002966,0x0000e430,1912,0x00ef0000,15663104
002967,0x0000e440,1913,0x00ef2000,15671296
002968,0x0000e450,1914,0x00ef4000,15679488
002969,0x0000e460,1915,0x00ef6000,15687680
002970,0x0000e470,1916,0x00ef8000,15695872
002971,0x0000e480,1917,0x00efa000,15704064
002972,0x0000e490,1918,0x00efc000,15712256
002973,0x0000e4a0,1919,0x00efe000,15720448
002975,0x0000e4b0,1920,0x00f00000,15728640
002976,0x0000e4c0,1921,0x00f02000,15736832
002978,0x0000e4d0,1923,0x00f06000,15753216
002979,0x0000e4e0,1924,0x00f08000,15761408
002980,0x0000e4f0,1925,0x00f0a000,15769600
002981,0x0000e500,1926,0x00f0c000,15777792
002982,0x0000e510,1927,0x00f0e000,15785984
002983,0x0000e520,1928,0x00f10000,15794176
002984,0x0000e530,1929,0x00f12000,15802368
300419,0x0000e540,3520,0x01b80000,28835840
300430,0x0000e550,3531,0x01b96000,28925952
300460,0x0000e560,3560,0x01bd0000,29163520
300462,0x0000e570,3562,0x01bd4000,29179904
300472,0x0000e580,3572,0x01be8000,29261824
300477,0x0000e590,3577,0x01bf2000,29302784
300527,0x0000e5a0,3624,0x01c50000,29687808
300555,0x0000e5b0,3651,0x01c86000,29908992
300594,0x0000e5c0,3689,0x01cd2000,30220288
300716,0x0000e5d0,3807,0x01dbe000,31186944
300831,0x0000e5e0,3914,0x01e94000,32063488
301030,0x0000e5f0,4105,0x02012000,33628160
301139,0x0000e600,4203,0x020d6000,34430976
002547,0x0000e610,1533,0x00bfa000,12558336
002569,0x0000e620,1555,0x00c26000,12738560
002581,0x0000e630,1567,0x00c3e000,12836864
002586,0x0000e640,1572,0x00c48000,12877824
002592,0x0000e650,1578,0x00c54000,12926976
002598,0x0000e660,1584,0x00c60000,12976128
002620,0x0000e670,1602,0x00c84000,13123584
002630,0x0000e680,1611,0x00c96000,13197312
002634,0x0000e690,1615,0x00c9e000,13230080
002650,0x0000e6a0,1631,0x00cbe000,13361152
002667,0x0000e6b0,1647,0x00cde000,13492224
002689,0x0000e6c0,1667,0x00d06000,13656064
002691,0x0000e6d0,1669,0x00d0a000,13672448
002694,0x0000e6e0,1672,0x00d10000,13697024
002717,0x0000e6f0,1691,0x00d36000,13852672
002719,0x0000e700,1693,0x00d3a000,13869056
002726,0x0000e710,1699,0x00d46000,13918208
002731,0x0000e720,1704,0x00d50000,13959168
002759,0x0000e730,1727,0x00d7e000,14147584
002789,0x0000e740,1752,0x00db0000,14352384
002816,0x0000e750,1775,0x00dde000,14540800
002822,0x0000e760,1781,0x00dea000,14589952
002856,0x0000e770,1812,0x00e28000,14843904
002872,0x0000e780,1828,0x00e48000,14974976
002883,0x0000e790,1838,0x00e5c000,15056896
002932,0x0000e7a0,1882,0x00eb4000,15417344
002977,0x0000e7b0,1922,0x00f04000,15745024
300010,0x0000e7c0,3149,0x0189a000,25796608
300020,0x0000e7d0,3159,0x018ae000,25878528
300027,0x0000e7e0,3165,0x018ba000,25927680
300044,0x0000e7f0,3179,0x018d6000,26042368
002510,0x0000e800,1497,0x00bb2000,12263424
002511,0x0000e810,1498,0x00bb4000,12271616
002513,0x0000e820,1500,0x00bb8000,12288000
002515,0x0000e830,1502,0x00bbc000,12304384
002516,0x0000e840,1503,0x00bbe000,12312576
002517,0x0000e850,1504,0x00bc0000,12320768
002518,0x0000e860,1505,0x00bc2000,12328960
002519,0x0000e870,1506,0x00bc4000,12337152
002520,0x0000e880,1507,0x00bc6000,12345344
002521,0x0000e890,1508,0x00bc8000,12353536
002522,0x0000e8a0,1509,0x00bca000,12361728
002523,0x0000e8b0,1510,0x00bcc000,12369920
002524,0x0000e8c0,1511,0x00bce000,12378112
002526,0x0000e8d0,1512,0x00bd0000,12386304
002527,0x0000e8e0,1513,0x00bd2000,12394496
002529,0x0000e8f0,1515,0x00bd6000,12410880
002530,0x0000e900,1516,0x00bd8000,12419072
002531,0x0000e910,1517,0x00bda000,12427264
002532,0x0000e920,1518,0x00bdc000,12435456
002533,0x0000e930,1519,0x00bde000,12443648
002534,0x0000e940,1520,0x00be0000,12451840
002535,0x0000e950,1521,0x00be2000,12460032
002536,0x0000e960,1522,0x00be4000,12468224
002537,0x0000e970,1523,0x00be6000,12476416
002539,0x0000e980,1525,0x00bea000,12492800
002540,0x0000e990,1526,0x00bec000,12500992
002541,0x0000e9a0,1527,0x00bee000,12509184
002543,0x0000e9b0,1529,0x00bf2000,12525568
002544,0x0000e9c0,1530,0x00bf4000,12533760
002545,0x0000e9d0,1531,0x00bf6000,12541952
002546,0x0000e9e0,1532,0x00bf8000,12550144
001318,0x0000e9f0,941,0x0075a000,7708672
001319,0x0000ea00,942,0x0075c000,7716864
001322,0x0000ea10,943,0x0075e000,7725056
001323,0x0000ea20,944,0x00760000,7733248
001330,0x0000ea30,949,0x0076a000,7774208
001331,0x0000ea40,950,0x0076c000,7782400
001332,0x0000ea50,951,0x0076e000,7790592
001333,0x0000ea60,952,0x00770000,7798784
001336,0x0000ea70,954,0x00774000,7815168
001337,0x0000ea80,955,0x00776000,7823360
001338,0x0000ea90,956,0x00778000,7831552
001339,0x0000eaa0,957,0x0077a000,7839744
001366,0x0000eab0,963,0x00786000,7888896
001368,0x0000eac0,965,0x0078a000,7905280
001376,0x0000ead0,968,0x00790000,7929856
001696,0x0000eae0,984,0x007b0000,8060928
001872,0x0000eaf0,985,0x007b2000,8069120
001896,0x0000eb00,986,0x007b4000,8077312
001914,0x0000eb10,987,0x007b6000,8085504
001965,0x0000eb20,988,0x007b8000,8093696
001979,0x0000eb30,989,0x007ba000,8101888
002001,0x0000eb40,1027,0x00806000,8413184
002003,0x0000eb50,1028,0x00808000,8421376
002004,0x0000eb60,1029,0x0080a000,8429568
002005,0x0000eb70,1030,0x0080c000,8437760
002006,0x0000eb80,1031,0x0080e000,8445952
002007,0x0000eb90,1032,0x00810000,8454144
002008,0x0000eba0,1033,0x00812000,8462336
002009,0x0000ebb0,1034,0x00814000,8470528
002010,0x0000ebc0,1035,0x00816000,8478720
002011,0x0000ebd0,1036,0x00818000,8486912
000055,0x0000ebe0,490,0x003d4000,4014080
000058,0x0000ebf0,492,0x003d8000,4030464
000059,0x0000ec00,493,0x003da000,4038656
000060,0x0000ec10,494,0x003dc000,4046848
000061,0x0000ec20,495,0x003de000,4055040
000062,0x0000ec30,496,0x003e0000,4063232
000063,0x0000ec40,497,0x003e2000,4071424
000065,0x0000ec50,498,0x003e4000,4079616
000066,0x0000ec60,499,0x003e6000,4087808
000068,0x0000ec70,500,0x003e8000,4096000
000069,0x0000ec80,501,0x003ea000,4104192
000070,0x0000ec90,502,0x003ec000,4112384
000088,0x0000eca0,504,0x003f0000,4128768
000089,0x0000ecb0,505,0x003f2000,4136960
000090,0x0000ecc0,506,0x003f4000,4145152
000096,0x0000ecd0,507,0x003f6000,4153344
000099,0x0000ece0,508,0x003f8000,4161536
000100,0x0000ecf0,509,0x003fa000,4169728
000151,0x0000ed00,510,0x003fc000,4177920
000153,0x0000ed10,511,0x003fe000,4186112
000155,0x0000ed20,512,0x00400000,4194304
000156,0x0000ed30,513,0x00402000,4202496
000157,0x0000ed40,514,0x00404000,4210688
000158,0x0000ed50,515,0x00406000,4218880
000159,0x0000ed60,516,0x00408000,4227072
000166,0x0000ed70,517,0x0040a000,4235264
000301,0x0000ed80,518,0x0040c000,4243456
000333,0x0000ed90,519,0x0040e000,4251648
000338,0x0000eda0,520,0x00410000,4259840
000400,0x0000edb0,521,0x00412000,4268032
000401,0x0000edc0,522,0x00414000,4276224
001220,0x0000edd0,886,0x006ec000,7258112
001221,0x0000ede0,887,0x006ee000,7266304
001232,0x0000edf0,897,0x00702000,7348224
001233,0x0000ee00,898,0x00704000,7356416
001237,0x0000ee10,901,0x0070a000,7380992
001239,0x0000ee20,903,0x0070e000,7397376
001248,0x0000ee30,904,0x00710000,7405568
001257,0x0000ee40,907,0x00716000,7430144
001277,0x0000ee50,916,0x00728000,7503872
001279,0x0000ee60,918,0x0072c000,7520256
001280,0x0000ee70,919,0x0072e000,7528448
001282,0x0000ee80,920,0x00730000,7536640
001285,0x0000ee90,922,0x00734000,7553024
001286,0x0000eea0,923,0x00736000,7561216
001287,0x0000eeb0,924,0x00738000,7569408
001306,0x0000eec0,932,0x00748000,7634944
001312,0x0000eed0,936,0x00750000,7667712
001324,0x0000eee0,945,0x00762000,7741440
001325,0x0000eef0,946,0x00764000,7749632
001326,0x0000ef00,947,0x00766000,7757824
001328,0x0000ef10,948,0x00768000,7766016
001335,0x0000ef20,953,0x00772000,7806976
300851,0x0000ef30,3934,0x01ebc000,32227328
300852,0x0000ef40,3935,0x01ebe000,32235520
300853,0x0000ef50,3936,0x01ec0000,32243712
300855,0x0000ef60,3938,0x01ec4000,32260096
300856,0x0000ef70,3939,0x01ec6000,32268288
300857,0x0000ef80,3940,0x01ec8000,32276480
300858,0x0000ef90,3941,0x01eca000,32284672
300859,0x0000efa0,3942,0x01ecc000,32292864
302132,0x0000efb0,4542,0x0237c000,37208064
300540,0x0000efc0,3637,0x01c6a000,29794304
300541,0x0000efd0,3638,0x01c6c000,29802496
300542,0x0000efe0,3639,0x01c6e000,29810688
300543,0x0000eff0,3640,0x01c70000,29818880
300545,0x0000f000,3641,0x01c72000,29827072
300546,0x0000f010,3642,0x01c74000,29835264
300547,0x0000f020,3643,0x01c76000,29843456
300548,0x0000f030,3644,0x01c78000,29851648
300549,0x0000f040,3645,0x01c7a000,29859840
300550,0x0000f050,3646,0x01c7c000,29868032
300551,0x0000f060,3647,0x01c7e000,29876224
300552,0x0000f070,3648,0x01c80000,29884416
300553,0x0000f080,3649,0x01c82000,29892608
300554,0x0000f090,3650,0x01c84000,29900800
300556,0x0000f0a0,3652,0x01c88000,29917184
300557,0x0000f0b0,3653,0x01c8a000,29925376
300558,0x0000f0c0,3654,0x01c8c000,29933568
300559,0x0000f0d0,3655,0x01c8e000,29941760
300560,0x0000f0e0,3656,0x01c90000,29949952
300561,0x0000f0f0,3657,0x01c92000,29958144
300562,0x0000f100,3658,0x01c94000,29966336
300563,0x0000f110,3659,0x01c96000,29974528
300564,0x0000f120,3660,0x01c98000,29982720
300565,0x0000f130,3661,0x01c9a000,29990912
300566,0x0000f140,3662,0x01c9c000,29999104
300567,0x0000f150,3663,0x01c9e000,30007296
300568,0x0000f160,3664,0x01ca0000,30015488
300569,0x0000f170,3665,0x01ca2000,30023680
300570,0x0000f180,3666,0x01ca4000,30031872
300571,0x0000f190,3667,0x01ca6000,30040064
300572,0x0000f1a0,3668,0x01ca8000,30048256
300005,0x0000f1b0,3144,0x01890000,25755648
300006,0x0000f1c0,3145,0x01892000,25763840
300007,0x0000f1d0,3146,0x01894000,25772032
300008,0x0000f1e0,3147,0x01896000,25780224
300009,0x0000f1f0,3148,0x01898000,25788416
300011,0x0000f200,3150,0x0189c000,25804800
300012,0x0000f210,3151,0x0189e000,25812992
300013,0x0000f220,3152,0x018a0000,25821184
300014,0x0000f230,3153,0x018a2000,25829376
300015,0x0000f240,3154,0x018a4000,25837568
300016,0x0000f250,3155,0x018a6000,25845760
300017,0x0000f260,3156,0x018a8000,25853952
300018,0x0000f270,3157,0x018aa000,25862144
300019,0x0000f280,3158,0x018ac000,25870336
300021,0x0000f290,3160,0x018b0000,25886720
300022,0x0000f2a0,3161,0x018b2000,25894912
300024,0x0000f2b0,3162,0x018b4000,25903104
300025,0x0000f2c0,3163,0x018b6000,25911296
300026,0x0000f2d0,3164,0x018b8000,25919488
300030,0x0000f2e0,3166,0x018bc000,25935872
300031,0x0000f2f0,3167,0x018be000,25944064
300032,0x0000f300,3168,0x018c0000,25952256
300033,0x0000f310,3169,0x018c2000,25960448
300034,0x0000f320,3170,0x018c4000,25968640
300035,0x0000f330,3171,0x018c6000,25976832
300036,0x0000f340,3172,0x018c8000,25985024
300037,0x0000f350,3173,0x018ca000,25993216
300039,0x0000f360,3174,0x018cc000,26001408
300040,0x0000f370,3175,0x018ce000,26009600
300041,0x0000f380,3176,0x018d0000,26017792
300042,0x0000f390,3177,0x018d2000,26025984
301102,0x0000f3a0,4170,0x02094000,34160640
301103,0x0000f3b0,4171,0x02096000,34168832
301105,0x0000f3c0,4172,0x02098000,34177024
301106,0x0000f3d0,4173,0x0209a000,34185216
301107,0x0000f3e0,4174,0x0209c000,34193408
301108,0x0000f3f0,4175,0x0209e000,34201600
301109,0x0000f400,4176,0x020a0000,34209792
301110,0x0000f410,4177,0x020a2000,34217984
301111,0x0000f420,4178,0x020a4000,34226176
301112,0x0000f430,4179,0x020a6000,34234368
301113,0x0000f440,4180,0x020a8000,34242560
301115,0x0000f450,4181,0x020aa000,34250752
301116,0x0000f460,4182,0x020ac000,34258944
301117,0x0000f470,4183,0x020ae000,34267136
301118,0x0000f480,4184,0x020b0000,34275328
301119,0x0000f490,4185,0x020b2000,34283520
301120,0x0000f4a0,4186,0x020b4000,34291712
301121,0x0000f4b0,4187,0x020b6000,34299904
301122,0x0000f4c0,4188,0x020b8000,34308096
301123,0x0000f4d0,4189,0x020ba000,34316288
301125,0x0000f4e0,4190,0x020bc000,34324480
301126,0x0000f4f0,4191,0x020be000,34332672
300998,0x0000f500,4074,0x01fd4000,33374208
300999,0x0000f510,4075,0x01fd6000,33382400
301000,0x0000f520,4076,0x01fd8000,33390592
301001,0x0000f530,4077,0x01fda000,33398784
301002,0x0000f540,4078,0x01fdc000,33406976
301003,0x0000f550,4079,0x01fde000,33415168
301004,0x0000f560,4080,0x01fe0000,33423360
301005,0x0000f570,4081,0x01fe2000,33431552
301006,0x0000f580,4082,0x01fe4000,33439744
301007,0x0000f590,4083,0x01fe6000,33447936
301008,0x0000f5a0,4084,0x01fe8000,33456128
301009,0x0000f5b0,4085,0x01fea000,33464320
301010,0x0000f5c0,4086,0x01fec000,33472512
301011,0x0000f5d0,4087,0x01fee000,33480704
301012,0x0000f5e0,4088,0x01ff0000,33488896
301013,0x0000f5f0,4089,0x01ff2000,33497088
301015,0x0000f600,4090,0x01ff4000,33505280
301016,0x0000f610,4091,0x01ff6000,33513472
301017,0x0000f620,4092,0x01ff8000,33521664
301018,0x0000f630,4093,0x01ffa000,33529856
301019,0x0000f640,4094,0x01ffc000,33538048
301020,0x0000f650,4095,0x01ffe000,33546240
301021,0x0000f660,4096,0x02000000,33554432
301022,0x0000f670,4097,0x02002000,33562624
301023,0x0000f680,4098,0x02004000,33570816
301024,0x0000f690,4099,0x02006000,33579008
301025,0x0000f6a0,4100,0x02008000,33587200
301026,0x0000f6b0,4101,0x0200a000,33595392
301027,0x0000f6c0,4102,0x0200c000,33603584
301028,0x0000f6d0,4103,0x0200e000,33611776
301029,0x0000f6e0,4104,0x02010000,33619968
399002,0x0000f6f0,85,0x000aa000,696320
399003,0x0000f700,86,0x000ac000,704512
399004,0x0000f710,87,0x000ae000,712704
399005,0x0000f720,88,0x000b0000,720896
399007,0x0000f730,89,0x000b2000,729088
399008,0x0000f740,90,0x000b4000,737280
399009,0x0000f750,91,0x000b6000,745472
399010,0x0000f760,92,0x000b8000,753664
399011,0x0000f770,93,0x000ba000,761856
399012,0x0000f780,94,0x000bc000,770048
399013,0x0000f790,95,0x000be000,778240
399015,0x0000f7a0,96,0x000c0000,786432
399016,0x0000f7b0,97,0x000c2000,794624
399017,0x0000f7c0,98,0x000c4000,802816
399018,0x0000f7d0,99,0x000c6000,811008
399019,0x0000f7e0,100,0x000c8000,819200
399020,0x0000f7f0,101,0x000ca000,827392
399030,0x0000f800,102,0x000cc000,835584
399050,0x0000f810,103,0x000ce000,843776
399060,0x0000f820,104,0x000d0000,851968
399088,0x0000f830,105,0x000d2000,860160
399100,0x0000f840,106,0x000d4000,868352
399101,0x0000f850,107,0x000d6000,876544
399102,0x0000f860,108,0x000d8000,884736
399103,0x0000f870,109,0x000da000,892928
399106,0x0000f880,110,0x000dc000,901120
399107,0x0000f890,111,0x000de000,909312
399108,0x0000f8a0,112,0x000e0000,917504
399231,0x0000f8b0,113,0x000e2000,925696
399232,0x0000f8c0,114,0x000e4000,933888
399233,0x0000f8d0,115,0x000e6000,942080
399234,0x0000f8e0,116,0x000e8000,950272
399235,0x0000f8f0,117,0x000ea000,958464
399236,0x0000f900,118,0x000ec000,966656
399237,0x0000f910,119,0x000ee000,974848
399239,0x0000f920,120,0x000f0000,983040
399240,0x0000f930,121,0x000f2000,991232
399241,0x0000f940,122,0x000f4000,999424
399242,0x0000f950,123,0x000f6000,1007616
399243,0x0000f960,124,0x000f8000,1015808
399244,0x0000f970,125,0x000fa000,1024000
399248,0x0000f980,126,0x000fc000,1032192
399258,0x0000f990,127,0x000fe000,1040384
399259,0x0000f9a0,128,0x00100000,1048576
399260,0x0000f9b0,129,0x00102000,1056768
399261,0x0000f9c0,130,0x00104000,1064960
399262,0x0000f9d0,131,0x00106000,1073152
399263,0x0000f9e0,132,0x00108000,1081344
399264,0x0000f9f0,133,0x0010a000,1089536
399265,0x0000fa00,134,0x0010c000,1097728
399266,0x0000fa10,135,0x0010e000,1105920
399267,0x0000fa20,136,0x00110000,1114112
399268,0x0000fa30,137,0x00112000,1122304
399269,0x0000fa40,138,0x00114000,1130496
399274,0x0000fa50,139,0x00116000,1138688
399275,0x0000fa60,140,0x00118000,1146880
399276,0x0000fa70,141,0x0011a000,1155072
399277,0x0000fa80,142,0x0011c000,1163264
399278,0x0000fa90,143,0x0011e000,1171456
399279,0x0000faa0,144,0x00120000,1179648
399280,0x0000fab0,145,0x00122000,1187840
399281,0x0000fac0,146,0x00124000,1196032
399282,0x0000fad0,147,0x00126000,1204224
399283,0x0000fae0,148,0x00128000,1212416
399284,0x0000faf0,149,0x0012a000,1220608
399285,0x0000fb00,150,0x0012c000,1228800
399286,0x0000fb10,151,0x0012e000,1236992
399289,0x0000fb20,152,0x00130000,1245184
399290,0x0000fb30,153,0x00132000,1253376
399291,0x0000fb40,154,0x00134000,1261568
399292,0x0000fb50,155,0x00136000,1269760
399293,0x0000fb60,156,0x00138000,1277952
399294,0x0000fb70,157,0x0013a000,1286144
399295,0x0000fb80,158,0x0013c000,1294336
399296,0x0000fb90,159,0x0013e000,1302528
399297,0x0000fba0,160,0x00140000,1310720
399298,0x0000fbb0,161,0x00142000,1318912
399299,0x0000fbc0,162,0x00144000,1327104
399300,0x0000fbd0,163,0x00146000,1335296
399301,0x0000fbe0,164,0x00148000,1343488
399302,0x0000fbf0,165,0x0014a000,1351680
399303,0x0000fc00,166,0x0014c000,1359872
399306,0x0000fc10,167,0x0014e000,1368064
399307,0x0000fc20,168,0x00150000,1376256
399310,0x0000fc30,169,0x00152000,1384448
399311,0x0000fc40,170,0x00154000,1392640
399312,0x0000fc50,171,0x00156000,1400832
399313,0x0000fc60,172,0x00158000,1409024
399314,0x0000fc70,173,0x0015a000,1417216
399315,0x0000fc80,174,0x0015c000,1425408
399316,0x0000fc90,175,0x0015e000,1433600
399317,0x0000fca0,176,0x00160000,1441792
399318,0x0000fcb0,177,0x00162000,1449984
399319,0x0000fcc0,178,0x00164000,1458176
399320,0x0000fcd0,179,0x00166000,1466368
399321,0x0000fce0,180,0x00168000,1474560
399322,0x0000fcf0,181,0x0016a000,1482752
399324,0x0000fd00,182,0x0016c000,1490944
399326,0x0000fd10,183,0x0016e000,1499136
399328,0x0000fd20,184,0x00170000,1507328
399330,0x0000fd30,185,0x00172000,1515520
399333,0x0000fd40,186,0x00174000,1523712
399335,0x0000fd50,187,0x00176000,1531904
399337,0x0000fd60,188,0x00178000,1540096
399339,0x0000fd70,189,0x0017a000,1548288
399341,0x0000fd80,190,0x0017c000,1556480
399344,0x0000fd90,191,0x0017e000,1564672
399346,0x0000fda0,192,0x00180000,1572864
399348,0x0000fdb0,193,0x00182000,1581056
399350,0x0000fdc0,194,0x00184000,1589248
399351,0x0000fdd0,195,0x00186000,1597440
399352,0x0000fde0,196,0x00188000,1605632
399353,0x0000fdf0,197,0x0018a000,1613824
399354,0x0000fe00,198,0x0018c000,1622016
399355,0x0000fe10,199,0x0018e000,1630208
399356,0x0000fe20,200,0x00190000,1638400
399357,0x0000fe30,201,0x00192000,1646592
399358,0x0000fe40,202,0x00194000,1654784
399359,0x0000fe50,203,0x00196000,1662976
399360,0x0000fe60,204,0x00198000,1671168
399361,0x0000fe70,205,0x0019a000,1679360
399362,0x0000fe80,206,0x0019c000,1687552
399363,0x0000fe90,207,0x0019e000,1695744
399364,0x0000fea0,208,0x001a0000,1703936
399365,0x0000feb0,209,0x001a2000,1712128
399366,0x0000fec0,210,0x001a4000,1720320
399367,0x0000fed0,211,0x001a6000,1728512
399368,0x0000fee0,212,0x001a8000,1736704
399369,0x0000fef0,213,0x001aa000,1744896
399370,0x0000ff00,214,0x001ac000,1753088
399371,0x0000ff10,215,0x001ae000,1761280
399372,0x0000ff20,216,0x001b0000,1769472
399373,0x0000ff30,217,0x001b2000,1777664
399374,0x0000ff40,218,0x001b4000,1785856
399375,0x0000ff50,219,0x001b6000,1794048
399376,0x0000ff60,220,0x001b8000,1802240
399377,0x0000ff70,221,0x001ba000,1810432
399378,0x0000ff80,222,0x001bc000,1818624
399379,0x0000ff90,223,0x001be000,1826816
399380,0x0000ffa0,224,0x001c0000,1835008
399381,0x0000ffb0,225,0x001c2000,1843200
399382,0x0000ffc0,226,0x001c4000,1851392
399383,0x0000ffd0,227,0x001c6000,1859584
399384,0x0000ffe0,228,0x001c8000,1867776
399385,0x0000fff0,229,0x001ca000,1875968
002697,0x00010000,267,0x00216000,2187264
002698,0x00010080,268,0x00218000,2195456
123171,0x00010180,2235,0x01176000,18309120
123172,0x00010200,2236,0x01178000,18317312
123173,0x00010280,2237,0x0117a000,18325504
123175,0x00010380,2238,0x0117c000,18333696
123176,0x00010400,2239,0x0117e000,18341888
301408,0x00010410,4338,0x021e4000,35536896
301360,0x00010480,4304,0x021a0000,35258368
123178,0x00010500,2240,0x01180000,18350080
301361,0x00010510,4305,0x021a2000,35266560
300550,0x00010580,517,0x0040a000,4235264
123179,0x00010590,2241,0x01182000,18358272
161505,0x000105a0,3210,0x01914000,26296320
301362,0x000105b0,4306,0x021a4000,35274752
300551,0x00010600,518,0x0040c000,4243456
301363,0x00010610,4307,0x021a6000,35282944
300552,0x00010680,519,0x0040e000,4251648
002970,0x00010700,327,0x0028e000,2678784
300553,0x00010710,520,0x00410000,4259840
301365,0x00010720,4308,0x021a8000,35291136
002971,0x00010780,328,0x00290000,2686976
300554,0x00010790,521,0x00412000,4268032
301366,0x000107a0,4309,0x021aa000,35299328
002972,0x00010800,329,0x00292000,2695168
300555,0x00010810,347,0x002b6000,2842624
301367,0x00010820,4310,0x021ac000,35307520
002973,0x00010880,330,0x00294000,2703360
300556,0x00010890,522,0x00414000,4276224
301368,0x000108a0,4311,0x021ae000,35315712
300557,0x00010900,523,0x00416000,4284416
301369,0x00010910,4312,0x021b0000,35323904
002975,0x00010980,331,0x00296000,2711552
300558,0x00010990,524,0x00418000,4292608
002976,0x00010a00,332,0x00298000,2719744
300559,0x00010a10,525,0x0041a000,4300800
002977,0x00010a80,379,0x002f6000,3104768
164210,0x00010a90,3289,0x019b2000,26943488
002978,0x00010b00,333,0x0029a000,2727936
399088,0x00010b10,643,0x00506000,5267456
200505,0x00010b20,1442,0x00b44000,11812864
002979,0x00010b80,334,0x0029c000,2736128
163402,0x00010c80,3273,0x01992000,26812416
399400,0x00010d00,782,0x0061c000,6406144
399401,0x00010d80,783,0x0061e000,6414336
399402,0x00010e00,784,0x00620000,6422528
399403,0x00010e80,785,0x00622000,6430720
163406,0x00010e90,3274,0x01994000,26820608
163407,0x00010f00,3275,0x01996000,26828800
399405,0x00010f80,786,0x00624000,6438912
399406,0x00011000,787,0x00626000,6447104
163409,0x00011010,3276,0x01998000,26836992
300830,0x00011020,3964,0x01ef8000,32473088
300831,0x00011080,350,0x002bc000,2867200
399407,0x00011090,788,0x00628000,6455296
159030,0x000110a0,2387,0x012a6000,19554304
399408,0x00011100,789,0x0062a000,6463488
200468,0x00011110,1440,0x00b40000,11796480
159031,0x00011120,2388,0x012a8000,19562496
300832,0x00011130,3965,0x01efa000,32481280
399360,0x00011180,742,0x005cc000,6078464
399409,0x00011190,790,0x0062c000,6471680
000042,0x000111a0,1023,0x007fe000,8380416
159032,0x000111b0,2389,0x012aa000,19570688
300833,0x000111c0,3966,0x01efc000,32489472
399361,0x00011200,743,0x005ce000,6086656
159033,0x00011210,2390,0x012ac000,19578880
300834,0x00011220,3967,0x01efe000,32497664
399362,0x00011280,744,0x005d0000,6094848
300835,0x00011290,3968,0x01f00000,32505856
399363,0x00011300,745,0x005d2000,6103040
000045,0x00011310,1024,0x00800000,8388608
159035,0x00011320,2391,0x012ae000,19587072
300836,0x00011330,3969,0x01f02000,32514048
399364,0x00011380,746,0x005d4000,6111232
159036,0x00011390,2392,0x012b0000,19595264
300837,0x000113a0,3970,0x01f04000,32522240
399365,0x00011400,747,0x005d6000,6119424
159037,0x00011410,2393,0x012b2000,19603456
300838,0x00011420,3971,0x01f06000,32530432
300790,0x00011480,130,0x00104000,1064960
399366,0x00011490,748,0x005d8000,6127616
000048,0x000114a0,1025,0x00802000,8396800
159038,0x000114b0,2394,0x012b4000,19611648
300839,0x000114c0,3972,0x01f08000,32538624
300791,0x00011500,131,0x00106000,1073152
399367,0x00011510,749,0x005da000,6135808
000049,0x00011520,1026,0x00804000,8404992
159039,0x00011530,2395,0x012b6000,19619840
300792,0x00011580,132,0x00108000,1081344
399368,0x00011590,750,0x005dc000,6144000
300793,0x00011600,133,0x0010a000,1089536
399369,0x00011610,751,0x005de000,6152192
300795,0x00011700,134,0x0010c000,1097728
300796,0x00011780,135,0x0010e000,1105920
300797,0x00011800,136,0x00110000,1114112
300798,0x00011880,137,0x00112000,1122304
165309,0x00011890,3303,0x019ce000,27058176
159310,0x00011b00,2626,0x01484000,21512192
159311,0x00011b80,2627,0x01486000,21520384
399640,0x00011c00,859,0x006b6000,7036928
159312,0x00011c10,2628,0x01488000,21528576
399641,0x00011c80,860,0x006b8000,7045120
399642,0x00011d00,861,0x006ba000,7053312
399643,0x00011d80,862,0x006bc000,7061504
159315,0x00011d90,2629,0x0148a000,21536768
399644,0x00011e00,863,0x006be000,7069696
159316,0x00011e10,2630,0x0148c000,21544960
399645,0x00011e80,864,0x006c0000,7077888
399646,0x00011f00,865,0x006c2000,7086080
003030,0x00011f10,2185,0x01112000,17899520
159318,0x00011f20,2631,0x0148e000,21553152
399647,0x00011f80,866,0x006c4000,7094272
003031,0x00011f90,2186,0x01114000,17907712
159270,0x00011fa0,2592,0x01440000,21233664
399648,0x00012000,867,0x006c6000,7102464
003032,0x00012010,2187,0x01116000,17915904
159271,0x00012020,2593,0x01442000,21241856
399649,0x00012080,868,0x006c8000,7110656
988006,0x00012090,991,0x007be000,8118272
002221,0x000120a0,1625,0x00cb2000,13312000
003033,0x000120b0,2188,0x01118000,17924096
159272,0x000120c0,2594,0x01444000,21250048
988007,0x00012100,992,0x007c0000,8126464
002222,0x00012110,1626,0x00cb4000,13320192
159273,0x00012120,2595,0x01446000,21258240
002223,0x00012180,1627,0x00cb6000,13328384
003035,0x00012190,2189,0x0111a000,17932288
002224,0x00012200,1628,0x00cb8000,13336576
003036,0x00012210,2190,0x0111c000,17940480
159275,0x00012220,2596,0x01448000,21266432
169101,0x00012230,3346,0x01a24000,27410432
002225,0x00012280,1629,0x00cba000,13344768
003037,0x00012290,2191,0x0111e000,17948672
159276,0x000122a0,2597,0x0144a000,21274624
002226,0x00012300,1630,0x00cbc000,13352960
003038,0x00012310,2192,0x01120000,17956864
159277,0x00012320,2598,0x0144c000,21282816
002227,0x00012380,1631,0x00cbe000,13361152
003039,0x00012390,2193,0x01122000,17965056
159278,0x000123a0,2599,0x0144e000,21291008
169104,0x000123b0,3347,0x01a26000,27418624
002228,0x00012400,1632,0x00cc0000,13369344
159279,0x00012410,2600,0x01450000,21299200
169105,0x00012420,4502,0x0232c000,36880384
002180,0x00012480,198,0x0018c000,1622016
002229,0x00012490,1633,0x00cc2000,13377536
169106,0x000124a0,3348,0x01a28000,27426816
002181,0x00012500,199,0x0018e000,1630208
002182,0x00012580,200,0x00190000,1638400
000600,0x00012590,1125,0x008ca000,9216000
002183,0x00012600,201,0x00192000,1646592
000601,0x00012610,1126,0x008cc000,9224192
002184,0x00012680,202,0x00194000,1654784
002185,0x00012700,203,0x00196000,1662976
000603,0x00012710,1127,0x008ce000,9232384
002186,0x00012780,204,0x00198000,1671168
002187,0x00012800,205,0x0019a000,1679360
000605,0x00012810,1128,0x008d0000,9240576
002188,0x00012880,206,0x0019c000,1687552
002189,0x00012900,207,0x0019e000,1695744
000607,0x00012910,1129,0x008d2000,9248768
000608,0x00012980,1130,0x008d4000,9256960
000560,0x00012a00,1099,0x00896000,9003008
000609,0x00012a10,1131,0x008d6000,9265152
159550,0x00012a20,2738,0x01564000,22429696
399928,0x00012a80,945,0x00762000,7741440
000561,0x00012a90,1100,0x00898000,9011200
001373,0x00012aa0,1407,0x00afe000,11526144
002500,0x00012ab0,1884,0x00eb8000,15433728
159551,0x00012ac0,2739,0x01566000,22437888
002501,0x00012b00,1885,0x00eba000,15441920
159552,0x00012b10,2740,0x01568000,22446080
000563,0x00012b80,1101,0x0089a000,9019392
159553,0x00012b90,2741,0x0156a000,22454272
001376,0x00012c00,429,0x0035a000,3514368
000564,0x00012c10,1102,0x0089c000,9027584
000565,0x00012c80,1103,0x0089e000,9035776
159555,0x00012c90,2742,0x0156c000,22462464
000566,0x00012d00,1104,0x008a0000,9043968
001378,0x00012d10,1408,0x00b00000,11534336
159556,0x00012d20,2743,0x0156e000,22470656
300040,0x00012d80,567,0x0046e000,4644864
000567,0x00012d90,1105,0x008a2000,9052160
001379,0x00012da0,1409,0x00b02000,11542528
002506,0x00012db0,1886,0x00ebc000,15450112
159557,0x00012dc0,2744,0x01570000,22478848
300041,0x00012e00,568,0x00470000,4653056
000568,0x00012e10,1106,0x008a4000,9060352
002507,0x00012e20,1887,0x00ebe000,15458304
159558,0x00012e30,2745,0x01572000,22487040
300042,0x00012e80,569,0x00472000,4661248
002508,0x00012e90,1888,0x00ec0000,15466496
159559,0x00012ea0,2746,0x01574000,22495232
002460,0x00012f00,1848,0x00e70000,15138816
300043,0x00012f10,3364,0x01a48000,27557888
300044,0x00012f80,383,0x002fe000,3137536
002461,0x00012f90,1849,0x00e72000,15147008
002462,0x00013000,1850,0x00e74000,15155200
300045,0x00013010,3365,0x01a4a000,27566080
002463,0x00013080,1851,0x00e76000,15163392
160140,0x00013090,3086,0x0181c000,25280512
300046,0x000130a0,3366,0x01a4c000,27574272
300047,0x00013100,3367,0x01a4e000,27582464
002465,0x00013180,1852,0x00e78000,15171584
160142,0x00013190,3087,0x0181e000,25288704
300048,0x000131a0,3368,0x01a50000,27590656
002466,0x00013200,1853,0x00e7a000,15179776
160143,0x00013210,3088,0x01820000,25296896
300049,0x00013220,3369,0x01a52000,27598848
002467,0x00013280,1854,0x00e7c000,15187968
002468,0x00013300,1855,0x00e7e000,15196160
002469,0x00013380,1856,0x00e80000,15204352
159830,0x00013480,2954,0x01714000,24199168
159831,0x00013500,2955,0x01716000,24207360
159834,0x00013680,2956,0x01718000,24215552
159835,0x00013700,2957,0x0171a000,24223744
301130,0x00013710,4152,0x02070000,34013184
159836,0x00013780,2958,0x0171c000,24231936
301131,0x00013790,4153,0x02072000,34021376
159837,0x00013800,2959,0x0171e000,24240128
300320,0x00013810,3556,0x01bc8000,29130752
301132,0x00013820,4154,0x02074000,34029568
000848,0x00013880,1276,0x009f8000,10452992
159838,0x00013890,2960,0x01720000,24248320
300321,0x000138a0,3557,0x01bca000,29138944
301133,0x000138b0,4155,0x02076000,34037760
159790,0x00013900,2925,0x016da000,23961600
159839,0x00013910,2961,0x01722000,24256512
300322,0x00013920,3558,0x01bcc000,29147136
159791,0x00013980,2926,0x016dc000,23969792
300323,0x00013990,3559,0x01bce000,29155328
301135,0x000139a0,4156,0x02078000,34045952
002741,0x00013a00,1994,0x00f94000,16334848
159792,0x00013a10,2927,0x016de000,23977984
300324,0x00013a20,3560,0x01bd0000,29163520
301136,0x00013a30,4157,0x0207a000,34054144
002742,0x00013a80,1995,0x00f96000,16343040
159793,0x00013a90,2928,0x016e0000,23986176
301137,0x00013aa0,4158,0x0207c000,34062336
002743,0x00013b00,1996,0x00f98000,16351232
161232,0x00013b10,3209,0x01912000,26288128
300326,0x00013b20,3561,0x01bd2000,29171712
301138,0x00013b30,4159,0x0207e000,34070528
301090,0x00013b80,22,0x0002c000,180224
301139,0x00013b90,352,0x002c0000,2883584
159795,0x00013ba0,2929,0x016e2000,23994368
160421,0x00013bb0,3108,0x01848000,25460736
300327,0x00013bc0,3562,0x01bd4000,29179904
161233,0x00013bd0,4496,0x02320000,36831232
301091,0x00013c00,23,0x0002e000,188416
002745,0x00013c10,1997,0x00f9a000,16359424
159796,0x00013c20,2930,0x016e4000,24002560
300328,0x00013c30,3563,0x01bd6000,29188096
301092,0x00013c80,24,0x00030000,196608
002746,0x00013c90,1998,0x00f9c000,16367616
159797,0x00013ca0,2931,0x016e6000,24010752
300329,0x00013cb0,3564,0x01bd8000,29196288
301093,0x00013d00,25,0x00032000,204800
002747,0x00013d10,1999,0x00f9e000,16375808
159798,0x00013d20,2932,0x016e8000,24018944
300281,0x00013d30,3521,0x01b82000,28844032
002748,0x00013d80,2000,0x00fa0000,16384000
301095,0x00013e00,26,0x00034000,212992
002749,0x00013e10,2001,0x00fa2000,16392192
123220,0x00013e20,2259,0x011a6000,18505728
300283,0x00013e30,3522,0x01b84000,28852224
301096,0x00013e80,27,0x00036000,221184
300284,0x00013e90,3523,0x01b86000,28860416
301097,0x00013f00,28,0x00038000,229376
980092,0x00013f10,990,0x007bc000,8110080
123222,0x00013f20,2260,0x011a8000,18513920
300285,0x00013f30,3524,0x01b88000,28868608
301098,0x00013f80,29,0x0003a000,237568
123223,0x00013f90,2261,0x011aa000,18522112
300286,0x00013fa0,3525,0x01b8a000,28876800
301099,0x00014000,30,0x0003c000,245760
123224,0x00014010,2262,0x011ac000,18530304
300287,0x00014020,3526,0x01b8c000,28884992
123225,0x00014080,2263,0x011ae000,18538496
300288,0x00014090,3527,0x01b8e000,28893184
300289,0x00014100,3528,0x01b90000,28901376
123180,0x00014280,2242,0x01184000,18366464
123229,0x00014290,2264,0x011b0000,18546688
300600,0x000142a0,3778,0x01d84000,30949376
300601,0x00014300,3779,0x01d86000,30957568
301413,0x00014310,4339,0x021e6000,35545088
300602,0x00014380,3780,0x01d88000,30965760
123183,0x00014400,2243,0x01186000,18374656
300603,0x00014410,3781,0x01d8a000,30973952
300604,0x00014480,3782,0x01d8c000,30982144
300605,0x00014500,3783,0x01d8e000,30990336
001896,0x00014580,432,0x00360000,3538944
300606,0x00014590,3784,0x01d90000,30998528
301418,0x000145a0,4340,0x021e8000,35553280
123187,0x00014600,2244,0x01188000,18382848
300607,0x00014610,3785,0x01d92000,31006720
301370,0x00014620,4313,0x021b2000,35332096
301419,0x00014630,4341,0x021ea000,35561472
300608,0x00014680,3786,0x01d94000,31014912
301371,0x00014690,4314,0x021b4000,35340288
300560,0x00014700,526,0x0041c000,4308992
123189,0x00014710,2245,0x0118a000,18391040
300609,0x00014720,3787,0x01d96000,31023104
301372,0x00014730,4315,0x021b6000,35348480
300561,0x00014780,527,0x0041e000,4317184
301373,0x00014790,4316,0x021b8000,35356672
300562,0x00014800,528,0x00420000,4325376
002980,0x00014880,335,0x0029e000,2744320
300563,0x00014890,529,0x00422000,4333568
160706,0x000148a0,3142,0x0188c000,25739264
002981,0x00014900,336,0x002a0000,2752512
300564,0x00014910,530,0x00424000,4341760
301376,0x00014920,4317,0x021ba000,35364864
002982,0x00014980,337,0x002a2000,2760704
300565,0x00014990,531,0x00426000,4349952
301377,0x000149a0,4318,0x021bc000,35373056
002983,0x00014a00,338,0x002a4000,2768896
300566,0x00014a10,532,0x00428000,4358144
301378,0x00014a20,4319,0x021be000,35381248
002984,0x00014a80,339,0x002a6000,2777088
300567,0x00014a90,533,0x0042a000,4366336
301379,0x00014aa0,4320,0x021c0000,35389440
300568,0x00014b00,534,0x0042c000,4374528
200512,0x00014b10,1443,0x00b46000,11821056
002985,0x00014b20,2143,0x010be000,17555456
300569,0x00014b80,535,0x0042e000,4382720
002986,0x00014b90,2144,0x010c0000,17563648
002987,0x00014c00,2145,0x010c2000,17571840
002988,0x00014c80,2146,0x010c4000,17580032
002989,0x00014d00,2147,0x010c6000,17588224
163412,0x00014e00,3277,0x0199a000,26845184
399410,0x00014e80,791,0x0062e000,6479872
399411,0x00014f00,792,0x00630000,6488064
399412,0x00014f80,793,0x00632000,6496256
163415,0x00014f90,3278,0x0199c000,26853376
399413,0x00015000,794,0x00634000,6504448
162605,0x00015080,3251,0x01966000,26632192
163417,0x00015090,3279,0x0199e000,26861568
399415,0x00015100,795,0x00636000,6512640
163418,0x00015110,3280,0x019a0000,26869760
399416,0x00015180,796,0x00638000,6520832
127025,0x00015190,2300,0x011f8000,18841600
162607,0x000151a0,3252,0x01968000,26640384
300840,0x000151b0,3973,0x01f0a000,32546816
399417,0x00015200,797,0x0063a000,6529024
000050,0x00015210,1027,0x00806000,8413184
159040,0x00015220,2396,0x012b8000,19628032
300841,0x00015230,3974,0x01f0c000,32555008
399418,0x00015280,798,0x0063c000,6537216
127027,0x00015290,2301,0x011fa000,18849792
159041,0x000152a0,2397,0x012ba000,19636224
300842,0x000152b0,3975,0x01f0e000,32563200
399370,0x00015300,752,0x005e0000,6160384
399419,0x00015310,799,0x0063e000,6545408
159042,0x00015320,2398,0x012bc000,19644416
300843,0x00015330,3976,0x01f10000,32571392
301655,0x00015340,4449,0x022c2000,36446208
399371,0x00015380,753,0x005e2000,6168576
159043,0x00015390,2399,0x012be000,19652608
300844,0x000153a0,3977,0x01f12000,32579584
301656,0x000153b0,4450,0x022c4000,36454400
399372,0x00015400,754,0x005e4000,6176768
300845,0x00015410,3978,0x01f14000,32587776
000055,0x00015480,446,0x0037c000,3653632
399373,0x00015490,755,0x005e6000,6184960
159045,0x000154a0,2400,0x012c0000,19660800
300846,0x000154b0,3979,0x01f16000,32595968
301658,0x000154c0,4451,0x022c6000,36462592
399374,0x00015500,756,0x005e8000,6193152
000056,0x00015510,1028,0x00808000,8421376
159046,0x00015520,2401,0x012c2000,19668992
300847,0x00015530,3980,0x01f18000,32604160
399375,0x00015580,757,0x005ea000,6201344
300848,0x00015590,3981,0x01f1a000,32612352
000058,0x00015600,447,0x0037e000,3661824
399376,0x00015610,758,0x005ec000,6209536
159048,0x00015620,2402,0x012c4000,19677184
300849,0x00015630,3982,0x01f1c000,32620544
165311,0x00015640,4499,0x02326000,36855808
000059,0x00015680,448,0x00380000,3670016
399377,0x00015690,759,0x005ee000,6217728
159049,0x000156a0,2403,0x012c6000,19685376
399378,0x00015700,760,0x005f0000,6225920
165313,0x00015710,3304,0x019d0000,27066368
399379,0x00015780,761,0x005f2000,6234112
164508,0x00015a80,3291,0x019b6000,26959872
164509,0x00015b00,3292,0x019b8000,26968064
159320,0x00015c80,2632,0x01490000,21561344
159321,0x00015d00,2633,0x01492000,21569536
399650,0x00015d80,869,0x006ca000,7118848
159322,0x00015d90,2634,0x01494000,21577728
000333,0x00015e00,473,0x003b2000,3874816
399651,0x00015e10,870,0x006cc000,7127040
159323,0x00015e20,2635,0x01496000,21585920
399652,0x00015e80,871,0x006ce000,7135232
399653,0x00015f00,872,0x006d0000,7143424
159325,0x00015f10,2636,0x01498000,21594112
399654,0x00015f80,873,0x006d2000,7151616
159326,0x00015f90,2637,0x0149a000,21602304
399655,0x00016000,874,0x006d4000,7159808
159327,0x00016010,2638,0x0149c000,21610496
000338,0x00016080,474,0x003b4000,3883008
399656,0x00016090,875,0x006d6000,7168000
003040,0x000160a0,2194,0x01124000,17973248
159328,0x000160b0,2639,0x0149e000,21618688
399657,0x00016100,876,0x006d8000,7176192
003041,0x00016110,2195,0x01126000,17981440
159280,0x00016120,2601,0x01452000,21307392
159329,0x00016130,2640,0x014a0000,21626880
399658,0x00016180,877,0x006da000,7184384
002230,0x00016190,1634,0x00cc4000,13385728
003042,0x000161a0,2196,0x01128000,17989632
159281,0x000161b0,2602,0x01454000,21315584
399659,0x00016200,878,0x006dc000,7192576
003043,0x00016210,2197,0x0112a000,17997824
002232,0x00016280,1635,0x00cc6000,13393920
159283,0x00016290,2603,0x01456000,21323776
002233,0x00016300,1636,0x00cc8000,13402112
002234,0x00016380,1637,0x00cca000,13410304
159285,0x00016390,2604,0x01458000,21331968
002235,0x00016400,1638,0x00ccc000,13418496
159286,0x00016410,2605,0x0145a000,21340160
002236,0x00016480,1639,0x00cce000,13426688
159287,0x00016490,2606,0x0145c000,21348352
168301,0x000164a0,3343,0x01a1e000,27385856
002237,0x00016500,1640,0x00cd0000,13434880
159288,0x00016510,2607,0x0145e000,21356544
002238,0x00016580,1641,0x00cd2000,13443072
159289,0x00016590,2608,0x01460000,21364736
002190,0x00016600,208,0x001a0000,1703936
002239,0x00016610,1642,0x00cd4000,13451264
002191,0x00016680,209,0x001a2000,1712128
970070,0x00016690,975,0x0079e000,7987200
002192,0x00016700,210,0x001a4000,1720320
000610,0x00016710,1132,0x008d8000,9273344
159600,0x00016720,2779,0x015b6000,22765568
002193,0x00016780,1606,0x00c8c000,13156352
159601,0x00016790,2780,0x015b8000,22773760
002194,0x00016800,211,0x001a6000,1728512
000612,0x00016810,1133,0x008da000,9281536
159602,0x00016820,2781,0x015ba000,22781952
002195,0x00016880,212,0x001a8000,1736704
159603,0x00016890,2782,0x015bc000,22790144
002196,0x00016900,213,0x001aa000,1744896
399932,0x00016910,946,0x00764000,7749632
200992,0x00016920,1458,0x00b64000,11943936
002197,0x00016980,214,0x001ac000,1753088
399933,0x00016990,947,0x00766000,7757824
000615,0x000169a0,1134,0x008dc000,9289728
159605,0x000169b0,2783,0x015be000,22798336
399934,0x00016a00,948,0x00768000,7766016
002198,0x00016a10,1607,0x00c8e000,13164544
159606,0x00016a20,2784,0x015c0000,22806528
002199,0x00016a80,215,0x001ae000,1761280
399935,0x00016a90,949,0x0076a000,7774208
000617,0x00016aa0,1135,0x008de000,9297920
001380,0x00016ab0,1410,0x00b04000,11550720
159607,0x00016ac0,2785,0x015c2000,22814720
159608,0x00016b00,2786,0x015c4000,22822912
000570,0x00016b80,1107,0x008a6000,9068544
000619,0x00016b90,1136,0x008e0000,9306112
001382,0x00016ba0,1411,0x00b06000,11558912
159560,0x00016bb0,2747,0x01576000,22503424
159609,0x00016bc0,2787,0x015c6000,22831104
002510,0x00016c00,384,0x00300000,3145728
000571,0x00016c10,1108,0x008a8000,9076736
159561,0x00016c20,2748,0x01578000,22511616
002511,0x00016c80,385,0x00302000,3153920
000572,0x00016c90,1109,0x008aa000,9084928
159562,0x00016ca0,2749,0x0157a000,22519808
000573,0x00016d00,1110,0x008ac000,9093120
002512,0x00016d10,1889,0x00ec2000,15474688
159563,0x00016d20,2750,0x0157c000,22528000
002513,0x00016d80,386,0x00304000,3162112
001386,0x00016d90,1412,0x00b08000,11567104
001387,0x00016e00,1413,0x00b0a000,11575296
002514,0x00016e10,1890,0x00ec4000,15482880
159565,0x00016e20,2751,0x0157e000,22536192
002515,0x00016e80,387,0x00306000,3170304
000576,0x00016e90,1111,0x008ae000,9101312
001388,0x00016ea0,1414,0x00b0c000,11583488
159566,0x00016eb0,2752,0x01580000,22544384
002516,0x00016f00,388,0x00308000,3178496
001389,0x00016f10,1415,0x00b0e000,11591680
159567,0x00016f20,2753,0x01582000,22552576
161005,0x00016f30,3162,0x018b4000,25903104
300050,0x00016f40,3370,0x01a54000,27607040
002517,0x00016f80,389,0x0030a000,3186688
159568,0x00016f90,2754,0x01584000,22560768
300051,0x00016fa0,3371,0x01a56000,27615232
002518,0x00017000,390,0x0030c000,3194880
159569,0x00017010,2755,0x01586000,22568960
300052,0x00017020,3372,0x01a58000,27623424
180801,0x00017030,4492,0x02318000,36798464
002519,0x00017080,391,0x0030e000,3203072
002470,0x00017090,1857,0x00e82000,15212544
300053,0x000170a0,3373,0x01a5a000,27631616
002471,0x00017100,1858,0x00e84000,15220736
300054,0x00017110,3374,0x01a5c000,27639808
002472,0x00017180,1859,0x00e86000,15228928
300055,0x00017190,3375,0x01a5e000,27648000
300056,0x00017200,3376,0x01a60000,27656192
002474,0x00017280,1860,0x00e88000,15237120
300057,0x00017290,3377,0x01a62000,27664384
002475,0x00017300,1861,0x00e8a000,15245312
300058,0x00017310,3378,0x01a64000,27672576
002476,0x00017380,1862,0x00e8c000,15253504
300059,0x00017390,3379,0x01a66000,27680768
002478,0x00017480,1863,0x00e8e000,15261696
002479,0x00017500,1864,0x00e90000,15269888
000850,0x00017600,1277,0x009fa000,10461184
159840,0x00017610,2962,0x01724000,24264704
159841,0x00017680,2963,0x01726000,24272896
000852,0x00017700,1278,0x009fc000,10469376
159842,0x00017710,2964,0x01728000,24281088
159843,0x00017780,2965,0x0172a000,24289280
159845,0x00017880,2966,0x0172c000,24297472
000856,0x00017900,1279,0x009fe000,10477568
301141,0x00017910,4160,0x02080000,34078720
159847,0x00017980,2967,0x0172e000,24305664
000858,0x00017a00,1280,0x00a00000,10485760
159848,0x00017a10,2968,0x01730000,24313856
300331,0x00017a20,3565,0x01bda000,29204480
000859,0x00017a80,1281,0x00a02000,10493952
159849,0x00017a90,2969,0x01732000,24322048
300332,0x00017aa0,3566,0x01bdc000,29212672
300333,0x00017b00,3567,0x01bde000,29220864
300334,0x00017b80,3568,0x01be0000,29229056
002752,0x00017c00,2002,0x00fa4000,16400384
300335,0x00017c10,3569,0x01be2000,29237248
002753,0x00017c80,2003,0x00fa6000,16408576
301148,0x00017c90,4161,0x02082000,34086912
300337,0x00017d00,3570,0x01be4000,29245440
301149,0x00017d10,4162,0x02084000,34095104
002755,0x00017d80,2004,0x00fa8000,16416768
300338,0x00017d90,3571,0x01be6000,29253632
002756,0x00017e00,2005,0x00faa000,16424960
300290,0x00017e10,3529,0x01b92000,28909568
300339,0x00017e20,3572,0x01be8000,29261824
002757,0x00017e80,2006,0x00fac000,16433152
300291,0x00017e90,3530,0x01b94000,28917760
002758,0x00017f00,2007,0x00fae000,16441344
300292,0x00017f10,3531,0x01b96000,28925952
002759,0x00017f80,371,0x002e6000,3039232
300293,0x00017f90,3532,0x01b98000,28934144
300294,0x00018000,3533,0x01b9a000,28942336
300295,0x00018080,3534,0x01b9c000,28950528
300296,0x00018100,3535,0x01b9e000,28958720
123235,0x00018200,2265,0x011b2000,18554880
300298,0x00018210,3536,0x01ba0000,28966912
300299,0x00018280,3537,0x01ba2000,28975104
123237,0x00018300,2266,0x011b4000,18563072
301421,0x00018380,4342,0x021ec000,35569664
300610,0x00018400,3788,0x01d98000,31031296
300611,0x00018480,3789,0x01d9a000,31039488
123192,0x00018500,2246,0x0118c000,18399232
300612,0x00018510,3790,0x01d9c000,31047680
123193,0x00018580,2247,0x0118e000,18407424
300613,0x00018590,3791,0x01d9e000,31055872
158000,0x000185a0,4494,0x0231c000,36814848
123194,0x00018600,2248,0x01190000,18415616
300614,0x00018610,3792,0x01da0000,31064064
123195,0x00018680,2249,0x01192000,18423808
300615,0x00018690,3793,0x01da2000,31072256
123196,0x00018700,2250,0x01194000,18432000
158003,0x00018710,2359,0x0126e000,19324928
300616,0x00018720,3794,0x01da4000,31080448
301428,0x00018730,4343,0x021ee000,35577856
300617,0x00018780,3795,0x01da6000,31088640
301380,0x00018790,4321,0x021c2000,35397632
301429,0x000187a0,4344,0x021f0000,35586048
158005,0x00018800,2360,0x01270000,19333120
300618,0x00018810,3796,0x01da8000,31096832
301381,0x00018820,4322,0x021c4000,35405824
300570,0x00018880,536,0x00430000,4390912
123199,0x00018890,2251,0x01196000,18440192
158006,0x000188a0,2361,0x01272000,19341312
300619,0x000188b0,3797,0x01daa000,31105024
301382,0x000188c0,4323,0x021c6000,35414016
300571,0x00018900,537,0x00432000,4399104
301383,0x00018910,4324,0x021c8000,35422208
300572,0x00018980,538,0x00434000,4407296
002990,0x00018a00,2148,0x010c8000,17596416
158009,0x00018a10,2362,0x01274000,19349504
160716,0x00018a20,3143,0x0188e000,25747456
300573,0x00018a30,3753,0x01d52000,30744576
002991,0x00018a80,2149,0x010ca000,17604608
160717,0x00018a90,3144,0x01890000,25755648
301386,0x00018aa0,4325,0x021ca000,35430400
002992,0x00018b00,2150,0x010cc000,17612800
300575,0x00018b10,3754,0x01d54000,30752768
301387,0x00018b20,4326,0x021cc000,35438592
002993,0x00018b80,2151,0x010ce000,17620992
160719,0x00018b90,3145,0x01892000,25763840
300576,0x00018ba0,3755,0x01d56000,30760960
301388,0x00018bb0,4327,0x021ce000,35446784
200521,0x00018c00,1444,0x00b48000,11829248
300577,0x00018c10,3756,0x01d58000,30769152
301389,0x00018c20,4328,0x021d0000,35454976
002995,0x00018c80,2152,0x010d0000,17629184
300578,0x00018c90,3757,0x01d5a000,30777344
002996,0x00018d00,2153,0x010d2000,17637376
300579,0x00018d10,3758,0x01d5c000,30785536
002997,0x00018d80,2154,0x010d4000,17645568
002998,0x00018e00,2155,0x010d6000,17653760
002999,0x00018e80,2156,0x010d8000,17661952
000100,0x00018f00,463,0x0039e000,3792896
399420,0x00019000,800,0x00640000,6553600
127030,0x00019080,2302,0x011fc000,18857984
399422,0x00019100,801,0x00642000,6561792
127031,0x00019110,2303,0x011fe000,18866176
301707,0x00019120,4465,0x022e2000,36577280
399423,0x00019180,802,0x00644000,6569984
127034,0x00019280,2304,0x01200000,18874368
300850,0x00019300,3983,0x01f1e000,32628736
301662,0x00019310,4452,0x022c8000,36470784
000060,0x00019380,449,0x00382000,3678208
300851,0x00019390,499,0x003e6000,4087808
159050,0x000193a0,2404,0x012c8000,19693568
000061,0x00019400,450,0x00384000,3686400
300852,0x00019410,500,0x003e8000,4096000
399428,0x00019420,803,0x00646000,6578176
200488,0x00019430,1441,0x00b42000,11804672
127037,0x00019440,2305,0x01202000,18882560
159051,0x00019450,2405,0x012ca000,19701760
000062,0x00019480,451,0x00386000,3694592
300853,0x00019490,501,0x003ea000,4104192
399380,0x000194a0,762,0x005f4000,6242304
399429,0x000194b0,804,0x00648000,6586368
127038,0x000194c0,2306,0x01204000,18890752
159052,0x000194d0,2406,0x012cc000,19709952
301665,0x000194e0,4453,0x022ca000,36478976
000063,0x00019500,452,0x00388000,3702784
399381,0x00019510,763,0x005f6000,6250496
159053,0x00019520,2407,0x012ce000,19718144
300854,0x00019530,3984,0x01f20000,32636928
301666,0x00019540,4454,0x022cc000,36487168
300855,0x00019580,502,0x003ec000,4112384
399382,0x00019590,764,0x005f8000,6258688
301667,0x000195a0,4455,0x022ce000,36495360
000065,0x00019600,453,0x0038a000,3710976
300856,0x00019610,503,0x003ee000,4120576
399383,0x00019620,765,0x005fa000,6266880
159055,0x00019630,2408,0x012d0000,19726336
301668,0x00019640,4456,0x022d0000,36503552
000066,0x00019680,454,0x0038c000,3719168
300857,0x00019690,504,0x003f0000,4128768
399384,0x000196a0,766,0x005fc000,6275072
159056,0x000196b0,2409,0x012d2000,19734528
301669,0x000196c0,4457,0x022d2000,36511744
300858,0x00019700,505,0x003f2000,4136960
399385,0x00019710,767,0x005fe000,6283264
159057,0x00019720,2410,0x012d4000,19742720
000068,0x00019780,455,0x0038e000,3727360
300859,0x00019790,506,0x003f4000,4145152
399386,0x000197a0,768,0x00600000,6291456
159058,0x000197b0,2411,0x012d6000,19750912
002001,0x00019800,436,0x00368000,3571712
000069,0x00019810,456,0x00390000,3735552
399387,0x00019820,769,0x00602000,6299648
159059,0x00019830,2412,0x012d8000,19759104
399388,0x00019880,770,0x00604000,6307840
002003,0x00019900,437,0x0036a000,3579904
399389,0x00019910,771,0x00606000,6316032
002004,0x00019980,438,0x0036c000,3588096
002005,0x00019a00,439,0x0036e000,3596288
002006,0x00019a80,440,0x00370000,3604480
002007,0x00019b00,441,0x00372000,3612672
399701,0x00019b10,917,0x0072a000,7512064
200761,0x00019b20,1456,0x00b60000,11927552
002008,0x00019b80,442,0x00374000,3620864
399702,0x00019b90,918,0x0072c000,7520256
002009,0x00019c00,443,0x00376000,3629056
399703,0x00019c10,919,0x0072e000,7528448
399704,0x00019c80,920,0x00730000,7536640
399705,0x00019d00,921,0x00732000,7544832
399706,0x00019d80,922,0x00734000,7553024
399707,0x00019e00,923,0x00736000,7561216
159330,0x00019e10,2641,0x014a2000,21635072
159331,0x00019e80,2642,0x014a4000,21643264
399660,0x00019f00,879,0x006de000,7200768
159332,0x00019f10,2643,0x014a6000,21651456
399661,0x00019f80,880,0x006e0000,7208960
159333,0x00019f90,2644,0x014a8000,21659648
399662,0x0001a000,881,0x006e2000,7217152
399663,0x0001a080,882,0x006e4000,7225344
159335,0x0001a090,2645,0x014aa000,21667840
399664,0x0001a100,883,0x006e6000,7233536
159336,0x0001a110,2646,0x014ac000,21676032
399665,0x0001a180,884,0x006e8000,7241728
159337,0x0001a190,2647,0x014ae000,21684224
399666,0x0001a200,885,0x006ea000,7249920
159338,0x0001a210,2648,0x014b0000,21692416
399667,0x0001a280,886,0x006ec000,7258112
159290,0x0001a290,2609,0x01462000,21372928
159339,0x0001a2a0,2649,0x014b2000,21700608
399668,0x0001a300,887,0x006ee000,7266304
002240,0x0001a310,1643,0x00cd6000,13459456
159291,0x0001a320,2610,0x01464000,21381120
399669,0x0001a380,888,0x006f0000,7274496
002241,0x0001a390,1644,0x00cd8000,13467648
159292,0x0001a3a0,2611,0x01466000,21389312
002242,0x0001a400,1645,0x00cda000,13475840
159293,0x0001a410,2612,0x01468000,21397504
002243,0x0001a480,1646,0x00cdc000,13484032
002244,0x0001a500,1647,0x00cde000,13492224
159295,0x0001a510,2613,0x0146a000,21405696
002245,0x0001a580,1648,0x00ce0000,13500416
159296,0x0001a590,2614,0x0146c000,21413888
002246,0x0001a600,1649,0x00ce2000,13508608
159297,0x0001a610,2615,0x0146e000,21422080
002247,0x0001a680,1650,0x00ce4000,13516800
159298,0x0001a690,2616,0x01470000,21430272
002248,0x0001a700,1651,0x00ce6000,13524992
159299,0x0001a710,2617,0x01472000,21438464
167501,0x0001a720,3334,0x01a0c000,27312128
002249,0x0001a780,1652,0x00ce8000,13533184
000620,0x0001a880,1137,0x008e2000,9314304
159610,0x0001a890,2788,0x015c8000,22839296
159611,0x0001a900,2789,0x015ca000,22847488
159612,0x0001a980,2790,0x015cc000,22855680
167506,0x0001a990,3335,0x01a0e000,27320320
000623,0x0001aa00,1138,0x008e4000,9322496
159613,0x0001aa10,2791,0x015ce000,22863872
167508,0x0001aa80,3336,0x01a10000,27328512
000625,0x0001ab00,1139,0x008e6000,9330688
159615,0x0001ab10,2792,0x015d0000,22872064
000626,0x0001ab80,1140,0x008e8000,9338880
159616,0x0001ab90,2793,0x015d2000,22880256
001390,0x0001ac00,1416,0x00b10000,11599872
159617,0x0001ac10,2794,0x015d4000,22888448
300100,0x0001ac20,3416,0x01ab0000,27983872
300101,0x0001ac80,64,0x00080000,524288
000628,0x0001ac90,1141,0x008ea000,9347072
001391,0x0001aca0,1417,0x00b12000,11608064
159618,0x0001acb0,2795,0x015d6000,22896640
300102,0x0001ad00,65,0x00082000,532480
000629,0x0001ad10,1142,0x008ec000,9355264
159570,0x0001ad20,2756,0x01588000,22577152
159619,0x0001ad30,2796,0x015d8000,22904832
300103,0x0001ad80,66,0x00084000,540672
002520,0x0001ad90,392,0x00310000,3211264
000581,0x0001ada0,1112,0x008b0000,9109504
001393,0x0001adb0,1418,0x00b14000,11616256
159571,0x0001adc0,2757,0x0158a000,22585344
002521,0x0001ae00,393,0x00312000,3219456
000582,0x0001ae10,1113,0x008b2000,9117696
159572,0x0001ae20,2758,0x0158c000,22593536
161010,0x0001ae30,3163,0x018b6000,25911296
300105,0x0001ae80,67,0x00086000,548864
002522,0x0001ae90,394,0x00314000,3227648
001395,0x0001aea0,1419,0x00b16000,11624448
159573,0x0001aeb0,2759,0x0158e000,22601728
300106,0x0001af00,68,0x00088000,557056
002523,0x0001af10,395,0x00316000,3235840
001396,0x0001af20,1420,0x00b18000,11632640
300107,0x0001af80,69,0x0008a000,565248
002524,0x0001af90,396,0x00318000,3244032
159575,0x0001afa0,2760,0x01590000,22609920
000586,0x0001b000,1114,0x008b4000,9125888
159576,0x0001b010,2761,0x01592000,22618112
161014,0x0001b020,3164,0x018b8000,25919488
300109,0x0001b080,70,0x0008c000,573440
002526,0x0001b090,397,0x0031a000,3252224
001399,0x0001b0a0,1421,0x00b1a000,11640832
159577,0x0001b0b0,2762,0x01594000,22626304
002527,0x0001b100,398,0x0031c000,3260416
159578,0x0001b110,2763,0x01596000,22634496
300061,0x0001b120,3380,0x01a68000,27688960
000589,0x0001b180,1115,0x008b6000,9134080
002528,0x0001b190,1891,0x00ec6000,15491072
161017,0x0001b1a0,3165,0x018ba000,25927680
300062,0x0001b1b0,3381,0x01a6a000,27697152
002529,0x0001b200,399,0x0031e000,3268608
002480,0x0001b210,1865,0x00e92000,15278080
300063,0x0001b220,3382,0x01a6c000,27705344
002481,0x0001b280,1866,0x00e94000,15286272
161019,0x0001b290,3166,0x018bc000,25935872
000900,0x0001b300,179,0x00166000,1466368
002482,0x0001b310,1867,0x00e96000,15294464
300065,0x0001b320,3383,0x01a6e000,27713536
000901,0x0001b380,180,0x00168000,1474560
002483,0x0001b390,1868,0x00e98000,15302656
300066,0x0001b3a0,3384,0x01a70000,27721728
000902,0x0001b400,181,0x0016a000,1482752
200011,0x0001b410,1424,0x00b20000,11665408
002484,0x0001b420,1869,0x00e9a000,15310848
300067,0x0001b430,3385,0x01a72000,27729920
000903,0x0001b480,1285,0x00a0a000,10526720
200012,0x0001b490,1425,0x00b22000,11673600
002485,0x0001b4a0,1870,0x00e9c000,15319040
300068,0x0001b4b0,3386,0x01a74000,27738112
002486,0x0001b500,1871,0x00e9e000,15327232
300069,0x0001b510,3387,0x01a76000,27746304
000905,0x0001b580,182,0x0016c000,1490944
002487,0x0001b590,1872,0x00ea0000,15335424
000906,0x0001b600,183,0x0016e000,1499136
002488,0x0001b610,1873,0x00ea2000,15343616
002489,0x0001b680,1874,0x00ea4000,15351808
000908,0x0001b700,184,0x00170000,1507328
200017,0x0001b710,1426,0x00b24000,11681792
000860,0x0001b780,1282,0x00a04000,10502144
000909,0x0001b790,1286,0x00a0c000,10534912
159850,0x0001b7a0,2970,0x01734000,24330240
200019,0x0001b800,1427,0x00b26000,11689984
002800,0x0001b810,2041,0x00ff2000,16719872
159851,0x0001b820,2971,0x01736000,24338432
000862,0x0001b880,1283,0x00a06000,10510336
002801,0x0001b890,2042,0x00ff4000,16728064
159852,0x0001b8a0,2972,0x01738000,24346624
000863,0x0001b900,1284,0x00a08000,10518528
002802,0x0001b910,2043,0x00ff6000,16736256
002803,0x0001b980,2044,0x00ff8000,16744448
159855,0x0001ba00,2973,0x0173a000,24354816
162105,0x0001ba10,3240,0x01950000,26542080
301150,0x0001ba20,4163,0x02086000,34103296
002805,0x0001ba80,2045,0x00ffa000,16752640
159856,0x0001ba90,2974,0x0173c000,24363008
301151,0x0001baa0,4164,0x02088000,34111488
002806,0x0001bb00,2046,0x00ffc000,16760832
159857,0x0001bb10,2975,0x0173e000,24371200
300340,0x0001bb20,3573,0x01bea000,29270016
301152,0x0001bb30,4165,0x0208a000,34119680
000868,0x0001bb80,157,0x0013a000,1286144
002807,0x0001bb90,2047,0x00ffe000,16769024
159858,0x0001bba0,2976,0x01740000,24379392
162108,0x0001bbb0,3241,0x01952000,26550272
300341,0x0001bbc0,3574,0x01bec000,29278208
301153,0x0001bbd0,4166,0x0208c000,34127872
000869,0x0001bc00,158,0x0013c000,1294336
159859,0x0001bc10,2977,0x01742000,24387584
300342,0x0001bc20,3575,0x01bee000,29286400
002760,0x0001bc80,2008,0x00fb0000,16449536
002809,0x0001bc90,2048,0x01000000,16777216
300343,0x0001bca0,3576,0x01bf0000,29294592
301155,0x0001bcb0,4167,0x0208e000,34136064
002761,0x0001bd00,2009,0x00fb2000,16457728
301156,0x0001bd10,4168,0x02090000,34144256
002762,0x0001bd80,2010,0x00fb4000,16465920
300345,0x0001bd90,3577,0x01bf2000,29302784
301157,0x0001bda0,4169,0x02092000,34152448
002763,0x0001be00,2011,0x00fb6000,16474112
300346,0x0001be10,3578,0x01bf4000,29310976
301158,0x0001be20,4170,0x02094000,34160640
300347,0x0001be80,3579,0x01bf6000,29319168
301159,0x0001be90,4171,0x02096000,34168832
002765,0x0001bf00,2012,0x00fb8000,16482304
300348,0x0001bf10,3580,0x01bf8000,29327360
002766,0x0001bf80,2013,0x00fba000,16490496
300349,0x0001bf90,3581,0x01bfa000,29335552
002767,0x0001c000,2014,0x00fbc000,16498688
002768,0x0001c080,2015,0x00fbe000,16506880
002769,0x0001c100,2016,0x00fc0000,16515072
123241,0x0001c180,2267,0x011b6000,18571264
123243,0x0001c280,2268,0x011b8000,18579456
123245,0x0001c380,2269,0x011ba000,18587648
123247,0x0001c480,2270,0x011bc000,18595840
300620,0x0001c580,3798,0x01dac000,31113216
300621,0x0001c600,3799,0x01dae000,31121408
300622,0x0001c680,3800,0x01db0000,31129600
300623,0x0001c700,3801,0x01db2000,31137792
300624,0x0001c780,3802,0x01db4000,31145984
158012,0x0001c800,2363,0x01276000,19357696
300625,0x0001c810,3803,0x01db6000,31154176
300626,0x0001c880,3804,0x01db8000,31162368
300627,0x0001c900,3805,0x01dba000,31170560
301390,0x0001c910,4329,0x021d2000,35463168
301439,0x0001c920,4345,0x021f2000,35594240
160722,0x0001c980,3146,0x01894000,25772032
300628,0x0001c990,3806,0x01dbc000,31178752
301391,0x0001c9a0,4330,0x021d4000,35471360
160723,0x0001ca00,3147,0x01896000,25780224
300580,0x0001ca10,3759,0x01d5e000,30793728
300629,0x0001ca20,3807,0x01dbe000,31186944
301392,0x0001ca30,4331,0x021d6000,35479552
300581,0x0001ca80,3760,0x01d60000,30801920
301393,0x0001ca90,4332,0x021d8000,35487744
300582,0x0001cb00,3761,0x01d62000,30810112
160726,0x0001cb80,3148,0x01898000,25788416
300583,0x0001cb90,3762,0x01d64000,30818304
301395,0x0001cba0,4333,0x021da000,35495936
300584,0x0001cc00,3763,0x01d66000,30826496
301396,0x0001cc10,4334,0x021dc000,35504128
300585,0x0001cc80,3764,0x01d68000,30834688
301397,0x0001cc90,4335,0x021de000,35512320
200530,0x0001cd00,1445,0x00b4a000,11837440
300586,0x0001cd10,3765,0x01d6a000,30842880
301398,0x0001cd20,4336,0x021e0000,35520512
300587,0x0001cd80,3766,0x01d6c000,30851072
301399,0x0001cd90,4337,0x021e2000,35528704
300588,0x0001ce00,3767,0x01d6e000,30859264
300589,0x0001ce80,3768,0x01d70000,30867456
300900,0x0001d000,4024,0x01f70000,32964608
159100,0x0001d080,2441,0x01312000,19996672
300901,0x0001d090,4025,0x01f72000,32972800
159101,0x0001d100,2442,0x01314000,20004864
300902,0x0001d110,4026,0x01f74000,32980992
200539,0x0001d180,1446,0x00b4c000,11845632
159102,0x0001d190,2443,0x01316000,20013056
300903,0x0001d1a0,4027,0x01f76000,32989184
399431,0x0001d200,805,0x0064a000,6594560
127040,0x0001d210,2307,0x01206000,18898944
159103,0x0001d220,2444,0x01318000,20021248
161810,0x0001d230,3227,0x01936000,26435584
300904,0x0001d240,4028,0x01f78000,32997376
399432,0x0001d280,806,0x0064c000,6602752
161811,0x0001d290,3228,0x01938000,26443776
300905,0x0001d2a0,4029,0x01f7a000,33005568
301717,0x0001d2b0,4466,0x022e4000,36585472
399433,0x0001d300,807,0x0064e000,6610944
159105,0x0001d310,2445,0x0131a000,20029440
161812,0x0001d320,3229,0x0193a000,26451968
300906,0x0001d330,4030,0x01f7c000,33013760
399434,0x0001d380,808,0x00650000,6619136
159106,0x0001d390,2446,0x0131c000,20037632
300907,0x0001d3a0,4031,0x01f7e000,33021952
399435,0x0001d400,809,0x00652000,6627328
127044,0x0001d410,2308,0x01208000,18907136
159107,0x0001d420,2447,0x0131e000,20045824
300908,0x0001d430,4032,0x01f80000,33030144
399436,0x0001d480,810,0x00654000,6635520
127045,0x0001d490,2309,0x0120a000,18915328
159108,0x0001d4a0,2448,0x01320000,20054016
161815,0x0001d4b0,3230,0x0193c000,26460160
300860,0x0001d4c0,3985,0x01f22000,32645120
300909,0x0001d4d0,4033,0x01f82000,33038336
000070,0x0001d500,457,0x00392000,3743744
399437,0x0001d510,811,0x00656000,6643712
127046,0x0001d520,2310,0x0120c000,18923520
159060,0x0001d530,2413,0x012da000,19767296
159109,0x0001d540,2449,0x01322000,20062208
161816,0x0001d550,3231,0x0193e000,26468352
300861,0x0001d560,3986,0x01f24000,32653312
399438,0x0001d580,812,0x00658000,6651904
127047,0x0001d590,2311,0x0120e000,18931712
159061,0x0001d5a0,2414,0x012dc000,19775488
300862,0x0001d5b0,3987,0x01f26000,32661504
399390,0x0001d600,772,0x00608000,6324224
399439,0x0001d610,813,0x0065a000,6660096
159062,0x0001d620,2415,0x012de000,19783680
300863,0x0001d630,3988,0x01f28000,32669696
399391,0x0001d680,773,0x0060a000,6332416
127049,0x0001d690,2312,0x01210000,18939904
159063,0x0001d6a0,2416,0x012e0000,19791872
300864,0x0001d6b0,3989,0x01f2a000,32677888
399392,0x0001d700,774,0x0060c000,6340608
300865,0x0001d710,3990,0x01f2c000,32686080
301677,0x0001d720,4458,0x022d4000,36519936
399393,0x0001d780,775,0x0060e000,6348800
159065,0x0001d790,2417,0x012e2000,19800064
300866,0x0001d7a0,3991,0x01f2e000,32694272
301678,0x0001d7b0,4459,0x022d6000,36528128
399394,0x0001d800,776,0x00610000,6356992
159066,0x0001d810,2418,0x012e4000,19808256
300867,0x0001d820,3992,0x01f30000,32702464
399395,0x0001d880,777,0x00612000,6365184
159067,0x0001d890,2419,0x012e6000,19816448
300868,0x0001d8a0,3993,0x01f32000,32710656
002010,0x0001d900,444,0x00378000,3637248
399396,0x0001d910,778,0x00614000,6373376
000078,0x0001d920,1029,0x0080a000,8429568
159068,0x0001d930,2420,0x012e8000,19824640
300869,0x0001d940,3994,0x01f34000,32718848
002011,0x0001d980,445,0x0037a000,3645440
399397,0x0001d990,779,0x00616000,6381568
159069,0x0001d9a0,2421,0x012ea000,19832832
180301,0x0001d9b0,4475,0x022f6000,36659200
399398,0x0001da00,780,0x00618000,6389760
002012,0x0001da10,1459,0x00b66000,11952128
180302,0x0001da20,4476,0x022f8000,36667392
399399,0x0001da80,781,0x0061a000,6397952
001201,0x0001da90,1345,0x00a82000,11018240
180303,0x0001daa0,4477,0x022fa000,36675584
001202,0x0001db00,1346,0x00a84000,11026432
002014,0x0001db10,1460,0x00b68000,11960320
001203,0x0001db80,1347,0x00a86000,11034624
002015,0x0001db90,1461,0x00b6a000,11968512
180305,0x0001dba0,4478,0x022fc000,36683776
002016,0x0001dc00,1462,0x00b6c000,11976704
180306,0x0001dc10,4479,0x022fe000,36691968
001205,0x0001dc80,1348,0x00a88000,11042816
002017,0x0001dc90,1463,0x00b6e000,11984896
001206,0x0001dd00,1349,0x00a8a000,11051008
001207,0x0001dd80,1350,0x00a8c000,11059200
002019,0x0001dd90,1464,0x00b70000,11993088
128134,0x0001dda0,2354,0x01264000,19283968
001208,0x0001de00,1351,0x00a8e000,11067392
128135,0x0001de10,2355,0x01266000,19292160
001209,0x0001de80,1352,0x00a90000,11075584
128136,0x0001de90,2356,0x01268000,19300352
128138,0x0001df80,2357,0x0126a000,19308544
399670,0x0001e080,889,0x006f2000,7282688
399671,0x0001e100,890,0x006f4000,7290880
399672,0x0001e180,891,0x006f6000,7299072
399673,0x0001e200,892,0x006f8000,7307264
399674,0x0001e280,893,0x006fa000,7315456
399675,0x0001e300,894,0x006fc000,7323648
399676,0x0001e380,895,0x006fe000,7331840
399677,0x0001e400,896,0x00700000,7340032
399678,0x0001e480,897,0x00702000,7348224
002250,0x0001e490,1653,0x00cea000,13541376
399679,0x0001e500,898,0x00704000,7356416
002251,0x0001e510,1654,0x00cec000,13549568
002252,0x0001e580,1655,0x00cee000,13557760
002253,0x0001e600,1656,0x00cf0000,13565952
002254,0x0001e680,1657,0x00cf2000,13574144
002255,0x0001e700,1658,0x00cf4000,13582336
002256,0x0001e780,1659,0x00cf6000,13590528
164808,0x0001e800,3297,0x019c2000,27009024
002258,0x0001e880,1660,0x00cf8000,13598720
002259,0x0001e900,1661,0x00cfa000,13606912
000630,0x0001ea00,1143,0x008ee000,9363456
159620,0x0001ea10,2797,0x015da000,22913024
000631,0x0001ea80,1144,0x008f0000,9371648
159621,0x0001ea90,2798,0x015dc000,22921216
000632,0x0001eb00,1145,0x008f2000,9379840
159622,0x0001eb10,2799,0x015de000,22929408
000633,0x0001eb80,1146,0x008f4000,9388032
159623,0x0001eb90,2800,0x015e0000,22937600
000635,0x0001ec80,1147,0x008f6000,9396224
159625,0x0001ec90,2801,0x015e2000,22945792
000636,0x0001ed00,1148,0x008f8000,9404416
300110,0x0001ed80,71,0x0008e000,581632
000637,0x0001ed90,1149,0x008fa000,9412608
159627,0x0001eda0,2802,0x015e4000,22953984
300111,0x0001ee00,72,0x00090000,589824
159628,0x0001ee10,2803,0x015e6000,22962176
300112,0x0001ee80,73,0x00092000,598016
000590,0x0001ee90,1116,0x008b8000,9142272
000639,0x0001eea0,1150,0x008fc000,9420800
159629,0x0001eeb0,2804,0x015e8000,22970368
300113,0x0001ef00,74,0x00094000,606208
002530,0x0001ef10,400,0x00320000,3276800
000591,0x0001ef20,1117,0x008ba000,9150464
159581,0x0001ef30,2764,0x01598000,22642688
002531,0x0001ef80,401,0x00322000,3284992
399959,0x0001ef90,950,0x0076c000,7782400
000592,0x0001efa0,1118,0x008bc000,9158656
159582,0x0001efb0,2765,0x0159a000,22650880
300115,0x0001f000,75,0x00096000,614400
002532,0x0001f010,402,0x00324000,3293184
000593,0x0001f020,1119,0x008be000,9166848
159583,0x0001f030,2766,0x0159c000,22659072
002533,0x0001f080,403,0x00326000,3301376
002534,0x0001f100,404,0x00328000,3309568
000595,0x0001f110,1120,0x008c0000,9175040
160211,0x0001f120,3089,0x01822000,25305088
300118,0x0001f180,76,0x00098000,622592
002535,0x0001f190,405,0x0032a000,3317760
000596,0x0001f1a0,1121,0x008c2000,9183232
159586,0x0001f1b0,2767,0x0159e000,22667264
160212,0x0001f1c0,3090,0x01824000,25313280
161024,0x0001f1d0,3167,0x018be000,25944064
300119,0x0001f200,77,0x0009a000,630784
002536,0x0001f210,406,0x0032c000,3325952
000597,0x0001f220,1122,0x008c4000,9191424
159587,0x0001f230,2768,0x015a0000,22675456
161025,0x0001f240,3168,0x018c0000,25952256
300070,0x0001f250,3388,0x01a78000,27754496
002537,0x0001f280,407,0x0032e000,3334144
000598,0x0001f290,1123,0x008c6000,9199616
159588,0x0001f2a0,2769,0x015a2000,22683648
161026,0x0001f2b0,3169,0x018c2000,25960448
300071,0x0001f2c0,3389,0x01a7a000,27762688
000599,0x0001f300,1124,0x008c8000,9207808
002538,0x0001f310,1892,0x00ec8000,15499264
159589,0x0001f320,2770,0x015a4000,22691840
160215,0x0001f330,3091,0x01826000,25321472
161027,0x0001f340,3170,0x018c4000,25968640
300072,0x0001f350,3390,0x01a7c000,27770880
002539,0x0001f380,408,0x00330000,3342336
002490,0x0001f390,1875,0x00ea6000,15360000
160216,0x0001f3a0,3092,0x01828000,25329664
161028,0x0001f3b0,3171,0x018c6000,25976832
300073,0x0001f3c0,3391,0x01a7e000,27779072
002491,0x0001f400,1876,0x00ea8000,15368192
161029,0x0001f410,3172,0x018c8000,25985024
300074,0x0001f420,3392,0x01a80000,27787264
000910,0x0001f480,185,0x00172000,1515520
002492,0x0001f490,1877,0x00eaa000,15376384
160218,0x0001f4a0,3093,0x0182a000,25337856
300075,0x0001f4b0,3393,0x01a82000,27795456
000911,0x0001f500,1287,0x00a0e000,10543104
200020,0x0001f510,1428,0x00b28000,11698176
002493,0x0001f520,1878,0x00eac000,15384576
159901,0x0001f530,3008,0x01780000,24641536
160219,0x0001f540,3094,0x0182c000,25346048
300076,0x0001f550,3394,0x01a84000,27803648
000912,0x0001f580,186,0x00174000,1523712
002494,0x0001f590,1879,0x00eae000,15392768
159902,0x0001f5a0,3009,0x01782000,24649728
300077,0x0001f5b0,3395,0x01a86000,27811840
000913,0x0001f600,187,0x00176000,1531904
002495,0x0001f610,1880,0x00eb0000,15400960
159903,0x0001f620,3010,0x01784000,24657920
300078,0x0001f630,3396,0x01a88000,27820032
002496,0x0001f680,1881,0x00eb2000,15409152
300079,0x0001f690,3397,0x01a8a000,27828224
301200,0x0001f700,52,0x00068000,425984
000915,0x0001f710,1288,0x00a10000,10551296
002497,0x0001f720,1882,0x00eb4000,15417344
159905,0x0001f730,3011,0x01786000,24666112
301201,0x0001f780,53,0x0006a000,434176
200025,0x0001f790,1429,0x00b2a000,11706368
002498,0x0001f7a0,1883,0x00eb6000,15425536
159906,0x0001f7b0,3012,0x01788000,24674304
301202,0x0001f800,54,0x0006c000,442368
000917,0x0001f810,1289,0x00a12000,10559488
200026,0x0001f820,1430,0x00b2c000,11714560
159907,0x0001f830,3013,0x0178a000,24682496
301203,0x0001f880,55,0x0006e000,450560
159908,0x0001f890,3014,0x0178c000,24690688
000919,0x0001f900,1290,0x00a14000,10567680
200028,0x0001f910,1431,0x00b2e000,11722752
159909,0x0001f920,3015,0x0178e000,24698880
301205,0x0001f980,56,0x00070000,458752
200029,0x0001f990,1432,0x00b30000,11730944
002810,0x0001f9a0,2049,0x01002000,16785408
159861,0x0001f9b0,2978,0x01744000,24395776
301206,0x0001fa00,57,0x00072000,466944
002811,0x0001fa10,2050,0x01004000,16793600
159862,0x0001fa20,2979,0x01746000,24403968
301207,0x0001fa80,58,0x00074000,475136
002812,0x0001fa90,2051,0x01006000,16801792
159863,0x0001faa0,2980,0x01748000,24412160
301208,0x0001fb00,59,0x00076000,483328
002813,0x0001fb10,2052,0x01008000,16809984
159864,0x0001fb20,2981,0x0174a000,24420352
301209,0x0001fb80,60,0x00078000,491520
000875,0x0001fb90,159,0x0013e000,1302528
159865,0x0001fba0,2982,0x0174c000,24428544
301160,0x0001fbb0,4172,0x02098000,34177024
000876,0x0001fc00,160,0x00140000,1310720
002815,0x0001fc10,2053,0x0100a000,16818176
159866,0x0001fc20,2983,0x0174e000,24436736
301161,0x0001fc30,4173,0x0209a000,34185216
000877,0x0001fc80,161,0x00142000,1318912
002816,0x0001fc90,373,0x002ea000,3055616
159867,0x0001fca0,2984,0x01750000,24444928
300350,0x0001fcb0,3582,0x01bfc000,29343744
301162,0x0001fcc0,4174,0x0209c000,34193408
000878,0x0001fd00,162,0x00144000,1327104
002817,0x0001fd10,2054,0x0100c000,16826368
300351,0x0001fd20,3583,0x01bfe000,29351936
301163,0x0001fd30,4175,0x0209e000,34201600
002818,0x0001fd80,2055,0x0100e000,16834560
159869,0x0001fd90,2985,0x01752000,24453120
300352,0x0001fda0,3584,0x01c00000,29360128
002819,0x0001fe00,2056,0x01010000,16842752
300353,0x0001fe10,3585,0x01c02000,29368320
301165,0x0001fe20,4176,0x020a0000,34209792
002771,0x0001fe80,2017,0x00fc2000,16523264
300354,0x0001fe90,3586,0x01c04000,29376512
301166,0x0001fea0,4177,0x020a2000,34217984
002772,0x0001ff00,2018,0x00fc4000,16531456
300355,0x0001ff10,3587,0x01c06000,29384704
301167,0x0001ff20,4178,0x020a4000,34226176
002773,0x0001ff80,2019,0x00fc6000,16539648
301168,0x0001ff90,4179,0x020a6000,34234368
002774,0x00020000,2020,0x00fc8000,16547840
300357,0x00020010,3588,0x01c08000,29392896
301169,0x00020020,4180,0x020a8000,34242560
002775,0x00020080,2021,0x00fca000,16556032
300358,0x00020090,3589,0x01c0a000,29401088
300359,0x00020100,3590,0x01c0c000,29409280
001965,0x00020180,434,0x00364000,3555328
002777,0x00020190,2022,0x00fcc000,16564224
002778,0x00020200,2023,0x00fce000,16572416
002779,0x00020280,2024,0x00fd0000,16580608
123250,0x00020290,2271,0x011be000,18604032
123252,0x00020380,2272,0x011c0000,18612224
123253,0x00020400,2273,0x011c2000,18620416
123255,0x00020500,2274,0x011c4000,18628608
123257,0x00020600,2275,0x011c6000,18636800
123258,0x00020680,2276,0x011c8000,18644992
163208,0x00020690,3271,0x0198e000,26796032
123259,0x00020700,2277,0x011ca000,18653184
300631,0x00020780,3808,0x01dc0000,31195136
300632,0x00020800,3809,0x01dc2000,31203328
300633,0x00020880,3810,0x01dc4000,31211520
300634,0x00020900,3811,0x01dc6000,31219712
301446,0x00020910,4346,0x021f4000,35602432
300635,0x00020980,3812,0x01dc8000,31227904
300636,0x00020a00,3813,0x01dca000,31236096
301448,0x00020a10,4347,0x021f6000,35610624
300637,0x00020a80,3814,0x01dcc000,31244288
301449,0x00020a90,4348,0x021f8000,35618816
300638,0x00020b00,3815,0x01dce000,31252480
300590,0x00020b80,3769,0x01d72000,30875648
300639,0x00020b90,3816,0x01dd0000,31260672
300591,0x00020c00,3770,0x01d74000,30883840
300592,0x00020c80,3771,0x01d76000,30892032
300593,0x00020d00,3772,0x01d78000,30900224
300594,0x00020d80,348,0x002b8000,2850816
300595,0x00020e00,3773,0x01d7a000,30908416
300596,0x00020e80,3774,0x01d7c000,30916608
200541,0x00020f00,1447,0x00b4e000,11853824
300597,0x00020f10,3775,0x01d7e000,30924800
300598,0x00020f80,3776,0x01d80000,30932992
300599,0x00021000,3777,0x01d82000,30941184
167001,0x00021080,3329,0x01a02000,27271168
167002,0x00021100,3330,0x01a04000,27279360
167003,0x00021180,3331,0x01a06000,27287552
300910,0x00021190,4034,0x01f84000,33046528
159110,0x00021200,2450,0x01324000,20070400
300911,0x00021210,4035,0x01f86000,33054720
159111,0x00021280,2451,0x01326000,20078592
300912,0x00021290,4036,0x01f88000,33062912
399440,0x00021300,814,0x0065c000,6668288
159112,0x00021310,2452,0x01328000,20086784
300913,0x00021320,4037,0x01f8a000,33071104
399441,0x00021380,815,0x0065e000,6676480
127050,0x00021390,2313,0x01212000,18948096
159113,0x000213a0,2453,0x0132a000,20094976
161820,0x000213b0,3232,0x01940000,26476544
300915,0x00021400,4038,0x01f8c000,33079296
159115,0x00021480,2454,0x0132c000,20103168
300916,0x00021490,4039,0x01f8e000,33087488
127053,0x00021500,2314,0x01214000,18956288
159116,0x00021510,2455,0x0132e000,20111360
300917,0x00021520,4040,0x01f90000,33095680
301680,0x00021530,4460,0x022d8000,36536320
127054,0x00021580,2315,0x01216000,18964480
159117,0x00021590,2456,0x01330000,20119552
300918,0x000215a0,4041,0x01f92000,33103872
127055,0x00021600,2316,0x01218000,18972672
159118,0x00021610,2457,0x01332000,20127744
300870,0x00021620,3995,0x01f36000,32727040
300919,0x00021630,4042,0x01f94000,33112064
301682,0x00021640,4461,0x022da000,36544512
127056,0x00021680,2317,0x0121a000,18980864
159070,0x00021690,2422,0x012ec000,19841024
159119,0x000216a0,2458,0x01334000,20135936
300871,0x000216b0,3996,0x01f38000,32735232
301683,0x000216c0,4462,0x022dc000,36552704
159071,0x00021700,2423,0x012ee000,19849216
300872,0x00021710,3997,0x01f3a000,32743424
159072,0x00021780,2424,0x012f0000,19857408
300873,0x00021790,3998,0x01f3c000,32751616
127059,0x00021800,2318,0x0121c000,18989056
159073,0x00021810,2425,0x012f2000,19865600
300875,0x00021880,3999,0x01f3e000,32759808
301687,0x00021890,4463,0x022de000,36560896
159075,0x00021900,2426,0x012f4000,19873792
300876,0x00021910,4000,0x01f40000,32768000
159076,0x00021980,2427,0x012f6000,19881984
300877,0x00021990,4001,0x01f42000,32776192
159077,0x00021a00,2428,0x012f8000,19890176
300878,0x00021a10,4002,0x01f44000,32784384
000088,0x00021a80,458,0x00394000,3751936
002020,0x00021a90,1465,0x00b72000,12001280
159078,0x00021aa0,2429,0x012fa000,19898368
300879,0x00021ab0,4003,0x01f46000,32792576
000089,0x00021b00,459,0x00396000,3760128
002021,0x00021b10,1466,0x00b74000,12009472
159079,0x00021b20,2430,0x012fc000,19906560
001210,0x00021b80,1353,0x00a92000,11083776
002022,0x00021b90,1467,0x00b76000,12017664
001211,0x00021c00,1354,0x00a94000,11091968
002023,0x00021c10,1468,0x00b78000,12025856
000400,0x00021c80,475,0x003b6000,3891200
001212,0x00021c90,1355,0x00a96000,11100160
002024,0x00021ca0,1469,0x00b7a000,12034048
000401,0x00021d00,476,0x003b8000,3899392
001213,0x00021d10,1356,0x00a98000,11108352
002025,0x00021d20,1470,0x00b7c000,12042240
000402,0x00021d80,1030,0x0080c000,8437760
002026,0x00021d90,1471,0x00b7e000,12050432
000403,0x00021e00,1031,0x0080e000,8445952
001215,0x00021e10,1357,0x00a9a000,11116544
002027,0x00021e20,1472,0x00b80000,12058624
128142,0x00021e30,2358,0x0126c000,19316736
000404,0x00021e80,1032,0x00810000,8454144
001216,0x00021e90,1358,0x00a9c000,11124736
002028,0x00021ea0,1473,0x00b82000,12066816
001217,0x00021f00,1359,0x00a9e000,11132928
002029,0x00021f10,1474,0x00b84000,12075008
001218,0x00021f80,1360,0x00aa0000,11141120
000407,0x00022000,1033,0x00812000,8462336
001219,0x00022010,1361,0x00aa2000,11149312
000408,0x00022080,1034,0x00814000,8470528
000409,0x00022100,1035,0x00816000,8478720
159350,0x00022110,2650,0x014b4000,21708800
002300,0x00022180,1699,0x00d46000,13918208
159351,0x00022190,2651,0x014b6000,21716992
399680,0x00022200,899,0x00706000,7364608
002301,0x00022210,1700,0x00d48000,13926400
159352,0x00022220,2652,0x014b8000,21725184
399681,0x00022280,900,0x00708000,7372800
002302,0x00022290,1701,0x00d4a000,13934592
159353,0x000222a0,2653,0x014ba000,21733376
399682,0x00022300,901,0x0070a000,7380992
002303,0x00022310,1702,0x00d4c000,13942784
399683,0x00022380,902,0x0070c000,7389184
002304,0x00022390,1703,0x00d4e000,13950976
159355,0x000223a0,2654,0x014bc000,21741568
399684,0x00022400,903,0x0070e000,7397376
002305,0x00022410,1704,0x00d50000,13959168
159356,0x00022420,2655,0x014be000,21749760
399685,0x00022480,904,0x00710000,7405568
002306,0x00022490,1705,0x00d52000,13967360
159357,0x000224a0,2656,0x014c0000,21757952
399686,0x00022500,905,0x00712000,7413760
002307,0x00022510,1706,0x00d54000,13975552
159358,0x00022520,2657,0x014c2000,21766144
399687,0x00022580,906,0x00714000,7421952
159359,0x00022590,2658,0x014c4000,21774336
164810,0x000225a0,3298,0x019c4000,27017216
399688,0x00022600,907,0x00716000,7430144
002309,0x00022610,1707,0x00d56000,13983744
399689,0x00022680,908,0x00718000,7438336
002261,0x00022690,1662,0x00cfc000,13615104
002262,0x00022700,1663,0x00cfe000,13623296
002263,0x00022780,1664,0x00d00000,13631488
164814,0x00022790,3299,0x019c6000,27025408
201872,0x00022800,1423,0x00b1e000,11657216
002264,0x00022810,1665,0x00d02000,13639680
002265,0x00022880,1666,0x00d04000,13647872
002266,0x00022900,1667,0x00d06000,13656064
002267,0x00022980,1668,0x00d08000,13664256
002268,0x00022a00,1669,0x00d0a000,13672448
002269,0x00022a80,1670,0x00d0c000,13680640
159630,0x00022b80,2805,0x015ea000,22978560
159631,0x00022c00,2806,0x015ec000,22986752
159632,0x00022c80,2807,0x015ee000,22994944
159633,0x00022d00,2808,0x015f0000,23003136
159635,0x00022e00,2809,0x015f2000,23011328
159636,0x00022e80,2810,0x015f4000,23019520
300120,0x00022f00,78,0x0009c000,638976
399965,0x00022f10,951,0x0076e000,7790592
159637,0x00022f20,2811,0x015f6000,23027712
300121,0x00022f80,79,0x0009e000,647168
399966,0x00022f90,952,0x00770000,7798784
159638,0x00022fa0,2812,0x015f8000,23035904
300122,0x00023000,80,0x000a0000,655360
399967,0x00023010,953,0x00772000,7806976
159590,0x00023020,2771,0x015a6000,22700032
159639,0x00023030,2813,0x015fa000,23044096
002540,0x00023080,409,0x00332000,3350528
159591,0x00023090,2772,0x015a8000,22708224
300123,0x000230a0,3417,0x01ab2000,27992064
300124,0x00023100,81,0x000a2000,663552
002541,0x00023110,410,0x00334000,3358720
159592,0x00023120,2773,0x015aa000,22716416
161030,0x00023130,3173,0x018ca000,25993216
300125,0x00023180,82,0x000a4000,671744
002542,0x00023190,1893,0x00eca000,15507456
159593,0x000231a0,2774,0x015ac000,22724608
161031,0x000231b0,3174,0x018cc000,26001408
300126,0x00023200,83,0x000a6000,679936
002543,0x00023210,411,0x00336000,3366912
160220,0x00023220,3095,0x0182e000,25354240
161032,0x00023230,3175,0x018ce000,26009600
300127,0x00023280,84,0x000a8000,688128
002544,0x00023290,412,0x00338000,3375104
159595,0x000232a0,2775,0x015ae000,22732800
160221,0x000232b0,3096,0x01830000,25362432
161033,0x000232c0,3176,0x018d0000,26017792
300128,0x00023300,85,0x000aa000,696320
002545,0x00023310,413,0x0033a000,3383296
159596,0x00023320,2776,0x015b0000,22740992
160222,0x00023330,3097,0x01832000,25370624
300129,0x00023380,86,0x000ac000,704512
002546,0x00023390,414,0x0033c000,3391488
159597,0x000233a0,2777,0x015b2000,22749184
160223,0x000233b0,3098,0x01834000,25378816
161035,0x000233c0,3177,0x018d2000,26025984
300080,0x000233d0,3398,0x01a8c000,27836416
002547,0x00023400,353,0x002c2000,2891776
161036,0x00023410,3178,0x018d4000,26034176
300081,0x00023420,3399,0x01a8e000,27844608
002548,0x00023480,1894,0x00ecc000,15515648
159599,0x00023490,2778,0x015b4000,22757376
160225,0x000234a0,3099,0x01836000,25387008
161037,0x000234b0,3179,0x018d6000,26042368
300082,0x000234c0,3400,0x01a90000,27852800
002549,0x00023500,1895,0x00ece000,15523840
161038,0x00023510,3180,0x018d8000,26050560
300083,0x00023520,3401,0x01a92000,27860992
161039,0x00023580,3181,0x018da000,26058752
300084,0x00023590,3402,0x01a94000,27869184
000920,0x00023600,1291,0x00a16000,10575872
159910,0x00023610,3016,0x01790000,24707072
300085,0x00023620,3403,0x01a96000,27877376
000921,0x00023680,1292,0x00a18000,10584064
200030,0x00023690,1433,0x00b32000,11739136
395099,0x000236a0,3359,0x01a3e000,27516928
300086,0x000236b0,3404,0x01a98000,27885568
300241,0x00023700,121,0x000f2000,991232
002707,0x00023710,275,0x00226000,2252800
000768,0x00023720,1228,0x00998000,10059776
000922,0x00023730,1293,0x00a1a000,10592256
159758,0x00023740,2904,0x016b0000,23789568
159912,0x00023750,3017,0x01792000,24715264
300087,0x00023760,3405,0x01a9a000,27893760
301053,0x00023770,4136,0x02050000,33882112
300242,0x00023780,122,0x000f4000,999424
002708,0x00023790,276,0x00228000,2260992
000923,0x000237a0,1294,0x00a1c000,10600448
159913,0x000237b0,3018,0x01794000,24723456
300088,0x000237c0,3406,0x01a9c000,27901952
300243,0x00023800,123,0x000f6000,1007616
002709,0x00023810,277,0x0022a000,2269184
002660,0x00023820,1961,0x00f52000,16064512
301055,0x00023830,4137,0x02052000,33890304
301210,0x00023880,61,0x0007a000,499712
300244,0x00023890,124,0x000f8000,1015808
000925,0x000238a0,1295,0x00a1e000,10608640
002661,0x000238b0,1962,0x00f54000,16072704
159915,0x000238c0,3019,0x01796000,24731648
301056,0x000238d0,4138,0x02054000,33898496
301211,0x00023900,62,0x0007c000,507904
000926,0x00023910,1296,0x00a20000,10616832
002662,0x00023920,1963,0x00f56000,16080896
159916,0x00023930,3020,0x01798000,24739840
300245,0x00023940,3489,0x01b42000,28581888
301057,0x00023950,4139,0x02056000,33906688
301212,0x00023980,63,0x0007e000,516096
300246,0x00023990,125,0x000fa000,1024000
000927,0x000239a0,1297,0x00a22000,10625024
002663,0x000239b0,1964,0x00f58000,16089088
300400,0x000239c0,3624,0x01c50000,29687808
301058,0x000239d0,4140,0x02058000,33914880
000928,0x00023a00,1298,0x00a24000,10633216
200037,0x00023a10,1434,0x00b34000,11747328
002664,0x00023a20,1965,0x00f5a000,16097280
159918,0x00023a30,3021,0x0179a000,24748032
300247,0x00023a40,3490,0x01b44000,28590080
300401,0x00023a50,3625,0x01c52000,29696000
301059,0x00023a60,4141,0x0205a000,33923072
301213,0x00023a70,4189,0x020ba000,34316288
000880,0x00023a80,163,0x00146000,1335296
000929,0x00023a90,1299,0x00a26000,10641408
159870,0x00023aa0,2986,0x01754000,24461312
159919,0x00023ab0,3022,0x0179c000,24756224
300248,0x00023ac0,3491,0x01b46000,28598272
300402,0x00023ad0,3626,0x01c54000,29704192
000881,0x00023b00,164,0x00148000,1343488
002666,0x00023b10,1966,0x00f5c000,16105472
002820,0x00023b20,2057,0x01012000,16850944
159871,0x00023b30,2987,0x01756000,24469504
300249,0x00023b40,3492,0x01b48000,28606464
300403,0x00023b50,3627,0x01c56000,29712384
301215,0x00023b60,4190,0x020bc000,34324480
000882,0x00023b80,165,0x0014a000,1351680
002667,0x00023b90,363,0x002d6000,2973696
002821,0x00023ba0,2058,0x01014000,16859136
159872,0x00023bb0,2988,0x01758000,24477696
300404,0x00023bc0,3628,0x01c58000,29720576
301216,0x00023bd0,4191,0x020be000,34332672
000883,0x00023c00,166,0x0014c000,1359872
002822,0x00023c10,374,0x002ec000,3063808
002668,0x00023c20,1967,0x00f5e000,16113664
159873,0x00023c30,2989,0x0175a000,24485888
300405,0x00023c40,3629,0x01c5a000,29728768
301217,0x00023c50,4192,0x020c0000,34340864
001696,0x00023c80,430,0x0035c000,3522560
002669,0x00023c90,1968,0x00f60000,16121856
002823,0x00023ca0,2059,0x01016000,16867328
300406,0x00023cb0,3630,0x01c5c000,29736960
301218,0x00023cc0,4193,0x020c2000,34349056
000885,0x00023d00,167,0x0014e000,1368064
002824,0x00023d10,2060,0x01018000,16875520
159875,0x00023d20,2990,0x0175c000,24494080
300407,0x00023d30,3631,0x01c5e000,29745152
301170,0x00023d40,4181,0x020aa000,34250752
301219,0x00023d50,4194,0x020c4000,34357248
000886,0x00023d80,168,0x00150000,1376256
002825,0x00023d90,2061,0x0101a000,16883712
123142,0x00023da0,2223,0x0115e000,18210816
159876,0x00023db0,2991,0x0175e000,24502272
300408,0x00023dc0,3632,0x01c60000,29753344
301171,0x00023dd0,4182,0x020ac000,34258944
000887,0x00023e00,169,0x00152000,1384448
002826,0x00023e10,2062,0x0101c000,16891904
159877,0x00023e20,2992,0x01760000,24510464
300360,0x00023e30,3591,0x01c0e000,29417472
300409,0x00023e40,3633,0x01c62000,29761536
301172,0x00023e50,4183,0x020ae000,34267136
000888,0x00023e80,170,0x00154000,1392640
002827,0x00023e90,2063,0x0101e000,16900096
123144,0x00023ea0,2224,0x01160000,18219008
301173,0x00023eb0,4184,0x020b0000,34275328
000889,0x00023f00,171,0x00156000,1400832
002828,0x00023f10,2064,0x01020000,16908288
160505,0x00023f20,3109,0x0184a000,25468928
002780,0x00023f80,2025,0x00fd2000,16588800
002829,0x00023f90,2065,0x01022000,16916480
300363,0x00023fa0,3592,0x01c10000,29425664
301175,0x00023fb0,4185,0x020b2000,34283520
300364,0x00024000,3593,0x01c12000,29433856
301176,0x00024010,4186,0x020b4000,34291712
301330,0x00024020,4286,0x0217c000,35110912
002782,0x00024080,2026,0x00fd4000,16596992
300365,0x00024090,3594,0x01c14000,29442048
301177,0x000240a0,4187,0x020b6000,34299904
301331,0x000240b0,4287,0x0217e000,35119104
002783,0x00024100,2027,0x00fd6000,16605184
123149,0x00024110,2225,0x01162000,18227200
300366,0x00024120,3595,0x01c16000,29450240
300520,0x00024130,3736,0x01d30000,30605312
301178,0x00024140,4188,0x020b8000,34308096
301332,0x00024150,4288,0x02180000,35127296
301179,0x00024180,33,0x00042000,270336
300521,0x00024190,3737,0x01d32000,30613504
301333,0x000241a0,4289,0x02182000,35135488
002785,0x00024200,2028,0x00fd8000,16613376
300368,0x00024210,3596,0x01c18000,29458432
300522,0x00024220,3738,0x01d34000,30621696
002940,0x00024280,300,0x00258000,2457600
399050,0x00024290,641,0x00502000,5251072
002786,0x000242a0,2029,0x00fda000,16621568
159991,0x000242b0,3070,0x017fc000,25149440
300369,0x000242c0,3597,0x01c1a000,29466624
300523,0x000242d0,3739,0x01d36000,30629888
301335,0x000242e0,4290,0x02184000,35143680
002941,0x00024300,301,0x0025a000,2465792
002787,0x00024310,2030,0x00fdc000,16629760
159992,0x00024320,3071,0x017fe000,25157632
301336,0x00024330,4291,0x02186000,35151872
002942,0x00024380,302,0x0025c000,2473984
002788,0x00024390,2031,0x00fde000,16637952
159993,0x000243a0,3072,0x01800000,25165824
300525,0x000243b0,3740,0x01d38000,30638080
301337,0x000243c0,4292,0x02188000,35160064
002943,0x00024400,303,0x0025e000,2482176
002789,0x00024410,372,0x002e8000,3047424
123260,0x00024420,2278,0x011cc000,18661376
159994,0x00024430,3073,0x01802000,25174016
160620,0x00024440,3124,0x01868000,25591808
301338,0x00024450,4293,0x0218a000,35168256
300527,0x00024480,346,0x002b4000,2834432
123261,0x00024490,2279,0x011ce000,18669568
159995,0x000244a0,3074,0x01804000,25182208
301290,0x000244b0,4249,0x02132000,34807808
301339,0x000244c0,4294,0x0218c000,35176448
002945,0x00024500,304,0x00260000,2490368
001979,0x00024510,435,0x00366000,3563520
123262,0x00024520,2280,0x011d0000,18677760
159996,0x00024530,3075,0x01806000,25190400
160622,0x00024540,3125,0x0186a000,25600000
300528,0x00024550,3741,0x01d3a000,30646272
301291,0x00024560,4250,0x02134000,34816000
002946,0x00024580,305,0x00262000,2498560
123263,0x00024590,2281,0x011d2000,18685952
159997,0x000245a0,3076,0x01808000,25198592
300480,0x000245b0,3697,0x01ce2000,30285824
300529,0x000245c0,3742,0x01d3c000,30654464
301292,0x000245d0,4251,0x02136000,34824192
002947,0x00024600,306,0x00264000,2506752
123264,0x00024610,2282,0x011d4000,18694144
159998,0x00024620,3077,0x0180a000,25206784
300481,0x00024630,3698,0x01ce4000,30294016
301293,0x00024640,4252,0x02138000,34832384
002948,0x00024680,307,0x00266000,2514944
123265,0x00024690,2283,0x011d6000,18702336
160625,0x000246a0,3126,0x0186c000,25608192
300482,0x000246b0,3699,0x01ce6000,30302208
002949,0x00024700,308,0x00268000,2523136
123266,0x00024710,2284,0x011d8000,18710528
160626,0x00024720,3127,0x0186e000,25616384
300483,0x00024730,3700,0x01ce8000,30310400
301295,0x00024740,4253,0x0213a000,34840576
123267,0x00024780,2285,0x011da000,18718720
300484,0x00024790,3701,0x01cea000,30318592
301296,0x000247a0,4254,0x0213c000,34848768
123268,0x00024800,2286,0x011dc000,18726912
160628,0x00024810,3128,0x01870000,25624576
300485,0x00024820,3702,0x01cec000,30326784
301297,0x00024830,4255,0x0213e000,34856960
123269,0x00024880,2287,0x011de000,18735104
160629,0x00024890,3129,0x01872000,25632768
300486,0x000248a0,3703,0x01cee000,30334976
300640,0x000248b0,3817,0x01dd2000,31268864
301298,0x000248c0,4256,0x02140000,34865152
300487,0x00024900,3704,0x01cf0000,30343168
300641,0x00024910,3818,0x01dd4000,31277056
301299,0x00024920,4257,0x02142000,34873344
300488,0x00024980,3705,0x01cf2000,30351360
300642,0x00024990,3819,0x01dd6000,31285248
300489,0x00024a00,3706,0x01cf4000,30359552
300643,0x00024a10,3820,0x01dd8000,31293440
300644,0x00024a80,3821,0x01dda000,31301632
301456,0x00024a90,4349,0x021fa000,35627008
300645,0x00024b00,3822,0x01ddc000,31309824
301611,0x00024b10,4434,0x022a4000,36323328
300800,0x00024b80,138,0x00114000,1130496
301458,0x00024b90,4350,0x021fc000,35635200
300801,0x00024c00,139,0x00116000,1138688
000010,0x00024c10,1002,0x007d4000,8208384
300647,0x00024c20,3823,0x01dde000,31318016
301459,0x00024c30,4351,0x021fe000,35643392
301613,0x00024c40,4435,0x022a6000,36331520
300802,0x00024c80,140,0x00118000,1146880
000011,0x00024c90,1003,0x007d6000,8216576
159001,0x00024ca0,2364,0x01278000,19365888
300648,0x00024cb0,3824,0x01de0000,31326208
300803,0x00024d00,141,0x0011a000,1155072
399330,0x00024d10,723,0x005a6000,5922816
000012,0x00024d20,1004,0x007d8000,8224768
300649,0x00024d30,3825,0x01de2000,31334400
159003,0x00024d80,2365,0x0127a000,19374080
300804,0x00024d90,3953,0x01ee2000,32382976
301616,0x00024da0,4436,0x022a8000,36339712
300805,0x00024e00,142,0x0011c000,1163264
000014,0x00024e10,1005,0x007da000,8232960
301617,0x00024e20,4437,0x022aa000,36347904
300806,0x00024e80,143,0x0011e000,1171456
399333,0x00024e90,724,0x005a8000,5931008
159005,0x00024ea0,2366,0x0127c000,19382272
301618,0x00024eb0,4438,0x022ac000,36356096
300807,0x00024f00,144,0x00120000,1179648
161713,0x00024f10,3216,0x01920000,26345472
300808,0x00024f80,145,0x00122000,1187840
399335,0x00024f90,725,0x005aa000,5939200
000017,0x00024fa0,1006,0x007dc000,8241152
159007,0x00024fb0,2367,0x0127e000,19390464
301571,0x00024fc0,4406,0x0226c000,36093952
300809,0x00025000,146,0x00124000,1196032
200550,0x00025010,1448,0x00b50000,11862016
159008,0x00025020,2368,0x01280000,19398656
161715,0x00025030,3217,0x01922000,26353664
300760,0x00025040,3928,0x01eb0000,32178176
399337,0x00025080,726,0x005ac000,5947392
000019,0x00025090,1007,0x007de000,8249344
159009,0x000250a0,2369,0x01282000,19406848
161716,0x000250b0,3218,0x01924000,26361856
300761,0x000250c0,3929,0x01eb2000,32186368
300762,0x00025100,3930,0x01eb4000,32194560
399290,0x00025180,691,0x00566000,5660672
399339,0x00025190,727,0x005ae000,5955584
200553,0x000251a0,1449,0x00b52000,11870208
127102,0x000251b0,2342,0x0124c000,19185664
300763,0x000251c0,3931,0x01eb6000,32202752
301575,0x000251d0,4407,0x0226e000,36102144
399291,0x00025200,692,0x00568000,5668864
127103,0x00025210,2343,0x0124e000,19193856
399292,0x00025280,693,0x0056a000,5677056
127104,0x00025290,2344,0x01250000,19202048
300765,0x000252a0,3932,0x01eb8000,32210944
301577,0x000252b0,4408,0x02270000,36110336
399293,0x00025300,694,0x0056c000,5685248
127105,0x00025310,2345,0x01252000,19210240
300766,0x00025320,3933,0x01eba000,32219136
300920,0x00025330,4043,0x01f96000,33120256
301578,0x00025340,4409,0x02272000,36118528
399294,0x00025380,695,0x0056e000,5693440
159120,0x00025390,2459,0x01336000,20144128
300767,0x000253a0,3934,0x01ebc000,32227328
300921,0x000253b0,4044,0x01f98000,33128448
399295,0x00025400,696,0x00570000,5701632
159121,0x00025410,2460,0x01338000,20152320
300768,0x00025420,3935,0x01ebe000,32235520
300922,0x00025430,4045,0x01f9a000,33136640
399296,0x00025480,697,0x00572000,5709824
127108,0x00025490,2346,0x01254000,19218432
159122,0x000254a0,2461,0x0133a000,20160512
300769,0x000254b0,3936,0x01ec0000,32243712
300923,0x000254c0,4046,0x01f9c000,33144832
399297,0x00025500,698,0x00574000,5718016
127060,0x00025510,2319,0x0121e000,18997248
127109,0x00025520,2347,0x01256000,19226624
159123,0x00025530,2462,0x0133c000,20168704
180201,0x00025540,4472,0x022f0000,36634624
399298,0x00025580,699,0x00576000,5726208
127061,0x00025590,2320,0x01220000,19005440
161831,0x000255a0,3233,0x01942000,26484736
300925,0x000255b0,4047,0x01f9e000,33153024
180202,0x000255c0,4473,0x022f2000,36642816
399299,0x00025600,700,0x00578000,5734400
127062,0x00025610,2321,0x01222000,19013632
159125,0x00025620,2463,0x0133e000,20176896
300926,0x00025630,4048,0x01fa0000,33161216
180203,0x00025640,4474,0x022f4000,36651008
159126,0x00025680,2464,0x01340000,20185088
300927,0x00025690,4049,0x01fa2000,33169408
127064,0x00025700,2322,0x01224000,19021824
159127,0x00025710,2465,0x01342000,20193280
161834,0x00025720,3234,0x01944000,26492928
300928,0x00025730,4050,0x01fa4000,33177600
399610,0x00025780,829,0x0067a000,6791168
159128,0x00025790,2466,0x01344000,20201472
300880,0x000257a0,4004,0x01f48000,32800768
300929,0x000257b0,4051,0x01fa6000,33185792
000090,0x00025800,460,0x00398000,3768320
399611,0x00025810,830,0x0067c000,6799360
159129,0x00025820,2467,0x01346000,20209664
300881,0x00025830,4005,0x01f4a000,32808960
399612,0x00025880,831,0x0067e000,6807552
127067,0x00025890,2323,0x01226000,19030016
300882,0x000258a0,4006,0x01f4c000,32817152
161837,0x000258b0,4498,0x02324000,36847616
399613,0x00025900,832,0x00680000,6815744
127068,0x00025910,2324,0x01228000,19038208
159082,0x00025920,2431,0x012fe000,19914752
300883,0x00025930,4007,0x01f4e000,32825344
399614,0x00025980,833,0x00682000,6823936
127069,0x00025990,2325,0x0122a000,19046400
159083,0x000259a0,2432,0x01300000,19922944
300884,0x000259b0,4008,0x01f50000,32833536
301696,0x000259c0,4464,0x022e0000,36569088
399615,0x00025a00,834,0x00684000,6832128
300885,0x00025a10,4009,0x01f52000,32841728
399616,0x00025a80,835,0x00686000,6840320
003000,0x00025a90,2157,0x010da000,17670144
159085,0x00025aa0,2433,0x01302000,19931136
300886,0x00025ab0,4010,0x01f54000,32849920
000096,0x00025b00,461,0x0039a000,3776512
399617,0x00025b10,836,0x00688000,6848512
003001,0x00025b20,2158,0x010dc000,17678336
159086,0x00025b30,2434,0x01304000,19939328
159240,0x00025b40,2567,0x0140e000,21028864
300887,0x00025b50,4011,0x01f56000,32858112
399618,0x00025b80,837,0x0068a000,6856704
003002,0x00025b90,2159,0x010de000,17686528
159087,0x00025ba0,2435,0x01306000,19947520
159241,0x00025bb0,2568,0x01410000,21037056
168101,0x00025bc0,3337,0x01a12000,27336704
300888,0x00025bd0,4012,0x01f58000,32866304
399619,0x00025c00,838,0x0068c000,6864896
002030,0x00025c10,1475,0x00b86000,12083200
003003,0x00025c20,2160,0x010e0000,17694720
159242,0x00025c30,2569,0x01412000,21045248
168102,0x00025c40,3338,0x01a14000,27344896
300889,0x00025c50,4013,0x01f5a000,32874496
000099,0x00025c80,462,0x0039c000,3784704
002031,0x00025c90,1476,0x00b88000,12091392
003004,0x00025ca0,2161,0x010e2000,17702912
159243,0x00025cb0,2570,0x01414000,21053440
001220,0x00025d00,477,0x003ba000,3907584
002032,0x00025d10,1477,0x00b8a000,12099584
003005,0x00025d20,2162,0x010e4000,17711104
168104,0x00025d30,3339,0x01a16000,27353088
001221,0x00025d80,478,0x003bc000,3915776
002033,0x00025d90,1478,0x00b8c000,12107776
003006,0x00025da0,2163,0x010e6000,17719296
159245,0x00025db0,2571,0x01416000,21061632
168105,0x00025dc0,3340,0x01a18000,27361280
000410,0x00025e00,1036,0x00818000,8486912
001222,0x00025e10,1362,0x00aa4000,11157504
002034,0x00025e20,1479,0x00b8e000,12115968
003007,0x00025e30,2164,0x010e8000,17727488
159246,0x00025e40,2572,0x01418000,21069824
159400,0x00025e50,2695,0x0150e000,22077440
000411,0x00025e80,1037,0x0081a000,8495104
001223,0x00025e90,1363,0x00aa6000,11165696
002035,0x00025ea0,1480,0x00b90000,12124160
003008,0x00025eb0,2165,0x010ea000,17735680
159247,0x00025ec0,2573,0x0141a000,21078016
002036,0x00025f00,1481,0x00b92000,12132352
003009,0x00025f10,2166,0x010ec000,17743872
159248,0x00025f20,2574,0x0141c000,21086208
165511,0x00025f30,3307,0x019d6000,27090944
001225,0x00025f80,1364,0x00aa8000,11173888
002037,0x00025f90,1482,0x00b94000,12140544
159249,0x00025fa0,2575,0x0141e000,21094400
165512,0x00025fb0,4500,0x02328000,36864000
001226,0x00026000,1365,0x00aaa000,11182080
002038,0x00026010,1483,0x00b96000,12148736
002150,0x00026020,1587,0x00c66000,13000704
164701,0x00026030,3294,0x019bc000,26984448
165513,0x00026040,3308,0x019d8000,27099136
000415,0x00026080,1038,0x0081c000,8503296
001227,0x00026090,1366,0x00aac000,11190272
002039,0x000260a0,1484,0x00b98000,12156928
002151,0x000260b0,1588,0x00c68000,13008896
001228,0x00026100,1367,0x00aae000,11198464
002152,0x00026110,1589,0x00c6a000,13017088
164703,0x00026120,3295,0x019be000,26992640
165515,0x00026130,3309,0x019da000,27107328
000417,0x00026180,1039,0x0081e000,8511488
001229,0x00026190,1368,0x00ab0000,11206656
002153,0x000261a0,1590,0x00c6c000,13025280
165516,0x000261b0,3310,0x019dc000,27115520
002154,0x00026200,1591,0x00c6e000,13033472
164705,0x00026210,3296,0x019c0000,27000832
165517,0x00026220,4501,0x0232a000,36872192
000419,0x00026280,1040,0x00820000,8519680
159360,0x00026290,2659,0x014c6000,21782528
002156,0x00026300,1592,0x00c70000,13041664
002310,0x00026310,1708,0x00d58000,13991936
159361,0x00026320,2660,0x014c8000,21790720
165519,0x00026330,3311,0x019de000,27123712
002157,0x00026380,1593,0x00c72000,13049856
002311,0x00026390,1709,0x00d5a000,14000128
159362,0x000263a0,2661,0x014ca000,21798912
002158,0x00026400,1594,0x00c74000,13058048
002312,0x00026410,1710,0x00d5c000,14008320
159363,0x00026420,2662,0x014cc000,21807104
399692,0x00026480,909,0x0071a000,7446528
002159,0x00026490,1595,0x00c76000,13066240
002313,0x000264a0,1711,0x00d5e000,14016512
399693,0x00026500,910,0x0071c000,7454720
002314,0x00026510,1712,0x00d60000,14024704
159365,0x00026520,2663,0x014ce000,21815296
399694,0x00026580,911,0x0071e000,7462912
000530,0x00026590,1074,0x00864000,8798208
002315,0x000265a0,1713,0x00d62000,14032896
159366,0x000265b0,2664,0x014d0000,21823488
159520,0x000265c0,2713,0x01532000,22224896
399695,0x00026600,912,0x00720000,7471104
000531,0x00026610,1075,0x00866000,8806400
002316,0x00026620,1714,0x00d64000,14041088
159367,0x00026630,2665,0x014d2000,21831680
159521,0x00026640,2714,0x01534000,22233088
399696,0x00026680,913,0x00722000,7479296
399850,0x00026690,938,0x00754000,7684096
000532,0x000266a0,1076,0x00868000,8814592
002317,0x000266b0,1715,0x00d66000,14049280
159368,0x000266c0,2666,0x014d4000,21839872
399697,0x00026700,914,0x00724000,7487488
000533,0x00026710,1077,0x0086a000,8822784
002318,0x00026720,1716,0x00d68000,14057472
159369,0x00026730,2667,0x014d6000,21848064
159523,0x00026740,2715,0x01536000,22241280
180601,0x00026750,4485,0x0230a000,36741120
399698,0x00026780,915,0x00726000,7495680
399852,0x00026790,939,0x00756000,7692288
000534,0x000267a0,1078,0x0086c000,8830976
002270,0x000267b0,1671,0x00d0e000,13688832
002319,0x000267c0,1717,0x00d6a000,14065664
180602,0x000267d0,4486,0x0230c000,36749312
399699,0x00026800,916,0x00728000,7503872
002271,0x00026810,1672,0x00d10000,13697024
159525,0x00026820,2716,0x01538000,22249472
180603,0x00026830,4487,0x0230e000,36757504
000536,0x00026880,1079,0x0086e000,8839168
002272,0x00026890,1673,0x00d12000,13705216
159526,0x000268a0,2717,0x0153a000,22257664
300010,0x00026900,380,0x002f8000,3112960
000537,0x00026910,1080,0x00870000,8847360
002273,0x00026920,1674,0x00d14000,13713408
159527,0x00026930,2718,0x0153c000,22265856
164824,0x00026940,3300,0x019c8000,27033600
180605,0x00026950,4488,0x02310000,36765696
300011,0x00026980,544,0x00440000,4456448
000538,0x00026990,1081,0x00872000,8855552
002274,0x000269a0,1675,0x00d16000,13721600
159528,0x000269b0,2719,0x0153e000,22274048
180606,0x000269c0,4489,0x02312000,36773888
300012,0x00026a00,545,0x00442000,4464640
000539,0x00026a10,1082,0x00874000,8863744
002275,0x00026a20,1676,0x00d18000,13729792
159529,0x00026a30,2720,0x01540000,22282240
180607,0x00026a40,4490,0x02314000,36782080
300013,0x00026a80,546,0x00444000,4472832
002276,0x00026a90,1677,0x00d1a000,13737984
002430,0x00026aa0,1822,0x00e3c000,14925824
300014,0x00026b00,547,0x00446000,4481024
002277,0x00026b10,1678,0x00d1c000,13746176
002431,0x00026b20,1823,0x00e3e000,14934016
300015,0x00026b80,548,0x00448000,4489216
002278,0x00026b90,1679,0x00d1e000,13754368
002432,0x00026ba0,1824,0x00e40000,14942208
300016,0x00026c00,549,0x0044a000,4497408
002279,0x00026c10,1680,0x00d20000,13762560
300017,0x00026c80,550,0x0044c000,4505600
002434,0x00026c90,1825,0x00e42000,14950400
300018,0x00026d00,551,0x0044e000,4513792
000650,0x00026d10,1151,0x008fe000,9428992
159640,0x00026d20,2814,0x015fc000,23052288
300019,0x00026d80,552,0x00450000,4521984
000651,0x00026d90,1152,0x00900000,9437184
002436,0x00026da0,1826,0x00e44000,14958592
159641,0x00026db0,2815,0x015fe000,23060480
399970,0x00026e00,954,0x00774000,7815168
000498,0x00026e10,1051,0x00836000,8609792
000652,0x00026e20,1153,0x00902000,9445376
002437,0x00026e30,1827,0x00e46000,14966784
159642,0x00026e40,2816,0x01600000,23068672
399971,0x00026e80,955,0x00776000,7823360
002438,0x00026e90,1828,0x00e48000,14974976
159643,0x00026ea0,2817,0x01602000,23076864
399972,0x00026f00,956,0x00778000,7831552
002390,0x00026f10,1784,0x00df0000,14614528
002439,0x00026f20,1829,0x00e4a000,14983168
399973,0x00026f80,957,0x0077a000,7839744
000655,0x00026f90,1154,0x00904000,9453568
002391,0x00026fa0,1785,0x00df2000,14622720
159645,0x00026fb0,2818,0x01604000,23085056
399974,0x00027000,958,0x0077c000,7847936
000656,0x00027010,1155,0x00906000,9461760
000810,0x00027020,1254,0x009cc000,10272768
002392,0x00027030,1786,0x00df4000,14630912
159800,0x00027040,2933,0x016ea000,24027136
300130,0x00027080,87,0x000ae000,712704
399975,0x00027090,959,0x0077e000,7856128
000657,0x000270a0,1156,0x00908000,9469952
000811,0x000270b0,1255,0x009ce000,10280960
002393,0x000270c0,1787,0x00df6000,14639104
159647,0x000270d0,2819,0x01606000,23093248
159801,0x000270e0,2934,0x016ec000,24035328
160119,0x000270f0,3080,0x01810000,25231360
300131,0x00027100,88,0x000b0000,720896
399976,0x00027110,960,0x00780000,7864320
000812,0x00027120,1256,0x009d0000,10289152
002394,0x00027130,1788,0x00df8000,14647296
300132,0x00027180,89,0x000b2000,729088
000659,0x00027190,1157,0x0090a000,9478144
000813,0x000271a0,1257,0x009d2000,10297344
002395,0x000271b0,1789,0x00dfa000,14655488
159649,0x000271c0,2820,0x01608000,23101440
300133,0x00027200,90,0x000b4000,737280
002396,0x00027210,1790,0x00dfc000,14663680
002550,0x00027220,1896,0x00ed0000,15532032
159804,0x00027230,2935,0x016ee000,24043520
301100,0x00027280,31,0x0003e000,253952
300134,0x00027290,91,0x000b6000,745472
000815,0x000272a0,1258,0x009d4000,10305536
002397,0x000272b0,1791,0x00dfe000,14671872
002551,0x000272c0,1897,0x00ed2000,15540224
159805,0x000272d0,2936,0x016f0000,24051712
161040,0x000272e0,3182,0x018dc000,26066944
301101,0x00027300,32,0x00040000,262144
300135,0x00027310,92,0x000b8000,753664
000816,0x00027320,1259,0x009d6000,10313728
002398,0x00027330,1792,0x00e00000,14680064
002552,0x00027340,1898,0x00ed4000,15548416
159806,0x00027350,2937,0x016f2000,24059904
300136,0x00027380,93,0x000ba000,761856
301102,0x00027390,570,0x00474000,4669440
002399,0x000273a0,1793,0x00e02000,14688256
002553,0x000273b0,1899,0x00ed6000,15556608
159807,0x000273c0,2938,0x016f4000,24068096
300137,0x00027400,94,0x000bc000,770048
301103,0x00027410,571,0x00476000,4677632
000818,0x00027420,1260,0x009d8000,10321920
002554,0x00027430,1900,0x00ed8000,15564800
159808,0x00027440,2939,0x016f6000,24076288
000819,0x00027480,1261,0x009da000,10330112
002555,0x00027490,1901,0x00eda000,15572992
159760,0x000274a0,2905,0x016b2000,23797760
300138,0x000274b0,3418,0x01ab4000,28000256
301105,0x00027500,572,0x00478000,4685824
002556,0x00027510,1902,0x00edc000,15581184
159761,0x00027520,2906,0x016b4000,23805952
300139,0x00027530,3419,0x01ab6000,28008448
301106,0x00027580,573,0x0047a000,4694016
002557,0x00027590,1903,0x00ede000,15589376
300091,0x000275a0,3407,0x01a9e000,27910144
002712,0x00027600,278,0x0022c000,2277376
301107,0x00027610,574,0x0047c000,4702208
002558,0x00027620,1904,0x00ee0000,15597568
159763,0x00027630,2907,0x016b6000,23814144
300092,0x00027640,3408,0x01aa0000,27918336
002713,0x00027680,279,0x0022e000,2285568
301108,0x00027690,575,0x0047e000,4710400
002559,0x000276a0,1905,0x00ee2000,15605760
300093,0x000276b0,3409,0x01aa2000,27926528
002714,0x00027700,280,0x00230000,2293760
301109,0x00027710,576,0x00480000,4718592
300094,0x00027720,3410,0x01aa4000,27934720
301060,0x00027730,4142,0x0205c000,33931264
000776,0x00027780,1229,0x0099a000,10067968
000930,0x00027790,1300,0x00a28000,10649600
002715,0x000277a0,1974,0x00f6c000,16171008
159766,0x000277b0,2908,0x016b8000,23822336
159920,0x000277c0,3023,0x0179e000,24764416
300095,0x000277d0,3411,0x01aa6000,27942912
301061,0x000277e0,4143,0x0205e000,33939456
000777,0x00027800,1230,0x0099c000,10076160
000931,0x00027810,1301,0x00a2a000,10657792
002716,0x00027820,1975,0x00f6e000,16179200
159767,0x00027830,2909,0x016ba000,23830528
300096,0x00027840,3412,0x01aa8000,27951104
300250,0x00027850,3493,0x01b4a000,28614656
301062,0x00027860,4144,0x02060000,33947648
002717,0x00027880,367,0x002de000,3006464
000778,0x00027890,1231,0x0099e000,10084352
000932,0x000278a0,1302,0x00a2c000,10665984
159768,0x000278b0,2910,0x016bc000,23838720
159922,0x000278c0,3024,0x017a0000,24772608
300097,0x000278d0,3413,0x01aaa000,27959296
300251,0x000278e0,3494,0x01b4c000,28622848
301063,0x000278f0,4145,0x02062000,33955840
000779,0x00027900,1232,0x009a0000,10092544
000933,0x00027910,1303,0x00a2e000,10674176
002718,0x00027920,1976,0x00f70000,16187392
159923,0x00027930,3025,0x017a2000,24780800
300098,0x00027940,3414,0x01aac000,27967488
300252,0x00027950,3495,0x01b4e000,28631040
002719,0x00027980,368,0x002e0000,3014656
002670,0x00027990,1969,0x00f62000,16130048
300099,0x000279a0,3415,0x01aae000,27975680
300253,0x000279b0,3496,0x01b50000,28639232
301065,0x000279c0,4146,0x02064000,33964032
000935,0x00027a00,1304,0x00a30000,10682368
002671,0x00027a10,1970,0x00f64000,16138240
159925,0x00027a20,3026,0x017a4000,24788992
300254,0x00027a30,3497,0x01b52000,28647424
301066,0x00027a40,4147,0x02066000,33972224
301220,0x00027a50,4195,0x020c6000,34365440
000936,0x00027a80,1305,0x00a32000,10690560
200045,0x00027a90,1435,0x00b36000,11755520
002672,0x00027aa0,1971,0x00f66000,16146432
300255,0x00027ab0,3498,0x01b54000,28655616
301067,0x00027ac0,4148,0x02068000,33980416
301221,0x00027ad0,4196,0x020c8000,34373632
301068,0x00027b00,2,0x00004000,16384
000937,0x00027b10,1306,0x00a34000,10698752
002673,0x00027b20,1972,0x00f68000,16154624
300256,0x00027b30,3499,0x01b56000,28663808
300410,0x00027b40,3634,0x01c64000,29769728
301222,0x00027b50,4197,0x020ca000,34381824
301069,0x00027b80,3,0x00006000,24576
000938,0x00027b90,1307,0x00a36000,10706944
002674,0x00027ba0,1973,0x00f6a000,16162816
159928,0x00027bb0,3027,0x017a6000,24797184
300257,0x00027bc0,3500,0x01b58000,28672000
300411,0x00027bd0,3635,0x01c66000,29777920
301223,0x00027be0,4198,0x020cc000,34390016
000890,0x00027c00,172,0x00158000,1409024
002675,0x00027c10,250,0x001f4000,2048000
159880,0x00027c20,2993,0x01762000,24518656
159929,0x00027c30,3028,0x017a8000,24805376
300258,0x00027c40,3501,0x01b5a000,28680192
300412,0x00027c50,3636,0x01c68000,29786112
002676,0x00027c80,251,0x001f6000,2056192
002830,0x00027c90,2066,0x01024000,16924672
159881,0x00027ca0,2994,0x01764000,24526848
300259,0x00027cb0,3502,0x01b5c000,28688384
300413,0x00027cc0,3637,0x01c6a000,29794304
301225,0x00027cd0,4199,0x020ce000,34398208
000892,0x00027d00,173,0x0015a000,1417216
002677,0x00027d10,252,0x001f8000,2064384
002831,0x00027d20,2067,0x01026000,16932864
300414,0x00027d30,3638,0x01c6c000,29802496
301226,0x00027d40,4200,0x020d0000,34406400
000893,0x00027d80,174,0x0015c000,1425408
002678,0x00027d90,253,0x001fa000,2072576
980068,0x00027da0,988,0x007b8000,8093696
002832,0x00027db0,2068,0x01028000,16941056
159883,0x00027dc0,2995,0x01766000,24535040
300415,0x00027dd0,3639,0x01c6e000,29810688
301227,0x00027de0,4201,0x020d2000,34414592
002679,0x00027e00,254,0x001fc000,2080768
002833,0x00027e10,2069,0x0102a000,16949248
123150,0x00027e20,2226,0x01164000,18235392
300416,0x00027e30,3640,0x01c70000,29818880
301228,0x00027e40,4202,0x020d4000,34422784
301180,0x00027e80,34,0x00044000,278528
000895,0x00027e90,175,0x0015e000,1433600
123151,0x00027ea0,2227,0x01166000,18243584
159885,0x00027eb0,2996,0x01768000,24543232
300417,0x00027ec0,3641,0x01c72000,29827072
301229,0x00027ed0,4203,0x020d6000,34430976
301181,0x00027f00,35,0x00046000,286720
002835,0x00027f10,2070,0x0102c000,16957440
159886,0x00027f20,2997,0x0176a000,24551424
160512,0x00027f30,3110,0x0184c000,25477120
300418,0x00027f40,3642,0x01c74000,29835264
301182,0x00027f80,36,0x00048000,294912
000897,0x00027f90,176,0x00160000,1441792
300419,0x00027fa0,340,0x002a8000,2785280
399100,0x00027fb0,644,0x00508000,5275648
002836,0x00027fc0,2071,0x0102e000,16965632
159887,0x00027fd0,2998,0x0176c000,24559616
160513,0x00027fe0,3111,0x0184e000,25485312
300370,0x00027ff0,3598,0x01c1c000,29474816
301183,0x00028000,37,0x0004a000,303104
000898,0x00028010,177,0x00162000,1449984
399101,0x00028020,645,0x0050a000,5283840
002837,0x00028030,2072,0x01030000,16973824
123154,0x00028040,2228,0x01168000,18251776
159888,0x00028050,2999,0x0176e000,24567808
300371,0x00028060,3599,0x01c1e000,29483008
000899,0x00028080,178,0x00164000,1458176
399102,0x00028090,646,0x0050c000,5292032
002838,0x000280a0,2073,0x01032000,16982016
123155,0x000280b0,2229,0x0116a000,18259968
159889,0x000280c0,3000,0x01770000,24576000
160515,0x000280d0,3112,0x01850000,25493504
301185,0x00028100,38,0x0004c000,311296
399103,0x00028110,647,0x0050e000,5300224
002790,0x00028120,2032,0x00fe0000,16646144
002839,0x00028130,2074,0x01034000,16990208
300373,0x00028140,3600,0x01c20000,29491200
301186,0x00028180,39,0x0004e000,319488
002791,0x00028190,2033,0x00fe2000,16654336
123157,0x000281a0,2230,0x0116c000,18268160
300374,0x000281b0,3601,0x01c22000,29499392
301187,0x00028200,40,0x00050000,327680
002792,0x00028210,2034,0x00fe4000,16662528
123158,0x00028220,2231,0x0116e000,18276352
160518,0x00028230,3113,0x01852000,25501696
300375,0x00028240,3602,0x01c24000,29507584
301188,0x00028280,41,0x00052000,335872
399106,0x00028290,648,0x00510000,5308416
002793,0x000282a0,2035,0x00fe6000,16670720
163109,0x000282b0,3263,0x0197e000,26730496
300376,0x000282c0,3603,0x01c26000,29515776
300530,0x000282d0,3743,0x01d3e000,30662656
301189,0x00028300,42,0x00054000,344064
399107,0x00028310,649,0x00512000,5316608
300377,0x00028320,3604,0x01c28000,29523968
300531,0x00028330,3744,0x01d40000,30670848
399108,0x00028380,650,0x00514000,5324800
002795,0x00028390,2036,0x00fe8000,16678912
300378,0x000283a0,3605,0x01c2a000,29532160
300532,0x000283b0,3745,0x01d42000,30679040
002950,0x00028400,309,0x0026a000,2531328
399060,0x00028410,642,0x00504000,5259264
002796,0x00028420,2037,0x00fea000,16687104
300533,0x00028430,3746,0x01d44000,30687232
301345,0x00028440,4295,0x0218e000,35184640
002951,0x00028480,310,0x0026c000,2539520
002797,0x00028490,2038,0x00fec000,16695296
300534,0x000284a0,3747,0x01d46000,30695424
301500,0x000284b0,4362,0x02214000,35733504
002952,0x00028500,311,0x0026e000,2547712
002798,0x00028510,2039,0x00fee000,16703488
300535,0x00028520,3748,0x01d48000,30703616
301501,0x00028530,4363,0x02216000,35741696
002953,0x00028580,312,0x00270000,2555904
002799,0x00028590,2040,0x00ff0000,16711680
123270,0x000285a0,2288,0x011e0000,18743296
160630,0x000285b0,3130,0x01874000,25640960
300536,0x000285c0,3749,0x01d4a000,30711808
301348,0x000285d0,4296,0x02190000,35192832
301502,0x000285e0,4364,0x02218000,35749888
123271,0x00028600,2289,0x011e2000,18751488
160631,0x00028610,3131,0x01876000,25649152
300537,0x00028620,3750,0x01d4c000,30720000
301349,0x00028630,4297,0x02192000,35201024
301503,0x00028640,4365,0x0221a000,35758080
002955,0x00028680,313,0x00272000,2564096
123272,0x00028690,2290,0x011e4000,18759680
160632,0x000286a0,3132,0x01878000,25657344
300538,0x000286b0,3751,0x01d4e000,30728192
002956,0x00028700,314,0x00274000,2572288
123273,0x00028710,2291,0x011e6000,18767872
160633,0x00028720,3133,0x0187a000,25665536
162411,0x00028730,3246,0x0195c000,26591232
300490,0x00028740,3707,0x01cf6000,30367744
300539,0x00028750,3752,0x01d50000,30736384
301505,0x00028760,4366,0x0221c000,35766272
002957,0x00028780,315,0x00276000,2580480
123274,0x00028790,2292,0x011e8000,18776064
162412,0x000287a0,3247,0x0195e000,26599424
300491,0x000287b0,3708,0x01cf8000,30375936
002958,0x00028800,316,0x00278000,2588672
123275,0x00028810,2293,0x011ea000,18784256
160635,0x00028820,3134,0x0187c000,25673728
300492,0x00028830,3709,0x01cfa000,30384128
301507,0x00028840,4367,0x0221e000,35774464
002959,0x00028880,317,0x0027a000,2596864
123276,0x00028890,2294,0x011ec000,18792448
162414,0x000288a0,3248,0x01960000,26607616
300493,0x000288b0,3710,0x01cfc000,30392320
301508,0x000288c0,4368,0x02220000,35782656
123277,0x00028900,2295,0x011ee000,18800640
160637,0x00028910,3135,0x0187e000,25681920
162415,0x00028920,3249,0x01962000,26615808
300494,0x00028930,3711,0x01cfe000,30400512
301509,0x00028940,4369,0x02222000,35790848
123278,0x00028980,2296,0x011f0000,18808832
160638,0x00028990,3136,0x01880000,25690112
123279,0x00028a00,2297,0x011f2000,18817024
160639,0x00028a10,3137,0x01882000,25698304
300496,0x00028a20,3712,0x01d00000,30408704
300650,0x00028a30,3826,0x01de4000,31342592
300497,0x00028a80,3713,0x01d02000,30416896
300651,0x00028a90,3827,0x01de6000,31350784
161607,0x00028b00,3211,0x01916000,26304512
300498,0x00028b10,3714,0x01d04000,30425088
300652,0x00028b20,3828,0x01de8000,31358976
300499,0x00028b80,3715,0x01d06000,30433280
300653,0x00028b90,3829,0x01dea000,31367168
300654,0x00028c00,3830,0x01dec000,31375360
300655,0x00028c80,3831,0x01dee000,31383552
300810,0x00028d00,147,0x00126000,1204224
300656,0x00028d10,3832,0x01df0000,31391744
301468,0x00028d20,4352,0x02200000,35651584
301622,0x00028d30,4439,0x022ae000,36364288
300811,0x00028d80,148,0x00128000,1212416
000020,0x00028d90,1008,0x007e0000,8257536
159010,0x00028da0,2370,0x01284000,19415040
300657,0x00028db0,3833,0x01df2000,31399936
301469,0x00028dc0,4353,0x02202000,35659776
300812,0x00028e00,149,0x0012a000,1220608
000021,0x00028e10,1009,0x007e2000,8265728
159011,0x00028e20,2371,0x01286000,19423232
300658,0x00028e30,3834,0x01df4000,31408128
300813,0x00028e80,150,0x0012c000,1228800
159012,0x00028e90,2372,0x01288000,19431424
300659,0x00028ea0,3835,0x01df6000,31416320
399341,0x00028f00,728,0x005b0000,5963776
159013,0x00028f10,2373,0x0128a000,19439616
161720,0x00028f20,3219,0x01926000,26370048
300814,0x00028f30,3954,0x01ee4000,32391168
301626,0x00028f40,4440,0x022b0000,36372480
300815,0x00028f80,151,0x0012e000,1236992
163503,0x00029180,3281,0x019a2000,26877952
127110,0x00029200,2348,0x01258000,19234816
127111,0x00029280,2349,0x0125a000,19243008
127112,0x00029300,2350,0x0125c000,19251200
127113,0x00029380,2351,0x0125e000,19259392
127114,0x00029400,2352,0x01260000,19267584
127115,0x00029480,2353,0x01262000,19275776
300930,0x00029490,4052,0x01fa8000,33193984
159130,0x00029500,2468,0x01348000,20217856
300931,0x00029510,4053,0x01faa000,33202176
159131,0x00029580,2469,0x0134a000,20226048
300932,0x00029590,4054,0x01fac000,33210368
159132,0x00029600,2470,0x0134c000,20234240
300933,0x00029610,4055,0x01fae000,33218560
127070,0x00029680,2326,0x0122c000,19054592
159133,0x00029690,2471,0x0134e000,20242432
300935,0x00029700,4056,0x01fb0000,33226752
127072,0x00029780,2327,0x0122e000,19062784
159135,0x00029790,2472,0x01350000,20250624
300936,0x000297a0,4057,0x01fb2000,33234944
159136,0x00029800,2473,0x01352000,20258816
300937,0x00029810,4058,0x01fb4000,33243136
159137,0x00029880,2474,0x01354000,20267008
300938,0x00029890,4059,0x01fb6000,33251328
159138,0x00029900,2475,0x01356000,20275200
300890,0x00029910,4014,0x01f5c000,32882688
300939,0x00029920,4060,0x01fb8000,33259520
159139,0x00029980,2476,0x01358000,20283392
300891,0x00029990,4015,0x01f5e000,32890880
159091,0x00029a00,2436,0x01308000,19955712
300892,0x00029a10,4016,0x01f60000,32899072
127078,0x00029a80,2328,0x01230000,19070976
300893,0x00029a90,4017,0x01f62000,32907264
159093,0x00029b00,2437,0x0130a000,19963904
300894,0x00029b10,4018,0x01f64000,32915456
300895,0x00029b80,4019,0x01f66000,32923648
159095,0x00029c00,2438,0x0130c000,19972096
300896,0x00029c10,4020,0x01f68000,32931840
300897,0x00029c80,4021,0x01f6a000,32940032
300898,0x00029d00,4022,0x01f6c000,32948224
002040,0x00029d80,1485,0x00b9a000,12165120
159098,0x00029d90,2439,0x0130e000,19980288
300899,0x00029da0,4023,0x01f6e000,32956416
002041,0x00029e00,1486,0x00b9c000,12173312
159099,0x00029e10,2440,0x01310000,19988480
167301,0x00029e20,3332,0x01a08000,27295744
001230,0x00029e80,1369,0x00ab2000,11214848
002042,0x00029e90,1487,0x00b9e000,12181504
167302,0x00029ea0,3333,0x01a0a000,27303936
001231,0x00029f00,1370,0x00ab4000,11223040
002043,0x00029f10,1488,0x00ba0000,12189696
001232,0x00029f80,479,0x003be000,3923968
000420,0x00029f90,1041,0x00822000,8527872
002044,0x00029fa0,1489,0x00ba2000,12197888
001233,0x0002a000,480,0x003c0000,3932160
000421,0x0002a010,1042,0x00824000,8536064
002045,0x0002a020,1490,0x00ba4000,12206080
000422,0x0002a080,1043,0x00826000,8544256
001234,0x0002a090,1371,0x00ab6000,11231232
002046,0x0002a0a0,1491,0x00ba6000,12214272
000423,0x0002a100,1044,0x00828000,8552448
002047,0x0002a110,1492,0x00ba8000,12222464
001236,0x0002a180,1372,0x00ab8000,11239424
002048,0x0002a190,1493,0x00baa000,12230656
001237,0x0002a200,481,0x003c2000,3940352
000425,0x0002a210,1045,0x0082a000,8560640
002049,0x0002a220,1494,0x00bac000,12238848
000426,0x0002a280,1046,0x0082c000,8568832
001238,0x0002a290,1373,0x00aba000,11247616
001239,0x0002a300,482,0x003c4000,3948544
000428,0x0002a380,1047,0x0082e000,8577024
000429,0x0002a400,1048,0x00830000,8585216
159370,0x0002a410,2668,0x014d8000,21856256
002320,0x0002a480,1718,0x00d6c000,14073856
159371,0x0002a490,2669,0x014da000,21864448
988106,0x0002a500,993,0x007c2000,8134656
002321,0x0002a510,1719,0x00d6e000,14082048
159372,0x0002a520,2670,0x014dc000,21872640
988107,0x0002a580,994,0x007c4000,8142848
002322,0x0002a590,1720,0x00d70000,14090240
159373,0x0002a5a0,2671,0x014de000,21880832
002323,0x0002a600,1721,0x00d72000,14098432
002324,0x0002a680,1722,0x00d74000,14106624
159375,0x0002a690,2672,0x014e0000,21889024
169201,0x0002a6a0,3349,0x01a2a000,27435008
159376,0x0002a700,2673,0x014e2000,21897216
002326,0x0002a780,1723,0x00d76000,14114816
159377,0x0002a790,2674,0x014e4000,21905408
002327,0x0002a800,1724,0x00d78000,14123008
159378,0x0002a810,2675,0x014e6000,21913600
002328,0x0002a880,1725,0x00d7a000,14131200
159379,0x0002a890,2676,0x014e8000,21921792
002329,0x0002a900,1726,0x00d7c000,14139392
002281,0x0002a980,1681,0x00d22000,13770752
000700,0x0002aa00,1182,0x0093c000,9682944
002282,0x0002aa10,1682,0x00d24000,13778944
000701,0x0002aa80,1183,0x0093e000,9691136
002283,0x0002aa90,1683,0x00d26000,13787136
000702,0x0002ab00,1184,0x00940000,9699328
002284,0x0002ab10,1684,0x00d28000,13795328
000703,0x0002ab80,1185,0x00942000,9707520
002285,0x0002ab90,1685,0x00d2a000,13803520
002286,0x0002ac00,1686,0x00d2c000,13811712
000705,0x0002ac80,1186,0x00944000,9715712
002287,0x0002ac90,1687,0x00d2e000,13819904
000707,0x0002ad80,1187,0x00946000,9723904
002289,0x0002ad90,1688,0x00d30000,13828096
000708,0x0002ae00,1188,0x00948000,9732096
000709,0x0002ae80,1189,0x0094a000,9740288
159650,0x0002ae90,2821,0x0160a000,23109632
000661,0x0002af00,1158,0x0090c000,9486336
002600,0x0002af10,1941,0x00f2a000,15900672
159651,0x0002af20,2822,0x0160c000,23117824
002601,0x0002af80,1942,0x00f2c000,15908864
159652,0x0002af90,2823,0x0160e000,23126016
000663,0x0002b000,1159,0x0090e000,9494528
002602,0x0002b010,1943,0x00f2e000,15917056
159653,0x0002b020,2824,0x01610000,23134208
399982,0x0002b080,961,0x00782000,7872512
002603,0x0002b090,1944,0x00f30000,15925248
399983,0x0002b100,962,0x00784000,7880704
000665,0x0002b110,1160,0x00910000,9502720
159655,0x0002b120,2825,0x01612000,23142400
002605,0x0002b180,1945,0x00f32000,15933440
159656,0x0002b190,2826,0x01614000,23150592
002606,0x0002b200,1946,0x00f34000,15941632
159657,0x0002b210,2827,0x01616000,23158784
300140,0x0002b220,3420,0x01ab8000,28016640
399986,0x0002b280,963,0x00786000,7888896
000668,0x0002b290,1161,0x00912000,9510912
002607,0x0002b2a0,1947,0x00f36000,15949824
159658,0x0002b2b0,2828,0x01618000,23166976
300141,0x0002b2c0,3421,0x01aba000,28024832
399987,0x0002b300,964,0x00788000,7897088
000669,0x0002b310,1162,0x00914000,9519104
002608,0x0002b320,1948,0x00f38000,15958016
159659,0x0002b330,2829,0x0161a000,23175168
300142,0x0002b340,3422,0x01abc000,28033024
002560,0x0002b380,1906,0x00ee4000,15613952
002609,0x0002b390,1949,0x00f3a000,15966208
300143,0x0002b3a0,3423,0x01abe000,28041216
399989,0x0002b400,965,0x0078a000,7905280
002561,0x0002b410,1907,0x00ee6000,15622144
300144,0x0002b420,3424,0x01ac0000,28049408
002562,0x0002b480,1908,0x00ee8000,15630336
300145,0x0002b490,3425,0x01ac2000,28057600
002563,0x0002b500,1909,0x00eea000,15638528
300146,0x0002b510,3426,0x01ac4000,28065792
002564,0x0002b580,1910,0x00eec000,15646720
300147,0x0002b590,3427,0x01ac6000,28073984
002565,0x0002b600,1911,0x00eee000,15654912
300148,0x0002b610,3428,0x01ac8000,28082176
002566,0x0002b680,1912,0x00ef0000,15663104
300149,0x0002b690,3429,0x01aca000,28090368
002567,0x0002b700,1913,0x00ef2000,15671296
002568,0x0002b780,1914,0x00ef4000,15679488
002569,0x0002b800,354,0x002c4000,2899968
159930,0x0002b900,3029,0x017aa000,24813568
159931,0x0002b980,3030,0x017ac000,24821760
159933,0x0002ba80,3031,0x017ae000,24829952
159934,0x0002bb00,3032,0x017b0000,24838144
159935,0x0002bb80,3033,0x017b2000,24846336
301230,0x0002bb90,4204,0x020d8000,34439168
200055,0x0002bc00,1436,0x00b38000,11763712
159936,0x0002bc10,3034,0x017b4000,24854528
301231,0x0002bc20,4205,0x020da000,34447360
200056,0x0002bc80,1437,0x00b3a000,11771904
159937,0x0002bc90,3035,0x017b6000,24862720
300420,0x0002bca0,3643,0x01c76000,29843456
301232,0x0002bcb0,4206,0x020dc000,34455552
000948,0x0002bd00,1308,0x00a38000,10715136
159938,0x0002bd10,3036,0x017b8000,24870912
300421,0x0002bd20,3644,0x01c78000,29851648
301233,0x0002bd30,4207,0x020de000,34463744
000949,0x0002bd80,1309,0x00a3a000,10723328
200058,0x0002bd90,1438,0x00b3c000,11780096
159890,0x0002bda0,3001,0x01772000,24584192
159939,0x0002bdb0,3037,0x017ba000,24879104
300422,0x0002bdc0,3645,0x01c7a000,29859840
301234,0x0002bdd0,4208,0x020e0000,34471936
002840,0x0002be00,2075,0x01036000,16998400
159891,0x0002be10,3002,0x01774000,24592384
300423,0x0002be20,3646,0x01c7c000,29868032
301235,0x0002be30,4209,0x020e2000,34480128
002841,0x0002be80,2076,0x01038000,17006592
159892,0x0002be90,3003,0x01776000,24600576
300424,0x0002bea0,3647,0x01c7e000,29876224
301236,0x0002beb0,4210,0x020e4000,34488320
002842,0x0002bf00,2077,0x0103a000,17014784
300425,0x0002bf10,3648,0x01c80000,29884416
301237,0x0002bf20,4211,0x020e6000,34496512
002843,0x0002bf80,2078,0x0103c000,17022976
300426,0x0002bf90,3649,0x01c82000,29892608
301238,0x0002bfa0,4212,0x020e8000,34504704
301190,0x0002c000,43,0x00056000,352256
159895,0x0002c010,3004,0x01778000,24608768
300427,0x0002c020,3650,0x01c84000,29900800
301239,0x0002c030,4213,0x020ea000,34512896
301191,0x0002c080,44,0x00058000,360448
002845,0x0002c090,2079,0x0103e000,17031168
159896,0x0002c0a0,3005,0x0177a000,24616960
300428,0x0002c0b0,3651,0x01c86000,29908992
301192,0x0002c100,45,0x0005a000,368640
002846,0x0002c110,2080,0x01040000,17039360
300380,0x0002c120,3606,0x01c2c000,29540352
300429,0x0002c130,3652,0x01c88000,29917184
301193,0x0002c180,46,0x0005c000,376832
002847,0x0002c190,2081,0x01042000,17047552
159898,0x0002c1a0,3006,0x0177c000,24625152
300381,0x0002c1b0,3607,0x01c2e000,29548544
002848,0x0002c200,2082,0x01044000,17055744
159899,0x0002c210,3007,0x0177e000,24633344
300382,0x0002c220,3608,0x01c30000,29556736
301195,0x0002c280,47,0x0005e000,385024
002849,0x0002c290,2083,0x01046000,17063936
160526,0x0002c2a0,3114,0x01854000,25509888
300383,0x0002c2b0,3609,0x01c32000,29564928
301196,0x0002c300,48,0x00060000,393216
160527,0x0002c310,3115,0x01856000,25518080
300384,0x0002c320,3610,0x01c34000,29573120
301197,0x0002c380,49,0x00062000,401408
300385,0x0002c390,3611,0x01c36000,29581312
301198,0x0002c400,50,0x00064000,409600
160529,0x0002c410,3116,0x01858000,25526272
300386,0x0002c420,3612,0x01c38000,29589504
301199,0x0002c480,51,0x00066000,417792
300387,0x0002c490,3613,0x01c3a000,29597696
300388,0x0002c500,3614,0x01c3c000,29605888
300389,0x0002c580,3615,0x01c3e000,29614080
301510,0x0002c600,4370,0x02224000,35799040
301511,0x0002c680,4371,0x02226000,35807232
123280,0x0002c700,2298,0x011f4000,18825216
300700,0x0002c710,3876,0x01e48000,31752192
301512,0x0002c720,4372,0x02228000,35815424
123281,0x0002c780,2299,0x011f6000,18833408
300701,0x0002c790,3877,0x01e4a000,31760384
301513,0x0002c7a0,4373,0x0222a000,35823616
300702,0x0002c800,3878,0x01e4c000,31768576
300703,0x0002c880,3879,0x01e4e000,31776768
301515,0x0002c890,4374,0x0222c000,35831808
399231,0x0002c900,651,0x00516000,5332992
161610,0x0002c910,3212,0x01918000,26312704
301516,0x0002c920,4375,0x0222e000,35840000
399232,0x0002c980,652,0x00518000,5341184
300705,0x0002c990,3880,0x01e50000,31784960
301517,0x0002c9a0,4376,0x02230000,35848192
399233,0x0002ca00,653,0x0051a000,5349376
300706,0x0002ca10,3881,0x01e52000,31793152
301518,0x0002ca20,4377,0x02232000,35856384
399234,0x0002ca80,654,0x0051c000,5357568
300707,0x0002ca90,3882,0x01e54000,31801344
301519,0x0002caa0,4378,0x02234000,35864576
399235,0x0002cb00,655,0x0051e000,5365760
161614,0x0002cb10,3213,0x0191a000,26320896
300708,0x0002cb20,3883,0x01e56000,31809536
399236,0x0002cb80,656,0x00520000,5373952
300660,0x0002cb90,3836,0x01df8000,31424512
300709,0x0002cba0,3884,0x01e58000,31817728
399237,0x0002cc00,657,0x00522000,5382144
300661,0x0002cc10,3837,0x01dfa000,31432704
160805,0x0002cc80,3149,0x0189a000,25796608
300662,0x0002cc90,3838,0x01dfc000,31440896
399239,0x0002cd00,658,0x00524000,5390336
160806,0x0002cd10,3150,0x0189c000,25804800
300663,0x0002cd20,3839,0x01dfe000,31449088
160807,0x0002cd80,3151,0x0189e000,25812992
300664,0x0002cd90,3840,0x01e00000,31457280
300665,0x0002ce00,3841,0x01e02000,31465472
300666,0x0002ce80,3842,0x01e04000,31473664
300667,0x0002cf00,3843,0x01e06000,31481856
301479,0x0002cf10,4354,0x02204000,35667968
300668,0x0002cf80,3844,0x01e08000,31490048
300669,0x0002d000,3845,0x01e0a000,31498240
180101,0x0002d080,4467,0x022e6000,36593664
180102,0x0002d100,4468,0x022e8000,36601856
180103,0x0002d180,4469,0x022ea000,36610048
180105,0x0002d280,4470,0x022ec000,36618240
200570,0x0002d300,1450,0x00b54000,11878400
180106,0x0002d310,4471,0x022ee000,36626432
162703,0x0002d400,3253,0x0196a000,26648576
300940,0x0002d600,4061,0x01fba000,33267712
159140,0x0002d680,2477,0x0135a000,20291584
300941,0x0002d690,4062,0x01fbc000,33275904
000151,0x0002d700,464,0x003a0000,3801088
159141,0x0002d710,2478,0x0135c000,20299776
300942,0x0002d720,4063,0x01fbe000,33284096
159142,0x0002d780,2479,0x0135e000,20307968
300943,0x0002d790,4064,0x01fc0000,33292288
000153,0x0002d800,465,0x003a2000,3809280
127080,0x0002d810,2329,0x01232000,19079168
159143,0x0002d820,2480,0x01360000,20316160
300945,0x0002d880,4065,0x01fc2000,33300480
000155,0x0002d900,466,0x003a4000,3817472
127082,0x0002d910,2330,0x01234000,19087360
159145,0x0002d920,2481,0x01362000,20324352
300946,0x0002d930,4066,0x01fc4000,33308672
000156,0x0002d980,467,0x003a6000,3825664
127083,0x0002d990,2331,0x01236000,19095552
159146,0x0002d9a0,2482,0x01364000,20332544
300947,0x0002d9b0,4067,0x01fc6000,33316864
000157,0x0002da00,468,0x003a8000,3833856
127084,0x0002da10,2332,0x01238000,19103744
159147,0x0002da20,2483,0x01366000,20340736
300948,0x0002da30,4068,0x01fc8000,33325056
000158,0x0002da80,469,0x003aa000,3842048
127085,0x0002da90,2333,0x0123a000,19111936
159148,0x0002daa0,2484,0x01368000,20348928
300949,0x0002dab0,4069,0x01fca000,33333248
000159,0x0002db00,470,0x003ac000,3850240
159149,0x0002db10,2485,0x0136a000,20357120
127088,0x0002dc00,2334,0x0123c000,19120128
127089,0x0002dc80,2335,0x0123e000,19128320
164606,0x0002de00,3293,0x019ba000,26976256
002050,0x0002df00,1495,0x00bae000,12247040
002051,0x0002df80,1496,0x00bb0000,12255232
002052,0x0002e000,1497,0x00bb2000,12263424
002053,0x0002e080,1498,0x00bb4000,12271616
000430,0x0002e100,1049,0x00832000,8593408
002054,0x0002e110,1499,0x00bb6000,12279808
002055,0x0002e180,1500,0x00bb8000,12288000
399750,0x0002e200,924,0x00738000,7569408
002056,0x0002e210,1501,0x00bba000,12296192
002057,0x0002e280,1502,0x00bbc000,12304384
002058,0x0002e300,1503,0x00bbe000,12312576
002059,0x0002e380,1504,0x00bc0000,12320768
001248,0x0002e400,483,0x003c6000,3956736
159380,0x0002e580,2677,0x014ea000,21929984
002330,0x0002e600,1727,0x00d7e000,14147584
159381,0x0002e610,2678,0x014ec000,21938176
002331,0x0002e680,1728,0x00d80000,14155776
159382,0x0002e690,2679,0x014ee000,21946368
002332,0x0002e700,1729,0x00d82000,14163968
159383,0x0002e710,2680,0x014f0000,21954560
002333,0x0002e780,1730,0x00d84000,14172160
002334,0x0002e800,1731,0x00d86000,14180352
159385,0x0002e810,2681,0x014f2000,21962752
002335,0x0002e880,1732,0x00d88000,14188544
159386,0x0002e890,2682,0x014f4000,21970944
159387,0x0002e900,2683,0x014f6000,21979136
168401,0x0002e910,3344,0x01a20000,27394048
002337,0x0002e980,1733,0x00d8a000,14196736
159388,0x0002e990,2684,0x014f8000,21987328
002338,0x0002ea00,1734,0x00d8c000,14204928
159389,0x0002ea10,2685,0x014fa000,21995520
002290,0x0002ea80,1689,0x00d32000,13836288
002339,0x0002ea90,1735,0x00d8e000,14213120
002291,0x0002eb00,1690,0x00d34000,13844480
000710,0x0002eb80,1190,0x0094c000,9748480
002292,0x0002eb90,1691,0x00d36000,13852672
159700,0x0002eba0,2863,0x0165e000,23453696
000711,0x0002ec00,1191,0x0094e000,9756672
002293,0x0002ec10,1692,0x00d38000,13860864
159701,0x0002ec20,2864,0x01660000,23461888
000712,0x0002ec80,1192,0x00950000,9764864
002294,0x0002ec90,1693,0x00d3a000,13869056
000713,0x0002ed00,1193,0x00952000,9773056
002295,0x0002ed10,1694,0x00d3c000,13877248
159703,0x0002ed20,2865,0x01662000,23470080
002296,0x0002ed80,1695,0x00d3e000,13885440
301000,0x0002ee00,594,0x004a4000,4866048
000715,0x0002ee10,1194,0x00954000,9781248
002297,0x0002ee20,1696,0x00d40000,13893632
301001,0x0002ee80,595,0x004a6000,4874240
000716,0x0002ee90,1195,0x00956000,9789440
002298,0x0002eea0,1697,0x00d42000,13901824
159706,0x0002eeb0,2866,0x01664000,23478272
301002,0x0002ef00,596,0x004a8000,4882432
000717,0x0002ef10,1196,0x00958000,9797632
002299,0x0002ef20,1698,0x00d44000,13910016
159707,0x0002ef30,2867,0x01666000,23486464
301003,0x0002ef80,597,0x004aa000,4890624
000718,0x0002ef90,1197,0x0095a000,9805824
159708,0x0002efa0,2868,0x01668000,23494656
301004,0x0002f000,598,0x004ac000,4898816
000670,0x0002f010,1163,0x00916000,9527296
000719,0x0002f020,1198,0x0095c000,9814016
159660,0x0002f030,2830,0x0161c000,23183360
159709,0x0002f040,2869,0x0166a000,23502848
301005,0x0002f080,599,0x004ae000,4907008
159661,0x0002f090,2831,0x0161e000,23191552
301006,0x0002f100,600,0x004b0000,4915200
399990,0x0002f110,966,0x0078c000,7913472
980001,0x0002f120,976,0x007a0000,7995392
000672,0x0002f130,1164,0x00918000,9535488
002611,0x0002f140,1950,0x00f3c000,15974400
159662,0x0002f150,2832,0x01620000,23199744
301007,0x0002f180,601,0x004b2000,4923392
399991,0x0002f190,967,0x0078e000,7921664
002612,0x0002f1a0,1951,0x00f3e000,15982592
159663,0x0002f1b0,2833,0x01622000,23207936
301008,0x0002f200,602,0x004b4000,4931584
399992,0x0002f210,968,0x00790000,7929856
002613,0x0002f220,1952,0x00f40000,15990784
301009,0x0002f280,603,0x004b6000,4939776
399993,0x0002f290,969,0x00792000,7938048
002614,0x0002f2a0,1953,0x00f42000,15998976
159665,0x0002f2b0,2834,0x01624000,23216128
399994,0x0002f300,970,0x00794000,7946240
000676,0x0002f310,1165,0x0091a000,9543680
002615,0x0002f320,1954,0x00f44000,16007168
159666,0x0002f330,2835,0x01626000,23224320
002616,0x0002f380,219,0x001b6000,1794048
399995,0x0002f390,971,0x00796000,7954432
000677,0x0002f3a0,1166,0x0091c000,9551872
159667,0x0002f3b0,2836,0x01628000,23232512
300150,0x0002f3c0,3430,0x01acc000,28098560
002617,0x0002f400,220,0x001b8000,1802240
399996,0x0002f410,972,0x00798000,7962624
000678,0x0002f420,1167,0x0091e000,9560064
300151,0x0002f430,3431,0x01ace000,28106752
399997,0x0002f480,973,0x0079a000,7970816
000679,0x0002f490,1168,0x00920000,9568256
159669,0x0002f4a0,2837,0x0162a000,23240704
300152,0x0002f4b0,3432,0x01ad0000,28114944
180901,0x0002f4c0,4493,0x0231a000,36806656
399998,0x0002f500,974,0x0079c000,7979008
002570,0x0002f510,1915,0x00ef6000,15687680
300153,0x0002f520,3433,0x01ad2000,28123136
002571,0x0002f580,1916,0x00ef8000,15695872
300154,0x0002f590,3434,0x01ad4000,28131328
002572,0x0002f600,1917,0x00efa000,15704064
300155,0x0002f610,3435,0x01ad6000,28139520
002573,0x0002f680,1918,0x00efc000,15712256
002574,0x0002f700,1919,0x00efe000,15720448
300157,0x0002f710,3436,0x01ad8000,28147712
002575,0x0002f780,1920,0x00f00000,15728640
300158,0x0002f790,3437,0x01ada000,28155904
002576,0x0002f800,1921,0x00f02000,15736832
300159,0x0002f810,3438,0x01adc000,28164096
002577,0x0002f880,1922,0x00f04000,15745024
002578,0x0002f900,1923,0x00f06000,15753216
002579,0x0002f980,1924,0x00f08000,15761408
163001,0x0002fa00,3260,0x01978000,26705920
000950,0x0002fa80,1310,0x00a3c000,10731520
159940,0x0002fa90,3038,0x017bc000,24887296
000951,0x0002fb00,1311,0x00a3e000,10739712
159941,0x0002fb10,3039,0x017be000,24895488
163003,0x0002fb20,3261,0x0197a000,26714112
399001,0x0002fb80,0,0x00000000,0
000952,0x0002fb90,1312,0x00a40000,10747904
399002,0x0002fc00,623,0x004de000,5103616
000953,0x0002fc10,1313,0x00a42000,10756096
159943,0x0002fc20,3040,0x017c0000,24903680
163005,0x0002fc30,3262,0x0197c000,26722304
399003,0x0002fc80,624,0x004e0000,5111808
159944,0x0002fc90,3041,0x017c2000,24911872
399004,0x0002fd00,625,0x004e2000,5120000
000955,0x0002fd10,1314,0x00a44000,10764288
159945,0x0002fd20,3042,0x017c4000,24920064
399005,0x0002fd80,626,0x004e4000,5128192
399006,0x0002fe00,1,0x00002000,8192
300430,0x0002fe10,341,0x002aa000,2793472
000957,0x0002fe20,1315,0x00a46000,10772480
399007,0x0002fe80,627,0x004e6000,5136384
000958,0x0002fe90,1316,0x00a48000,10780672
159948,0x0002fea0,3043,0x017c6000,24928256
399008,0x0002ff00,628,0x004e8000,5144576
000959,0x0002ff10,1317,0x00a4a000,10788864
159949,0x0002ff20,3044,0x017c8000,24936448
300432,0x0002ff30,3653,0x01c8a000,29925376
399009,0x0002ff80,629,0x004ea000,5152768
002850,0x0002ff90,2084,0x01048000,17072128
300433,0x0002ffa0,3654,0x01c8c000,29933568
002851,0x00030000,2085,0x0104a000,17080320
300434,0x00030010,3655,0x01c8e000,29941760
301246,0x00030020,4214,0x020ec000,34521088
002852,0x00030080,2086,0x0104c000,17088512
300435,0x00030090,3656,0x01c90000,29949952
002853,0x00030100,2087,0x0104e000,17096704
300436,0x00030110,3657,0x01c92000,29958144
301248,0x00030120,4215,0x020ee000,34529280
300437,0x00030180,3658,0x01c94000,29966336
002855,0x00030200,2088,0x01050000,17104896
300438,0x00030210,3659,0x01c96000,29974528
002856,0x00030280,375,0x002ee000,3072000
300390,0x00030290,3616,0x01c40000,29622272
300439,0x000302a0,3660,0x01c98000,29982720
002857,0x00030300,2089,0x01052000,17113088
002858,0x00030380,2090,0x01054000,17121280
002859,0x00030400,2091,0x01056000,17129472
300393,0x00030410,3617,0x01c42000,29630464
300394,0x00030480,3618,0x01c44000,29638656
300395,0x00030500,3619,0x01c46000,29646848
300396,0x00030580,3620,0x01c48000,29655040
300397,0x00030600,3621,0x01c4a000,29663232
300398,0x00030680,3622,0x01c4c000,29671424
300399,0x00030700,3623,0x01c4e000,29679616
301520,0x00030780,4379,0x02236000,35872768
300710,0x00030880,3885,0x01e5a000,31825920
301522,0x00030890,4380,0x02238000,35880960
300711,0x00030900,3886,0x01e5c000,31834112
300712,0x00030980,3887,0x01e5e000,31842304
399240,0x00030a00,659,0x00526000,5398528
300713,0x00030a10,3888,0x01e60000,31850496
301525,0x00030a20,4381,0x0223a000,35889152
399241,0x00030a80,660,0x00528000,5406720
301526,0x00030a90,4382,0x0223c000,35897344
399242,0x00030b00,661,0x0052a000,5414912
300715,0x00030b10,3889,0x01e62000,31858688
300716,0x00030b80,349,0x002ba000,2859008
399243,0x00030b90,662,0x0052c000,5423104
301528,0x00030ba0,4383,0x0223e000,35905536
399244,0x00030c00,663,0x0052e000,5431296
300717,0x00030c10,3890,0x01e64000,31866880
301529,0x00030c20,4384,0x02240000,35913728
160812,0x00030c80,3152,0x018a0000,25821184
300718,0x00030c90,3891,0x01e66000,31875072
160813,0x00030d00,3153,0x018a2000,25829376
300670,0x00030d10,3846,0x01e0c000,31506432
300719,0x00030d20,3892,0x01e68000,31883264
161626,0x00030d80,3214,0x0191c000,26329088
300671,0x00030d90,3847,0x01e0e000,31514624
399248,0x00030e00,664,0x00530000,5439488
300672,0x00030e10,3848,0x01e10000,31522816
300673,0x00030e80,3849,0x01e12000,31531008
300674,0x00030f00,3850,0x01e14000,31539200
301486,0x00030f10,4355,0x02206000,35676160
300675,0x00030f80,3851,0x01e16000,31547392
301487,0x00030f90,4356,0x02208000,35684352
300676,0x00031000,3852,0x01e18000,31555584
301488,0x00031010,4357,0x0220a000,35692544
300677,0x00031080,3853,0x01e1a000,31563776
301489,0x00031090,4358,0x0220c000,35700736
300678,0x00031100,3854,0x01e1c000,31571968
300679,0x00031180,3855,0x01e1e000,31580160
200625,0x00031280,1453,0x00b5a000,11902976
162711,0x00031480,3254,0x0196c000,26656768
200581,0x00031500,1451,0x00b56000,11886592
162712,0x00031510,3255,0x0196e000,26664960
161903,0x00031680,3235,0x01946000,26501120
162715,0x00031690,3256,0x01970000,26673152
300950,0x00031780,4070,0x01fcc000,33341440
159150,0x00031800,2486,0x0136c000,20365312
300951,0x00031810,4071,0x01fce000,33349632
002100,0x00031880,1541,0x00c0a000,12623872
159151,0x00031890,2487,0x0136e000,20373504
162719,0x000318a0,3257,0x01972000,26681344
300952,0x000318b0,4072,0x01fd0000,33357824
002101,0x00031900,1542,0x00c0c000,12632064
159152,0x00031910,2488,0x01370000,20381696
161908,0x00031920,3236,0x01948000,26509312
300953,0x00031930,4073,0x01fd2000,33366016
399481,0x00031980,816,0x00660000,6684672
002102,0x00031990,1543,0x00c0e000,12640256
159153,0x000319a0,2489,0x01372000,20389888
002103,0x00031a00,1544,0x00c10000,12648448
300955,0x00031a10,4074,0x01fd4000,33374208
002104,0x00031a80,1545,0x00c12000,12656640
127092,0x00031a90,2336,0x01240000,19136512
159155,0x00031aa0,2490,0x01374000,20398080
300956,0x00031ab0,4075,0x01fd6000,33382400
000166,0x00031b00,471,0x003ae000,3858432
002105,0x00031b10,1546,0x00c14000,12664832
127093,0x00031b20,2337,0x01242000,19144704
159156,0x00031b30,2491,0x01376000,20406272
300957,0x00031b40,4076,0x01fd8000,33390592
002106,0x00031b80,1547,0x00c16000,12673024
159157,0x00031b90,2492,0x01378000,20414464
300958,0x00031ba0,4077,0x01fda000,33398784
002107,0x00031c00,1548,0x00c18000,12681216
127095,0x00031c10,2338,0x01244000,19152896
159158,0x00031c20,2493,0x0137a000,20422656
300959,0x00031c30,4078,0x01fdc000,33406976
002108,0x00031c80,1549,0x00c1a000,12689408
127096,0x00031c90,2339,0x01246000,19161088
159159,0x00031ca0,2494,0x0137c000,20430848
002109,0x00031d00,1550,0x00c1c000,12697600
127098,0x00031d80,2340,0x01248000,19169280
127099,0x00031e00,2341,0x0124a000,19177472
163801,0x00031e10,3282,0x019a4000,26886144
399802,0x00032000,925,0x0073a000,7577600
399803,0x00032080,926,0x0073c000,7585792
002060,0x00032090,1505,0x00bc2000,12328960
399804,0x00032100,927,0x0073e000,7593984
002061,0x00032110,1506,0x00bc4000,12337152
399805,0x00032180,928,0x00740000,7602176
002062,0x00032190,1507,0x00bc6000,12345344
399806,0x00032200,929,0x00742000,7610368
002063,0x00032210,1508,0x00bc8000,12353536
399807,0x00032280,930,0x00744000,7618560
002064,0x00032290,1509,0x00bca000,12361728
399808,0x00032300,931,0x00746000,7626752
002065,0x00032310,1510,0x00bcc000,12369920
399809,0x00032380,932,0x00748000,7634944
200869,0x00032390,1457,0x00b62000,11935744
002066,0x000323a0,1511,0x00bce000,12378112
001255,0x00032400,1374,0x00abc000,11255808
002067,0x00032410,1512,0x00bd0000,12386304
001256,0x00032480,1375,0x00abe000,11264000
002068,0x00032490,1513,0x00bd2000,12394496
001257,0x00032500,484,0x003c8000,3964928
002069,0x00032510,1514,0x00bd4000,12402688
001258,0x00032580,1376,0x00ac0000,11272192
001259,0x00032600,1377,0x00ac2000,11280384
159390,0x00032700,2686,0x014fc000,22003712
002340,0x00032780,1736,0x00d90000,14221312
159391,0x00032790,2687,0x014fe000,22011904
159392,0x00032800,2688,0x01500000,22020096
002342,0x00032880,1737,0x00d92000,14229504
159393,0x00032890,2689,0x01502000,22028288
002343,0x00032900,1738,0x00d94000,14237696
002344,0x00032980,1739,0x00d96000,14245888
159395,0x00032990,2690,0x01504000,22036480
002345,0x00032a00,1740,0x00d98000,14254080
159396,0x00032a10,2691,0x01506000,22044672
002346,0x00032a80,1741,0x00d9a000,14262272
159397,0x00032a90,2692,0x01508000,22052864
002347,0x00032b00,1742,0x00d9c000,14270464
159398,0x00032b10,2693,0x0150a000,22061056
002348,0x00032b80,1743,0x00d9e000,14278656
159399,0x00032b90,2694,0x0150c000,22069248
002349,0x00032c00,1744,0x00da0000,14286848
000720,0x00032d00,1199,0x0095e000,9822208
000721,0x00032d80,1200,0x00960000,9830400
159711,0x00032d90,2870,0x0166c000,23511040
000722,0x00032e00,1201,0x00962000,9838592
159712,0x00032e10,2871,0x0166e000,23519232
000723,0x00032e80,1202,0x00964000,9846784
159713,0x00032e90,2872,0x01670000,23527424
301010,0x00032f80,604,0x004b8000,4947968
000725,0x00032f90,1203,0x00966000,9854976
159715,0x00032fa0,2873,0x01672000,23535616
301011,0x00033000,605,0x004ba000,4956160
000726,0x00033010,1204,0x00968000,9863168
159716,0x00033020,2874,0x01674000,23543808
301012,0x00033080,606,0x004bc000,4964352
000727,0x00033090,1205,0x0096a000,9871360
159717,0x000330a0,2875,0x01676000,23552000
300200,0x000330b0,3477,0x01b2a000,28483584
301013,0x00033100,607,0x004be000,4972544
000728,0x00033110,1206,0x0096c000,9879552
159718,0x00033120,2876,0x01678000,23560192
300201,0x00033130,3478,0x01b2c000,28491776
000680,0x00033180,1169,0x00922000,9576448
000729,0x00033190,1207,0x0096e000,9887744
159670,0x000331a0,2838,0x0162c000,23248896
159719,0x000331b0,2877,0x0167a000,23568384
002620,0x00033200,359,0x002ce000,2940928
301015,0x00033210,608,0x004c0000,4980736
000681,0x00033220,1170,0x00924000,9584640
159671,0x00033230,2839,0x0162e000,23257088
300203,0x00033240,3479,0x01b2e000,28499968
301016,0x00033280,609,0x004c2000,4988928
000682,0x00033290,1171,0x00926000,9592832
159672,0x000332a0,2840,0x01630000,23265280
300204,0x000332b0,3480,0x01b30000,28508160
002622,0x00033300,221,0x001ba000,1810432
301017,0x00033310,610,0x004c4000,4997120
000683,0x00033320,1172,0x00928000,9601024
159673,0x00033330,2841,0x01632000,23273472
300205,0x00033340,3481,0x01b32000,28516352
002623,0x00033380,222,0x001bc000,1818624
301018,0x00033390,611,0x004c6000,5005312
300206,0x000333a0,3482,0x01b34000,28524544
002624,0x00033400,223,0x001be000,1826816
301019,0x00033410,612,0x004c8000,5013504
000685,0x00033420,1173,0x0092a000,9609216
159675,0x00033430,2842,0x01634000,23281664
300207,0x00033440,3483,0x01b36000,28532736
002625,0x00033480,224,0x001c0000,1835008
980015,0x00033490,977,0x007a2000,8003584
000686,0x000334a0,1174,0x0092c000,9617408
159676,0x000334b0,2843,0x01636000,23289856
002626,0x00033500,225,0x001c2000,1843200
980016,0x00033510,978,0x007a4000,8011776
159677,0x00033520,2844,0x01638000,23298048
161115,0x00033530,3183,0x018de000,26075136
300160,0x00033540,3439,0x01ade000,28172288
300209,0x00033550,3484,0x01b38000,28540928
002627,0x00033580,226,0x001c4000,1851392
980017,0x00033590,979,0x007a6000,8019968
000688,0x000335a0,1175,0x0092e000,9625600
159678,0x000335b0,2845,0x0163a000,23306240
161116,0x000335c0,3184,0x018e0000,26083328
300161,0x000335d0,3440,0x01ae0000,28180480
002628,0x00033600,227,0x001c6000,1859584
980018,0x00033610,980,0x007a8000,8028160
159679,0x00033620,2846,0x0163c000,23314432
161117,0x00033630,3185,0x018e2000,26091520
300162,0x00033640,3441,0x01ae2000,28188672
002629,0x00033680,228,0x001c8000,1867776
002580,0x00033690,1925,0x00f0a000,15769600
161118,0x000336a0,3186,0x018e4000,26099712
300163,0x000336b0,3442,0x01ae4000,28196864
002581,0x00033700,355,0x002c6000,2908160
161119,0x00033710,3187,0x018e6000,26107904
300164,0x00033720,3443,0x01ae6000,28205056
002582,0x00033780,1926,0x00f0c000,15777792
300165,0x00033790,3444,0x01ae8000,28213248
002583,0x00033800,1927,0x00f0e000,15785984
300166,0x00033810,3445,0x01aea000,28221440
002584,0x00033880,1928,0x00f10000,15794176
123104,0x00033890,2209,0x01142000,18096128
300167,0x000338a0,3446,0x01aec000,28229632
002585,0x00033900,1929,0x00f12000,15802368
300168,0x00033910,3447,0x01aee000,28237824
002586,0x00033980,356,0x002c8000,2916352
300169,0x00033990,3448,0x01af0000,28246016
002587,0x00033a00,1930,0x00f14000,15810560
123107,0x00033a10,2210,0x01144000,18104320
002588,0x00033a80,1931,0x00f16000,15818752
002589,0x00033b00,1932,0x00f18000,15826944
123109,0x00033b10,2211,0x01146000,18112512
000960,0x00033c00,1318,0x00a4c000,10797056
399010,0x00033c80,630,0x004ec000,5160960
002900,0x00033c90,2127,0x0109e000,17424384
399011,0x00033d00,631,0x004ee000,5169152
000962,0x00033d10,1319,0x00a4e000,10805248
002901,0x00033d20,2128,0x010a0000,17432576
123064,0x00033d30,2199,0x0112e000,18014208
159952,0x00033d40,3045,0x017ca000,24944640
399012,0x00033d80,632,0x004f0000,5177344
000963,0x00033d90,1320,0x00a50000,10813440
002902,0x00033da0,2129,0x010a2000,17440768
123065,0x00033db0,2200,0x01130000,18022400
399013,0x00033e00,633,0x004f2000,5185536
002903,0x00033e10,2130,0x010a4000,17448960
159954,0x00033e20,3046,0x017cc000,24952832
000965,0x00033e80,1321,0x00a52000,10821632
399015,0x00033f00,634,0x004f4000,5193728
000966,0x00033f10,1322,0x00a54000,10829824
002905,0x00033f20,2131,0x010a6000,17457152
159956,0x00033f30,3047,0x017ce000,24961024
301251,0x00033f40,4216,0x020f0000,34537472
399016,0x00033f80,635,0x004f6000,5201920
000967,0x00033f90,1323,0x00a56000,10838016
002906,0x00033fa0,2132,0x010a8000,17465344
159957,0x00033fb0,3048,0x017d0000,24969216
162207,0x00033fc0,3242,0x01954000,26558464
300440,0x00033fd0,3661,0x01c9a000,29990912
301252,0x00033fe0,4217,0x020f2000,34545664
399017,0x00034000,636,0x004f8000,5210112
000968,0x00034010,1324,0x00a58000,10846208
002907,0x00034020,2133,0x010aa000,17473536
159958,0x00034030,3049,0x017d2000,24977408
300441,0x00034040,3662,0x01c9c000,29999104
399018,0x00034080,637,0x004fa000,5218304
000969,0x00034090,1325,0x00a5a000,10854400
002908,0x000340a0,2134,0x010ac000,17481728
159959,0x000340b0,3050,0x017d4000,24985600
300442,0x000340c0,3663,0x01c9e000,30007296
399019,0x00034100,638,0x004fc000,5226496
002860,0x00034110,2092,0x01058000,17137664
002909,0x00034120,2135,0x010ae000,17489920
300443,0x00034130,3664,0x01ca0000,30015488
301255,0x00034140,4218,0x020f4000,34553856
002861,0x00034180,2093,0x0105a000,17145856
300444,0x00034190,3665,0x01ca2000,30023680
301256,0x000341a0,4219,0x020f6000,34562048
002862,0x00034200,2094,0x0105c000,17154048
300445,0x00034210,3666,0x01ca4000,30031872
301257,0x00034220,4220,0x020f8000,34570240
002863,0x00034280,2095,0x0105e000,17162240
300446,0x00034290,3667,0x01ca6000,30040064
301258,0x000342a0,4221,0x020fa000,34578432
002864,0x00034300,2096,0x01060000,17170432
300447,0x00034310,3668,0x01ca8000,30048256
301259,0x00034320,4222,0x020fc000,34586624
002865,0x00034380,2097,0x01062000,17178624
300448,0x00034390,3669,0x01caa000,30056448
002866,0x00034400,2098,0x01064000,17186816
300449,0x00034410,3670,0x01cac000,30064640
002867,0x00034480,2099,0x01066000,17195008
002868,0x00034500,2100,0x01068000,17203200
002869,0x00034580,2101,0x0106a000,17211392
164105,0x00034700,3286,0x019ac000,26918912
301531,0x00034980,4385,0x02242000,35921920
300720,0x00034a00,3893,0x01e6a000,31891456
300721,0x00034a80,3894,0x01e6c000,31899648
301533,0x00034a90,4386,0x02244000,35930112
300722,0x00034b00,3895,0x01e6e000,31907840
300723,0x00034b80,3896,0x01e70000,31916032
301535,0x00034b90,4387,0x02246000,35938304
300724,0x00034c00,3897,0x01e72000,31924224
301536,0x00034c10,4388,0x02248000,35946496
161631,0x00034c80,3215,0x0191e000,26337280
300725,0x00034c90,3898,0x01e74000,31932416
300726,0x00034d00,3899,0x01e76000,31940608
301538,0x00034d10,4389,0x0224a000,35954688
166001,0x00034d80,3317,0x019ea000,27172864
300727,0x00034d90,3900,0x01e78000,31948800
301539,0x00034da0,4390,0x0224c000,35962880
301491,0x00034e00,4359,0x0220e000,35708928
300680,0x00034e80,3856,0x01e20000,31588352
300729,0x00034e90,3901,0x01e7a000,31956992
300681,0x00034f00,3857,0x01e22000,31596544
399258,0x00034f80,665,0x00532000,5447680
300682,0x00034f90,3858,0x01e24000,31604736
399259,0x00035000,666,0x00534000,5455872
166006,0x00035010,3318,0x019ec000,27181056
300683,0x00035020,3859,0x01e26000,31612928
300684,0x00035080,3860,0x01e28000,31621120
166008,0x00035100,3319,0x019ee000,27189248
300685,0x00035110,3861,0x01e2a000,31629312
166009,0x00035180,3320,0x019f0000,27197440
300686,0x00035190,3862,0x01e2c000,31637504
301498,0x000351a0,4360,0x02210000,35717120
300687,0x00035200,3863,0x01e2e000,31645696
301499,0x00035210,4361,0x02212000,35725312
300688,0x00035280,3864,0x01e30000,31653888
300689,0x00035300,3865,0x01e32000,31662080
159200,0x00035500,2531,0x013c6000,20733952
159201,0x00035580,2532,0x013c8000,20742144
162720,0x00035590,3258,0x01974000,26689536
159202,0x00035600,2533,0x013ca000,20750336
162721,0x00035610,3259,0x01976000,26697728
159203,0x00035680,2534,0x013cc000,20758528
159205,0x00035780,2535,0x013ce000,20766720
161912,0x00035790,3237,0x0194a000,26517504
159206,0x00035800,2536,0x013d0000,20774912
159207,0x00035880,2537,0x013d2000,20783104
161914,0x00035890,3238,0x0194c000,26525696
200596,0x00035900,1452,0x00b58000,11894784
159208,0x00035910,2538,0x013d4000,20791296
300960,0x00035920,4079,0x01fde000,33415168
159160,0x00035980,2495,0x0137e000,20439040
159209,0x00035990,2539,0x013d6000,20799488
300961,0x000359a0,4080,0x01fe0000,33423360
002110,0x00035a00,1551,0x00c1e000,12705792
159161,0x00035a10,2496,0x01380000,20447232
300962,0x00035a20,4081,0x01fe2000,33431552
002111,0x00035a80,1552,0x00c20000,12713984
159162,0x00035a90,2497,0x01382000,20455424
300963,0x00035aa0,4082,0x01fe4000,33439744
002112,0x00035b00,1553,0x00c22000,12722176
159163,0x00035b10,2498,0x01384000,20463616
300964,0x00035b20,4083,0x01fe6000,33447936
300965,0x00035b80,4084,0x01fe8000,33456128
002114,0x00035c00,1554,0x00c24000,12730368
159165,0x00035c10,2499,0x01386000,20471808
300966,0x00035c20,4085,0x01fea000,33464320
002115,0x00035c80,1555,0x00c26000,12738560
159166,0x00035c90,2500,0x01388000,20480000
300967,0x00035ca0,4086,0x01fec000,33472512
002116,0x00035d00,1556,0x00c28000,12746752
159167,0x00035d10,2501,0x0138a000,20488192
300968,0x00035d20,4087,0x01fee000,33480704
002117,0x00035d80,1557,0x00c2a000,12754944
159168,0x00035d90,2502,0x0138c000,20496384
300969,0x00035da0,4088,0x01ff0000,33488896
159169,0x00035e00,2503,0x0138e000,20504576
180401,0x00035e10,4480,0x02300000,36700160
001300,0x00035e80,1391,0x00ade000,11395072
002119,0x00035e90,1558,0x00c2c000,12763136
180402,0x00035ea0,4481,0x02302000,36708352
001301,0x00035f00,1392,0x00ae0000,11403264
399810,0x00036080,933,0x0074a000,7643136
399811,0x00036100,934,0x0074c000,7651328
001306,0x00036180,492,0x003d8000,4030464
399812,0x00036190,935,0x0074e000,7659520
399813,0x00036200,936,0x00750000,7667712
399814,0x00036280,937,0x00752000,7675904
001308,0x00036290,1393,0x00ae2000,11411456
001260,0x00036300,1378,0x00ac4000,11288576
001309,0x00036310,1394,0x00ae4000,11419648
002072,0x00036320,1515,0x00bd6000,12410880
002073,0x00036380,1516,0x00bd8000,12419072
163819,0x00036390,3283,0x019a6000,26894336
002074,0x00036400,1517,0x00bda000,12427264
002075,0x00036480,1518,0x00bdc000,12435456
002076,0x00036500,1519,0x00bde000,12443648
002077,0x00036580,1520,0x00be0000,12451840
001266,0x00036600,1379,0x00ac6000,11296768
002078,0x00036610,1521,0x00be2000,12460032
001267,0x00036680,1380,0x00ac8000,11304960
002079,0x00036690,1522,0x00be4000,12468224
001268,0x00036700,1381,0x00aca000,11313152
001269,0x00036780,1382,0x00acc000,11321344
002350,0x00036900,1745,0x00da2000,14295040
002351,0x00036980,1746,0x00da4000,14303232
164902,0x00036990,3301,0x019ca000,27041792
002352,0x00036a00,1747,0x00da6000,14311424
002353,0x00036a80,1748,0x00da8000,14319616
002354,0x00036b00,1749,0x00daa000,14327808
002355,0x00036b80,1750,0x00dac000,14336000
164906,0x00036b90,3302,0x019cc000,27049984
002356,0x00036c00,1751,0x00dae000,14344192
002357,0x00036c80,1752,0x00db0000,14352384
002358,0x00036d00,1753,0x00db2000,14360576
159720,0x00036e80,2878,0x0167c000,23576576
000731,0x00036f00,1208,0x00970000,9895936
159721,0x00036f10,2879,0x0167e000,23584768
000733,0x00037000,1209,0x00972000,9904128
159723,0x00037010,2880,0x01680000,23592960
301020,0x00037100,613,0x004ca000,5021696
000735,0x00037110,1210,0x00974000,9912320
159725,0x00037120,2881,0x01682000,23601152
301021,0x00037180,614,0x004cc000,5029888
000736,0x00037190,1211,0x00976000,9920512
159726,0x000371a0,2882,0x01684000,23609344
301022,0x00037200,615,0x004ce000,5038080
000737,0x00037210,1212,0x00978000,9928704
300210,0x00037220,3485,0x01b3a000,28549120
301023,0x00037280,616,0x004d0000,5046272
000738,0x00037290,1213,0x0097a000,9936896
159728,0x000372a0,2883,0x01686000,23617536
300211,0x000372b0,3486,0x01b3c000,28557312
301024,0x00037300,617,0x004d2000,5054464
000690,0x00037310,1176,0x00930000,9633792
000739,0x00037320,1214,0x0097c000,9945088
159680,0x00037330,2847,0x0163e000,23322624
159729,0x00037340,2884,0x01688000,23625728
300212,0x00037350,3487,0x01b3e000,28565504
300213,0x00037380,95,0x000be000,778240
002630,0x00037390,360,0x002d0000,2949120
301025,0x000373a0,618,0x004d4000,5062656
000691,0x000373b0,1177,0x00932000,9641984
159681,0x000373c0,2848,0x01640000,23330816
300214,0x00037400,96,0x000c0000,786432
002631,0x00037410,229,0x001ca000,1875968
301026,0x00037420,619,0x004d6000,5070848
000692,0x00037430,1178,0x00934000,9650176
159682,0x00037440,2849,0x01642000,23339008
300215,0x00037480,97,0x000c2000,794624
002632,0x00037490,230,0x001cc000,1884160
301027,0x000374a0,620,0x004d8000,5079040
980022,0x000374b0,981,0x007aa000,8036352
161121,0x000374c0,3188,0x018e8000,26116096
002633,0x00037500,231,0x001ce000,1892352
301028,0x00037510,621,0x004da000,5087232
980023,0x00037520,982,0x007ac000,8044544
161122,0x00037530,3189,0x018ea000,26124288
300217,0x00037580,98,0x000c4000,802816
002634,0x00037590,361,0x002d2000,2957312
301029,0x000375a0,622,0x004dc000,5095424
000695,0x000375b0,1179,0x00936000,9658368
159685,0x000375c0,2850,0x01644000,23347200
160311,0x000375d0,3100,0x01838000,25395200
161123,0x000375e0,3190,0x018ec000,26132480
300218,0x00037600,99,0x000c6000,811008
002635,0x00037610,232,0x001d0000,1900544
159686,0x00037620,2851,0x01646000,23355392
161124,0x00037630,3191,0x018ee000,26140672
300219,0x00037680,100,0x000c8000,819200
002636,0x00037690,233,0x001d2000,1908736
000697,0x000376a0,1180,0x00938000,9666560
159687,0x000376b0,2852,0x01648000,23363584
161125,0x000376c0,3192,0x018f0000,26148864
168701,0x000376d0,3345,0x01a22000,27402240
300170,0x000376e0,3449,0x01af2000,28254208
002637,0x00037700,234,0x001d4000,1916928
980027,0x00037710,983,0x007ae000,8052736
000698,0x00037720,1181,0x0093a000,9674752
159688,0x00037730,2853,0x0164a000,23371776
160314,0x00037740,3101,0x0183a000,25403392
161126,0x00037750,3193,0x018f2000,26157056
300171,0x00037760,3450,0x01af4000,28262400
002638,0x00037780,235,0x001d6000,1925120
980028,0x00037790,984,0x007b0000,8060928
159689,0x000377a0,2854,0x0164c000,23379968
161127,0x000377b0,3194,0x018f4000,26165248
300172,0x000377c0,3451,0x01af6000,28270592
002639,0x00037800,236,0x001d8000,1933312
002590,0x00037810,1933,0x00f1a000,15835136
161128,0x00037820,3195,0x018f6000,26173440
300173,0x00037830,3452,0x01af8000,28278784
002591,0x00037880,1934,0x00f1c000,15843328
161129,0x00037890,3196,0x018f8000,26181632
300174,0x000378a0,3453,0x01afa000,28286976
002592,0x00037900,357,0x002ca000,2924544
123112,0x00037910,2212,0x01148000,18120704
300175,0x00037920,3454,0x01afc000,28295168
002593,0x00037980,1935,0x00f1e000,15851520
123113,0x00037990,2213,0x0114a000,18128896
300176,0x000379a0,3455,0x01afe000,28303360
002594,0x00037a00,1936,0x00f20000,15859712
123114,0x00037a10,2214,0x0114c000,18137088
300177,0x00037a20,3456,0x01b00000,28311552
002595,0x00037a80,1937,0x00f22000,15867904
002596,0x00037b00,1938,0x00f24000,15876096
300179,0x00037b10,3457,0x01b02000,28319744
002597,0x00037b80,1939,0x00f26000,15884288
123117,0x00037b90,2215,0x0114e000,18145280
301300,0x00037ba0,4258,0x02144000,34881536
002598,0x00037c00,358,0x002cc000,2932736
123118,0x00037c10,2216,0x01150000,18153472
301301,0x00037c20,4259,0x02146000,34889728
002599,0x00037c80,1940,0x00f28000,15892480
123119,0x00037c90,2217,0x01152000,18161664
301302,0x00037ca0,4260,0x02148000,34897920
123071,0x00037d00,2201,0x01132000,18030592
301303,0x00037d10,4261,0x0214a000,34906112
000970,0x00037d80,1326,0x00a5c000,10862592
123072,0x00037d90,2202,0x01134000,18038784
159960,0x00037da0,3051,0x017d6000,24993792
399020,0x00037e00,639,0x004fe000,5234688
002910,0x00037e10,2136,0x010b0000,17498112
159961,0x00037e20,3052,0x017d8000,25001984
301305,0x00037e30,4262,0x0214c000,34914304
000972,0x00037e80,1327,0x00a5e000,10870784
002911,0x00037e90,2137,0x010b2000,17506304
301306,0x00037ea0,4263,0x0214e000,34922496
000973,0x00037f00,1328,0x00a60000,10878976
002912,0x00037f10,2138,0x010b4000,17514496
301307,0x00037f20,4264,0x02150000,34930688
002913,0x00037f80,2139,0x010b6000,17522688
123076,0x00037f90,2203,0x01136000,18046976
159964,0x00037fa0,3053,0x017da000,25010176
301308,0x00037fb0,4265,0x02152000,34938880
000975,0x00038000,1329,0x00a62000,10887168
159965,0x00038010,3054,0x017dc000,25018368
162215,0x00038020,3243,0x01956000,26566656
301260,0x00038030,4223,0x020fe000,34594816
301309,0x00038040,4266,0x02154000,34947072
002915,0x00038080,2140,0x010b8000,17530880
159966,0x00038090,3055,0x017de000,25026560
162216,0x000380a0,3244,0x01958000,26574848
301261,0x000380b0,4224,0x02100000,34603008
000977,0x00038100,1330,0x00a64000,10895360
002916,0x00038110,2141,0x010ba000,17539072
159967,0x00038120,3056,0x017e0000,25034752
300450,0x00038130,3671,0x01cae000,30072832
301262,0x00038140,4225,0x02102000,34611200
000978,0x00038180,1331,0x00a66000,10903552
002917,0x00038190,2142,0x010bc000,17547264
159968,0x000381a0,3057,0x017e2000,25042944
300451,0x000381b0,3672,0x01cb0000,30081024
301263,0x000381c0,4226,0x02104000,34619392
002918,0x00038200,281,0x00232000,2301952
300452,0x00038210,3673,0x01cb2000,30089216
002919,0x00038280,282,0x00234000,2310144
002870,0x00038290,2102,0x0106c000,17219584
300453,0x000382a0,3674,0x01cb4000,30097408
301265,0x000382b0,4227,0x02106000,34627584
002871,0x00038300,2103,0x0106e000,17227776
300454,0x00038310,3675,0x01cb6000,30105600
301266,0x00038320,4228,0x02108000,34635776
002872,0x00038380,376,0x002f0000,3080192
300455,0x00038390,3676,0x01cb8000,30113792
301267,0x000383a0,4229,0x0210a000,34643968
002873,0x00038400,2104,0x01070000,17235968
300456,0x00038410,3677,0x01cba000,30121984
301268,0x00038420,4230,0x0210c000,34652160
300457,0x00038480,3678,0x01cbc000,30130176
301269,0x00038490,4231,0x0210e000,34660352
002875,0x00038500,2105,0x01072000,17244160
300458,0x00038510,3679,0x01cbe000,30138368
002876,0x00038580,2106,0x01074000,17252352
300459,0x00038590,3680,0x01cc0000,30146560
002877,0x00038600,2107,0x01076000,17260544
002878,0x00038680,2108,0x01078000,17268736
002879,0x00038700,2109,0x0107a000,17276928
163302,0x00038800,3272,0x01990000,26804224
399300,0x00038880,701,0x0057a000,5742592
399301,0x00038900,702,0x0057c000,5750784
399302,0x00038980,703,0x0057e000,5758976
399303,0x00038a00,704,0x00580000,5767168
399306,0x00038b80,705,0x00582000,5775360
300730,0x00038b90,3902,0x01e7c000,31965184
399307,0x00038c00,706,0x00584000,5783552
300731,0x00038c10,3903,0x01e7e000,31973376
300732,0x00038c80,3904,0x01e80000,31981568
399260,0x00038d00,667,0x00536000,5464064
300733,0x00038d10,3905,0x01e82000,31989760
399261,0x00038d80,668,0x00538000,5472256
399262,0x00038e00,669,0x0053a000,5480448
300735,0x00038e10,3906,0x01e84000,31997952
399263,0x00038e80,670,0x0053c000,5488640
300736,0x00038e90,3907,0x01e86000,32006144
301548,0x00038ea0,4391,0x0224e000,35971072
399264,0x00038f00,671,0x0053e000,5496832
166011,0x00038f10,3321,0x019f2000,27205632
300737,0x00038f20,3908,0x01e88000,32014336
399265,0x00038f80,672,0x00540000,5505024
300738,0x00038f90,3909,0x01e8a000,32022528
399266,0x00039000,673,0x00542000,5513216
300690,0x00039010,3866,0x01e34000,31670272
300739,0x00039020,3910,0x01e8c000,32030720
399267,0x00039080,674,0x00544000,5521408
300691,0x00039090,3867,0x01e36000,31678464
399268,0x00039100,675,0x00546000,5529600
300692,0x00039110,3868,0x01e38000,31686656
399269,0x00039180,676,0x00548000,5537792
166016,0x00039190,3322,0x019f4000,27213824
300693,0x000391a0,3869,0x01e3a000,31694848
300694,0x00039200,3870,0x01e3c000,31703040
300695,0x00039280,3871,0x01e3e000,31711232
300696,0x00039300,3872,0x01e40000,31719424
300697,0x00039380,3873,0x01e42000,31727616
300698,0x00039400,3874,0x01e44000,31735808
300699,0x00039480,3875,0x01e46000,31744000
159210,0x00039680,2540,0x013d8000,20807680
159211,0x00039700,2541,0x013da000,20815872
159212,0x00039780,2542,0x013dc000,20824064
159213,0x00039800,2543,0x013de000,20832256
159215,0x00039900,2544,0x013e0000,20840448
159216,0x00039980,2545,0x013e2000,20848640
159217,0x00039a00,2546,0x013e4000,20856832
159218,0x00039a80,2547,0x013e6000,20865024
300970,0x00039a90,4089,0x01ff2000,33497088
159170,0x00039b00,2504,0x01390000,20512768
159219,0x00039b10,2548,0x013e8000,20873216
300971,0x00039b20,4090,0x01ff4000,33505280
002120,0x00039b80,1559,0x00c2e000,12771328
159171,0x00039b90,2505,0x01392000,20520960
300972,0x00039ba0,4091,0x01ff6000,33513472
002121,0x00039c00,1560,0x00c30000,12779520
159172,0x00039c10,2506,0x01394000,20529152
300973,0x00039c20,4092,0x01ff8000,33521664
002122,0x00039c80,1561,0x00c32000,12787712
159173,0x00039c90,2507,0x01396000,20537344
002123,0x00039d00,1562,0x00c34000,12795904
300975,0x00039d10,4093,0x01ffa000,33529856
002124,0x00039d80,1563,0x00c36000,12804096
159175,0x00039d90,2508,0x01398000,20545536
300976,0x00039da0,4094,0x01ffc000,33538048
002125,0x00039e00,1564,0x00c38000,12812288
159176,0x00039e10,2509,0x0139a000,20553728
300977,0x00039e20,4095,0x01ffe000,33546240
002126,0x00039e80,1565,0x00c3a000,12820480
159177,0x00039e90,2510,0x0139c000,20561920
300978,0x00039ea0,4096,0x02000000,33554432
002127,0x00039f00,1566,0x00c3c000,12828672
159178,0x00039f10,2511,0x0139e000,20570112
300979,0x00039f20,4097,0x02002000,33562624
002128,0x00039f80,1567,0x00c3e000,12836864
159179,0x00039f90,2512,0x013a0000,20578304
002129,0x0003a000,1568,0x00c40000,12845056
001311,0x0003a080,1395,0x00ae6000,11427840
001312,0x0003a100,493,0x003da000,4038656
163821,0x0003a110,3284,0x019a8000,26902528
000501,0x0003a180,1052,0x00838000,8617984
001313,0x0003a190,1396,0x00ae8000,11436032
001314,0x0003a200,1397,0x00aea000,11444224
000503,0x0003a280,1053,0x0083a000,8626176
000504,0x0003a300,1054,0x0083c000,8634368
001316,0x0003a310,1398,0x00aec000,11452416
000505,0x0003a380,1055,0x0083e000,8642560
001317,0x0003a390,1399,0x00aee000,11460608
002080,0x0003a3a0,1523,0x00be6000,12476416
001318,0x0003a400,415,0x0033e000,3399680
000506,0x0003a410,1056,0x00840000,8650752
002081,0x0003a420,1524,0x00be8000,12484608
001319,0x0003a480,416,0x00340000,3407872
000507,0x0003a490,1057,0x00842000,8658944
001270,0x0003a4a0,1383,0x00ace000,11329536
002082,0x0003a4b0,1525,0x00bea000,12492800
002083,0x0003a500,1526,0x00bec000,12500992
000509,0x0003a580,1058,0x00844000,8667136
002084,0x0003a590,1527,0x00bee000,12509184
002085,0x0003a600,1528,0x00bf0000,12517376
002400,0x0003a610,1794,0x00e04000,14696448
002086,0x0003a680,1529,0x00bf2000,12525568
002401,0x0003a690,1795,0x00e06000,14704640
002402,0x0003a700,1796,0x00e08000,14712832
002088,0x0003a780,1530,0x00bf4000,12533760
002403,0x0003a790,1797,0x00e0a000,14721024
001277,0x0003a800,485,0x003ca000,3973120
002404,0x0003a810,1798,0x00e0c000,14729216
001278,0x0003a880,1384,0x00ad0000,11337728
002405,0x0003a890,1799,0x00e0e000,14737408
001279,0x0003a900,486,0x003cc000,3981312
002406,0x0003a910,1800,0x00e10000,14745600
002407,0x0003a980,1801,0x00e12000,14753792
002408,0x0003aa00,1802,0x00e14000,14761984
002360,0x0003aa80,1754,0x00db4000,14368768
002409,0x0003aa90,1803,0x00e16000,14770176
002361,0x0003ab00,1755,0x00db6000,14376960
002362,0x0003ab80,1756,0x00db8000,14385152
002363,0x0003ac00,1757,0x00dba000,14393344
002364,0x0003ac80,1758,0x00dbc000,14401536
002365,0x0003ad00,1759,0x00dbe000,14409728
002366,0x0003ad80,1760,0x00dc0000,14417920
002367,0x0003ae00,1761,0x00dc2000,14426112
002368,0x0003ae80,1762,0x00dc4000,14434304
002369,0x0003af00,1763,0x00dc6000,14442496
159730,0x0003b000,2885,0x0168a000,23633920
159731,0x0003b080,2886,0x0168c000,23642112
159732,0x0003b100,2887,0x0168e000,23650304
301030,0x0003b280,351,0x002be000,2875392
159735,0x0003b290,2888,0x01690000,23658496
159736,0x0003b300,2889,0x01692000,23666688
301031,0x0003b310,4116,0x02028000,33718272
300220,0x0003b380,101,0x000ca000,827392
301032,0x0003b390,4117,0x0202a000,33726464
300221,0x0003b400,102,0x000cc000,835584
159738,0x0003b410,2890,0x01694000,23674880
301033,0x0003b420,4118,0x0202c000,33734656
300222,0x0003b480,103,0x000ce000,843776
159690,0x0003b490,2855,0x0164e000,23388160
159739,0x0003b4a0,2891,0x01696000,23683072
300223,0x0003b500,104,0x000d0000,851968
002640,0x0003b510,237,0x001da000,1941504
980030,0x0003b520,985,0x007b2000,8069120
159691,0x0003b530,2856,0x01650000,23396352
301035,0x0003b540,4119,0x0202e000,33742848
300224,0x0003b580,105,0x000d2000,860160
002641,0x0003b590,238,0x001dc000,1949696
159692,0x0003b5a0,2857,0x01652000,23404544
161130,0x0003b5b0,3197,0x018fa000,26189824
301036,0x0003b5c0,4120,0x02030000,33751040
300225,0x0003b600,106,0x000d4000,868352
002642,0x0003b610,239,0x001de000,1957888
980032,0x0003b620,986,0x007b4000,8077312
161131,0x0003b630,3198,0x018fc000,26198016
301037,0x0003b640,4121,0x02032000,33759232
300226,0x0003b680,107,0x000d6000,876544
002643,0x0003b690,240,0x001e0000,1966080
161132,0x0003b6a0,3199,0x018fe000,26206208
301038,0x0003b6b0,4122,0x02034000,33767424
300227,0x0003b700,108,0x000d8000,884736
002644,0x0003b710,241,0x001e2000,1974272
159695,0x0003b720,2858,0x01654000,23412736
161133,0x0003b730,3200,0x01900000,26214400
301039,0x0003b740,4123,0x02036000,33775616
300228,0x0003b780,109,0x000da000,892928
002645,0x0003b790,242,0x001e4000,1982464
980035,0x0003b7a0,987,0x007b6000,8085504
159696,0x0003b7b0,2859,0x01656000,23420928
160322,0x0003b7c0,3102,0x0183c000,25411584
300229,0x0003b800,110,0x000dc000,901120
002646,0x0003b810,243,0x001e6000,1990656
159697,0x0003b820,2860,0x01658000,23429120
160323,0x0003b830,3103,0x0183e000,25419776
300180,0x0003b840,3458,0x01b04000,28327936
002647,0x0003b880,244,0x001e8000,1998848
159698,0x0003b890,2861,0x0165a000,23437312
160324,0x0003b8a0,3104,0x01840000,25427968
300181,0x0003b8b0,3459,0x01b06000,28336128
002648,0x0003b900,245,0x001ea000,2007040
159699,0x0003b910,2862,0x0165c000,23445504
160325,0x0003b920,3105,0x01842000,25436160
300182,0x0003b930,3460,0x01b08000,28344320
002649,0x0003b980,246,0x001ec000,2015232
160326,0x0003b990,3106,0x01844000,25444352
300183,0x0003b9a0,3461,0x01b0a000,28352512
300184,0x0003ba00,3462,0x01b0c000,28360704
123122,0x0003ba80,2218,0x01154000,18169856
300185,0x0003ba90,3463,0x01b0e000,28368896
123124,0x0003bb80,2219,0x01156000,18178048
300187,0x0003bb90,3464,0x01b10000,28377088
300188,0x0003bc00,3465,0x01b12000,28385280
300189,0x0003bc80,3466,0x01b14000,28393472
301310,0x0003bd00,4267,0x02156000,34955264
301311,0x0003bd80,4268,0x02158000,34963456
123080,0x0003be00,2204,0x01138000,18055168
300500,0x0003be10,3716,0x01d08000,30441472
301312,0x0003be20,4269,0x0215a000,34971648
300501,0x0003be80,3717,0x01d0a000,30449664
301313,0x0003be90,4270,0x0215c000,34979840
000980,0x0003bf00,1332,0x00a68000,10911744
159970,0x0003bf10,3058,0x017e4000,25051136
300502,0x0003bf20,3718,0x01d0c000,30457856
301314,0x0003bf30,4271,0x0215e000,34988032
002920,0x0003bf80,283,0x00236000,2318336
399030,0x0003bf90,640,0x00500000,5242880
000981,0x0003bfa0,1333,0x00a6a000,10919936
159971,0x0003bfb0,3059,0x017e6000,25059328
300503,0x0003bfc0,3719,0x01d0e000,30466048
301315,0x0003bfd0,4272,0x02160000,34996224
002921,0x0003c000,284,0x00238000,2326528
159972,0x0003c010,3060,0x017e8000,25067520
300504,0x0003c020,3720,0x01d10000,30474240
301316,0x0003c030,4273,0x02162000,35004416
002922,0x0003c080,285,0x0023a000,2334720
000983,0x0003c090,1334,0x00a6c000,10928128
159973,0x0003c0a0,3061,0x017ea000,25075712
300505,0x0003c0b0,3721,0x01d12000,30482432
301317,0x0003c0c0,4274,0x02164000,35012608
002923,0x0003c100,286,0x0023c000,2342912
159974,0x0003c110,3062,0x017ec000,25083904
300506,0x0003c120,3722,0x01d14000,30490624
301318,0x0003c130,4275,0x02166000,35020800
000985,0x0003c180,1335,0x00a6e000,10936320
159975,0x0003c190,3063,0x017ee000,25092096
300507,0x0003c1a0,3723,0x01d16000,30498816
301270,0x0003c1b0,4232,0x02110000,34668544
301319,0x0003c1c0,4276,0x02168000,35028992
002925,0x0003c200,287,0x0023e000,2351104
123088,0x0003c210,2205,0x0113a000,18063360
159976,0x0003c220,3064,0x017f0000,25100288
300508,0x0003c230,3724,0x01d18000,30507008
002926,0x0003c280,288,0x00240000,2359296
300460,0x0003c290,342,0x002ac000,2801664
000987,0x0003c2a0,1336,0x00a70000,10944512
159977,0x0003c2b0,3065,0x017f2000,25108480
300509,0x0003c2c0,3725,0x01d1a000,30515200
301272,0x0003c2d0,4233,0x02112000,34676736
002927,0x0003c300,289,0x00242000,2367488
000988,0x0003c310,1337,0x00a72000,10952704
300461,0x0003c320,3681,0x01cc2000,30154752
301273,0x0003c330,4234,0x02114000,34684928
002928,0x0003c380,290,0x00244000,2375680
300462,0x0003c390,343,0x002ae000,2809856
000989,0x0003c3a0,1338,0x00a74000,10960896
002929,0x0003c400,291,0x00246000,2383872
002880,0x0003c410,2110,0x0107c000,17285120
300463,0x0003c420,3682,0x01cc4000,30162944
301275,0x0003c430,4235,0x02116000,34693120
002881,0x0003c480,2111,0x0107e000,17293312
160607,0x0003c490,3117,0x0185a000,25534464
300464,0x0003c4a0,3683,0x01cc6000,30171136
301276,0x0003c4b0,4236,0x02118000,34701312
002882,0x0003c500,2112,0x01080000,17301504
300465,0x0003c510,3684,0x01cc8000,30179328
301277,0x0003c520,4237,0x0211a000,34709504
002883,0x0003c580,377,0x002f2000,3088384
300466,0x0003c590,3685,0x01cca000,30187520
301278,0x0003c5a0,4238,0x0211c000,34717696
002884,0x0003c600,2113,0x01082000,17309696
300467,0x0003c610,3686,0x01ccc000,30195712
301279,0x0003c620,4239,0x0211e000,34725888
002885,0x0003c680,2114,0x01084000,17317888
300468,0x0003c690,3687,0x01cce000,30203904
002886,0x0003c700,2115,0x01086000,17326080
300469,0x0003c710,3688,0x01cd0000,30212096
002887,0x0003c780,2116,0x01088000,17334272
002888,0x0003c800,2117,0x0108a000,17342464
002889,0x0003c880,2118,0x0108c000,17350656
399310,0x0003ca00,707,0x00586000,5791744
399311,0x0003ca80,708,0x00588000,5799936
399312,0x0003cb00,709,0x0058a000,5808128
399313,0x0003cb80,710,0x0058c000,5816320
399314,0x0003cc00,711,0x0058e000,5824512
301550,0x0003cc10,4392,0x02250000,35979264
399315,0x0003cc80,712,0x00590000,5832704
301551,0x0003cc90,4393,0x02252000,35987456
399316,0x0003cd00,713,0x00592000,5840896
300740,0x0003cd10,3911,0x01e8e000,32038912
301552,0x0003cd20,4394,0x02254000,35995648
399317,0x0003cd80,714,0x00594000,5849088
300741,0x0003cd90,3912,0x01e90000,32047104
399318,0x0003ce00,715,0x00596000,5857280
162509,0x0003ce10,3250,0x01964000,26624000
399319,0x0003ce80,716,0x00598000,5865472
300743,0x0003ce90,3913,0x01e92000,32055296
301555,0x0003cea0,4395,0x02256000,36003840
301556,0x0003cf00,4396,0x02258000,36012032
300745,0x0003cf80,3914,0x01e94000,32063488
301557,0x0003cf90,4397,0x0225a000,36020224
300746,0x0003d000,3915,0x01e96000,32071680
301558,0x0003d010,4398,0x0225c000,36028416
399274,0x0003d080,677,0x0054a000,5545984
300747,0x0003d090,3916,0x01e98000,32079872
301559,0x0003d0a0,4399,0x0225e000,36036608
399275,0x0003d100,678,0x0054c000,5554176
300748,0x0003d110,3917,0x01e9a000,32088064
399276,0x0003d180,679,0x0054e000,5562368
166023,0x0003d190,3323,0x019f6000,27222016
300749,0x0003d1a0,3918,0x01e9c000,32096256
399277,0x0003d200,680,0x00550000,5570560
166024,0x0003d210,3324,0x019f8000,27230208
399278,0x0003d280,681,0x00552000,5578752
166025,0x0003d290,3325,0x019fa000,27238400
399279,0x0003d300,682,0x00554000,5586944
164403,0x0003d380,3290,0x019b4000,26951680
166027,0x0003d390,3326,0x019fc000,27246592
159220,0x0003d800,2549,0x013ea000,20881408
159221,0x0003d880,2550,0x013ec000,20889600
399550,0x0003d900,817,0x00662000,6692864
159222,0x0003d910,2551,0x013ee000,20897792
399551,0x0003d980,818,0x00664000,6701056
159223,0x0003d990,2552,0x013f0000,20905984
399552,0x0003da00,819,0x00666000,6709248
399553,0x0003da80,820,0x00668000,6717440
159225,0x0003da90,2553,0x013f2000,20914176
399554,0x0003db00,821,0x0066a000,6725632
159226,0x0003db10,2554,0x013f4000,20922368
399555,0x0003db80,822,0x0066c000,6733824
159227,0x0003db90,2555,0x013f6000,20930560
399556,0x0003dc00,823,0x0066e000,6742016
159228,0x0003dc10,2556,0x013f8000,20938752
300980,0x0003dc20,4098,0x02004000,33570816
399557,0x0003dc80,824,0x00670000,6750208
159180,0x0003dc90,2513,0x013a2000,20586496
159229,0x0003dca0,2557,0x013fa000,20946944
300981,0x0003dcb0,4099,0x02006000,33579008
002130,0x0003dd00,1569,0x00c42000,12853248
159181,0x0003dd10,2514,0x013a4000,20594688
300982,0x0003dd20,4100,0x02008000,33587200
002131,0x0003dd80,1570,0x00c44000,12861440
159182,0x0003dd90,2515,0x013a6000,20602880
300983,0x0003dda0,4101,0x0200a000,33595392
002132,0x0003de00,1571,0x00c46000,12869632
159183,0x0003de10,2516,0x013a8000,20611072
300984,0x0003de20,4102,0x0200c000,33603584
002133,0x0003de80,1572,0x00c48000,12877824
300985,0x0003de90,4103,0x0200e000,33611776
002134,0x0003df00,1573,0x00c4a000,12886016
159185,0x0003df10,2517,0x013aa000,20619264
300986,0x0003df20,4104,0x02010000,33619968
002135,0x0003df80,1574,0x00c4c000,12894208
159186,0x0003df90,2518,0x013ac000,20627456
300987,0x0003dfa0,4105,0x02012000,33628160
002136,0x0003e000,1575,0x00c4e000,12902400
159187,0x0003e010,2519,0x013ae000,20635648
300988,0x0003e020,4106,0x02014000,33636352
002137,0x0003e080,1576,0x00c50000,12910592
159188,0x0003e090,2520,0x013b0000,20643840
300989,0x0003e0a0,4107,0x02016000,33644544
002138,0x0003e100,1577,0x00c52000,12918784
159189,0x0003e110,2521,0x013b2000,20652032
168203,0x0003e120,3341,0x01a1a000,27369472
002139,0x0003e180,1578,0x00c54000,12926976
168204,0x0003e190,3342,0x01a1c000,27377664
001322,0x0003e280,417,0x00342000,3416064
000510,0x0003e290,1059,0x00846000,8675328
159500,0x0003e2a0,2696,0x01510000,22085632
001323,0x0003e300,418,0x00344000,3424256
159501,0x0003e310,2697,0x01512000,22093824
001324,0x0003e380,494,0x003dc000,4046848
159502,0x0003e390,2698,0x01514000,22102016
001325,0x0003e400,495,0x003de000,4055040
000513,0x0003e410,1060,0x00848000,8683520
001326,0x0003e480,496,0x003e0000,4063232
000514,0x0003e490,1061,0x0084a000,8691712
002090,0x0003e500,1531,0x00bf6000,12541952
159505,0x0003e510,2699,0x01516000,22110208
395001,0x0003e520,3350,0x01a2c000,27443200
001328,0x0003e580,497,0x003e2000,4071424
000516,0x0003e590,1062,0x0084c000,8699904
002091,0x0003e5a0,1532,0x00bf8000,12550144
159506,0x0003e5b0,2700,0x01518000,22118400
395002,0x0003e5c0,3351,0x01a2e000,27451392
001280,0x0003e600,487,0x003ce000,3989504
000517,0x0003e610,1063,0x0084e000,8708096
002092,0x0003e620,1533,0x00bfa000,12558336
159507,0x0003e630,2701,0x0151a000,22126592
000518,0x0003e680,1064,0x00850000,8716288
002093,0x0003e690,1534,0x00bfc000,12566528
159508,0x0003e6a0,2702,0x0151c000,22134784
395004,0x0003e6b0,3352,0x01a30000,27459584
001282,0x0003e700,488,0x003d0000,3997696
000519,0x0003e710,1065,0x00852000,8724480
002094,0x0003e720,1535,0x00bfe000,12574720
159509,0x0003e730,2703,0x0151e000,22142976
001283,0x0003e780,1385,0x00ad2000,11345920
002095,0x0003e790,1536,0x00c00000,12582912
002410,0x0003e7a0,1804,0x00e18000,14778368
002096,0x0003e800,1537,0x00c02000,12591104
001285,0x0003e880,489,0x003d2000,4005888
002097,0x0003e890,1538,0x00c04000,12599296
002412,0x0003e8a0,1805,0x00e1a000,14786560
001286,0x0003e900,490,0x003d4000,4014080
002098,0x0003e910,1539,0x00c06000,12607488
002413,0x0003e920,1806,0x00e1c000,14794752
001287,0x0003e980,491,0x003d6000,4022272
002099,0x0003e990,1540,0x00c08000,12615680
002414,0x0003e9a0,1807,0x00e1e000,14802944
001288,0x0003ea00,1386,0x00ad4000,11354112
002415,0x0003ea10,1808,0x00e20000,14811136
001289,0x0003ea80,1387,0x00ad6000,11362304
002416,0x0003ea90,1809,0x00e22000,14819328
002418,0x0003eb80,1810,0x00e24000,14827520
180701,0x0003eb90,4491,0x02316000,36790272
002370,0x0003ec00,1764,0x00dc8000,14450688
002419,0x0003ec10,1811,0x00e26000,14835712
002371,0x0003ec80,1765,0x00dca000,14458880
002372,0x0003ed00,1766,0x00dcc000,14467072
002373,0x0003ed80,1767,0x00dce000,14475264
002374,0x0003ee00,1768,0x00dd0000,14483456
002375,0x0003ee80,1769,0x00dd2000,14491648
002376,0x0003ef00,1770,0x00dd4000,14499840
002377,0x0003ef80,1771,0x00dd6000,14508032
002378,0x0003f000,1772,0x00dd8000,14516224
002379,0x0003f080,1773,0x00dda000,14524416
000750,0x0003f180,1215,0x0097e000,9953280
159740,0x0003f190,2892,0x01698000,23691264
000751,0x0003f200,1216,0x00980000,9961472
159741,0x0003f210,2893,0x0169a000,23699456
000752,0x0003f280,1217,0x00982000,9969664
159742,0x0003f290,2894,0x0169c000,23707648
000753,0x0003f300,1218,0x00984000,9977856
159743,0x0003f310,2895,0x0169e000,23715840
000755,0x0003f400,1219,0x00986000,9986048
159745,0x0003f410,2896,0x016a0000,23724032
301040,0x0003f420,4124,0x02038000,33783808
000756,0x0003f480,1220,0x00988000,9994240
301041,0x0003f490,4125,0x0203a000,33792000
300230,0x0003f500,111,0x000de000,909312
000757,0x0003f510,1221,0x0098a000,10002432
159747,0x0003f520,2897,0x016a2000,23732224
301042,0x0003f530,4126,0x0203c000,33800192
300231,0x0003f580,112,0x000e0000,917504
000758,0x0003f590,1222,0x0098c000,10010624
159748,0x0003f5a0,2898,0x016a4000,23740416
301043,0x0003f5b0,4127,0x0203e000,33808384
300232,0x0003f600,113,0x000e2000,925696
000759,0x0003f610,1223,0x0098e000,10018816
300233,0x0003f680,114,0x000e4000,933888
002650,0x0003f690,362,0x002d4000,2965504
301045,0x0003f6a0,4128,0x02040000,33816576
300234,0x0003f700,115,0x000e6000,942080
002651,0x0003f710,247,0x001ee000,2023424
301046,0x0003f720,4129,0x02042000,33824768
300235,0x0003f780,116,0x000e8000,950272
002652,0x0003f790,248,0x001f0000,2031616
301047,0x0003f7a0,4130,0x02044000,33832960
300236,0x0003f800,117,0x000ea000,958464
002653,0x0003f810,249,0x001f2000,2039808
301048,0x0003f820,4131,0x02046000,33841152
002654,0x0003f880,1955,0x00f46000,16015360
300237,0x0003f890,3488,0x01b40000,28573696
301049,0x0003f8a0,4132,0x02048000,33849344
300238,0x0003f900,118,0x000ec000,966656
002655,0x0003f910,1956,0x00f48000,16023552
300239,0x0003f980,119,0x000ee000,974848
002656,0x0003f990,1957,0x00f4a000,16031744
300190,0x0003f9a0,3467,0x01b16000,28401664
002657,0x0003fa00,1958,0x00f4c000,16039936
300191,0x0003fa10,3468,0x01b18000,28409856
002658,0x0003fa80,1959,0x00f4e000,16048128
300192,0x0003fa90,3469,0x01b1a000,28418048
002659,0x0003fb00,1960,0x00f50000,16056320
300193,0x0003fb10,3470,0x01b1c000,28426240
123131,0x0003fb80,2220,0x01158000,18186240
300194,0x0003fb90,3471,0x01b1e000,28434432
300195,0x0003fc00,3472,0x01b20000,28442624
123133,0x0003fc80,2221,0x0115a000,18194432
300196,0x0003fc90,3473,0x01b22000,28450816
300197,0x0003fd00,3474,0x01b24000,28459008
300198,0x0003fd80,3475,0x01b26000,28467200
300199,0x0003fe00,3476,0x01b28000,28475392
302132,0x0003fe80,507,0x003f6000,4153344
301320,0x0003fe90,4277,0x0216a000,35037184
123138,0x0003ff00,2222,0x0115c000,18202624
301321,0x0003ff10,4278,0x0216c000,35045376
123090,0x0003ff80,2206,0x0113c000,18071552
300510,0x0003ff90,3726,0x01d1c000,30523392
301322,0x0003ffa0,4279,0x0216e000,35053568
123091,0x00040000,2207,0x0113e000,18079744
300511,0x00040010,3727,0x01d1e000,30531584
301323,0x00040020,4280,0x02170000,35061760
000990,0x00040080,1339,0x00a76000,10969088
123092,0x00040090,2208,0x01140000,18087936
159980,0x000400a0,3066,0x017f4000,25116672
300512,0x000400b0,3728,0x01d20000,30539776
002930,0x00040100,292,0x00248000,2392064
159981,0x00040110,3067,0x017f6000,25124864
300513,0x00040120,3729,0x01d22000,30547968
301325,0x00040130,4281,0x02172000,35069952
002931,0x00040180,293,0x0024a000,2400256
159982,0x00040190,3068,0x017f8000,25133056
300514,0x000401a0,3730,0x01d24000,30556160
301326,0x000401b0,4282,0x02174000,35078144
002932,0x00040200,378,0x002f4000,3096576
000993,0x00040210,1340,0x00a78000,10977280
300515,0x00040220,3731,0x01d26000,30564352
301327,0x00040230,4283,0x02176000,35086336
002933,0x00040280,294,0x0024c000,2408448
160610,0x00040290,3118,0x0185c000,25542656
300516,0x000402a0,3732,0x01d28000,30572544
301328,0x000402b0,4284,0x02178000,35094528
000995,0x00040300,1341,0x00a7a000,10985472
159985,0x00040310,3069,0x017fa000,25141248
160611,0x00040320,3119,0x0185e000,25550848
300517,0x00040330,3733,0x01d2a000,30580736
301280,0x00040340,4240,0x02120000,34734080
301329,0x00040350,4285,0x0217a000,35102720
002935,0x00040380,295,0x0024e000,2416640
300518,0x00040390,3734,0x01d2c000,30588928
301281,0x000403a0,4241,0x02122000,34742272
002936,0x00040400,296,0x00250000,2424832
000997,0x00040410,1342,0x00a7c000,10993664
160613,0x00040420,3120,0x01860000,25559040
300470,0x00040430,3689,0x01cd2000,30220288
300519,0x00040440,3735,0x01d2e000,30597120
301282,0x00040450,4242,0x02124000,34750464
002937,0x00040480,297,0x00252000,2433024
000998,0x00040490,1343,0x00a7e000,11001856
300471,0x000404a0,3690,0x01cd4000,30228480
301283,0x000404b0,4243,0x02126000,34758656
002938,0x00040500,298,0x00254000,2441216
300472,0x00040510,344,0x002b0000,2818048
000999,0x00040520,1344,0x00a80000,11010048
160615,0x00040530,3121,0x01862000,25567232
002939,0x00040580,299,0x00256000,2449408
002890,0x00040590,2119,0x0108e000,17358848
160616,0x000405a0,3122,0x01864000,25575424
300473,0x000405b0,3691,0x01cd6000,30236672
301285,0x000405c0,4244,0x02128000,34766848
002891,0x00040600,2120,0x01090000,17367040
160617,0x00040610,3123,0x01866000,25583616
300474,0x00040620,3692,0x01cd8000,30244864
301286,0x00040630,4245,0x0212a000,34775040
002892,0x00040680,2121,0x01092000,17375232
300475,0x00040690,3693,0x01cda000,30253056
301287,0x000406a0,4246,0x0212c000,34783232
002893,0x00040700,2122,0x01094000,17383424
300476,0x00040710,3694,0x01cdc000,30261248
301288,0x00040720,4247,0x0212e000,34791424
300477,0x00040780,345,0x002b2000,2826240
301289,0x00040790,4248,0x02130000,34799616
002895,0x00040800,2123,0x01096000,17391616
300478,0x00040810,3695,0x01cde000,30269440
002896,0x00040880,2124,0x01098000,17399808
300479,0x00040890,3696,0x01ce0000,30277632
002897,0x00040900,2125,0x0109a000,17408000
301600,0x00040910,4426,0x02294000,36257792
301601,0x00040980,4427,0x02296000,36265984
002899,0x00040a00,2126,0x0109c000,17416192
301602,0x00040a10,4428,0x02298000,36274176
301603,0x00040a80,4429,0x0229a000,36282368
000001,0x00040b00,996,0x007c8000,8159232
399320,0x00040b80,717,0x0059a000,5873664
000002,0x00040b90,997,0x007ca000,8167424
200429,0x00040ba0,1439,0x00b3e000,11788288
399321,0x00040c00,718,0x0059c000,5881856
301606,0x00040c10,4430,0x0229c000,36290560
399322,0x00040c80,719,0x0059e000,5890048
301607,0x00040c90,4431,0x0229e000,36298752
301608,0x00040d00,4432,0x022a0000,36306944
399324,0x00040d80,720,0x005a0000,5898240
000006,0x00040d90,998,0x007cc000,8175616
301560,0x00040da0,4400,0x02260000,36044800
301609,0x00040db0,4433,0x022a2000,36315136
000007,0x00040e00,999,0x007ce000,8183808
399326,0x00040e80,721,0x005a2000,5906432
000008,0x00040e90,1000,0x007d0000,8192000
300750,0x00040ea0,3919,0x01e9e000,32104448
000009,0x00040f00,1001,0x007d2000,8200192
300751,0x00040f10,3920,0x01ea0000,32112640
301563,0x00040f20,4401,0x02262000,36052992
161706,0x00040f30,4497,0x02322000,36839424
399328,0x00040f80,722,0x005a4000,5914624
300752,0x00040f90,3921,0x01ea2000,32120832
399280,0x00041000,683,0x00556000,5595136
300753,0x00041010,3922,0x01ea4000,32129024
301565,0x00041020,4402,0x02264000,36061184
399281,0x00041080,684,0x00558000,5603328
301566,0x00041090,4403,0x02266000,36069376
399282,0x00041100,685,0x0055a000,5611520
300755,0x00041110,3923,0x01ea6000,32137216
301567,0x00041120,4404,0x02268000,36077568
399283,0x00041180,686,0x0055c000,5619712
300756,0x00041190,3924,0x01ea8000,32145408
301568,0x000411a0,4405,0x0226a000,36085760
399284,0x00041200,687,0x0055e000,5627904
300757,0x00041210,3925,0x01eaa000,32153600
399285,0x00041280,688,0x00560000,5636096
300758,0x00041290,3926,0x01eac000,32161792
399286,0x00041300,689,0x00562000,5644288
300759,0x00041310,3927,0x01eae000,32169984
399289,0x00041480,690,0x00564000,5652480
399602,0x00041700,825,0x00672000,6758400
399604,0x00041800,826,0x00674000,6766592
399606,0x00041900,827,0x00676000,6774784
159230,0x00041980,2558,0x013fc000,20955136
399608,0x00041a00,828,0x00678000,6782976
159231,0x00041a10,2559,0x013fe000,20963328
159232,0x00041a80,2560,0x01400000,20971520
159233,0x00041b00,2561,0x01402000,20979712
159235,0x00041c00,2562,0x01404000,20987904
159236,0x00041c80,2563,0x01406000,20996096
159237,0x00041d00,2564,0x01408000,21004288
159238,0x00041d80,2565,0x0140a000,21012480
300990,0x00041d90,4108,0x02018000,33652736
159190,0x00041e00,2522,0x013b4000,20660224
159239,0x00041e10,2566,0x0140c000,21020672
300991,0x00041e20,4109,0x0201a000,33660928
002140,0x00041e80,1579,0x00c56000,12935168
159191,0x00041e90,2523,0x013b6000,20668416
300992,0x00041ea0,4110,0x0201c000,33669120
002141,0x00041f00,1580,0x00c58000,12943360
159192,0x00041f10,2524,0x013b8000,20676608
300993,0x00041f20,4111,0x0201e000,33677312
002142,0x00041f80,1581,0x00c5a000,12951552
159193,0x00041f90,2525,0x013ba000,20684800
300994,0x00041fa0,4112,0x02020000,33685504
300995,0x00042000,4113,0x02022000,33693696
002144,0x00042080,1582,0x00c5c000,12959744
159195,0x00042090,2526,0x013bc000,20692992
300996,0x000420a0,4114,0x02024000,33701888
002145,0x00042100,1583,0x00c5e000,12967936
159196,0x00042110,2527,0x013be000,20701184
165508,0x00042120,3305,0x019d2000,27074560
300997,0x00042130,4115,0x02026000,33710080
300998,0x00042180,592,0x004a0000,4849664
002146,0x00042190,1584,0x00c60000,12976128
159197,0x000421a0,2528,0x013c0000,20709376
165509,0x000421b0,3306,0x019d4000,27082752
300999,0x00042200,593,0x004a2000,4857856
159198,0x00042210,2529,0x013c2000,20717568
002148,0x00042280,1585,0x00c62000,12984320
159199,0x00042290,2530,0x013c4000,20725760
001330,0x00042300,419,0x00346000,3432448
002149,0x00042310,1586,0x00c64000,12992512
001331,0x00042380,420,0x00348000,3440640
001332,0x00042400,421,0x0034a000,3448832
000520,0x00042410,1066,0x00854000,8732672
159510,0x00042420,2704,0x01520000,22151168
001333,0x00042480,422,0x0034c000,3457024
000521,0x00042490,1067,0x00856000,8740864
159511,0x000424a0,2705,0x01522000,22159360
159512,0x00042500,2706,0x01524000,22167552
001335,0x00042580,498,0x003e4000,4079616
000523,0x00042590,1068,0x00858000,8749056
159513,0x000425a0,2707,0x01526000,22175744
001336,0x00042600,423,0x0034e000,3465216
000524,0x00042610,1069,0x0085a000,8757248
001337,0x00042680,424,0x00350000,3473408
000525,0x00042690,1070,0x0085c000,8765440
159515,0x000426a0,2708,0x01528000,22183936
001338,0x00042700,425,0x00352000,3481600
988201,0x00042710,995,0x007c6000,8151040
000526,0x00042720,1071,0x0085e000,8773632
159516,0x00042730,2709,0x0152a000,22192128
395012,0x00042740,3353,0x01a32000,27467776
001339,0x00042780,426,0x00354000,3489792
159517,0x00042790,2710,0x0152c000,22200320
395013,0x000427a0,3354,0x01a34000,27475968
000528,0x00042800,1072,0x00860000,8781824
159518,0x00042810,2711,0x0152e000,22208512
300001,0x00042820,3360,0x01a40000,27525120
000529,0x00042880,1073,0x00862000,8790016
159519,0x00042890,2712,0x01530000,22216704
395015,0x000428a0,3355,0x01a36000,27484160
300002,0x000428b0,3361,0x01a42000,27533312
002420,0x00042900,1812,0x00e28000,14843904
300003,0x00042910,3362,0x01a44000,27541504
002421,0x00042980,1813,0x00e2a000,14852096
300004,0x00042990,3363,0x01a46000,27549696
300005,0x00042a00,539,0x00436000,4415488
002422,0x00042a10,1814,0x00e2c000,14860288
300006,0x00042a80,540,0x00438000,4423680
001296,0x00042a90,1388,0x00ad8000,11370496
002423,0x00042aa0,1815,0x00e2e000,14868480
300007,0x00042b00,541,0x0043a000,4431872
002424,0x00042b10,1816,0x00e30000,14876672
300008,0x00042b80,542,0x0043c000,4440064
001298,0x00042b90,1389,0x00ada000,11378688
002425,0x00042ba0,1817,0x00e32000,14884864
300009,0x00042c00,543,0x0043e000,4448256
001299,0x00042c10,1390,0x00adc000,11386880
002426,0x00042c20,1818,0x00e34000,14893056
000488,0x00042c80,1050,0x00834000,8601600
002427,0x00042c90,1819,0x00e36000,14901248
002428,0x00042d00,1820,0x00e38000,14909440
160105,0x00042d10,3078,0x0180c000,25214976
002380,0x00042d80,1774,0x00ddc000,14532608
002429,0x00042d90,1821,0x00e3a000,14917632
160106,0x00042da0,3079,0x0180e000,25223168
002381,0x00042e00,1775,0x00dde000,14540800
000800,0x00042e80,1248,0x009c0000,10223616
002382,0x00042e90,1776,0x00de0000,14548992
000801,0x00042f00,1249,0x009c2000,10231808
002383,0x00042f10,1777,0x00de2000,14557184
000802,0x00042f80,1250,0x009c4000,10240000
002384,0x00042f90,1778,0x00de4000,14565376
000803,0x00043000,1251,0x009c6000,10248192
002385,0x00043010,1779,0x00de6000,14573568
002386,0x00043080,1780,0x00de8000,14581760
002387,0x00043100,1781,0x00dea000,14589952
002388,0x00043180,1782,0x00dec000,14598144
000807,0x00043200,1252,0x009c8000,10256384
002389,0x00043210,1783,0x00dee000,14606336
000809,0x00043300,1253,0x009ca000,10264576
159750,0x00043310,2899,0x016a6000,23748608
002700,0x00043380,269,0x0021a000,2203648
000761,0x00043390,1224,0x00990000,10027008
159751,0x000433a0,2900,0x016a8000,23756800
002701,0x00043400,270,0x0021c000,2211840
000762,0x00043410,1225,0x00992000,10035200
159752,0x00043420,2901,0x016aa000,23764992
002702,0x00043480,271,0x0021e000,2220032
002703,0x00043500,272,0x00220000,2228224
159755,0x00043580,2902,0x016ac000,23773184
301050,0x00043590,4133,0x0204a000,33857536
002705,0x00043600,273,0x00222000,2236416
000766,0x00043610,1226,0x00994000,10043392
162006,0x00043620,3239,0x0194e000,26533888
301051,0x00043630,4134,0x0204c000,33865728
300240,0x00043680,120,0x000f0000,983040
002706,0x00043690,274,0x00224000,2244608
000767,0x000436a0,1227,0x00996000,10051584
159757,0x000436b0,2903,0x016ae000,23781376
301052,0x000436c0,4135,0x0204e000,33873920
399386,0x00044000,230,0x001cc000,1884160
399387,0x00044010,231,0x001ce000,1892352
399388,0x00044020,232,0x001d0000,1900544
399389,0x00044030,233,0x001d2000,1908736
399390,0x00044040,234,0x001d4000,1916928
399391,0x00044050,235,0x001d6000,1925120
399392,0x00044060,236,0x001d8000,1933312
399393,0x00044070,237,0x001da000,1941504
399394,0x00044080,238,0x001dc000,1949696
399395,0x00044090,239,0x001de000,1957888
399396,0x000440a0,240,0x001e0000,1966080
399397,0x000440b0,241,0x001e2000,1974272
399398,0x000440c0,242,0x001e4000,1982464
399399,0x000440d0,243,0x001e6000,1990656
399400,0x000440e0,244,0x001e8000,1998848
399401,0x000440f0,245,0x001ea000,2007040
399402,0x00044100,246,0x001ec000,2015232
399403,0x00044110,247,0x001ee000,2023424
399405,0x00044120,248,0x001f0000,2031616
399406,0x00044130,249,0x001f2000,2039808
399407,0x00044140,250,0x001f4000,2048000
399408,0x00044150,251,0x001f6000,2056192
399409,0x00044160,252,0x001f8000,2064384
399410,0x00044170,253,0x001fa000,2072576
399411,0x00044180,254,0x001fc000,2080768
399412,0x00044190,255,0x001fe000,2088960
399413,0x000441a0,256,0x00200000,2097152
399415,0x000441b0,257,0x00202000,2105344
399416,0x000441c0,258,0x00204000,2113536
399417,0x000441d0,259,0x00206000,2121728
399418,0x000441e0,260,0x00208000,2129920
399419,0x000441f0,261,0x0020a000,2138112
399420,0x00044200,262,0x0020c000,2146304
399422,0x00044210,263,0x0020e000,2154496
399423,0x00044220,264,0x00210000,2162688
399428,0x00044230,265,0x00212000,2170880
399429,0x00044240,266,0x00214000,2179072
399431,0x00044250,267,0x00216000,2187264
399432,0x00044260,268,0x00218000,2195456
399433,0x00044270,269,0x0021a000,2203648
399434,0x00044280,270,0x0021c000,2211840
399435,0x00044290,271,0x0021e000,2220032
399436,0x000442a0,272,0x00220000,2228224
399437,0x000442b0,273,0x00222000,2236416
399438,0x000442c0,274,0x00224000,2244608
399439,0x000442d0,275,0x00226000,2252800
399440,0x000442e0,276,0x00228000,2260992
399441,0x000442f0,277,0x0022a000,2269184
399481,0x00044300,278,0x0022c000,2277376
399550,0x00044310,279,0x0022e000,2285568
399551,0x00044320,280,0x00230000,2293760
399552,0x00044330,281,0x00232000,2301952
399553,0x00044340,282,0x00234000,2310144
399554,0x00044350,283,0x00236000,2318336
399555,0x00044360,284,0x00238000,2326528
399556,0x00044370,285,0x0023a000,2334720
399557,0x00044380,286,0x0023c000,2342912
399602,0x00044390,287,0x0023e000,2351104
399604,0x000443a0,288,0x00240000,2359296
399606,0x000443b0,289,0x00242000,2367488
399608,0x000443c0,290,0x00244000,2375680
399610,0x000443d0,291,0x00246000,2383872
399611,0x000443e0,292,0x00248000,2392064
399612,0x000443f0,293,0x0024a000,2400256
399613,0x00044400,294,0x0024c000,2408448
399614,0x00044410,295,0x0024e000,2416640
399615,0x00044420,296,0x00250000,2424832
399616,0x00044430,297,0x00252000,2433024
399617,0x00044440,298,0x00254000,2441216
399618,0x00044450,299,0x00256000,2449408
399619,0x00044460,300,0x00258000,2457600
399620,0x00044470,301,0x0025a000,2465792
399621,0x00044480,302,0x0025c000,2473984
399622,0x00044490,303,0x0025e000,2482176
399623,0x000444a0,304,0x00260000,2490368
399624,0x000444b0,305,0x00262000,2498560
399625,0x000444c0,306,0x00264000,2506752
399626,0x000444d0,307,0x00266000,2514944
399627,0x000444e0,308,0x00268000,2523136
399628,0x000444f0,309,0x0026a000,2531328
399629,0x00044500,310,0x0026c000,2539520
399630,0x00044510,311,0x0026e000,2547712
399631,0x00044520,312,0x00270000,2555904
399632,0x00044530,313,0x00272000,2564096
399633,0x00044540,314,0x00274000,2572288
399634,0x00044550,315,0x00276000,2580480
399635,0x00044560,316,0x00278000,2588672
399636,0x00044570,317,0x0027a000,2596864
399637,0x00044580,318,0x0027c000,2605056
399638,0x00044590,319,0x0027e000,2613248
399639,0x000445a0,320,0x00280000,2621440
399640,0x000445b0,321,0x00282000,2629632
399641,0x000445c0,322,0x00284000,2637824
399642,0x000445d0,323,0x00286000,2646016
399643,0x000445e0,324,0x00288000,2654208
399644,0x000445f0,325,0x0028a000,2662400
399645,0x00044600,326,0x0028c000,2670592
399646,0x00044610,327,0x0028e000,2678784
399647,0x00044620,328,0x00290000,2686976
399648,0x00044630,329,0x00292000,2695168
399649,0x00044640,330,0x00294000,2703360
399650,0x00044650,331,0x00296000,2711552
399651,0x00044660,332,0x00298000,2719744
399652,0x00044670,333,0x0029a000,2727936
399653,0x00044680,334,0x0029c000,2736128
399654,0x00044690,335,0x0029e000,2744320
399655,0x000446a0,336,0x002a0000,2752512
399656,0x000446b0,337,0x002a2000,2760704
399657,0x000446c0,338,0x002a4000,2768896
399658,0x000446d0,339,0x002a6000,2777088
399659,0x000446e0,340,0x002a8000,2785280
399660,0x000446f0,341,0x002aa000,2793472
399661,0x00044700,342,0x002ac000,2801664
399662,0x00044710,343,0x002ae000,2809856
399663,0x00044720,344,0x002b0000,2818048
399664,0x00044730,345,0x002b2000,2826240
399665,0x00044740,346,0x002b4000,2834432
399666,0x00044750,347,0x002b6000,2842624
399667,0x00044760,348,0x002b8000,2850816
399668,0x00044770,349,0x002ba000,2859008
399669,0x00044780,350,0x002bc000,2867200
399670,0x00044790,351,0x002be000,2875392
399671,0x000447a0,352,0x002c0000,2883584
399672,0x000447b0,353,0x002c2000,2891776
399673,0x000447c0,354,0x002c4000,2899968
399674,0x000447d0,355,0x002c6000,2908160
399675,0x000447e0,356,0x002c8000,2916352
399676,0x000447f0,357,0x002ca000,2924544
399677,0x00044800,358,0x002cc000,2932736
399678,0x00044810,359,0x002ce000,2940928
399679,0x00044820,360,0x002d0000,2949120
399680,0x00044830,361,0x002d2000,2957312
399681,0x00044840,362,0x002d4000,2965504
399682,0x00044850,363,0x002d6000,2973696
399683,0x00044860,364,0x002d8000,2981888
399684,0x00044870,365,0x002da000,2990080
399685,0x00044880,366,0x002dc000,2998272
399686,0x00044890,367,0x002de000,3006464
399687,0x000448a0,368,0x002e0000,3014656
399688,0x000448b0,369,0x002e2000,3022848
399689,0x000448c0,370,0x002e4000,3031040
399692,0x000448d0,371,0x002e6000,3039232
399693,0x000448e0,372,0x002e8000,3047424
399694,0x000448f0,373,0x002ea000,3055616
399695,0x00044900,374,0x002ec000,3063808
399696,0x00044910,375,0x002ee000,3072000
399697,0x00044920,376,0x002f0000,3080192
399698,0x00044930,377,0x002f2000,3088384
399699,0x00044940,378,0x002f4000,3096576
399701,0x00044950,379,0x002f6000,3104768
399702,0x00044960,380,0x002f8000,3112960
399703,0x00044970,381,0x002fa000,3121152
399704,0x00044980,382,0x002fc000,3129344
399705,0x00044990,383,0x002fe000,3137536
399706,0x000449a0,384,0x00300000,3145728
399707,0x000449b0,385,0x00302000,3153920
399750,0x000449c0,386,0x00304000,3162112
399802,0x000449d0,387,0x00306000,3170304
399803,0x000449e0,388,0x00308000,3178496
399804,0x000449f0,389,0x0030a000,3186688
399805,0x00044a00,390,0x0030c000,3194880
399806,0x00044a10,391,0x0030e000,3203072
399807,0x00044a20,392,0x00310000,3211264
399808,0x00044a30,393,0x00312000,3219456
399809,0x00044a40,394,0x00314000,3227648
399810,0x00044a50,395,0x00316000,3235840
399811,0x00044a60,396,0x00318000,3244032
399812,0x00044a70,397,0x0031a000,3252224
399813,0x00044a80,398,0x0031c000,3260416
399814,0x00044a90,399,0x0031e000,3268608
399850,0x00044aa0,400,0x00320000,3276800
399852,0x00044ab0,401,0x00322000,3284992
399901,0x00044ac0,402,0x00324000,3293184
399903,0x00044ad0,403,0x00326000,3301376
399905,0x00044ae0,404,0x00328000,3309568
399913,0x00044af0,405,0x0032a000,3317760
399914,0x00044b00,406,0x0032c000,3325952
399928,0x00044b10,407,0x0032e000,3334144
399932,0x00044b20,408,0x00330000,3342336
399933,0x00044b30,409,0x00332000,3350528
399934,0x00044b40,410,0x00334000,3358720
399935,0x00044b50,411,0x00336000,3366912
399959,0x00044b60,412,0x00338000,3375104
399965,0x00044b70,413,0x0033a000,3383296
399966,0x00044b80,414,0x0033c000,3391488
399967,0x00044b90,415,0x0033e000,3399680
399970,0x00044ba0,416,0x00340000,3407872
399971,0x00044bb0,417,0x00342000,3416064
399972,0x00044bc0,418,0x00344000,3424256
399973,0x00044bd0,419,0x00346000,3432448
399974,0x00044be0,420,0x00348000,3440640
399975,0x00044bf0,421,0x0034a000,3448832
399976,0x00044c00,422,0x0034c000,3457024
399982,0x00044c10,423,0x0034e000,3465216
399983,0x00044c20,424,0x00350000,3473408
399986,0x00044c30,425,0x00352000,3481600
399987,0x00044c40,426,0x00354000,3489792
399989,0x00044c50,427,0x00356000,3497984
399990,0x00044c60,428,0x00358000,3506176
399991,0x00044c70,429,0x0035a000,3514368
399992,0x00044c80,430,0x0035c000,3522560
399993,0x00044c90,431,0x0035e000,3530752
399994,0x00044ca0,432,0x00360000,3538944
399995,0x00044cb0,433,0x00362000,3547136
399996,0x00044cc0,434,0x00364000,3555328
399997,0x00044cd0,435,0x00366000,3563520
399998,0x00044ce0,436,0x00368000,3571712
970070,0x00044cf0,437,0x0036a000,3579904
980001,0x00044d00,438,0x0036c000,3588096
980015,0x00044d10,439,0x0036e000,3596288
980016,0x00044d20,440,0x00370000,3604480
980017,0x00044d30,441,0x00372000,3612672
980018,0x00044d40,442,0x00374000,3620864
980022,0x00044d50,443,0x00376000,3629056
980023,0x00044d60,444,0x00378000,3637248
980027,0x00044d70,445,0x0037a000,3645440
980028,0x00044d80,446,0x0037c000,3653632
980030,0x00044d90,447,0x0037e000,3661824
980032,0x00044da0,448,0x00380000,3670016
980035,0x00044db0,449,0x00382000,3678208
980068,0x00044dc0,450,0x00384000,3686400
980076,0x00044dd0,451,0x00386000,3694592
980092,0x00044de0,452,0x00388000,3702784
988006,0x00044df0,453,0x0038a000,3710976
988007,0x00044e00,454,0x0038c000,3719168
988106,0x00044e10,455,0x0038e000,3727360
988107,0x00044e20,456,0x00390000,3735552
988201,0x00044e30,457,0x00392000,3743744
000001,0x00044e40,458,0x00394000,3751936
000002,0x00044e50,459,0x00396000,3760128
000006,0x00044e60,460,0x00398000,3768320
000007,0x00044e70,461,0x0039a000,3776512
000008,0x00044e80,462,0x0039c000,3784704
000009,0x00044e90,463,0x0039e000,3792896
000010,0x00044ea0,464,0x003a0000,3801088
000011,0x00044eb0,465,0x003a2000,3809280
000012,0x00044ec0,466,0x003a4000,3817472
000014,0x00044ed0,467,0x003a6000,3825664
000017,0x00044ee0,468,0x003a8000,3833856
000019,0x00044ef0,469,0x003aa000,3842048
000020,0x00044f00,470,0x003ac000,3850240
000021,0x00044f10,471,0x003ae000,3858432
000025,0x00044f20,472,0x003b0000,3866624
000026,0x00044f30,473,0x003b2000,3874816
000027,0x00044f40,474,0x003b4000,3883008
000028,0x00044f50,475,0x003b6000,3891200
000029,0x00044f60,476,0x003b8000,3899392
000030,0x00044f70,477,0x003ba000,3907584
000031,0x00044f80,478,0x003bc000,3915776
000032,0x00044f90,479,0x003be000,3923968
000034,0x00044fa0,480,0x003c0000,3932160
000035,0x00044fb0,481,0x003c2000,3940352
000036,0x00044fc0,482,0x003c4000,3948544
000037,0x00044fd0,483,0x003c6000,3956736
000039,0x00044fe0,484,0x003c8000,3964928
000042,0x00044ff0,485,0x003ca000,3973120
000045,0x00045000,486,0x003cc000,3981312
000048,0x00045010,487,0x003ce000,3989504
000049,0x00045020,488,0x003d0000,3997696
000050,0x00045030,489,0x003d2000,4005888
000056,0x00045040,491,0x003d6000,4022272
000078,0x00045050,503,0x003ee000,4120576
000402,0x00045060,523,0x00416000,4284416
000403,0x00045070,524,0x00418000,4292608
000404,0x00045080,525,0x0041a000,4300800
000407,0x00045090,526,0x0041c000,4308992
000408,0x000450a0,527,0x0041e000,4317184
000409,0x000450b0,528,0x00420000,4325376
000410,0x000450c0,529,0x00422000,4333568
000411,0x000450d0,530,0x00424000,4341760
000415,0x000450e0,531,0x00426000,4349952
000417,0x000450f0,532,0x00428000,4358144
000419,0x00045100,533,0x0042a000,4366336
000420,0x00045110,534,0x0042c000,4374528
000421,0x00045120,535,0x0042e000,4382720
000422,0x00045130,536,0x00430000,4390912
000423,0x00045140,537,0x00432000,4399104
000425,0x00045150,538,0x00434000,4407296
000426,0x00045160,539,0x00436000,4415488
000428,0x00045170,540,0x00438000,4423680
000429,0x00045180,541,0x0043a000,4431872
000430,0x00045190,542,0x0043c000,4440064
000488,0x000451a0,543,0x0043e000,4448256
000498,0x000451b0,544,0x00440000,4456448
000501,0x000451c0,545,0x00442000,4464640
000503,0x000451d0,546,0x00444000,4472832
000504,0x000451e0,547,0x00446000,4481024
000505,0x000451f0,548,0x00448000,4489216
000506,0x00045200,549,0x0044a000,4497408
000507,0x00045210,550,0x0044c000,4505600
000509,0x00045220,551,0x0044e000,4513792
000510,0x00045230,552,0x00450000,4521984
000513,0x00045240,553,0x00452000,4530176
000514,0x00045250,554,0x00454000,4538368
000516,0x00045260,555,0x00456000,4546560
000517,0x00045270,556,0x00458000,4554752
000518,0x00045280,557,0x0045a000,4562944
000519,0x00045290,558,0x0045c000,4571136
000520,0x000452a0,559,0x0045e000,4579328
000521,0x000452b0,560,0x00460000,4587520
000523,0x000452c0,561,0x00462000,4595712
000524,0x000452d0,562,0x00464000,4603904
000525,0x000452e0,563,0x00466000,4612096
000526,0x000452f0,564,0x00468000,4620288
000528,0x00045300,565,0x0046a000,4628480
000529,0x00045310,566,0x0046c000,4636672
000530,0x00045320,567,0x0046e000,4644864
000531,0x00045330,568,0x00470000,4653056
000532,0x00045340,569,0x00472000,4661248
000533,0x00045350,570,0x00474000,4669440
000534,0x00045360,571,0x00476000,4677632
000536,0x00045370,572,0x00478000,4685824
000537,0x00045380,573,0x0047a000,4694016
000538,0x00045390,574,0x0047c000,4702208
000539,0x000453a0,575,0x0047e000,4710400
000541,0x000453b0,576,0x00480000,4718592
000543,0x000453c0,577,0x00482000,4726784
000544,0x000453d0,578,0x00484000,4734976
000545,0x000453e0,579,0x00486000,4743168
000546,0x000453f0,580,0x00488000,4751360
000547,0x00045400,581,0x0048a000,4759552
000548,0x00045410,582,0x0048c000,4767744
000550,0x00045420,583,0x0048e000,4775936
000551,0x00045430,584,0x00490000,4784128
000552,0x00045440,585,0x00492000,4792320
000553,0x00045450,586,0x00494000,4800512
000554,0x00045460,587,0x00496000,4808704
000555,0x00045470,588,0x00498000,4816896
000557,0x00045480,589,0x0049a000,4825088
000558,0x00045490,590,0x0049c000,4833280
000559,0x000454a0,591,0x0049e000,4841472
000560,0x000454b0,592,0x004a0000,4849664
000561,0x000454c0,593,0x004a2000,4857856
000563,0x000454d0,594,0x004a4000,4866048
000564,0x000454e0,595,0x004a6000,4874240
000565,0x000454f0,596,0x004a8000,4882432
000566,0x00045500,597,0x004aa000,4890624
000567,0x00045510,598,0x004ac000,4898816
000568,0x00045520,599,0x004ae000,4907008
000570,0x00045530,600,0x004b0000,4915200
000571,0x00045540,601,0x004b2000,4923392
000572,0x00045550,602,0x004b4000,4931584
000573,0x00045560,603,0x004b6000,4939776
000576,0x00045570,604,0x004b8000,4947968
000581,0x00045580,605,0x004ba000,4956160
000582,0x00045590,606,0x004bc000,4964352
000586,0x000455a0,607,0x004be000,4972544
000589,0x000455b0,608,0x004c0000,4980736
000590,0x000455c0,609,0x004c2000,4988928
000591,0x000455d0,610,0x004c4000,4997120
000592,0x000455e0,611,0x004c6000,5005312
000593,0x000455f0,612,0x004c8000,5013504
000595,0x00045600,613,0x004ca000,5021696
000596,0x00045610,614,0x004cc000,5029888
000597,0x00045620,615,0x004ce000,5038080
000598,0x00045630,616,0x004d0000,5046272
000599,0x00045640,617,0x004d2000,5054464
000600,0x00045650,618,0x004d4000,5062656
000601,0x00045660,619,0x004d6000,5070848
000603,0x00045670,620,0x004d8000,5079040
000605,0x00045680,621,0x004da000,5087232
000607,0x00045690,622,0x004dc000,5095424
000608,0x000456a0,623,0x004de000,5103616
000609,0x000456b0,624,0x004e0000,5111808
000610,0x000456c0,625,0x004e2000,5120000
000612,0x000456d0,626,0x004e4000,5128192
000615,0x000456e0,627,0x004e6000,5136384
000617,0x000456f0,628,0x004e8000,5144576
000619,0x00045700,629,0x004ea000,5152768
000620,0x00045710,630,0x004ec000,5160960
000623,0x00045720,631,0x004ee000,5169152
000625,0x00045730,632,0x004f0000,5177344
000626,0x00045740,633,0x004f2000,5185536
000628,0x00045750,634,0x004f4000,5193728
000629,0x00045760,635,0x004f6000,5201920
000630,0x00045770,636,0x004f8000,5210112
000631,0x00045780,637,0x004fa000,5218304
000632,0x00045790,638,0x004fc000,5226496
000633,0x000457a0,639,0x004fe000,5234688
000635,0x000457b0,640,0x00500000,5242880
000636,0x000457c0,641,0x00502000,5251072
000637,0x000457d0,642,0x00504000,5259264
000639,0x000457e0,643,0x00506000,5267456
000650,0x000457f0,644,0x00508000,5275648
000651,0x00045800,645,0x0050a000,5283840
000652,0x00045810,646,0x0050c000,5292032
000655,0x00045820,647,0x0050e000,5300224
000656,0x00045830,648,0x00510000,5308416
000657,0x00045840,649,0x00512000,5316608
000659,0x00045850,650,0x00514000,5324800
000661,0x00045860,651,0x00516000,5332992
000663,0x00045870,652,0x00518000,5341184
000665,0x00045880,653,0x0051a000,5349376
000668,0x00045890,654,0x0051c000,5357568
000669,0x000458a0,655,0x0051e000,5365760
000670,0x000458b0,656,0x00520000,5373952
000672,0x000458c0,657,0x00522000,5382144
000676,0x000458d0,658,0x00524000,5390336
000677,0x000458e0,659,0x00526000,5398528
000678,0x000458f0,660,0x00528000,5406720
000679,0x00045900,661,0x0052a000,5414912
000680,0x00045910,662,0x0052c000,5423104
000681,0x00045920,663,0x0052e000,5431296
000682,0x00045930,664,0x00530000,5439488
000683,0x00045940,665,0x00532000,5447680
000685,0x00045950,666,0x00534000,5455872
000686,0x00045960,667,0x00536000,5464064
000688,0x00045970,668,0x00538000,5472256
000690,0x00045980,669,0x0053a000,5480448
000691,0x00045990,670,0x0053c000,5488640
000692,0x000459a0,671,0x0053e000,5496832
000695,0x000459b0,672,0x00540000,5505024
000697,0x000459c0,673,0x00542000,5513216
000698,0x000459d0,674,0x00544000,5521408
000700,0x000459e0,675,0x00546000,5529600
000701,0x000459f0,676,0x00548000,5537792
000702,0x00045a00,677,0x0054a000,5545984
000703,0x00045a10,678,0x0054c000,5554176
000705,0x00045a20,679,0x0054e000,5562368
000707,0x00045a30,680,0x00550000,5570560
000708,0x00045a40,681,0x00552000,5578752
000709,0x00045a50,682,0x00554000,5586944
000710,0x00045a60,683,0x00556000,5595136
000711,0x00045a70,684,0x00558000,5603328
000712,0x00045a80,685,0x0055a000,5611520
000713,0x00045a90,686,0x0055c000,5619712
000715,0x00045aa0,687,0x0055e000,5627904
000716,0x00045ab0,688,0x00560000,5636096
000717,0x00045ac0,689,0x00562000,5644288
000718,0x00045ad0,690,0x00564000,5652480
000719,0x00045ae0,691,0x00566000,5660672
000720,0x00045af0,692,0x00568000,5668864
000721,0x00045b00,693,0x0056a000,5677056
000722,0x00045b10,694,0x0056c000,5685248
000723,0x00045b20,695,0x0056e000,5693440
000725,0x00045b30,696,0x00570000,5701632
000726,0x00045b40,697,0x00572000,5709824
000727,0x00045b50,698,0x00574000,5718016
000728,0x00045b60,699,0x00576000,5726208
000729,0x00045b70,700,0x00578000,5734400
000731,0x00045b80,701,0x0057a000,5742592
000733,0x00045b90,702,0x0057c000,5750784
000735,0x00045ba0,703,0x0057e000,5758976
000736,0x00045bb0,704,0x00580000,5767168
000737,0x00045bc0,705,0x00582000,5775360
000738,0x00045bd0,706,0x00584000,5783552
000739,0x00045be0,707,0x00586000,5791744
000750,0x00045bf0,708,0x00588000,5799936
000751,0x00045c00,709,0x0058a000,5808128
000752,0x00045c10,710,0x0058c000,5816320
000753,0x00045c20,711,0x0058e000,5824512
000755,0x00045c30,712,0x00590000,5832704
000756,0x00045c40,713,0x00592000,5840896
000757,0x00045c50,714,0x00594000,5849088
000758,0x00045c60,715,0x00596000,5857280
000759,0x00045c70,716,0x00598000,5865472
000761,0x00045c80,717,0x0059a000,5873664
000762,0x00045c90,718,0x0059c000,5881856
000766,0x00045ca0,719,0x0059e000,5890048
000767,0x00045cb0,720,0x005a0000,5898240
000768,0x00045cc0,721,0x005a2000,5906432
000776,0x00045cd0,722,0x005a4000,5914624
000777,0x00045ce0,723,0x005a6000,5922816
000778,0x00045cf0,724,0x005a8000,5931008
000779,0x00045d00,725,0x005aa000,5939200
000782,0x00045d10,726,0x005ac000,5947392
000783,0x00045d20,727,0x005ae000,5955584
000785,0x00045d30,728,0x005b0000,5963776
000786,0x00045d40,729,0x005b2000,5971968
000788,0x00045d50,730,0x005b4000,5980160
000789,0x00045d60,731,0x005b6000,5988352
000790,0x00045d70,732,0x005b8000,5996544
000791,0x00045d80,733,0x005ba000,6004736
000792,0x00045d90,734,0x005bc000,6012928
000793,0x00045da0,735,0x005be000,6021120
000795,0x00045db0,736,0x005c0000,6029312
000796,0x00045dc0,737,0x005c2000,6037504
000797,0x00045dd0,738,0x005c4000,6045696
000798,0x00045de0,739,0x005c6000,6053888
000799,0x00045df0,740,0x005c8000,6062080
000800,0x00045e00,741,0x005ca000,6070272
000801,0x00045e10,742,0x005cc000,6078464
000802,0x00045e20,743,0x005ce000,6086656
000803,0x00045e30,744,0x005d0000,6094848
000807,0x00045e40,745,0x005d2000,6103040
000809,0x00045e50,746,0x005d4000,6111232
000810,0x00045e60,747,0x005d6000,6119424
000811,0x00045e70,748,0x005d8000,6127616
000812,0x00045e80,749,0x005da000,6135808
000813,0x00045e90,750,0x005dc000,6144000
000815,0x00045ea0,751,0x005de000,6152192
000816,0x00045eb0,752,0x005e0000,6160384
000818,0x00045ec0,753,0x005e2000,6168576
000819,0x00045ed0,754,0x005e4000,6176768
000820,0x00045ee0,755,0x005e6000,6184960
000821,0x00045ef0,756,0x005e8000,6193152
000822,0x00045f00,757,0x005ea000,6201344
000823,0x00045f10,758,0x005ec000,6209536
000825,0x00045f20,759,0x005ee000,6217728
000826,0x00045f30,760,0x005f0000,6225920
000828,0x00045f40,761,0x005f2000,6234112
000829,0x00045f50,762,0x005f4000,6242304
000830,0x00045f60,763,0x005f6000,6250496
000831,0x00045f70,764,0x005f8000,6258688
000833,0x00045f80,765,0x005fa000,6266880
000837,0x00045f90,766,0x005fc000,6275072
000838,0x00045fa0,767,0x005fe000,6283264
000839,0x00045fb0,768,0x00600000,6291456
000848,0x00045fc0,769,0x00602000,6299648
000850,0x00045fd0,770,0x00604000,6307840
000852,0x00045fe0,771,0x00606000,6316032
000856,0x00045ff0,772,0x00608000,6324224
000858,0x00046000,773,0x0060a000,6332416
000859,0x00046010,774,0x0060c000,6340608
000860,0x00046020,775,0x0060e000,6348800
000862,0x00046030,776,0x00610000,6356992
000863,0x00046040,777,0x00612000,6365184
000903,0x00046050,803,0x00646000,6578176
000909,0x00046060,807,0x0064e000,6610944
000911,0x00046070,809,0x00652000,6627328
000915,0x00046080,812,0x00658000,6651904
000917,0x00046090,813,0x0065a000,6660096
000919,0x000460a0,814,0x0065c000,6668288
000920,0x000460b0,815,0x0065e000,6676480
000921,0x000460c0,816,0x00660000,6684672
000922,0x000460d0,817,0x00662000,6692864
000923,0x000460e0,818,0x00664000,6701056
000925,0x000460f0,819,0x00666000,6709248
000926,0x00046100,820,0x00668000,6717440
000927,0x00046110,821,0x0066a000,6725632
000928,0x00046120,822,0x0066c000,6733824
000929,0x00046130,823,0x0066e000,6742016
000930,0x00046140,824,0x00670000,6750208
000931,0x00046150,825,0x00672000,6758400
000932,0x00046160,826,0x00674000,6766592
000933,0x00046170,827,0x00676000,6774784
000935,0x00046180,828,0x00678000,6782976
000936,0x00046190,829,0x0067a000,6791168
000937,0x000461a0,830,0x0067c000,6799360
000938,0x000461b0,831,0x0067e000,6807552
000948,0x000461c0,832,0x00680000,6815744
000949,0x000461d0,833,0x00682000,6823936
000950,0x000461e0,834,0x00684000,6832128
000951,0x000461f0,835,0x00686000,6840320
000952,0x00046200,836,0x00688000,6848512
000953,0x00046210,837,0x0068a000,6856704
000955,0x00046220,838,0x0068c000,6864896
000957,0x00046230,839,0x0068e000,6873088
000958,0x00046240,840,0x00690000,6881280
000959,0x00046250,841,0x00692000,6889472
000960,0x00046260,842,0x00694000,6897664
000962,0x00046270,843,0x00696000,6905856
000963,0x00046280,844,0x00698000,6914048
000965,0x00046290,845,0x0069a000,6922240
000966,0x000462a0,846,0x0069c000,6930432
000967,0x000462b0,847,0x0069e000,6938624
000968,0x000462c0,848,0x006a0000,6946816
000969,0x000462d0,849,0x006a2000,6955008
000970,0x000462e0,850,0x006a4000,6963200
000972,0x000462f0,851,0x006a6000,6971392
000973,0x00046300,852,0x006a8000,6979584
000975,0x00046310,853,0x006aa000,6987776
000977,0x00046320,854,0x006ac000,6995968
000978,0x00046330,855,0x006ae000,7004160
000980,0x00046340,856,0x006b0000,7012352
000981,0x00046350,857,0x006b2000,7020544
000983,0x00046360,858,0x006b4000,7028736
000985,0x00046370,859,0x006b6000,7036928
000987,0x00046380,860,0x006b8000,7045120
000988,0x00046390,861,0x006ba000,7053312
000989,0x000463a0,862,0x006bc000,7061504
000990,0x000463b0,863,0x006be000,7069696
000993,0x000463c0,864,0x006c0000,7077888
000995,0x000463d0,865,0x006c2000,7086080
000997,0x000463e0,866,0x006c4000,7094272
000998,0x000463f0,867,0x006c6000,7102464
000999,0x00046400,868,0x006c8000,7110656
001201,0x00046410,869,0x006ca000,7118848
001202,0x00046420,870,0x006cc000,7127040
001203,0x00046430,871,0x006ce000,7135232
001205,0x00046440,872,0x006d0000,7143424
001206,0x00046450,873,0x006d2000,7151616
001207,0x00046460,874,0x006d4000,7159808
001208,0x00046470,875,0x006d6000,7168000
001209,0x00046480,876,0x006d8000,7176192
001210,0x00046490,877,0x006da000,7184384
001211,0x000464a0,878,0x006dc000,7192576
001212,0x000464b0,879,0x006de000,7200768
001213,0x000464c0,880,0x006e0000,7208960
001215,0x000464d0,881,0x006e2000,7217152
001216,0x000464e0,882,0x006e4000,7225344
001217,0x000464f0,883,0x006e6000,7233536
001218,0x00046500,884,0x006e8000,7241728
001219,0x00046510,885,0x006ea000,7249920
001222,0x00046520,888,0x006f0000,7274496
001223,0x00046530,889,0x006f2000,7282688
001225,0x00046540,890,0x006f4000,7290880
001226,0x00046550,891,0x006f6000,7299072
001227,0x00046560,892,0x006f8000,7307264
001228,0x00046570,893,0x006fa000,7315456
001229,0x00046580,894,0x006fc000,7323648
001230,0x00046590,895,0x006fe000,7331840
001231,0x000465a0,896,0x00700000,7340032
001234,0x000465b0,899,0x00706000,7364608
001236,0x000465c0,900,0x00708000,7372800
001238,0x000465d0,902,0x0070c000,7389184
001255,0x000465e0,905,0x00712000,7413760
001256,0x000465f0,906,0x00714000,7421952
001258,0x00046600,908,0x00718000,7438336
001259,0x00046610,909,0x0071a000,7446528
001260,0x00046620,910,0x0071c000,7454720
001266,0x00046630,911,0x0071e000,7462912
001267,0x00046640,912,0x00720000,7471104
001268,0x00046650,913,0x00722000,7479296
001269,0x00046660,914,0x00724000,7487488
001270,0x00046670,915,0x00726000,7495680
001278,0x00046680,917,0x0072a000,7512064
001283,0x00046690,921,0x00732000,7544832
001288,0x000466a0,925,0x0073a000,7577600
001289,0x000466b0,926,0x0073c000,7585792
001296,0x000466c0,927,0x0073e000,7593984
001298,0x000466d0,928,0x00740000,7602176
001299,0x000466e0,929,0x00742000,7610368
001300,0x000466f0,930,0x00744000,7618560
001301,0x00046700,931,0x00746000,7626752
001308,0x00046710,933,0x0074a000,7643136
001309,0x00046720,934,0x0074c000,7651328
001311,0x00046730,935,0x0074e000,7659520
001313,0x00046740,937,0x00752000,7675904
001314,0x00046750,938,0x00754000,7684096
001316,0x00046760,939,0x00756000,7692288
001317,0x00046770,940,0x00758000,7700480
001356,0x00046780,958,0x0077c000,7847936
001358,0x00046790,959,0x0077e000,7856128
001359,0x000467a0,960,0x00780000,7864320
001360,0x000467b0,961,0x00782000,7872512
001365,0x000467c0,962,0x00784000,7880704
001367,0x000467d0,964,0x00788000,7897088
001369,0x000467e0,966,0x0078c000,7913472
001373,0x000467f0,967,0x0078e000,7921664
001378,0x00046800,969,0x00792000,7938048
001379,0x00046810,970,0x00794000,7946240
001380,0x00046820,971,0x00796000,7954432
001382,0x00046830,972,0x00798000,7962624
001386,0x00046840,973,0x0079a000,7970816
001387,0x00046850,974,0x0079c000,7979008
001388,0x00046860,975,0x0079e000,7987200
001389,0x00046870,976,0x007a0000,7995392
001390,0x00046880,977,0x007a2000,8003584
001391,0x00046890,978,0x007a4000,8011776
001393,0x000468a0,979,0x007a6000,8019968
001395,0x000468b0,980,0x007a8000,8028160
001396,0x000468c0,981,0x007aa000,8036352
001399,0x000468d0,982,0x007ac000,8044544
001400,0x000468e0,983,0x007ae000,8052736
201872,0x000468f0,990,0x007bc000,8110080
200011,0x00046900,991,0x007be000,8118272
200012,0x00046910,992,0x007c0000,8126464
200017,0x00046920,993,0x007c2000,8134656
200019,0x00046930,994,0x007c4000,8142848
200020,0x00046940,995,0x007c6000,8151040
200025,0x00046950,996,0x007c8000,8159232
200026,0x00046960,997,0x007ca000,8167424
200028,0x00046970,998,0x007cc000,8175616
200029,0x00046980,999,0x007ce000,8183808
200030,0x00046990,1000,0x007d0000,8192000
200037,0x000469a0,1001,0x007d2000,8200192
200045,0x000469b0,1002,0x007d4000,8208384
200055,0x000469c0,1003,0x007d6000,8216576
200056,0x000469d0,1004,0x007d8000,8224768
200058,0x000469e0,1005,0x007da000,8232960
200429,0x000469f0,1006,0x007dc000,8241152
200468,0x00046a00,1007,0x007de000,8249344
200488,0x00046a10,1008,0x007e0000,8257536
200505,0x00046a20,1009,0x007e2000,8265728
200512,0x00046a30,1010,0x007e4000,8273920
200521,0x00046a40,1011,0x007e6000,8282112
200530,0x00046a50,1012,0x007e8000,8290304
200539,0x00046a60,1013,0x007ea000,8298496
200541,0x00046a70,1014,0x007ec000,8306688
200550,0x00046a80,1015,0x007ee000,8314880
200553,0x00046a90,1016,0x007f0000,8323072
200570,0x00046aa0,1017,0x007f2000,8331264
200581,0x00046ab0,1018,0x007f4000,8339456
200596,0x00046ac0,1019,0x007f6000,8347648
200625,0x00046ad0,1020,0x007f8000,8355840
200725,0x00046ae0,1021,0x007fa000,8364032
200726,0x00046af0,1022,0x007fc000,8372224
200761,0x00046b00,1023,0x007fe000,8380416
200869,0x00046b10,1024,0x00800000,8388608
200992,0x00046b20,1025,0x00802000,8396800
002012,0x00046b30,1037,0x0081a000,8495104
002014,0x00046b40,1038,0x0081c000,8503296
002015,0x00046b50,1039,0x0081e000,8511488
002016,0x00046b60,1040,0x00820000,8519680
002017,0x00046b70,1041,0x00822000,8527872
002019,0x00046b80,1042,0x00824000,8536064
002020,0x00046b90,1043,0x00826000,8544256
002021,0x00046ba0,1044,0x00828000,8552448
002022,0x00046bb0,1045,0x0082a000,8560640
002023,0x00046bc0,1046,0x0082c000,8568832
002024,0x00046bd0,1047,0x0082e000,8577024
002025,0x00046be0,1048,0x00830000,8585216
002026,0x00046bf0,1049,0x00832000,8593408
002027,0x00046c00,1050,0x00834000,8601600
002028,0x00046c10,1051,0x00836000,8609792
002029,0x00046c20,1052,0x00838000,8617984
002030,0x00046c30,1053,0x0083a000,8626176
002031,0x00046c40,1054,0x0083c000,8634368
002032,0x00046c50,1055,0x0083e000,8642560
002033,0x00046c60,1056,0x00840000,8650752
002034,0x00046c70,1057,0x00842000,8658944
002035,0x00046c80,1058,0x00844000,8667136
002036,0x00046c90,1059,0x00846000,8675328
002037,0x00046ca0,1060,0x00848000,8683520
002038,0x00046cb0,1061,0x0084a000,8691712
002039,0x00046cc0,1062,0x0084c000,8699904
002040,0x00046cd0,1063,0x0084e000,8708096
002041,0x00046ce0,1064,0x00850000,8716288
002042,0x00046cf0,1065,0x00852000,8724480
002043,0x00046d00,1066,0x00854000,8732672
002044,0x00046d10,1067,0x00856000,8740864
002045,0x00046d20,1068,0x00858000,8749056
002046,0x00046d30,1069,0x0085a000,8757248
002047,0x00046d40,1070,0x0085c000,8765440
002048,0x00046d50,1071,0x0085e000,8773632
002049,0x00046d60,1072,0x00860000,8781824
002050,0x00046d70,1073,0x00862000,8790016
002051,0x00046d80,1074,0x00864000,8798208
002052,0x00046d90,1075,0x00866000,8806400
002053,0x00046da0,1076,0x00868000,8814592
002054,0x00046db0,1077,0x0086a000,8822784
002055,0x00046dc0,1078,0x0086c000,8830976
002056,0x00046dd0,1079,0x0086e000,8839168
002057,0x00046de0,1080,0x00870000,8847360
002058,0x00046df0,1081,0x00872000,8855552
002059,0x00046e00,1082,0x00874000,8863744
002060,0x00046e10,1083,0x00876000,8871936
002061,0x00046e20,1084,0x00878000,8880128
002062,0x00046e30,1085,0x0087a000,8888320
002063,0x00046e40,1086,0x0087c000,8896512
002064,0x00046e50,1087,0x0087e000,8904704
002065,0x00046e60,1088,0x00880000,8912896
002066,0x00046e70,1089,0x00882000,8921088
002067,0x00046e80,1090,0x00884000,8929280
002068,0x00046e90,1091,0x00886000,8937472
002069,0x00046ea0,1092,0x00888000,8945664
002072,0x00046eb0,1093,0x0088a000,8953856
002073,0x00046ec0,1094,0x0088c000,8962048
002074,0x00046ed0,1095,0x0088e000,8970240
002075,0x00046ee0,1096,0x00890000,8978432
002076,0x00046ef0,1097,0x00892000,8986624
002077,0x00046f00,1098,0x00894000,8994816
002078,0x00046f10,1099,0x00896000,9003008
002079,0x00046f20,1100,0x00898000,9011200
002080,0x00046f30,1101,0x0089a000,9019392
002081,0x00046f40,1102,0x0089c000,9027584
002082,0x00046f50,1103,0x0089e000,9035776
002083,0x00046f60,1104,0x008a0000,9043968
002084,0x00046f70,1105,0x008a2000,9052160
002085,0x00046f80,1106,0x008a4000,9060352
002086,0x00046f90,1107,0x008a6000,9068544
002088,0x00046fa0,1108,0x008a8000,9076736
002090,0x00046fb0,1109,0x008aa000,9084928
002091,0x00046fc0,1110,0x008ac000,9093120
002092,0x00046fd0,1111,0x008ae000,9101312
002093,0x00046fe0,1112,0x008b0000,9109504
002094,0x00046ff0,1113,0x008b2000,9117696
002095,0x00047000,1114,0x008b4000,9125888
002096,0x00047010,1115,0x008b6000,9134080
002097,0x00047020,1116,0x008b8000,9142272
002098,0x00047030,1117,0x008ba000,9150464
002099,0x00047040,1118,0x008bc000,9158656
002100,0x00047050,1119,0x008be000,9166848
002101,0x00047060,1120,0x008c0000,9175040
002102,0x00047070,1121,0x008c2000,9183232
002103,0x00047080,1122,0x008c4000,9191424
002104,0x00047090,1123,0x008c6000,9199616
002105,0x000470a0,1124,0x008c8000,9207808
002106,0x000470b0,1125,0x008ca000,9216000
002107,0x000470c0,1126,0x008cc000,9224192
002108,0x000470d0,1127,0x008ce000,9232384
002109,0x000470e0,1128,0x008d0000,9240576
002110,0x000470f0,1129,0x008d2000,9248768
002111,0x00047100,1130,0x008d4000,9256960
002112,0x00047110,1131,0x008d6000,9265152
002114,0x00047120,1132,0x008d8000,9273344
002115,0x00047130,1133,0x008da000,9281536
002116,0x00047140,1134,0x008dc000,9289728
002117,0x00047150,1135,0x008de000,9297920
002119,0x00047160,1136,0x008e0000,9306112
002120,0x00047170,1137,0x008e2000,9314304
002121,0x00047180,1138,0x008e4000,9322496
002122,0x00047190,1139,0x008e6000,9330688
002123,0x000471a0,1140,0x008e8000,9338880
002124,0x000471b0,1141,0x008ea000,9347072
002125,0x000471c0,1142,0x008ec000,9355264
002126,0x000471d0,1143,0x008ee000,9363456
002127,0x000471e0,1144,0x008f0000,9371648
002128,0x000471f0,1145,0x008f2000,9379840
002129,0x00047200,1146,0x008f4000,9388032
002130,0x00047210,1147,0x008f6000,9396224
002131,0x00047220,1148,0x008f8000,9404416
002132,0x00047230,1149,0x008fa000,9412608
002133,0x00047240,1150,0x008fc000,9420800
002134,0x00047250,1151,0x008fe000,9428992
002135,0x00047260,1152,0x00900000,9437184
002136,0x00047270,1153,0x00902000,9445376
002137,0x00047280,1154,0x00904000,9453568
002138,0x00047290,1155,0x00906000,9461760
002139,0x000472a0,1156,0x00908000,9469952
002140,0x000472b0,1157,0x0090a000,9478144
002141,0x000472c0,1158,0x0090c000,9486336
002142,0x000472d0,1159,0x0090e000,9494528
002144,0x000472e0,1160,0x00910000,9502720
002145,0x000472f0,1161,0x00912000,9510912
002146,0x00047300,1162,0x00914000,9519104
002148,0x00047310,1163,0x00916000,9527296
002149,0x00047320,1164,0x00918000,9535488
002150,0x00047330,1165,0x0091a000,9543680
002151,0x00047340,1166,0x0091c000,9551872
002152,0x00047350,1167,0x0091e000,9560064
002153,0x00047360,1168,0x00920000,9568256
002154,0x00047370,1169,0x00922000,9576448
002156,0x00047380,1170,0x00924000,9584640
002157,0x00047390,1171,0x00926000,9592832
002158,0x000473a0,1172,0x00928000,9601024
002159,0x000473b0,1173,0x0092a000,9609216
002160,0x000473c0,1174,0x0092c000,9617408
002161,0x000473d0,1175,0x0092e000,9625600
002162,0x000473e0,1176,0x00930000,9633792
002163,0x000473f0,1177,0x00932000,9641984
002164,0x00047400,1178,0x00934000,9650176
002165,0x00047410,1179,0x00936000,9658368
002166,0x00047420,1180,0x00938000,9666560
002167,0x00047430,1181,0x0093a000,9674752
002168,0x00047440,1182,0x0093c000,9682944
002175,0x00047450,1189,0x0094a000,9740288
002193,0x00047460,1207,0x0096e000,9887744
002198,0x00047470,1212,0x00978000,9928704
002203,0x00047480,1217,0x00982000,9969664
002204,0x00047490,1218,0x00984000,9977856
002205,0x000474a0,1219,0x00986000,9986048
002206,0x000474b0,1220,0x00988000,9994240
002207,0x000474c0,1221,0x0098a000,10002432
002208,0x000474d0,1222,0x0098c000,10010624
002209,0x000474e0,1223,0x0098e000,10018816
002210,0x000474f0,1224,0x00990000,10027008
002211,0x00047500,1225,0x00992000,10035200
002212,0x00047510,1226,0x00994000,10043392
002213,0x00047520,1227,0x00996000,10051584
002214,0x00047530,1228,0x00998000,10059776
002215,0x00047540,1229,0x0099a000,10067968
002216,0x00047550,1230,0x0099c000,10076160
002217,0x00047560,1231,0x0099e000,10084352
002218,0x00047570,1232,0x009a0000,10092544
002219,0x00047580,1233,0x009a2000,10100736
002221,0x00047590,1234,0x009a4000,10108928
002222,0x000475a0,1235,0x009a6000,10117120
002223,0x000475b0,1236,0x009a8000,10125312
002224,0x000475c0,1237,0x009aa000,10133504
002225,0x000475d0,1238,0x009ac000,10141696
002226,0x000475e0,1239,0x009ae000,10149888
002227,0x000475f0,1240,0x009b0000,10158080
002228,0x00047600,1241,0x009b2000,10166272
002229,0x00047610,1242,0x009b4000,10174464
002230,0x00047620,1243,0x009b6000,10182656
002232,0x00047630,1244,0x009b8000,10190848
002233,0x00047640,1245,0x009ba000,10199040
002234,0x00047650,1246,0x009bc000,10207232
002235,0x00047660,1247,0x009be000,10215424
002236,0x00047670,1248,0x009c0000,10223616
002237,0x00047680,1249,0x009c2000,10231808
002238,0x00047690,1250,0x009c4000,10240000
002239,0x000476a0,1251,0x009c6000,10248192
002240,0x000476b0,1252,0x009c8000,10256384
002241,0x000476c0,1253,0x009ca000,10264576
002242,0x000476d0,1254,0x009cc000,10272768
002243,0x000476e0,1255,0x009ce000,10280960
002244,0x000476f0,1256,0x009d0000,10289152
002245,0x00047700,1257,0x009d2000,10297344
002246,0x00047710,1258,0x009d4000,10305536
002247,0x00047720,1259,0x009d6000,10313728
002248,0x00047730,1260,0x009d8000,10321920
002249,0x00047740,1261,0x009da000,10330112
002250,0x00047750,1262,0x009dc000,10338304
002251,0x00047760,1263,0x009de000,10346496
002252,0x00047770,1264,0x009e0000,10354688
002253,0x00047780,1265,0x009e2000,10362880
002254,0x00047790,1266,0x009e4000,10371072
002255,0x000477a0,1267,0x009e6000,10379264
002256,0x000477b0,1268,0x009e8000,10387456
002258,0x000477c0,1269,0x009ea000,10395648
002259,0x000477d0,1270,0x009ec000,10403840
002261,0x000477e0,1271,0x009ee000,10412032
002262,0x000477f0,1272,0x009f0000,10420224
002263,0x00047800,1273,0x009f2000,10428416
002264,0x00047810,1274,0x009f4000,10436608
002265,0x00047820,1275,0x009f6000,10444800
002266,0x00047830,1276,0x009f8000,10452992
002267,0x00047840,1277,0x009fa000,10461184
002268,0x00047850,1278,0x009fc000,10469376
002269,0x00047860,1279,0x009fe000,10477568
002270,0x00047870,1280,0x00a00000,10485760
002271,0x00047880,1281,0x00a02000,10493952
002272,0x00047890,1282,0x00a04000,10502144
002273,0x000478a0,1283,0x00a06000,10510336
002274,0x000478b0,4570,0x023b4000,37437440
002275,0x000478c0,1284,0x00a08000,10518528
002276,0x000478d0,1285,0x00a0a000,10526720
002277,0x000478e0,1286,0x00a0c000,10534912
002278,0x000478f0,1287,0x00a0e000,10543104
002279,0x00047900,1288,0x00a10000,10551296
002281,0x00047910,1289,0x00a12000,10559488
002282,0x00047920,1290,0x00a14000,10567680
002283,0x00047930,1291,0x00a16000,10575872
002284,0x00047940,1292,0x00a18000,10584064
002285,0x00047950,1293,0x00a1a000,10592256
002286,0x00047960,1294,0x00a1c000,10600448
002287,0x00047970,1295,0x00a1e000,10608640
002289,0x00047980,1296,0x00a20000,10616832
002290,0x00047990,1297,0x00a22000,10625024
002291,0x000479a0,1298,0x00a24000,10633216
002292,0x000479b0,1299,0x00a26000,10641408
002293,0x000479c0,1300,0x00a28000,10649600
002294,0x000479d0,1301,0x00a2a000,10657792
002295,0x000479e0,1302,0x00a2c000,10665984
002296,0x000479f0,1303,0x00a2e000,10674176
002297,0x00047a00,1304,0x00a30000,10682368
002298,0x00047a10,1305,0x00a32000,10690560
002299,0x00047a20,1306,0x00a34000,10698752
002300,0x00047a30,1307,0x00a36000,10706944
002301,0x00047a40,1308,0x00a38000,10715136
002302,0x00047a50,1309,0x00a3a000,10723328
002303,0x00047a60,1310,0x00a3c000,10731520
002304,0x00047a70,1311,0x00a3e000,10739712
002305,0x00047a80,1312,0x00a40000,10747904
002306,0x00047a90,1313,0x00a42000,10756096
002307,0x00047aa0,1314,0x00a44000,10764288
002309,0x00047ab0,1315,0x00a46000,10772480
002310,0x00047ac0,1316,0x00a48000,10780672
002311,0x00047ad0,1317,0x00a4a000,10788864
002312,0x00047ae0,1318,0x00a4c000,10797056
002313,0x00047af0,1319,0x00a4e000,10805248
002314,0x00047b00,1320,0x00a50000,10813440
002315,0x00047b10,1321,0x00a52000,10821632
002316,0x00047b20,1322,0x00a54000,10829824
002317,0x00047b30,1323,0x00a56000,10838016
002318,0x00047b40,1324,0x00a58000,10846208
002319,0x00047b50,1325,0x00a5a000,10854400
002320,0x00047b60,1326,0x00a5c000,10862592
002321,0x00047b70,1327,0x00a5e000,10870784
002322,0x00047b80,1328,0x00a60000,10878976
002323,0x00047b90,1329,0x00a62000,10887168
002324,0x00047ba0,1330,0x00a64000,10895360
002326,0x00047bb0,1331,0x00a66000,10903552
002327,0x00047bc0,1332,0x00a68000,10911744
002328,0x00047bd0,1333,0x00a6a000,10919936
002329,0x00047be0,1334,0x00a6c000,10928128
002330,0x00047bf0,1335,0x00a6e000,10936320
002331,0x00047c00,1336,0x00a70000,10944512
002332,0x00047c10,1337,0x00a72000,10952704
002333,0x00047c20,1338,0x00a74000,10960896
002334,0x00047c30,1339,0x00a76000,10969088
002335,0x00047c40,1340,0x00a78000,10977280
002337,0x00047c50,1341,0x00a7a000,10985472
002338,0x00047c60,1342,0x00a7c000,10993664
002339,0x00047c70,1343,0x00a7e000,11001856
002340,0x00047c80,1344,0x00a80000,11010048
002342,0x00047c90,1345,0x00a82000,11018240
002343,0x00047ca0,1346,0x00a84000,11026432
002344,0x00047cb0,1347,0x00a86000,11034624
002345,0x00047cc0,1348,0x00a88000,11042816
002346,0x00047cd0,1349,0x00a8a000,11051008
002347,0x00047ce0,1350,0x00a8c000,11059200
002348,0x00047cf0,1351,0x00a8e000,11067392
002349,0x00047d00,1352,0x00a90000,11075584
002350,0x00047d10,1353,0x00a92000,11083776
002351,0x00047d20,1354,0x00a94000,11091968
002352,0x00047d30,1355,0x00a96000,11100160
002353,0x00047d40,1356,0x00a98000,11108352
002354,0x00047d50,1357,0x00a9a000,11116544
002355,0x00047d60,1358,0x00a9c000,11124736
002356,0x00047d70,1359,0x00a9e000,11132928
002357,0x00047d80,1360,0x00aa0000,11141120
002358,0x00047d90,1361,0x00aa2000,11149312
002360,0x00047da0,1362,0x00aa4000,11157504
002361,0x00047db0,1363,0x00aa6000,11165696
002362,0x00047dc0,1364,0x00aa8000,11173888
002363,0x00047dd0,1365,0x00aaa000,11182080
002364,0x00047de0,1366,0x00aac000,11190272
002365,0x00047df0,1367,0x00aae000,11198464
002366,0x00047e00,1368,0x00ab0000,11206656
002367,0x00047e10,1369,0x00ab2000,11214848
002368,0x00047e20,1370,0x00ab4000,11223040
002369,0x00047e30,1371,0x00ab6000,11231232
002370,0x00047e40,1372,0x00ab8000,11239424
002371,0x00047e50,1373,0x00aba000,11247616
002372,0x00047e60,1374,0x00abc000,11255808
002373,0x00047e70,1375,0x00abe000,11264000
002374,0x00047e80,1376,0x00ac0000,11272192
002375,0x00047e90,1377,0x00ac2000,11280384
002376,0x00047ea0,1378,0x00ac4000,11288576
002377,0x00047eb0,1379,0x00ac6000,11296768
002378,0x00047ec0,1380,0x00ac8000,11304960
002379,0x00047ed0,1381,0x00aca000,11313152
002380,0x00047ee0,1382,0x00acc000,11321344
002381,0x00047ef0,1383,0x00ace000,11329536
002382,0x00047f00,1384,0x00ad0000,11337728
002383,0x00047f10,1385,0x00ad2000,11345920
002384,0x00047f20,1386,0x00ad4000,11354112
002385,0x00047f30,1387,0x00ad6000,11362304
002386,0x00047f40,1388,0x00ad8000,11370496
002387,0x00047f50,1389,0x00ada000,11378688
002388,0x00047f60,1390,0x00adc000,11386880
002389,0x00047f70,1391,0x00ade000,11395072
002390,0x00047f80,1392,0x00ae0000,11403264
002391,0x00047f90,1393,0x00ae2000,11411456
002392,0x00047fa0,1394,0x00ae4000,11419648
002393,0x00047fb0,1395,0x00ae6000,11427840
002394,0x00047fc0,1396,0x00ae8000,11436032
002395,0x00047fd0,1397,0x00aea000,11444224
002396,0x00047fe0,1398,0x00aec000,11452416
002397,0x00047ff0,1399,0x00aee000,11460608
002398,0x00048000,1400,0x00af0000,11468800
002399,0x00048010,1401,0x00af2000,11476992
002400,0x00048020,1402,0x00af4000,11485184
002401,0x00048030,1403,0x00af6000,11493376
002402,0x00048040,1404,0x00af8000,11501568
002403,0x00048050,1405,0x00afa000,11509760
002404,0x00048060,1406,0x00afc000,11517952
002405,0x00048070,1407,0x00afe000,11526144
002406,0x00048080,1408,0x00b00000,11534336
002407,0x00048090,1409,0x00b02000,11542528
002408,0x000480a0,1410,0x00b04000,11550720
002409,0x000480b0,1411,0x00b06000,11558912
002410,0x000480c0,1412,0x00b08000,11567104
002412,0x000480d0,1413,0x00b0a000,11575296
002413,0x000480e0,1414,0x00b0c000,11583488
002414,0x000480f0,1415,0x00b0e000,11591680
002415,0x00048100,1416,0x00b10000,11599872
002416,0x00048110,1417,0x00b12000,11608064
002418,0x00048120,1418,0x00b14000,11616256
002419,0x00048130,1419,0x00b16000,11624448
002420,0x00048140,1420,0x00b18000,11632640
002421,0x00048150,1421,0x00b1a000,11640832
002422,0x00048160,1422,0x00b1c000,11649024
002423,0x00048170,1423,0x00b1e000,11657216
002424,0x00048180,1424,0x00b20000,11665408
002425,0x00048190,1425,0x00b22000,11673600
002426,0x000481a0,1426,0x00b24000,11681792
002427,0x000481b0,1427,0x00b26000,11689984
002428,0x000481c0,1428,0x00b28000,11698176
002429,0x000481d0,1429,0x00b2a000,11706368
002430,0x000481e0,1430,0x00b2c000,11714560
002431,0x000481f0,1431,0x00b2e000,11722752
002432,0x00048200,1432,0x00b30000,11730944
002434,0x00048210,1433,0x00b32000,11739136
002436,0x00048220,1434,0x00b34000,11747328
002437,0x00048230,1435,0x00b36000,11755520
002438,0x00048240,1436,0x00b38000,11763712
002439,0x00048250,1437,0x00b3a000,11771904
002440,0x00048260,1438,0x00b3c000,11780096
002441,0x00048270,1439,0x00b3e000,11788288
002442,0x00048280,1440,0x00b40000,11796480
002443,0x00048290,1441,0x00b42000,11804672
002444,0x000482a0,1442,0x00b44000,11812864
002445,0x000482b0,1443,0x00b46000,11821056
002446,0x000482c0,1444,0x00b48000,11829248
002448,0x000482d0,1445,0x00b4a000,11837440
002449,0x000482e0,1446,0x00b4c000,11845632
002451,0x000482f0,1447,0x00b4e000,11853824
002452,0x00048300,1448,0x00b50000,11862016
002453,0x00048310,1449,0x00b52000,11870208
002454,0x00048320,1450,0x00b54000,11878400
002455,0x00048330,1451,0x00b56000,11886592
002456,0x00048340,1452,0x00b58000,11894784
002457,0x00048350,1453,0x00b5a000,11902976
002458,0x00048360,1454,0x00b5c000,11911168
002459,0x00048370,1455,0x00b5e000,11919360
002460,0x00048380,1456,0x00b60000,11927552
002461,0x00048390,1457,0x00b62000,11935744
002462,0x000483a0,1458,0x00b64000,11943936
002463,0x000483b0,1459,0x00b66000,11952128
002465,0x000483c0,1460,0x00b68000,11960320
002466,0x000483d0,1461,0x00b6a000,11968512
002467,0x000483e0,1462,0x00b6c000,11976704
002468,0x000483f0,1463,0x00b6e000,11984896
002469,0x00048400,1464,0x00b70000,11993088
002470,0x00048410,1465,0x00b72000,12001280
002471,0x00048420,1466,0x00b74000,12009472
002472,0x00048430,1467,0x00b76000,12017664
002474,0x00048440,1468,0x00b78000,12025856
002475,0x00048450,1469,0x00b7a000,12034048
002476,0x00048460,1470,0x00b7c000,12042240
002478,0x00048470,1471,0x00b7e000,12050432
002479,0x00048480,1472,0x00b80000,12058624
002480,0x00048490,1473,0x00b82000,12066816
002481,0x000484a0,1474,0x00b84000,12075008
002482,0x000484b0,1475,0x00b86000,12083200
002483,0x000484c0,1476,0x00b88000,12091392
002484,0x000484d0,1477,0x00b8a000,12099584
002485,0x000484e0,1478,0x00b8c000,12107776
002486,0x000484f0,1479,0x00b8e000,12115968
002487,0x00048500,1480,0x00b90000,12124160
002488,0x00048510,1481,0x00b92000,12132352
002489,0x00048520,1482,0x00b94000,12140544
002490,0x00048530,1483,0x00b96000,12148736
002491,0x00048540,1484,0x00b98000,12156928
002492,0x00048550,1485,0x00b9a000,12165120
002493,0x00048560,1486,0x00b9c000,12173312
002494,0x00048570,1487,0x00b9e000,12181504
002495,0x00048580,1488,0x00ba0000,12189696
002496,0x00048590,1489,0x00ba2000,12197888
002497,0x000485a0,1490,0x00ba4000,12206080
002498,0x000485b0,1491,0x00ba6000,12214272
002500,0x000485c0,1492,0x00ba8000,12222464
002501,0x000485d0,1493,0x00baa000,12230656
002506,0x000485e0,1494,0x00bac000,12238848
002507,0x000485f0,1495,0x00bae000,12247040
002508,0x00048600,1496,0x00bb0000,12255232
002512,0x00048610,1499,0x00bb6000,12279808
002514,0x00048620,1501,0x00bba000,12296192
002528,0x00048630,1514,0x00bd4000,12402688
002538,0x00048640,1524,0x00be8000,12484608
002542,0x00048650,1528,0x00bf0000,12517376
002548,0x00048660,1534,0x00bfc000,12566528
002549,0x00048670,1535,0x00bfe000,12574720
002550,0x00048680,1536,0x00c00000,12582912
002551,0x00048690,1537,0x00c02000,12591104
002552,0x000486a0,1538,0x00c04000,12599296
002553,0x000486b0,1539,0x00c06000,12607488
002554,0x000486c0,1540,0x00c08000,12615680
002555,0x000486d0,1541,0x00c0a000,12623872
002556,0x000486e0,1542,0x00c0c000,12632064
002557,0x000486f0,1543,0x00c0e000,12640256
002558,0x00048700,1544,0x00c10000,12648448
002559,0x00048710,1545,0x00c12000,12656640
002560,0x00048720,1546,0x00c14000,12664832
002561,0x00048730,1547,0x00c16000,12673024
002562,0x00048740,1548,0x00c18000,12681216
002563,0x00048750,1549,0x00c1a000,12689408
002564,0x00048760,1550,0x00c1c000,12697600
002565,0x00048770,1551,0x00c1e000,12705792
002566,0x00048780,1552,0x00c20000,12713984
002567,0x00048790,1553,0x00c22000,12722176
002568,0x000487a0,1554,0x00c24000,12730368
002570,0x000487b0,1556,0x00c28000,12746752
002571,0x000487c0,1557,0x00c2a000,12754944
002572,0x000487d0,1558,0x00c2c000,12763136
002573,0x000487e0,1559,0x00c2e000,12771328
002574,0x000487f0,1560,0x00c30000,12779520
002575,0x00048800,1561,0x00c32000,12787712
002576,0x00048810,1562,0x00c34000,12795904
002577,0x00048820,1563,0x00c36000,12804096
002578,0x00048830,1564,0x00c38000,12812288
002579,0x00048840,1565,0x00c3a000,12820480
002580,0x00048850,1566,0x00c3c000,12828672
002582,0x00048860,1568,0x00c40000,12845056
002583,0x00048870,1569,0x00c42000,12853248
002584,0x00048880,1570,0x00c44000,12861440
002585,0x00048890,1571,0x00c46000,12869632
002587,0x000488a0,1573,0x00c4a000,12886016
002588,0x000488b0,1574,0x00c4c000,12894208
002589,0x000488c0,1575,0x00c4e000,12902400
002590,0x000488d0,1576,0x00c50000,12910592
002591,0x000488e0,1577,0x00c52000,12918784
002593,0x000488f0,1579,0x00c56000,12935168
002594,0x00048900,1580,0x00c58000,12943360
002595,0x00048910,1581,0x00c5a000,12951552
002596,0x00048920,1582,0x00c5c000,12959744
002597,0x00048930,1583,0x00c5e000,12967936
002599,0x00048940,1585,0x00c62000,12984320
002600,0x00048950,1586,0x00c64000,12992512
002601,0x00048960,1587,0x00c66000,13000704
002602,0x00048970,1588,0x00c68000,13008896
002603,0x00048980,1589,0x00c6a000,13017088
002605,0x00048990,1590,0x00c6c000,13025280
002606,0x000489a0,1591,0x00c6e000,13033472
002607,0x000489b0,1592,0x00c70000,13041664
002608,0x000489c0,1593,0x00c72000,13049856
002609,0x000489d0,1594,0x00c74000,13058048
002611,0x000489e0,1595,0x00c76000,13066240
002612,0x000489f0,1596,0x00c78000,13074432
002613,0x00048a00,1597,0x00c7a000,13082624
002614,0x00048a10,1598,0x00c7c000,13090816
002615,0x00048a20,1599,0x00c7e000,13099008
002654,0x00048a30,1635,0x00cc6000,13393920
002655,0x00048a40,1636,0x00cc8000,13402112
002656,0x00048a50,1637,0x00cca000,13410304
002657,0x00048a60,1638,0x00ccc000,13418496
002658,0x00048a70,1639,0x00cce000,13426688
002659,0x00048a80,1640,0x00cd0000,13434880
002660,0x00048a90,1641,0x00cd2000,13443072
002661,0x00048aa0,1642,0x00cd4000,13451264
002662,0x00048ab0,1643,0x00cd6000,13459456
002663,0x00048ac0,1644,0x00cd8000,13467648
002664,0x00048ad0,1645,0x00cda000,13475840
002666,0x00048ae0,1646,0x00cdc000,13484032
002668,0x00048af0,1648,0x00ce0000,13500416
002669,0x00048b00,1649,0x00ce2000,13508608
002670,0x00048b10,1650,0x00ce4000,13516800
002671,0x00048b20,1651,0x00ce6000,13524992
002672,0x00048b30,1652,0x00ce8000,13533184
002673,0x00048b40,1653,0x00cea000,13541376
002674,0x00048b50,1654,0x00cec000,13549568
002715,0x00048b60,1689,0x00d32000,13836288
002716,0x00048b70,1690,0x00d34000,13844480
002718,0x00048b80,1692,0x00d38000,13860864
002721,0x00048b90,1694,0x00d3c000,13877248
002722,0x00048ba0,1695,0x00d3e000,13885440
002723,0x00048bb0,1696,0x00d40000,13893632
002724,0x00048bc0,1697,0x00d42000,13901824
002725,0x00048bd0,1698,0x00d44000,13910016
002727,0x00048be0,1700,0x00d48000,13926400
002728,0x00048bf0,1701,0x00d4a000,13934592
002729,0x00048c00,1702,0x00d4c000,13942784
002730,0x00048c10,1703,0x00d4e000,13950976
002732,0x00048c20,1705,0x00d52000,13967360
002733,0x00048c30,1706,0x00d54000,13975552
002734,0x00048c40,1707,0x00d56000,13983744
002735,0x00048c50,1708,0x00d58000,13991936
002736,0x00048c60,1709,0x00d5a000,14000128
002737,0x00048c70,1710,0x00d5c000,14008320
002738,0x00048c80,1711,0x00d5e000,14016512
002739,0x00048c90,1712,0x00d60000,14024704
002741,0x00048ca0,1713,0x00d62000,14032896
002742,0x00048cb0,1714,0x00d64000,14041088
002743,0x00048cc0,1715,0x00d66000,14049280
002745,0x00048cd0,1716,0x00d68000,14057472
002746,0x00048ce0,1717,0x00d6a000,14065664
002747,0x00048cf0,1718,0x00d6c000,14073856
002748,0x00048d00,1719,0x00d6e000,14082048
002749,0x00048d10,1720,0x00d70000,14090240
002752,0x00048d20,1721,0x00d72000,14098432
002753,0x00048d30,1722,0x00d74000,14106624
002755,0x00048d40,1723,0x00d76000,14114816
002756,0x00048d50,1724,0x00d78000,14123008
002757,0x00048d60,1725,0x00d7a000,14131200
002758,0x00048d70,1726,0x00d7c000,14139392
002760,0x00048d80,1728,0x00d80000,14155776
002761,0x00048d90,1729,0x00d82000,14163968
002762,0x00048da0,1730,0x00d84000,14172160
002763,0x00048db0,1731,0x00d86000,14180352
002765,0x00048dc0,1732,0x00d88000,14188544
002766,0x00048dd0,1733,0x00d8a000,14196736
002767,0x00048de0,1734,0x00d8c000,14204928
002768,0x00048df0,1735,0x00d8e000,14213120
002769,0x00048e00,1736,0x00d90000,14221312
002771,0x00048e10,1737,0x00d92000,14229504
002772,0x00048e20,1738,0x00d94000,14237696
002773,0x00048e30,1739,0x00d96000,14245888
002774,0x00048e40,1740,0x00d98000,14254080
002775,0x00048e50,1741,0x00d9a000,14262272
002777,0x00048e60,1742,0x00d9c000,14270464
002778,0x00048e70,1743,0x00d9e000,14278656
002779,0x00048e80,1744,0x00da0000,14286848
002780,0x00048e90,1745,0x00da2000,14295040
002782,0x00048ea0,1746,0x00da4000,14303232
002783,0x00048eb0,1747,0x00da6000,14311424
002785,0x00048ec0,1748,0x00da8000,14319616
002786,0x00048ed0,1749,0x00daa000,14327808
002787,0x00048ee0,1750,0x00dac000,14336000
002788,0x00048ef0,1751,0x00dae000,14344192
002790,0x00048f00,1753,0x00db2000,14360576
002791,0x00048f10,1754,0x00db4000,14368768
002792,0x00048f20,1755,0x00db6000,14376960
002793,0x00048f30,1756,0x00db8000,14385152
002795,0x00048f40,1757,0x00dba000,14393344
002796,0x00048f50,1758,0x00dbc000,14401536
002797,0x00048f60,1759,0x00dbe000,14409728
002798,0x00048f70,1760,0x00dc0000,14417920
002799,0x00048f80,1761,0x00dc2000,14426112
002800,0x00048f90,1762,0x00dc4000,14434304
002801,0x00048fa0,1763,0x00dc6000,14442496
002802,0x00048fb0,1764,0x00dc8000,14450688
002803,0x00048fc0,1765,0x00dca000,14458880
002805,0x00048fd0,1766,0x00dcc000,14467072
002806,0x00048fe0,1767,0x00dce000,14475264
002807,0x00048ff0,1768,0x00dd0000,14483456
002809,0x00049000,1769,0x00dd2000,14491648
002810,0x00049010,1770,0x00dd4000,14499840
002811,0x00049020,1771,0x00dd6000,14508032
002812,0x00049030,1772,0x00dd8000,14516224
002813,0x00049040,1773,0x00dda000,14524416
002815,0x00049050,1774,0x00ddc000,14532608
002817,0x00049060,1776,0x00de0000,14548992
002818,0x00049070,1777,0x00de2000,14557184
002819,0x00049080,1778,0x00de4000,14565376
002820,0x00049090,1779,0x00de6000,14573568
002821,0x000490a0,1780,0x00de8000,14581760
002823,0x000490b0,1782,0x00dec000,14598144
002824,0x000490c0,1783,0x00dee000,14606336
002825,0x000490d0,1784,0x00df0000,14614528
002826,0x000490e0,1785,0x00df2000,14622720
002827,0x000490f0,1786,0x00df4000,14630912
002828,0x00049100,1787,0x00df6000,14639104
002829,0x00049110,1788,0x00df8000,14647296
002830,0x00049120,1789,0x00dfa000,14655488
002831,0x00049130,1790,0x00dfc000,14663680
002832,0x00049140,1791,0x00dfe000,14671872
002833,0x00049150,1792,0x00e00000,14680064
002835,0x00049160,1793,0x00e02000,14688256
002836,0x00049170,1794,0x00e04000,14696448
002837,0x00049180,1795,0x00e06000,14704640
002838,0x00049190,1796,0x00e08000,14712832
002839,0x000491a0,1797,0x00e0a000,14721024
002840,0x000491b0,1798,0x00e0c000,14729216
002841,0x000491c0,1799,0x00e0e000,14737408
002842,0x000491d0,1800,0x00e10000,14745600
002843,0x000491e0,1801,0x00e12000,14753792
002845,0x000491f0,1802,0x00e14000,14761984
002846,0x00049200,1803,0x00e16000,14770176
002847,0x00049210,1804,0x00e18000,14778368
002848,0x00049220,1805,0x00e1a000,14786560
002849,0x00049230,1806,0x00e1c000,14794752
002850,0x00049240,1807,0x00e1e000,14802944
002851,0x00049250,1808,0x00e20000,14811136
002852,0x00049260,1809,0x00e22000,14819328
002853,0x00049270,1810,0x00e24000,14827520
002855,0x00049280,1811,0x00e26000,14835712
002857,0x00049290,1813,0x00e2a000,14852096
002858,0x000492a0,1814,0x00e2c000,14860288
002859,0x000492b0,1815,0x00e2e000,14868480
002860,0x000492c0,1816,0x00e30000,14876672
002861,0x000492d0,1817,0x00e32000,14884864
002862,0x000492e0,1818,0x00e34000,14893056
002863,0x000492f0,1819,0x00e36000,14901248
002864,0x00049300,1820,0x00e38000,14909440
002865,0x00049310,1821,0x00e3a000,14917632
002866,0x00049320,1822,0x00e3c000,14925824
002867,0x00049330,1823,0x00e3e000,14934016
002868,0x00049340,1824,0x00e40000,14942208
002869,0x00049350,1825,0x00e42000,14950400
002870,0x00049360,1826,0x00e44000,14958592
002871,0x00049370,1827,0x00e46000,14966784
002873,0x00049380,1829,0x00e4a000,14983168
002875,0x00049390,1830,0x00e4c000,14991360
002876,0x000493a0,1831,0x00e4e000,14999552
002877,0x000493b0,1832,0x00e50000,15007744
002878,0x000493c0,1833,0x00e52000,15015936
002879,0x000493d0,1834,0x00e54000,15024128
002880,0x000493e0,1835,0x00e56000,15032320
002881,0x000493f0,1836,0x00e58000,15040512
002882,0x00049400,1837,0x00e5a000,15048704
002884,0x00049410,1839,0x00e5e000,15065088
002885,0x00049420,1840,0x00e60000,15073280
002886,0x00049430,1841,0x00e62000,15081472
002887,0x00049440,1842,0x00e64000,15089664
002888,0x00049450,1843,0x00e66000,15097856
002889,0x00049460,1844,0x00e68000,15106048
002890,0x00049470,1845,0x00e6a000,15114240
002891,0x00049480,1846,0x00e6c000,15122432
002892,0x00049490,1847,0x00e6e000,15130624
002893,0x000494a0,1848,0x00e70000,15138816
002895,0x000494b0,1849,0x00e72000,15147008
002896,0x000494c0,1850,0x00e74000,15155200
002897,0x000494d0,1851,0x00e76000,15163392
002899,0x000494e0,1852,0x00e78000,15171584
002900,0x000494f0,1853,0x00e7a000,15179776
002901,0x00049500,1854,0x00e7c000,15187968
002902,0x00049510,1855,0x00e7e000,15196160
002903,0x00049520,1856,0x00e80000,15204352
002905,0x00049530,1857,0x00e82000,15212544
002906,0x00049540,1858,0x00e84000,15220736
002907,0x00049550,1859,0x00e86000,15228928
002908,0x00049560,1860,0x00e88000,15237120
002909,0x00049570,1861,0x00e8a000,15245312
002910,0x00049580,1862,0x00e8c000,15253504
002911,0x00049590,1863,0x00e8e000,15261696
002912,0x000495a0,1864,0x00e90000,15269888
002913,0x000495b0,1865,0x00e92000,15278080
002915,0x000495c0,1866,0x00e94000,15286272
002916,0x000495d0,1867,0x00e96000,15294464
002917,0x000495e0,1868,0x00e98000,15302656
002985,0x000495f0,1930,0x00f14000,15810560
002986,0x00049600,1931,0x00f16000,15818752
002987,0x00049610,1932,0x00f18000,15826944
002988,0x00049620,1933,0x00f1a000,15835136
002989,0x00049630,1934,0x00f1c000,15843328
002990,0x00049640,1935,0x00f1e000,15851520
002991,0x00049650,1936,0x00f20000,15859712
002992,0x00049660,1937,0x00f22000,15867904
002993,0x00049670,1938,0x00f24000,15876096
002995,0x00049680,1939,0x00f26000,15884288
002996,0x00049690,1940,0x00f28000,15892480
002997,0x000496a0,1941,0x00f2a000,15900672
002998,0x000496b0,1942,0x00f2c000,15908864
002999,0x000496c0,1943,0x00f2e000,15917056
003000,0x000496d0,1944,0x00f30000,15925248
003001,0x000496e0,1945,0x00f32000,15933440
003002,0x000496f0,1946,0x00f34000,15941632
003003,0x00049700,1947,0x00f36000,15949824
003004,0x00049710,1948,0x00f38000,15958016
003005,0x00049720,1949,0x00f3a000,15966208
003006,0x00049730,1950,0x00f3c000,15974400
003007,0x00049740,1951,0x00f3e000,15982592
003008,0x00049750,1952,0x00f40000,15990784
003009,0x00049760,1953,0x00f42000,15998976
003010,0x00049770,1954,0x00f44000,16007168
003011,0x00049780,1955,0x00f46000,16015360
003012,0x00049790,1956,0x00f48000,16023552
003013,0x000497a0,1957,0x00f4a000,16031744
003015,0x000497b0,1958,0x00f4c000,16039936
003016,0x000497c0,1959,0x00f4e000,16048128
003017,0x000497d0,1960,0x00f50000,16056320
003018,0x000497e0,1961,0x00f52000,16064512
003019,0x000497f0,1962,0x00f54000,16072704
003020,0x00049800,1963,0x00f56000,16080896
003021,0x00049810,1964,0x00f58000,16089088
003022,0x00049820,1965,0x00f5a000,16097280
003023,0x00049830,1966,0x00f5c000,16105472
003025,0x00049840,1967,0x00f5e000,16113664
003026,0x00049850,1968,0x00f60000,16121856
003027,0x00049860,1969,0x00f62000,16130048
003028,0x00049870,1970,0x00f64000,16138240
003029,0x00049880,1971,0x00f66000,16146432
003030,0x00049890,1972,0x00f68000,16154624
003031,0x000498a0,1973,0x00f6a000,16162816
003032,0x000498b0,1974,0x00f6c000,16171008
003033,0x000498c0,1975,0x00f6e000,16179200
003035,0x000498d0,1976,0x00f70000,16187392
003036,0x000498e0,1977,0x00f72000,16195584
003037,0x000498f0,1978,0x00f74000,16203776
003038,0x00049900,1979,0x00f76000,16211968
003039,0x00049910,1980,0x00f78000,16220160
003040,0x00049920,1981,0x00f7a000,16228352
003041,0x00049930,1982,0x00f7c000,16236544
003042,0x00049940,1983,0x00f7e000,16244736
003043,0x00049950,1984,0x00f80000,16252928
003816,0x00049960,1985,0x00f82000,16261120
123064,0x00049970,1986,0x00f84000,16269312
123065,0x00049980,1987,0x00f86000,16277504
123071,0x00049990,1988,0x00f88000,16285696
123072,0x000499a0,1989,0x00f8a000,16293888
123076,0x000499b0,1990,0x00f8c000,16302080
123080,0x000499c0,1991,0x00f8e000,16310272
123088,0x000499d0,1992,0x00f90000,16318464
123090,0x000499e0,1993,0x00f92000,16326656
123091,0x000499f0,1994,0x00f94000,16334848
123092,0x00049a00,1995,0x00f96000,16343040
123104,0x00049a10,1996,0x00f98000,16351232
123107,0x00049a20,1997,0x00f9a000,16359424
123109,0x00049a30,1998,0x00f9c000,16367616
123112,0x00049a40,1999,0x00f9e000,16375808
123113,0x00049a50,2000,0x00fa0000,16384000
123114,0x00049a60,2001,0x00fa2000,16392192
123117,0x00049a70,2002,0x00fa4000,16400384
123118,0x00049a80,2003,0x00fa6000,16408576
123119,0x00049a90,2004,0x00fa8000,16416768
123122,0x00049aa0,2005,0x00faa000,16424960
123124,0x00049ab0,2006,0x00fac000,16433152
123131,0x00049ac0,2007,0x00fae000,16441344
123133,0x00049ad0,2008,0x00fb0000,16449536
123138,0x00049ae0,2009,0x00fb2000,16457728
123142,0x00049af0,2010,0x00fb4000,16465920
123144,0x00049b00,2011,0x00fb6000,16474112
123149,0x00049b10,2012,0x00fb8000,16482304
123150,0x00049b20,2013,0x00fba000,16490496
123151,0x00049b30,2014,0x00fbc000,16498688
123154,0x00049b40,2015,0x00fbe000,16506880
123155,0x00049b50,2016,0x00fc0000,16515072
123157,0x00049b60,2017,0x00fc2000,16523264
123158,0x00049b70,2018,0x00fc4000,16531456
123160,0x00049b80,2019,0x00fc6000,16539648
123165,0x00049b90,2020,0x00fc8000,16547840
123168,0x00049ba0,2021,0x00fca000,16556032
123171,0x00049bb0,2022,0x00fcc000,16564224
123172,0x00049bc0,2023,0x00fce000,16572416
123173,0x00049bd0,2024,0x00fd0000,16580608
123175,0x00049be0,2025,0x00fd2000,16588800
123176,0x00049bf0,2026,0x00fd4000,16596992
123178,0x00049c00,2027,0x00fd6000,16605184
123179,0x00049c10,2028,0x00fd8000,16613376
123180,0x00049c20,2029,0x00fda000,16621568
123183,0x00049c30,2030,0x00fdc000,16629760
123187,0x00049c40,2031,0x00fde000,16637952
123189,0x00049c50,2032,0x00fe0000,16646144
123192,0x00049c60,2033,0x00fe2000,16654336
123193,0x00049c70,2034,0x00fe4000,16662528
123194,0x00049c80,2035,0x00fe6000,16670720
123195,0x00049c90,2036,0x00fe8000,16678912
123196,0x00049ca0,2037,0x00fea000,16687104
123199,0x00049cb0,2038,0x00fec000,16695296
123207,0x00049cc0,2039,0x00fee000,16703488
123209,0x00049cd0,2040,0x00ff0000,16711680
123211,0x00049ce0,2041,0x00ff2000,16719872
123213,0x00049cf0,2042,0x00ff4000,16728064
123214,0x00049d00,2043,0x00ff6000,16736256
123215,0x00049d10,2044,0x00ff8000,16744448
123216,0x00049d20,2045,0x00ffa000,16752640
123220,0x00049d30,2046,0x00ffc000,16760832
123222,0x00049d40,2047,0x00ffe000,16769024
123223,0x00049d50,2048,0x01000000,16777216
123224,0x00049d60,2049,0x01002000,16785408
123225,0x00049d70,2050,0x01004000,16793600
123229,0x00049d80,2051,0x01006000,16801792
123235,0x00049d90,2052,0x01008000,16809984
123237,0x00049da0,2053,0x0100a000,16818176
123241,0x00049db0,2054,0x0100c000,16826368
123243,0x00049dc0,2055,0x0100e000,16834560
123245,0x00049dd0,2056,0x01010000,16842752
123247,0x00049de0,2057,0x01012000,16850944
123250,0x00049df0,2058,0x01014000,16859136
123252,0x00049e00,2059,0x01016000,16867328
123253,0x00049e10,2060,0x01018000,16875520
123255,0x00049e20,2061,0x0101a000,16883712
123257,0x00049e30,2062,0x0101c000,16891904
123258,0x00049e40,2063,0x0101e000,16900096
123259,0x00049e50,2064,0x01020000,16908288
123260,0x00049e60,2065,0x01022000,16916480
123261,0x00049e70,2066,0x01024000,16924672
123262,0x00049e80,2067,0x01026000,16932864
123263,0x00049e90,2068,0x01028000,16941056
123264,0x00049ea0,2069,0x0102a000,16949248
123265,0x00049eb0,2070,0x0102c000,16957440
123266,0x00049ec0,2071,0x0102e000,16965632
123267,0x00049ed0,2072,0x01030000,16973824
123268,0x00049ee0,2073,0x01032000,16982016
123269,0x00049ef0,2074,0x01034000,16990208
123270,0x00049f00,2075,0x01036000,16998400
123271,0x00049f10,2076,0x01038000,17006592
123272,0x00049f20,2077,0x0103a000,17014784
123273,0x00049f30,2078,0x0103c000,17022976
123274,0x00049f40,2079,0x0103e000,17031168
123275,0x00049f50,2080,0x01040000,17039360
123276,0x00049f60,2081,0x01042000,17047552
123277,0x00049f70,2082,0x01044000,17055744
123278,0x00049f80,2083,0x01046000,17063936
123279,0x00049f90,2084,0x01048000,17072128
123280,0x00049fa0,2085,0x0104a000,17080320
123281,0x00049fb0,2086,0x0104c000,17088512
127025,0x00049fc0,2087,0x0104e000,17096704
127027,0x00049fd0,2088,0x01050000,17104896
127030,0x00049fe0,2089,0x01052000,17113088
127031,0x00049ff0,2090,0x01054000,17121280
127034,0x0004a000,2091,0x01056000,17129472
127037,0x0004a010,2092,0x01058000,17137664
127038,0x0004a020,2093,0x0105a000,17145856
127040,0x0004a030,2094,0x0105c000,17154048
127044,0x0004a040,2095,0x0105e000,17162240
127045,0x0004a050,2096,0x01060000,17170432
127046,0x0004a060,2097,0x01062000,17178624
127047,0x0004a070,2098,0x01064000,17186816
127049,0x0004a080,2099,0x01066000,17195008
127050,0x0004a090,2100,0x01068000,17203200
127053,0x0004a0a0,2101,0x0106a000,17211392
127054,0x0004a0b0,2102,0x0106c000,17219584
127055,0x0004a0c0,2103,0x0106e000,17227776
127056,0x0004a0d0,2104,0x01070000,17235968
127059,0x0004a0e0,2105,0x01072000,17244160
127060,0x0004a0f0,2106,0x01074000,17252352
127061,0x0004a100,2107,0x01076000,17260544
127062,0x0004a110,2108,0x01078000,17268736
127064,0x0004a120,2109,0x0107a000,17276928
127067,0x0004a130,2110,0x0107c000,17285120
127068,0x0004a140,2111,0x0107e000,17293312
127069,0x0004a150,2112,0x01080000,17301504
127070,0x0004a160,2113,0x01082000,17309696
127072,0x0004a170,2114,0x01084000,17317888
127078,0x0004a180,2115,0x01086000,17326080
127080,0x0004a190,2116,0x01088000,17334272
127082,0x0004a1a0,2117,0x0108a000,17342464
127083,0x0004a1b0,2118,0x0108c000,17350656
127084,0x0004a1c0,2119,0x0108e000,17358848
127085,0x0004a1d0,2120,0x01090000,17367040
127088,0x0004a1e0,2121,0x01092000,17375232
127089,0x0004a1f0,2122,0x01094000,17383424
127092,0x0004a200,2123,0x01096000,17391616
127093,0x0004a210,2124,0x01098000,17399808
127095,0x0004a220,2125,0x0109a000,17408000
127096,0x0004a230,2126,0x0109c000,17416192
127098,0x0004a240,2127,0x0109e000,17424384
127099,0x0004a250,2128,0x010a0000,17432576
127102,0x0004a260,2129,0x010a2000,17440768
127103,0x0004a270,2130,0x010a4000,17448960
127104,0x0004a280,2131,0x010a6000,17457152
127105,0x0004a290,2132,0x010a8000,17465344
127108,0x0004a2a0,2133,0x010aa000,17473536
127109,0x0004a2b0,2134,0x010ac000,17481728
127110,0x0004a2c0,2135,0x010ae000,17489920
127111,0x0004a2d0,2136,0x010b0000,17498112
127112,0x0004a2e0,2137,0x010b2000,17506304
127113,0x0004a2f0,2138,0x010b4000,17514496
127114,0x0004a300,2139,0x010b6000,17522688
127115,0x0004a310,2140,0x010b8000,17530880
128134,0x0004a320,2141,0x010ba000,17539072
128135,0x0004a330,2142,0x010bc000,17547264
128136,0x0004a340,2143,0x010be000,17555456
128138,0x0004a350,2144,0x010c0000,17563648
128142,0x0004a360,2145,0x010c2000,17571840
158003,0x0004a370,2146,0x010c4000,17580032
158005,0x0004a380,2147,0x010c6000,17588224
158006,0x0004a390,2148,0x010c8000,17596416
158009,0x0004a3a0,2149,0x010ca000,17604608
158012,0x0004a3b0,2150,0x010cc000,17612800
159001,0x0004a3c0,2151,0x010ce000,17620992
159003,0x0004a3d0,2152,0x010d0000,17629184
159005,0x0004a3e0,2153,0x010d2000,17637376
159007,0x0004a3f0,2154,0x010d4000,17645568
159008,0x0004a400,2155,0x010d6000,17653760
159009,0x0004a410,2156,0x010d8000,17661952
159010,0x0004a420,2157,0x010da000,17670144
159011,0x0004a430,2158,0x010dc000,17678336
159012,0x0004a440,2159,0x010de000,17686528
159013,0x0004a450,2160,0x010e0000,17694720
159015,0x0004a460,2161,0x010e2000,17702912
159016,0x0004a470,2162,0x010e4000,17711104
159017,0x0004a480,2163,0x010e6000,17719296
159018,0x0004a490,2164,0x010e8000,17727488
159019,0x0004a4a0,2165,0x010ea000,17735680
159020,0x0004a4b0,2166,0x010ec000,17743872
159021,0x0004a4c0,2167,0x010ee000,17752064
159022,0x0004a4d0,2168,0x010f0000,17760256
159023,0x0004a4e0,2169,0x010f2000,17768448
159026,0x0004a4f0,2170,0x010f4000,17776640
159027,0x0004a500,2171,0x010f6000,17784832
159028,0x0004a510,2172,0x010f8000,17793024
159029,0x0004a520,2173,0x010fa000,17801216
159030,0x0004a530,2174,0x010fc000,17809408
159031,0x0004a540,2175,0x010fe000,17817600
159032,0x0004a550,2176,0x01100000,17825792
159033,0x0004a560,2177,0x01102000,17833984
159035,0x0004a570,2178,0x01104000,17842176
159036,0x0004a580,2179,0x01106000,17850368
159037,0x0004a590,2180,0x01108000,17858560
159038,0x0004a5a0,2181,0x0110a000,17866752
159039,0x0004a5b0,2182,0x0110c000,17874944
159040,0x0004a5c0,2183,0x0110e000,17883136
159041,0x0004a5d0,2184,0x01110000,17891328
159042,0x0004a5e0,2185,0x01112000,17899520
159043,0x0004a5f0,2186,0x01114000,17907712
159045,0x0004a600,2187,0x01116000,17915904
159046,0x0004a610,2188,0x01118000,17924096
159048,0x0004a620,2189,0x0111a000,17932288
159049,0x0004a630,2190,0x0111c000,17940480
159050,0x0004a640,2191,0x0111e000,17948672
159051,0x0004a650,2192,0x01120000,17956864
159052,0x0004a660,2193,0x01122000,17965056
159053,0x0004a670,2194,0x01124000,17973248
159055,0x0004a680,2195,0x01126000,17981440
159056,0x0004a690,2196,0x01128000,17989632
159057,0x0004a6a0,2197,0x0112a000,17997824
159058,0x0004a6b0,2198,0x0112c000,18006016
159059,0x0004a6c0,2199,0x0112e000,18014208
159060,0x0004a6d0,2200,0x01130000,18022400
159061,0x0004a6e0,2201,0x01132000,18030592
159062,0x0004a6f0,2202,0x01134000,18038784
159063,0x0004a700,2203,0x01136000,18046976
159065,0x0004a710,2204,0x01138000,18055168
159066,0x0004a720,2205,0x0113a000,18063360
159067,0x0004a730,2206,0x0113c000,18071552
159068,0x0004a740,2207,0x0113e000,18079744
159069,0x0004a750,2208,0x01140000,18087936
159070,0x0004a760,2209,0x01142000,18096128
159071,0x0004a770,2210,0x01144000,18104320
159072,0x0004a780,2211,0x01146000,18112512
159073,0x0004a790,2212,0x01148000,18120704
159075,0x0004a7a0,2213,0x0114a000,18128896
159076,0x0004a7b0,2214,0x0114c000,18137088
159077,0x0004a7c0,2215,0x0114e000,18145280
159078,0x0004a7d0,2216,0x01150000,18153472
159079,0x0004a7e0,2217,0x01152000,18161664
159082,0x0004a7f0,2218,0x01154000,18169856
159083,0x0004a800,2219,0x01156000,18178048
159085,0x0004a810,2220,0x01158000,18186240
159086,0x0004a820,2221,0x0115a000,18194432
159087,0x0004a830,2222,0x0115c000,18202624
159091,0x0004a840,2223,0x0115e000,18210816
159093,0x0004a850,2224,0x01160000,18219008
159095,0x0004a860,2225,0x01162000,18227200
159098,0x0004a870,2226,0x01164000,18235392
159099,0x0004a880,2227,0x01166000,18243584
159100,0x0004a890,2228,0x01168000,18251776
159101,0x0004a8a0,2229,0x0116a000,18259968
159102,0x0004a8b0,2230,0x0116c000,18268160
159103,0x0004a8c0,2231,0x0116e000,18276352
159105,0x0004a8d0,2232,0x01170000,18284544
159106,0x0004a8e0,2233,0x01172000,18292736
159107,0x0004a8f0,2234,0x01174000,18300928
159108,0x0004a900,2235,0x01176000,18309120
159109,0x0004a910,2236,0x01178000,18317312
159110,0x0004a920,2237,0x0117a000,18325504
159111,0x0004a930,2238,0x0117c000,18333696
159112,0x0004a940,2239,0x0117e000,18341888
159113,0x0004a950,2240,0x01180000,18350080
159115,0x0004a960,2241,0x01182000,18358272
159116,0x0004a970,2242,0x01184000,18366464
159117,0x0004a980,2243,0x01186000,18374656
159118,0x0004a990,2244,0x01188000,18382848
159119,0x0004a9a0,2245,0x0118a000,18391040
159120,0x0004a9b0,2246,0x0118c000,18399232
159121,0x0004a9c0,2247,0x0118e000,18407424
159122,0x0004a9d0,2248,0x01190000,18415616
159123,0x0004a9e0,2249,0x01192000,18423808
159125,0x0004a9f0,2250,0x01194000,18432000
159126,0x0004aa00,2251,0x01196000,18440192
159127,0x0004aa10,2252,0x01198000,18448384
159128,0x0004aa20,2253,0x0119a000,18456576
159129,0x0004aa30,2254,0x0119c000,18464768
159130,0x0004aa40,2255,0x0119e000,18472960
159131,0x0004aa50,2256,0x011a0000,18481152
159132,0x0004aa60,2257,0x011a2000,18489344
159133,0x0004aa70,2258,0x011a4000,18497536
159135,0x0004aa80,2259,0x011a6000,18505728
159136,0x0004aa90,2260,0x011a8000,18513920
159137,0x0004aaa0,2261,0x011aa000,18522112
159138,0x0004aab0,2262,0x011ac000,18530304
159139,0x0004aac0,2263,0x011ae000,18538496
159140,0x0004aad0,2264,0x011b0000,18546688
159141,0x0004aae0,2265,0x011b2000,18554880
159142,0x0004aaf0,2266,0x011b4000,18563072
159143,0x0004ab00,2267,0x011b6000,18571264
159145,0x0004ab10,2268,0x011b8000,18579456
159146,0x0004ab20,2269,0x011ba000,18587648
159147,0x0004ab30,2270,0x011bc000,18595840
159148,0x0004ab40,2271,0x011be000,18604032
159149,0x0004ab50,2272,0x011c0000,18612224
159150,0x0004ab60,2273,0x011c2000,18620416
159151,0x0004ab70,2274,0x011c4000,18628608
159152,0x0004ab80,2275,0x011c6000,18636800
159153,0x0004ab90,2276,0x011c8000,18644992
159155,0x0004aba0,2277,0x011ca000,18653184
159156,0x0004abb0,2278,0x011cc000,18661376
159157,0x0004abc0,2279,0x011ce000,18669568
159158,0x0004abd0,2280,0x011d0000,18677760
159159,0x0004abe0,2281,0x011d2000,18685952
159160,0x0004abf0,2282,0x011d4000,18694144
159161,0x0004ac00,2283,0x011d6000,18702336
159162,0x0004ac10,2284,0x011d8000,18710528
159163,0x0004ac20,2285,0x011da000,18718720
159165,0x0004ac30,2286,0x011dc000,18726912
159166,0x0004ac40,2287,0x011de000,18735104
159167,0x0004ac50,2288,0x011e0000,18743296
159168,0x0004ac60,2289,0x011e2000,18751488
159169,0x0004ac70,2290,0x011e4000,18759680
159170,0x0004ac80,2291,0x011e6000,18767872
159171,0x0004ac90,2292,0x011e8000,18776064
159172,0x0004aca0,2293,0x011ea000,18784256
159173,0x0004acb0,2294,0x011ec000,18792448
159175,0x0004acc0,2295,0x011ee000,18800640
159176,0x0004acd0,2296,0x011f0000,18808832
159177,0x0004ace0,2297,0x011f2000,18817024
159178,0x0004acf0,2298,0x011f4000,18825216
159179,0x0004ad00,2299,0x011f6000,18833408
159180,0x0004ad10,2300,0x011f8000,18841600
159181,0x0004ad20,2301,0x011fa000,18849792
159182,0x0004ad30,2302,0x011fc000,18857984
159183,0x0004ad40,2303,0x011fe000,18866176
159185,0x0004ad50,2304,0x01200000,18874368
159186,0x0004ad60,2305,0x01202000,18882560
159187,0x0004ad70,2306,0x01204000,18890752
159188,0x0004ad80,2307,0x01206000,18898944
159189,0x0004ad90,2308,0x01208000,18907136
159190,0x0004ada0,2309,0x0120a000,18915328
159191,0x0004adb0,2310,0x0120c000,18923520
159192,0x0004adc0,2311,0x0120e000,18931712
159193,0x0004add0,2312,0x01210000,18939904
159195,0x0004ade0,2313,0x01212000,18948096
159196,0x0004adf0,2314,0x01214000,18956288
159197,0x0004ae00,2315,0x01216000,18964480
159198,0x0004ae10,2316,0x01218000,18972672
159199,0x0004ae20,2317,0x0121a000,18980864
159200,0x0004ae30,2318,0x0121c000,18989056
159201,0x0004ae40,2319,0x0121e000,18997248
159202,0x0004ae50,2320,0x01220000,19005440
159203,0x0004ae60,2321,0x01222000,19013632
159205,0x0004ae70,2322,0x01224000,19021824
159206,0x0004ae80,2323,0x01226000,19030016
159207,0x0004ae90,2324,0x01228000,19038208
159208,0x0004aea0,2325,0x0122a000,19046400
159209,0x0004aeb0,2326,0x0122c000,19054592
159210,0x0004aec0,2327,0x0122e000,19062784
159211,0x0004aed0,2328,0x01230000,19070976
159212,0x0004aee0,2329,0x01232000,19079168
159213,0x0004aef0,2330,0x01234000,19087360
159215,0x0004af00,2331,0x01236000,19095552
159216,0x0004af10,2332,0x01238000,19103744
159217,0x0004af20,2333,0x0123a000,19111936
159218,0x0004af30,2334,0x0123c000,19120128
159219,0x0004af40,2335,0x0123e000,19128320
159220,0x0004af50,2336,0x01240000,19136512
159221,0x0004af60,2337,0x01242000,19144704
159222,0x0004af70,2338,0x01244000,19152896
159223,0x0004af80,2339,0x01246000,19161088
159225,0x0004af90,2340,0x01248000,19169280
159226,0x0004afa0,2341,0x0124a000,19177472
159227,0x0004afb0,2342,0x0124c000,19185664
159228,0x0004afc0,2343,0x0124e000,19193856
159229,0x0004afd0,2344,0x01250000,19202048
159230,0x0004afe0,2345,0x01252000,19210240
159231,0x0004aff0,2346,0x01254000,19218432
159232,0x0004b000,2347,0x01256000,19226624
159233,0x0004b010,2348,0x01258000,19234816
159235,0x0004b020,2349,0x0125a000,19243008
159236,0x0004b030,2350,0x0125c000,19251200
159237,0x0004b040,2351,0x0125e000,19259392
159238,0x0004b050,2352,0x01260000,19267584
159239,0x0004b060,2353,0x01262000,19275776
159240,0x0004b070,2354,0x01264000,19283968
159241,0x0004b080,2355,0x01266000,19292160
159242,0x0004b090,2356,0x01268000,19300352
159243,0x0004b0a0,2357,0x0126a000,19308544
159245,0x0004b0b0,2358,0x0126c000,19316736
159246,0x0004b0c0,2359,0x0126e000,19324928
159247,0x0004b0d0,2360,0x01270000,19333120
159248,0x0004b0e0,2361,0x01272000,19341312
159249,0x0004b0f0,2362,0x01274000,19349504
159251,0x0004b100,2363,0x01276000,19357696
159253,0x0004b110,2364,0x01278000,19365888
159255,0x0004b120,2365,0x0127a000,19374080
159256,0x0004b130,2366,0x0127c000,19382272
159257,0x0004b140,2367,0x0127e000,19390464
159258,0x0004b150,2368,0x01280000,19398656
159259,0x0004b160,2369,0x01282000,19406848
159260,0x0004b170,2370,0x01284000,19415040
159261,0x0004b180,2371,0x01286000,19423232
159262,0x0004b190,2372,0x01288000,19431424
159263,0x0004b1a0,2373,0x0128a000,19439616
159265,0x0004b1b0,2374,0x0128c000,19447808
159266,0x0004b1c0,2375,0x0128e000,19456000
159267,0x0004b1d0,2376,0x01290000,19464192
159268,0x0004b1e0,2377,0x01292000,19472384
159269,0x0004b1f0,2378,0x01294000,19480576
159270,0x0004b200,2379,0x01296000,19488768
159271,0x0004b210,2380,0x01298000,19496960
159272,0x0004b220,2381,0x0129a000,19505152
159273,0x0004b230,2382,0x0129c000,19513344
159275,0x0004b240,2383,0x0129e000,19521536
159276,0x0004b250,2384,0x012a0000,19529728
159277,0x0004b260,2385,0x012a2000,19537920
159278,0x0004b270,2386,0x012a4000,19546112
159279,0x0004b280,2387,0x012a6000,19554304
159280,0x0004b290,2388,0x012a8000,19562496
159281,0x0004b2a0,2389,0x012aa000,19570688
159283,0x0004b2b0,2390,0x012ac000,19578880
159285,0x0004b2c0,2391,0x012ae000,19587072
159286,0x0004b2d0,2392,0x012b0000,19595264
159287,0x0004b2e0,2393,0x012b2000,19603456
159288,0x0004b2f0,2394,0x012b4000,19611648
159289,0x0004b300,2395,0x012b6000,19619840
159290,0x0004b310,2396,0x012b8000,19628032
159291,0x0004b320,2397,0x012ba000,19636224
159292,0x0004b330,2398,0x012bc000,19644416
159293,0x0004b340,2399,0x012be000,19652608
159295,0x0004b350,2400,0x012c0000,19660800
159296,0x0004b360,2401,0x012c2000,19668992
159297,0x0004b370,2402,0x012c4000,19677184
159298,0x0004b380,2403,0x012c6000,19685376
159299,0x0004b390,2404,0x012c8000,19693568
159300,0x0004b3a0,2405,0x012ca000,19701760
159301,0x0004b3b0,2406,0x012cc000,19709952
159302,0x0004b3c0,2407,0x012ce000,19718144
159303,0x0004b3d0,2408,0x012d0000,19726336
159305,0x0004b3e0,2409,0x012d2000,19734528
159306,0x0004b3f0,2410,0x012d4000,19742720
159307,0x0004b400,2411,0x012d6000,19750912
159309,0x0004b410,2412,0x012d8000,19759104
159310,0x0004b420,2413,0x012da000,19767296
159311,0x0004b430,2414,0x012dc000,19775488
159312,0x0004b440,2415,0x012de000,19783680
159315,0x0004b450,2416,0x012e0000,19791872
159316,0x0004b460,2417,0x012e2000,19800064
159318,0x0004b470,2418,0x012e4000,19808256
159320,0x0004b480,2419,0x012e6000,19816448
159321,0x0004b490,2420,0x012e8000,19824640
159322,0x0004b4a0,2421,0x012ea000,19832832
159323,0x0004b4b0,2422,0x012ec000,19841024
159325,0x0004b4c0,2423,0x012ee000,19849216
159326,0x0004b4d0,2424,0x012f0000,19857408
159327,0x0004b4e0,2425,0x012f2000,19865600
159328,0x0004b4f0,2426,0x012f4000,19873792
159329,0x0004b500,2427,0x012f6000,19881984
159330,0x0004b510,2428,0x012f8000,19890176
159331,0x0004b520,2429,0x012fa000,19898368
159332,0x0004b530,2430,0x012fc000,19906560
159333,0x0004b540,2431,0x012fe000,19914752
159335,0x0004b550,2432,0x01300000,19922944
159336,0x0004b560,2433,0x01302000,19931136
159337,0x0004b570,2434,0x01304000,19939328
159338,0x0004b580,2435,0x01306000,19947520
159339,0x0004b590,2436,0x01308000,19955712
159350,0x0004b5a0,2437,0x0130a000,19963904
159351,0x0004b5b0,2438,0x0130c000,19972096
159352,0x0004b5c0,2439,0x0130e000,19980288
159353,0x0004b5d0,2440,0x01310000,19988480
159355,0x0004b5e0,2441,0x01312000,19996672
159356,0x0004b5f0,2442,0x01314000,20004864
159357,0x0004b600,2443,0x01316000,20013056
159358,0x0004b610,2444,0x01318000,20021248
159359,0x0004b620,2445,0x0131a000,20029440
159360,0x0004b630,2446,0x0131c000,20037632
159361,0x0004b640,2447,0x0131e000,20045824
159362,0x0004b650,2448,0x01320000,20054016
159363,0x0004b660,2449,0x01322000,20062208
159365,0x0004b670,2450,0x01324000,20070400
159366,0x0004b680,2451,0x01326000,20078592
159367,0x0004b690,2452,0x01328000,20086784
159368,0x0004b6a0,2453,0x0132a000,20094976
159369,0x0004b6b0,2454,0x0132c000,20103168
159370,0x0004b6c0,2455,0x0132e000,20111360
159371,0x0004b6d0,2456,0x01330000,20119552
159372,0x0004b6e0,2457,0x01332000,20127744
159373,0x0004b6f0,2458,0x01334000,20135936
159375,0x0004b700,2459,0x01336000,20144128
159376,0x0004b710,2460,0x01338000,20152320
159377,0x0004b720,2461,0x0133a000,20160512
159378,0x0004b730,2462,0x0133c000,20168704
159379,0x0004b740,2463,0x0133e000,20176896
159380,0x0004b750,2464,0x01340000,20185088
159381,0x0004b760,2465,0x01342000,20193280
159382,0x0004b770,2466,0x01344000,20201472
159383,0x0004b780,2467,0x01346000,20209664
159385,0x0004b790,2468,0x01348000,20217856
159386,0x0004b7a0,2469,0x0134a000,20226048
159387,0x0004b7b0,2470,0x0134c000,20234240
159388,0x0004b7c0,2471,0x0134e000,20242432
159389,0x0004b7d0,2472,0x01350000,20250624
159390,0x0004b7e0,2473,0x01352000,20258816
159391,0x0004b7f0,2474,0x01354000,20267008
159392,0x0004b800,2475,0x01356000,20275200
159393,0x0004b810,2476,0x01358000,20283392
159395,0x0004b820,2477,0x0135a000,20291584
159396,0x0004b830,2478,0x0135c000,20299776
159397,0x0004b840,2479,0x0135e000,20307968
159398,0x0004b850,2480,0x01360000,20316160
159399,0x0004b860,2481,0x01362000,20324352
159400,0x0004b870,2482,0x01364000,20332544
159500,0x0004b880,2483,0x01366000,20340736
159501,0x0004b890,2484,0x01368000,20348928
159502,0x0004b8a0,2485,0x0136a000,20357120
159505,0x0004b8b0,2486,0x0136c000,20365312
159506,0x0004b8c0,2487,0x0136e000,20373504
159507,0x0004b8d0,2488,0x01370000,20381696
159508,0x0004b8e0,2489,0x01372000,20389888
159509,0x0004b8f0,2490,0x01374000,20398080
159510,0x0004b900,2491,0x01376000,20406272
159511,0x0004b910,2492,0x01378000,20414464
159512,0x0004b920,2493,0x0137a000,20422656
159513,0x0004b930,2494,0x0137c000,20430848
159515,0x0004b940,2495,0x0137e000,20439040
159516,0x0004b950,2496,0x01380000,20447232
159517,0x0004b960,2497,0x01382000,20455424
159518,0x0004b970,2498,0x01384000,20463616
159519,0x0004b980,2499,0x01386000,20471808
159520,0x0004b990,2500,0x01388000,20480000
159521,0x0004b9a0,2501,0x0138a000,20488192
159523,0x0004b9b0,2502,0x0138c000,20496384
159525,0x0004b9c0,2503,0x0138e000,20504576
159526,0x0004b9d0,2504,0x01390000,20512768
159527,0x0004b9e0,2505,0x01392000,20520960
159528,0x0004b9f0,2506,0x01394000,20529152
159529,0x0004ba00,2507,0x01396000,20537344
159530,0x0004ba10,2508,0x01398000,20545536
159531,0x0004ba20,2509,0x0139a000,20553728
159532,0x0004ba30,2510,0x0139c000,20561920
159533,0x0004ba40,2511,0x0139e000,20570112
159535,0x0004ba50,2512,0x013a0000,20578304
159536,0x0004ba60,2513,0x013a2000,20586496
159537,0x0004ba70,2514,0x013a4000,20594688
159538,0x0004ba80,2515,0x013a6000,20602880
159539,0x0004ba90,2516,0x013a8000,20611072
159540,0x0004baa0,2517,0x013aa000,20619264
159541,0x0004bab0,2518,0x013ac000,20627456
159542,0x0004bac0,2519,0x013ae000,20635648
159543,0x0004bad0,2520,0x013b0000,20643840
159545,0x0004bae0,2521,0x013b2000,20652032
159546,0x0004baf0,2522,0x013b4000,20660224
159547,0x0004bb00,2523,0x013b6000,20668416
159549,0x0004bb10,2524,0x013b8000,20676608
159550,0x0004bb20,2525,0x013ba000,20684800
159551,0x0004bb30,2526,0x013bc000,20692992
159552,0x0004bb40,2527,0x013be000,20701184
159553,0x0004bb50,2528,0x013c0000,20709376
159555,0x0004bb60,2529,0x013c2000,20717568
159556,0x0004bb70,2530,0x013c4000,20725760
159557,0x0004bb80,2531,0x013c6000,20733952
159558,0x0004bb90,2532,0x013c8000,20742144
159559,0x0004bba0,2533,0x013ca000,20750336
159560,0x0004bbb0,2534,0x013cc000,20758528
159561,0x0004bbc0,2535,0x013ce000,20766720
159562,0x0004bbd0,2536,0x013d0000,20774912
159563,0x0004bbe0,2537,0x013d2000,20783104
159565,0x0004bbf0,2538,0x013d4000,20791296
159566,0x0004bc00,2539,0x013d6000,20799488
159567,0x0004bc10,2540,0x013d8000,20807680
159568,0x0004bc20,2541,0x013da000,20815872
159569,0x0004bc30,2542,0x013dc000,20824064
159570,0x0004bc40,2543,0x013de000,20832256
159571,0x0004bc50,2544,0x013e0000,20840448
159572,0x0004bc60,2545,0x013e2000,20848640
159573,0x0004bc70,2546,0x013e4000,20856832
159575,0x0004bc80,2547,0x013e6000,20865024
159576,0x0004bc90,2548,0x013e8000,20873216
159577,0x0004bca0,2549,0x013ea000,20881408
159578,0x0004bcb0,2550,0x013ec000,20889600
159581,0x0004bcc0,2551,0x013ee000,20897792
159582,0x0004bcd0,2552,0x013f0000,20905984
159583,0x0004bce0,2553,0x013f2000,20914176
159586,0x0004bcf0,2554,0x013f4000,20922368
159587,0x0004bd00,2555,0x013f6000,20930560
159588,0x0004bd10,2556,0x013f8000,20938752
159589,0x0004bd20,2557,0x013fa000,20946944
159590,0x0004bd30,2558,0x013fc000,20955136
159591,0x0004bd40,2559,0x013fe000,20963328
159592,0x0004bd50,2560,0x01400000,20971520
159593,0x0004bd60,2561,0x01402000,20979712
159595,0x0004bd70,2562,0x01404000,20987904
159596,0x0004bd80,2563,0x01406000,20996096
159597,0x0004bd90,2564,0x01408000,21004288
159599,0x0004bda0,2565,0x0140a000,21012480
159600,0x0004bdb0,2566,0x0140c000,21020672
159601,0x0004bdc0,2567,0x0140e000,21028864
159602,0x0004bdd0,2568,0x01410000,21037056
159603,0x0004bde0,2569,0x01412000,21045248
159605,0x0004bdf0,2570,0x01414000,21053440
159606,0x0004be00,2571,0x01416000,21061632
159607,0x0004be10,2572,0x01418000,21069824
159608,0x0004be20,2573,0x0141a000,21078016
159609,0x0004be30,2574,0x0141c000,21086208
159610,0x0004be40,2575,0x0141e000,21094400
159611,0x0004be50,2576,0x01420000,21102592
159612,0x0004be60,2577,0x01422000,21110784
159613,0x0004be70,2578,0x01424000,21118976
159615,0x0004be80,2579,0x01426000,21127168
159616,0x0004be90,2580,0x01428000,21135360
159617,0x0004bea0,2581,0x0142a000,21143552
159618,0x0004beb0,2582,0x0142c000,21151744
159619,0x0004bec0,2583,0x0142e000,21159936
159620,0x0004bed0,2584,0x01430000,21168128
159621,0x0004bee0,2585,0x01432000,21176320
159622,0x0004bef0,2586,0x01434000,21184512
159623,0x0004bf00,2587,0x01436000,21192704
159625,0x0004bf10,2588,0x01438000,21200896
159627,0x0004bf20,2589,0x0143a000,21209088
159628,0x0004bf30,2590,0x0143c000,21217280
159629,0x0004bf40,2591,0x0143e000,21225472
159630,0x0004bf50,2592,0x01440000,21233664
159631,0x0004bf60,2593,0x01442000,21241856
159632,0x0004bf70,2594,0x01444000,21250048
159633,0x0004bf80,2595,0x01446000,21258240
159635,0x0004bf90,2596,0x01448000,21266432
159636,0x0004bfa0,2597,0x0144a000,21274624
159637,0x0004bfb0,2598,0x0144c000,21282816
159638,0x0004bfc0,2599,0x0144e000,21291008
159639,0x0004bfd0,2600,0x01450000,21299200
159640,0x0004bfe0,2601,0x01452000,21307392
159641,0x0004bff0,2602,0x01454000,21315584
159642,0x0004c000,2603,0x01456000,21323776
159643,0x0004c010,2604,0x01458000,21331968
159645,0x0004c020,2605,0x0145a000,21340160
159647,0x0004c030,2606,0x0145c000,21348352
159649,0x0004c040,2607,0x0145e000,21356544
159650,0x0004c050,2608,0x01460000,21364736
159651,0x0004c060,2609,0x01462000,21372928
159652,0x0004c070,2610,0x01464000,21381120
159653,0x0004c080,2611,0x01466000,21389312
159655,0x0004c090,2612,0x01468000,21397504
159656,0x0004c0a0,2613,0x0146a000,21405696
159657,0x0004c0b0,2614,0x0146c000,21413888
159658,0x0004c0c0,2615,0x0146e000,21422080
159659,0x0004c0d0,2616,0x01470000,21430272
159660,0x0004c0e0,2617,0x01472000,21438464
159661,0x0004c0f0,2618,0x01474000,21446656
159662,0x0004c100,2619,0x01476000,21454848
159663,0x0004c110,2620,0x01478000,21463040
159665,0x0004c120,2621,0x0147a000,21471232
159666,0x0004c130,2622,0x0147c000,21479424
159667,0x0004c140,2623,0x0147e000,21487616
159669,0x0004c150,2624,0x01480000,21495808
159670,0x0004c160,2625,0x01482000,21504000
159671,0x0004c170,2626,0x01484000,21512192
159672,0x0004c180,2627,0x01486000,21520384
159673,0x0004c190,2628,0x01488000,21528576
159675,0x0004c1a0,2629,0x0148a000,21536768
159676,0x0004c1b0,2630,0x0148c000,21544960
159677,0x0004c1c0,2631,0x0148e000,21553152
159678,0x0004c1d0,2632,0x01490000,21561344
159679,0x0004c1e0,2633,0x01492000,21569536
159680,0x0004c1f0,2634,0x01494000,21577728
159681,0x0004c200,2635,0x01496000,21585920
159682,0x0004c210,2636,0x01498000,21594112
159685,0x0004c220,2637,0x0149a000,21602304
159686,0x0004c230,2638,0x0149c000,21610496
159687,0x0004c240,2639,0x0149e000,21618688
159688,0x0004c250,2640,0x014a0000,21626880
159689,0x0004c260,2641,0x014a2000,21635072
159690,0x0004c270,2642,0x014a4000,21643264
159691,0x0004c280,2643,0x014a6000,21651456
159692,0x0004c290,2644,0x014a8000,21659648
159695,0x0004c2a0,2645,0x014aa000,21667840
159696,0x0004c2b0,2646,0x014ac000,21676032
159697,0x0004c2c0,2647,0x014ae000,21684224
159698,0x0004c2d0,2648,0x014b0000,21692416
159699,0x0004c2e0,2649,0x014b2000,21700608
159700,0x0004c2f0,2650,0x014b4000,21708800
159701,0x0004c300,2651,0x014b6000,21716992
159703,0x0004c310,2652,0x014b8000,21725184
159706,0x0004c320,2653,0x014ba000,21733376
159707,0x0004c330,2654,0x014bc000,21741568
159708,0x0004c340,2655,0x014be000,21749760
159709,0x0004c350,2656,0x014c0000,21757952
159711,0x0004c360,2657,0x014c2000,21766144
159712,0x0004c370,2658,0x014c4000,21774336
159713,0x0004c380,2659,0x014c6000,21782528
159715,0x0004c390,2660,0x014c8000,21790720
159716,0x0004c3a0,2661,0x014ca000,21798912
159717,0x0004c3b0,2662,0x014cc000,21807104
159718,0x0004c3c0,2663,0x014ce000,21815296
159719,0x0004c3d0,2664,0x014d0000,21823488
159720,0x0004c3e0,2665,0x014d2000,21831680
159721,0x0004c3f0,2666,0x014d4000,21839872
159723,0x0004c400,2667,0x014d6000,21848064
159725,0x0004c410,2668,0x014d8000,21856256
159726,0x0004c420,2669,0x014da000,21864448
159728,0x0004c430,2670,0x014dc000,21872640
159729,0x0004c440,2671,0x014de000,21880832
159730,0x0004c450,2672,0x014e0000,21889024
159731,0x0004c460,2673,0x014e2000,21897216
159732,0x0004c470,2674,0x014e4000,21905408
159735,0x0004c480,2675,0x014e6000,21913600
159736,0x0004c490,2676,0x014e8000,21921792
159738,0x0004c4a0,2677,0x014ea000,21929984
159739,0x0004c4b0,2678,0x014ec000,21938176
159740,0x0004c4c0,2679,0x014ee000,21946368
159741,0x0004c4d0,2680,0x014f0000,21954560
159742,0x0004c4e0,2681,0x014f2000,21962752
159743,0x0004c4f0,2682,0x014f4000,21970944
159745,0x0004c500,2683,0x014f6000,21979136
159747,0x0004c510,2684,0x014f8000,21987328
159748,0x0004c520,2685,0x014fa000,21995520
159750,0x0004c530,2686,0x014fc000,22003712
159751,0x0004c540,2687,0x014fe000,22011904
159752,0x0004c550,2688,0x01500000,22020096
159755,0x0004c560,2689,0x01502000,22028288
159757,0x0004c570,2690,0x01504000,22036480
159758,0x0004c580,2691,0x01506000,22044672
159760,0x0004c590,2692,0x01508000,22052864
159761,0x0004c5a0,2693,0x0150a000,22061056
159763,0x0004c5b0,2694,0x0150c000,22069248
159766,0x0004c5c0,2695,0x0150e000,22077440
159767,0x0004c5d0,2696,0x01510000,22085632
159768,0x0004c5e0,2697,0x01512000,22093824
159770,0x0004c5f0,2698,0x01514000,22102016
159773,0x0004c600,2699,0x01516000,22110208
159775,0x0004c610,2700,0x01518000,22118400
159776,0x0004c620,2701,0x0151a000,22126592
159777,0x0004c630,2702,0x0151c000,22134784
159778,0x0004c640,2703,0x0151e000,22142976
159779,0x0004c650,2704,0x01520000,22151168
159780,0x0004c660,2705,0x01522000,22159360
159781,0x0004c670,2706,0x01524000,22167552
159782,0x0004c680,2707,0x01526000,22175744
159783,0x0004c690,2708,0x01528000,22183936
159786,0x0004c6a0,2709,0x0152a000,22192128
159787,0x0004c6b0,2710,0x0152c000,22200320
159788,0x0004c6c0,2711,0x0152e000,22208512
159790,0x0004c6d0,2712,0x01530000,22216704
159791,0x0004c6e0,2713,0x01532000,22224896
159792,0x0004c6f0,2714,0x01534000,22233088
159793,0x0004c700,2715,0x01536000,22241280
159795,0x0004c710,2716,0x01538000,22249472
159796,0x0004c720,2717,0x0153a000,22257664
159797,0x0004c730,2718,0x0153c000,22265856
159798,0x0004c740,2719,0x0153e000,22274048
159800,0x0004c750,2720,0x01540000,22282240
159801,0x0004c760,2721,0x01542000,22290432
159804,0x0004c770,2722,0x01544000,22298624
159805,0x0004c780,2723,0x01546000,22306816
159806,0x0004c790,2724,0x01548000,22315008
159807,0x0004c7a0,2725,0x0154a000,22323200
159808,0x0004c7b0,2726,0x0154c000,22331392
159810,0x0004c7c0,2727,0x0154e000,22339584
159811,0x0004c7d0,2728,0x01550000,22347776
159812,0x0004c7e0,2729,0x01552000,22355968
159813,0x0004c7f0,2730,0x01554000,22364160
159814,0x0004c800,2731,0x01556000,22372352
159816,0x0004c810,2732,0x01558000,22380544
159819,0x0004c820,2733,0x0155a000,22388736
159820,0x0004c830,2734,0x0155c000,22396928
159821,0x0004c840,2735,0x0155e000,22405120
159822,0x0004c850,2736,0x01560000,22413312
159824,0x0004c860,2737,0x01562000,22421504
159825,0x0004c870,2738,0x01564000,22429696
159827,0x0004c880,2739,0x01566000,22437888
159828,0x0004c890,2740,0x01568000,22446080
159830,0x0004c8a0,2741,0x0156a000,22454272
159831,0x0004c8b0,2742,0x0156c000,22462464
159834,0x0004c8c0,2743,0x0156e000,22470656
159835,0x0004c8d0,2744,0x01570000,22478848
159836,0x0004c8e0,2745,0x01572000,22487040
159837,0x0004c8f0,2746,0x01574000,22495232
159838,0x0004c900,2747,0x01576000,22503424
159839,0x0004c910,2748,0x01578000,22511616
159840,0x0004c920,2749,0x0157a000,22519808
159841,0x0004c930,2750,0x0157c000,22528000
159842,0x0004c940,2751,0x0157e000,22536192
159843,0x0004c950,2752,0x01580000,22544384
159845,0x0004c960,2753,0x01582000,22552576
159847,0x0004c970,2754,0x01584000,22560768
159848,0x0004c980,2755,0x01586000,22568960
159849,0x0004c990,2756,0x01588000,22577152
159850,0x0004c9a0,2757,0x0158a000,22585344
159851,0x0004c9b0,2758,0x0158c000,22593536
159852,0x0004c9c0,2759,0x0158e000,22601728
159855,0x0004c9d0,2760,0x01590000,22609920
159856,0x0004c9e0,2761,0x01592000,22618112
159857,0x0004c9f0,2762,0x01594000,22626304
159858,0x0004ca00,2763,0x01596000,22634496
159859,0x0004ca10,2764,0x01598000,22642688
159861,0x0004ca20,2765,0x0159a000,22650880
159862,0x0004ca30,2766,0x0159c000,22659072
159863,0x0004ca40,2767,0x0159e000,22667264
159864,0x0004ca50,2768,0x015a0000,22675456
159865,0x0004ca60,2769,0x015a2000,22683648
159866,0x0004ca70,2770,0x015a4000,22691840
159867,0x0004ca80,2771,0x015a6000,22700032
159869,0x0004ca90,2772,0x015a8000,22708224
159870,0x0004caa0,2773,0x015aa000,22716416
159871,0x0004cab0,2774,0x015ac000,22724608
159872,0x0004cac0,2775,0x015ae000,22732800
159873,0x0004cad0,2776,0x015b0000,22740992
159875,0x0004cae0,2777,0x015b2000,22749184
159876,0x0004caf0,2778,0x015b4000,22757376
159877,0x0004cb00,2779,0x015b6000,22765568
159880,0x0004cb10,2780,0x015b8000,22773760
159881,0x0004cb20,2781,0x015ba000,22781952
159883,0x0004cb30,2782,0x015bc000,22790144
159885,0x0004cb40,2783,0x015be000,22798336
159886,0x0004cb50,2784,0x015c0000,22806528
159887,0x0004cb60,2785,0x015c2000,22814720
159888,0x0004cb70,2786,0x015c4000,22822912
159889,0x0004cb80,2787,0x015c6000,22831104
159890,0x0004cb90,2788,0x015c8000,22839296
159891,0x0004cba0,2789,0x015ca000,22847488
159892,0x0004cbb0,2790,0x015cc000,22855680
159895,0x0004cbc0,2791,0x015ce000,22863872
159896,0x0004cbd0,2792,0x015d0000,22872064
159898,0x0004cbe0,2793,0x015d2000,22880256
159899,0x0004cbf0,2794,0x015d4000,22888448
159901,0x0004cc00,2795,0x015d6000,22896640
159902,0x0004cc10,2796,0x015d8000,22904832
159903,0x0004cc20,2797,0x015da000,22913024
159905,0x0004cc30,2798,0x015dc000,22921216
159906,0x0004cc40,2799,0x015de000,22929408
159907,0x0004cc50,2800,0x015e0000,22937600
159908,0x0004cc60,2801,0x015e2000,22945792
159909,0x0004cc70,2802,0x015e4000,22953984
159910,0x0004cc80,2803,0x015e6000,22962176
159912,0x0004cc90,2804,0x015e8000,22970368
159913,0x0004cca0,2805,0x015ea000,22978560
159915,0x0004ccb0,2806,0x015ec000,22986752
159916,0x0004ccc0,2807,0x015ee000,22994944
159918,0x0004ccd0,2808,0x015f0000,23003136
159919,0x0004cce0,2809,0x015f2000,23011328
159920,0x0004ccf0,2810,0x015f4000,23019520
159922,0x0004cd00,2811,0x015f6000,23027712
159923,0x0004cd10,2812,0x015f8000,23035904
159925,0x0004cd20,2813,0x015fa000,23044096
159928,0x0004cd30,2814,0x015fc000,23052288
159929,0x0004cd40,2815,0x015fe000,23060480
159930,0x0004cd50,2816,0x01600000,23068672
159931,0x0004cd60,2817,0x01602000,23076864
159933,0x0004cd70,2818,0x01604000,23085056
159934,0x0004cd80,2819,0x01606000,23093248
159935,0x0004cd90,2820,0x01608000,23101440
159936,0x0004cda0,2821,0x0160a000,23109632
159937,0x0004cdb0,2822,0x0160c000,23117824
159938,0x0004cdc0,2823,0x0160e000,23126016
159939,0x0004cdd0,2824,0x01610000,23134208
159940,0x0004cde0,2825,0x01612000,23142400
159941,0x0004cdf0,2826,0x01614000,23150592
159943,0x0004ce00,2827,0x01616000,23158784
159944,0x0004ce10,2828,0x01618000,23166976
159945,0x0004ce20,2829,0x0161a000,23175168
159948,0x0004ce30,2830,0x0161c000,23183360
159949,0x0004ce40,2831,0x0161e000,23191552
159952,0x0004ce50,2832,0x01620000,23199744
159954,0x0004ce60,2833,0x01622000,23207936
159956,0x0004ce70,2834,0x01624000,23216128
159957,0x0004ce80,2835,0x01626000,23224320
159958,0x0004ce90,2836,0x01628000,23232512
159959,0x0004cea0,2837,0x0162a000,23240704
159960,0x0004ceb0,2838,0x0162c000,23248896
159961,0x0004cec0,2839,0x0162e000,23257088
159964,0x0004ced0,2840,0x01630000,23265280
159965,0x0004cee0,2841,0x01632000,23273472
159966,0x0004cef0,2842,0x01634000,23281664
159967,0x0004cf00,2843,0x01636000,23289856
159968,0x0004cf10,2844,0x01638000,23298048
159970,0x0004cf20,2845,0x0163a000,23306240
159971,0x0004cf30,2846,0x0163c000,23314432
159972,0x0004cf40,2847,0x0163e000,23322624
159973,0x0004cf50,2848,0x01640000,23330816
159974,0x0004cf60,2849,0x01642000,23339008
159975,0x0004cf70,2850,0x01644000,23347200
159976,0x0004cf80,2851,0x01646000,23355392
159977,0x0004cf90,2852,0x01648000,23363584
159980,0x0004cfa0,2853,0x0164a000,23371776
159981,0x0004cfb0,2854,0x0164c000,23379968
159982,0x0004cfc0,2855,0x0164e000,23388160
159985,0x0004cfd0,2856,0x01650000,23396352
159991,0x0004cfe0,2857,0x01652000,23404544
159992,0x0004cff0,2858,0x01654000,23412736
159993,0x0004d000,2859,0x01656000,23420928
159994,0x0004d010,2860,0x01658000,23429120
159995,0x0004d020,2861,0x0165a000,23437312
159996,0x0004d030,2862,0x0165c000,23445504
159997,0x0004d040,2863,0x0165e000,23453696
159998,0x0004d050,2864,0x01660000,23461888
160105,0x0004d060,2865,0x01662000,23470080
160106,0x0004d070,2866,0x01664000,23478272
160119,0x0004d080,2867,0x01666000,23486464
160125,0x0004d090,2868,0x01668000,23494656
160127,0x0004d0a0,2869,0x0166a000,23502848
160128,0x0004d0b0,2870,0x0166c000,23511040
160133,0x0004d0c0,2871,0x0166e000,23519232
160135,0x0004d0d0,2872,0x01670000,23527424
160140,0x0004d0e0,2873,0x01672000,23535616
160142,0x0004d0f0,2874,0x01674000,23543808
160143,0x0004d100,2875,0x01676000,23552000
160211,0x0004d110,2876,0x01678000,23560192
160212,0x0004d120,2877,0x0167a000,23568384
160215,0x0004d130,2878,0x0167c000,23576576
160216,0x0004d140,2879,0x0167e000,23584768
160218,0x0004d150,2880,0x01680000,23592960
160219,0x0004d160,2881,0x01682000,23601152
160220,0x0004d170,2882,0x01684000,23609344
160221,0x0004d180,2883,0x01686000,23617536
160222,0x0004d190,2884,0x01688000,23625728
160223,0x0004d1a0,2885,0x0168a000,23633920
160225,0x0004d1b0,2886,0x0168c000,23642112
160311,0x0004d1c0,2887,0x0168e000,23650304
160314,0x0004d1d0,2888,0x01690000,23658496
160322,0x0004d1e0,2889,0x01692000,23666688
160323,0x0004d1f0,2890,0x01694000,23674880
160324,0x0004d200,2891,0x01696000,23683072
160325,0x0004d210,2892,0x01698000,23691264
160326,0x0004d220,2893,0x0169a000,23699456
160416,0x0004d230,2894,0x0169c000,23707648
160421,0x0004d240,2895,0x0169e000,23715840
160505,0x0004d250,2896,0x016a0000,23724032
160512,0x0004d260,2897,0x016a2000,23732224
160513,0x0004d270,2898,0x016a4000,23740416
160515,0x0004d280,2899,0x016a6000,23748608
160518,0x0004d290,2900,0x016a8000,23756800
160526,0x0004d2a0,4571,0x023b6000,37445632
160527,0x0004d2b0,2901,0x016aa000,23764992
160529,0x0004d2c0,2902,0x016ac000,23773184
160607,0x0004d2d0,2903,0x016ae000,23781376
160610,0x0004d2e0,2904,0x016b0000,23789568
160611,0x0004d2f0,2905,0x016b2000,23797760
160613,0x0004d300,2906,0x016b4000,23805952
160615,0x0004d310,2907,0x016b6000,23814144
160616,0x0004d320,2908,0x016b8000,23822336
160617,0x0004d330,2909,0x016ba000,23830528
160620,0x0004d340,2910,0x016bc000,23838720
160622,0x0004d350,2911,0x016be000,23846912
160625,0x0004d360,2912,0x016c0000,23855104
160626,0x0004d370,2913,0x016c2000,23863296
160628,0x0004d380,2914,0x016c4000,23871488
160629,0x0004d390,2915,0x016c6000,23879680
160630,0x0004d3a0,2916,0x016c8000,23887872
160631,0x0004d3b0,2917,0x016ca000,23896064
160632,0x0004d3c0,2918,0x016cc000,23904256
160633,0x0004d3d0,2919,0x016ce000,23912448
160635,0x0004d3e0,2920,0x016d0000,23920640
160637,0x0004d3f0,2921,0x016d2000,23928832
160638,0x0004d400,2922,0x016d4000,23937024
160639,0x0004d410,2923,0x016d6000,23945216
160641,0x0004d420,2924,0x016d8000,23953408
160642,0x0004d430,2925,0x016da000,23961600
160643,0x0004d440,2926,0x016dc000,23969792
160644,0x0004d450,2927,0x016de000,23977984
160706,0x0004d460,2928,0x016e0000,23986176
160716,0x0004d470,2929,0x016e2000,23994368
160717,0x0004d480,2930,0x016e4000,24002560
160719,0x0004d490,2931,0x016e6000,24010752
160722,0x0004d4a0,2932,0x016e8000,24018944
160723,0x0004d4b0,2933,0x016ea000,24027136
160726,0x0004d4c0,2934,0x016ec000,24035328
160805,0x0004d4d0,2935,0x016ee000,24043520
160806,0x0004d4e0,2936,0x016f0000,24051712
160807,0x0004d4f0,2937,0x016f2000,24059904
160812,0x0004d500,2938,0x016f4000,24068096
160813,0x0004d510,2939,0x016f6000,24076288
160910,0x0004d520,2940,0x016f8000,24084480
160916,0x0004d530,2941,0x016fa000,24092672
160918,0x0004d540,2942,0x016fc000,24100864
160919,0x0004d550,2943,0x016fe000,24109056
160921,0x0004d560,2944,0x01700000,24117248
160924,0x0004d570,2945,0x01702000,24125440
160925,0x0004d580,2946,0x01704000,24133632
160926,0x0004d590,2947,0x01706000,24141824
161005,0x0004d5a0,2948,0x01708000,24150016
161010,0x0004d5b0,2949,0x0170a000,24158208
161014,0x0004d5c0,4572,0x023b8000,37453824
161017,0x0004d5d0,2950,0x0170c000,24166400
161019,0x0004d5e0,4573,0x023ba000,37462016
161024,0x0004d5f0,2951,0x0170e000,24174592
161025,0x0004d600,2952,0x01710000,24182784
161026,0x0004d610,2953,0x01712000,24190976
161027,0x0004d620,2954,0x01714000,24199168
161028,0x0004d630,2955,0x01716000,24207360
161029,0x0004d640,2956,0x01718000,24215552
161030,0x0004d650,2957,0x0171a000,24223744
161031,0x0004d660,2958,0x0171c000,24231936
161032,0x0004d670,2959,0x0171e000,24240128
161033,0x0004d680,2960,0x01720000,24248320
161035,0x0004d690,2961,0x01722000,24256512
161036,0x0004d6a0,2962,0x01724000,24264704
161037,0x0004d6b0,2963,0x01726000,24272896
161038,0x0004d6c0,2964,0x01728000,24281088
161039,0x0004d6d0,2965,0x0172a000,24289280
161040,0x0004d6e0,2966,0x0172c000,24297472
161115,0x0004d6f0,2967,0x0172e000,24305664
161116,0x0004d700,2968,0x01730000,24313856
161117,0x0004d710,2969,0x01732000,24322048
161118,0x0004d720,2970,0x01734000,24330240
161119,0x0004d730,2971,0x01736000,24338432
161121,0x0004d740,2972,0x01738000,24346624
161122,0x0004d750,2973,0x0173a000,24354816
161123,0x0004d760,2974,0x0173c000,24363008
161124,0x0004d770,2975,0x0173e000,24371200
161125,0x0004d780,2976,0x01740000,24379392
161126,0x0004d790,2977,0x01742000,24387584
161127,0x0004d7a0,2978,0x01744000,24395776
161128,0x0004d7b0,2979,0x01746000,24403968
161129,0x0004d7c0,2980,0x01748000,24412160
161130,0x0004d7d0,2981,0x0174a000,24420352
161131,0x0004d7e0,2982,0x0174c000,24428544
161132,0x0004d7f0,2983,0x0174e000,24436736
161133,0x0004d800,2984,0x01750000,24444928
161216,0x0004d810,2985,0x01752000,24453120
161217,0x0004d820,2986,0x01754000,24461312
161222,0x0004d830,2987,0x01756000,24469504
161224,0x0004d840,2989,0x0175a000,24485888
161225,0x0004d850,2990,0x0175c000,24494080
161226,0x0004d860,2991,0x0175e000,24502272
161227,0x0004d870,2992,0x01760000,24510464
161229,0x0004d880,2993,0x01762000,24518656
161232,0x0004d890,2994,0x01764000,24526848
161505,0x0004d8a0,2995,0x01766000,24535040
161607,0x0004d8b0,4574,0x023bc000,37470208
161610,0x0004d8c0,2997,0x0176a000,24551424
161614,0x0004d8d0,4575,0x023be000,37478400
161626,0x0004d8e0,2998,0x0176c000,24559616
161631,0x0004d8f0,2999,0x0176e000,24567808
161713,0x0004d900,3000,0x01770000,24576000
161715,0x0004d910,3001,0x01772000,24584192
161716,0x0004d920,3003,0x01776000,24600576
161720,0x0004d930,3004,0x01778000,24608768
161722,0x0004d940,3005,0x0177a000,24616960
161724,0x0004d950,3006,0x0177c000,24625152
161725,0x0004d960,3007,0x0177e000,24633344
161726,0x0004d970,3008,0x01780000,24641536
161727,0x0004d980,3009,0x01782000,24649728
161728,0x0004d990,3010,0x01784000,24657920
161729,0x0004d9a0,3011,0x01786000,24666112
161810,0x0004d9b0,3012,0x01788000,24674304
161811,0x0004d9c0,3013,0x0178a000,24682496
161812,0x0004d9d0,3014,0x0178c000,24690688
161815,0x0004d9e0,3015,0x0178e000,24698880
161816,0x0004d9f0,3016,0x01790000,24707072
161820,0x0004da00,3017,0x01792000,24715264
161831,0x0004da10,3018,0x01794000,24723456
161834,0x0004da20,3019,0x01796000,24731648
161903,0x0004da30,3020,0x01798000,24739840
161908,0x0004da40,3021,0x0179a000,24748032
161912,0x0004da50,3023,0x0179e000,24764416
161914,0x0004da60,3024,0x017a0000,24772608
162006,0x0004da70,3025,0x017a2000,24780800
162105,0x0004da80,3026,0x017a4000,24788992
162108,0x0004da90,4576,0x023c0000,37486592
162207,0x0004daa0,3027,0x017a6000,24797184
162215,0x0004dab0,3028,0x017a8000,24805376
162216,0x0004dac0,3029,0x017aa000,24813568
162307,0x0004dad0,3030,0x017ac000,24821760
162411,0x0004dae0,3031,0x017ae000,24829952
162412,0x0004daf0,3032,0x017b0000,24838144
162414,0x0004db00,3033,0x017b2000,24846336
162415,0x0004db10,3034,0x017b4000,24854528
162509,0x0004db20,3035,0x017b6000,24862720
162605,0x0004db30,3036,0x017b8000,24870912
162607,0x0004db40,3037,0x017ba000,24879104
162703,0x0004db50,3038,0x017bc000,24887296
162711,0x0004db60,3039,0x017be000,24895488
162712,0x0004db70,3040,0x017c0000,24903680
162715,0x0004db80,3041,0x017c2000,24911872
162719,0x0004db90,3042,0x017c4000,24920064
162720,0x0004dba0,3043,0x017c6000,24928256
162721,0x0004dbb0,4577,0x023c2000,37494784
163001,0x0004dbc0,3044,0x017c8000,24936448
163003,0x0004dbd0,3045,0x017ca000,24944640
163005,0x0004dbe0,4578,0x023c4000,37502976
163109,0x0004dbf0,3046,0x017cc000,24952832
163110,0x0004dc00,3047,0x017ce000,24961024
163111,0x0004dc10,3048,0x017d0000,24969216
163113,0x0004dc20,3049,0x017d2000,24977408
163114,0x0004dc30,3050,0x017d4000,24985600
163115,0x0004dc40,3051,0x017d6000,24993792
163116,0x0004dc50,3052,0x017d8000,25001984
163118,0x0004dc60,3053,0x017da000,25010176
163208,0x0004dc70,3054,0x017dc000,25018368
163302,0x0004dc80,3055,0x017de000,25026560
163402,0x0004dc90,3056,0x017e0000,25034752
163406,0x0004dca0,3057,0x017e2000,25042944
163407,0x0004dcb0,3058,0x017e4000,25051136
163409,0x0004dcc0,3059,0x017e6000,25059328
163412,0x0004dcd0,3060,0x017e8000,25067520
163415,0x0004dce0,3061,0x017ea000,25075712
163417,0x0004dcf0,3062,0x017ec000,25083904
163418,0x0004dd00,3063,0x017ee000,25092096
163503,0x0004dd10,3064,0x017f0000,25100288
163801,0x0004dd20,3065,0x017f2000,25108480
163819,0x0004dd30,4579,0x023c6000,37511168
163821,0x0004dd40,3066,0x017f4000,25116672
163907,0x0004dd50,3067,0x017f6000,25124864
164105,0x0004dd60,3068,0x017f8000,25133056
164206,0x0004dd70,3069,0x017fa000,25141248
164208,0x0004dd80,3070,0x017fc000,25149440
164210,0x0004dd90,4580,0x023c8000,37519360
164403,0x0004dda0,3071,0x017fe000,25157632
164508,0x0004ddb0,3072,0x01800000,25165824
164509,0x0004ddc0,3073,0x01802000,25174016
164606,0x0004ddd0,4581,0x023ca000,37527552
164701,0x0004dde0,3074,0x01804000,25182208
164703,0x0004ddf0,3075,0x01806000,25190400
164705,0x0004de00,3076,0x01808000,25198592
164808,0x0004de10,3077,0x0180a000,25206784
164810,0x0004de20,4582,0x023cc000,37535744
164814,0x0004de30,3078,0x0180c000,25214976
164824,0x0004de40,3079,0x0180e000,25223168
164902,0x0004de50,4583,0x023ce000,37543936
164906,0x0004de60,3080,0x01810000,25231360
165309,0x0004de70,3081,0x01812000,25239552
165313,0x0004de80,3082,0x01814000,25247744
165508,0x0004de90,3084,0x01818000,25264128
165509,0x0004dea0,3085,0x0181a000,25272320
165511,0x0004deb0,3086,0x0181c000,25280512
165513,0x0004dec0,3087,0x0181e000,25288704
165515,0x0004ded0,3088,0x01820000,25296896
165516,0x0004dee0,3089,0x01822000,25305088
165519,0x0004def0,3091,0x01826000,25321472
165520,0x0004df00,3092,0x01828000,25329664
165521,0x0004df10,3094,0x0182c000,25346048
165522,0x0004df20,3095,0x0182e000,25354240
165525,0x0004df30,3096,0x01830000,25362432
165528,0x0004df40,3097,0x01832000,25370624
166001,0x0004df50,3098,0x01834000,25378816
166006,0x0004df60,3099,0x01836000,25387008
166008,0x0004df70,3100,0x01838000,25395200
166009,0x0004df80,3101,0x0183a000,25403392
166011,0x0004df90,3102,0x0183c000,25411584
166016,0x0004dfa0,3103,0x0183e000,25419776
166023,0x0004dfb0,3104,0x01840000,25427968
166024,0x0004dfc0,3105,0x01842000,25436160
166025,0x0004dfd0,3106,0x01844000,25444352
166027,0x0004dfe0,3107,0x01846000,25452544
166105,0x0004dff0,3108,0x01848000,25460736
166107,0x0004e000,3109,0x0184a000,25468928
167001,0x0004e010,3110,0x0184c000,25477120
167002,0x0004e020,3111,0x0184e000,25485312
167003,0x0004e030,3112,0x01850000,25493504
167301,0x0004e040,3113,0x01852000,25501696
167302,0x0004e050,3114,0x01854000,25509888
167501,0x0004e060,4584,0x023d0000,37552128
167506,0x0004e070,3115,0x01856000,25518080
167508,0x0004e080,4585,0x023d2000,37560320
168101,0x0004e090,3116,0x01858000,25526272
168102,0x0004e0a0,3117,0x0185a000,25534464
168104,0x0004e0b0,3118,0x0185c000,25542656
168105,0x0004e0c0,3119,0x0185e000,25550848
168203,0x0004e0d0,3120,0x01860000,25559040
168204,0x0004e0e0,3121,0x01862000,25567232
168301,0x0004e0f0,3122,0x01864000,25575424
168401,0x0004e100,3123,0x01866000,25583616
168701,0x0004e110,3124,0x01868000,25591808
169101,0x0004e120,3125,0x0186a000,25600000
169104,0x0004e130,3126,0x0186c000,25608192
169106,0x0004e140,3127,0x0186e000,25616384
169201,0x0004e150,3128,0x01870000,25624576
395001,0x0004e160,3130,0x01874000,25640960
395002,0x0004e170,3131,0x01876000,25649152
395004,0x0004e180,3132,0x01878000,25657344
395012,0x0004e190,3133,0x0187a000,25665536
395013,0x0004e1a0,3134,0x0187c000,25673728
395015,0x0004e1b0,3135,0x0187e000,25681920
395032,0x0004e1c0,3136,0x01880000,25690112
395033,0x0004e1d0,3137,0x01882000,25698304
395034,0x0004e1e0,3138,0x01884000,25706496
395099,0x0004e1f0,3139,0x01886000,25714688
300001,0x0004e200,3140,0x01888000,25722880
300002,0x0004e210,3141,0x0188a000,25731072
300003,0x0004e220,3142,0x0188c000,25739264
300004,0x0004e230,3143,0x0188e000,25747456
300043,0x0004e240,3178,0x018d4000,26034176
300045,0x0004e250,3180,0x018d8000,26050560
300046,0x0004e260,3181,0x018da000,26058752
300047,0x0004e270,3182,0x018dc000,26066944
300048,0x0004e280,3183,0x018de000,26075136
300049,0x0004e290,3184,0x018e0000,26083328
300050,0x0004e2a0,3185,0x018e2000,26091520
300051,0x0004e2b0,3186,0x018e4000,26099712
300052,0x0004e2c0,3187,0x018e6000,26107904
300053,0x0004e2d0,3188,0x018e8000,26116096
300054,0x0004e2e0,3189,0x018ea000,26124288
300055,0x0004e2f0,3190,0x018ec000,26132480
300056,0x0004e300,3191,0x018ee000,26140672
300057,0x0004e310,3192,0x018f0000,26148864
300058,0x0004e320,3193,0x018f2000,26157056
300059,0x0004e330,3194,0x018f4000,26165248
300061,0x0004e340,3195,0x018f6000,26173440
300062,0x0004e350,3196,0x018f8000,26181632
300063,0x0004e360,3197,0x018fa000,26189824
300065,0x0004e370,3198,0x018fc000,26198016
300066,0x0004e380,3199,0x018fe000,26206208
300067,0x0004e390,3200,0x01900000,26214400
300068,0x0004e3a0,3201,0x01902000,26222592
300069,0x0004e3b0,3202,0x01904000,26230784
300070,0x0004e3c0,3203,0x01906000,26238976
300071,0x0004e3d0,3204,0x01908000,26247168
300072,0x0004e3e0,3205,0x0190a000,26255360
300073,0x0004e3f0,3206,0x0190c000,26263552
300074,0x0004e400,3207,0x0190e000,26271744
300075,0x0004e410,3208,0x01910000,26279936
300076,0x0004e420,3209,0x01912000,26288128
300077,0x0004e430,3210,0x01914000,26296320
300078,0x0004e440,3211,0x01916000,26304512
300079,0x0004e450,3212,0x01918000,26312704
300080,0x0004e460,3213,0x0191a000,26320896
300081,0x0004e470,3214,0x0191c000,26329088
300082,0x0004e480,3215,0x0191e000,26337280
300083,0x0004e490,3216,0x01920000,26345472
300084,0x0004e4a0,3217,0x01922000,26353664
300085,0x0004e4b0,3218,0x01924000,26361856
300086,0x0004e4c0,3219,0x01926000,26370048
300087,0x0004e4d0,3220,0x01928000,26378240
300088,0x0004e4e0,3221,0x0192a000,26386432
300091,0x0004e4f0,3222,0x0192c000,26394624
300092,0x0004e500,3223,0x0192e000,26402816
300093,0x0004e510,3224,0x01930000,26411008
300094,0x0004e520,3225,0x01932000,26419200
300095,0x0004e530,3226,0x01934000,26427392
300096,0x0004e540,3227,0x01936000,26435584
300097,0x0004e550,3228,0x01938000,26443776
300098,0x0004e560,3229,0x0193a000,26451968
300099,0x0004e570,3230,0x0193c000,26460160
300100,0x0004e580,3231,0x0193e000,26468352
300123,0x0004e590,3249,0x01962000,26615808
300138,0x0004e5a0,3264,0x01980000,26738688
300139,0x0004e5b0,3265,0x01982000,26746880
300140,0x0004e5c0,3266,0x01984000,26755072
300141,0x0004e5d0,3267,0x01986000,26763264
300142,0x0004e5e0,3268,0x01988000,26771456
300143,0x0004e5f0,3269,0x0198a000,26779648
300144,0x0004e600,3270,0x0198c000,26787840
300145,0x0004e610,3271,0x0198e000,26796032
300146,0x0004e620,3272,0x01990000,26804224
300147,0x0004e630,3273,0x01992000,26812416
300148,0x0004e640,3274,0x01994000,26820608
300149,0x0004e650,3275,0x01996000,26828800
300150,0x0004e660,3276,0x01998000,26836992
300151,0x0004e670,3277,0x0199a000,26845184
300152,0x0004e680,3278,0x0199c000,26853376
300153,0x0004e690,3279,0x0199e000,26861568
300154,0x0004e6a0,3280,0x019a0000,26869760
300155,0x0004e6b0,3281,0x019a2000,26877952
300157,0x0004e6c0,3282,0x019a4000,26886144
300158,0x0004e6d0,3283,0x019a6000,26894336
300159,0x0004e6e0,3284,0x019a8000,26902528
300160,0x0004e6f0,3285,0x019aa000,26910720
300161,0x0004e700,3286,0x019ac000,26918912
300162,0x0004e710,3287,0x019ae000,26927104
300163,0x0004e720,3288,0x019b0000,26935296
300164,0x0004e730,3289,0x019b2000,26943488
300165,0x0004e740,3290,0x019b4000,26951680
300166,0x0004e750,3291,0x019b6000,26959872
300167,0x0004e760,3292,0x019b8000,26968064
300168,0x0004e770,3293,0x019ba000,26976256
300169,0x0004e780,3294,0x019bc000,26984448
300170,0x0004e790,3295,0x019be000,26992640
300171,0x0004e7a0,3296,0x019c0000,27000832
300172,0x0004e7b0,3297,0x019c2000,27009024
300173,0x0004e7c0,3298,0x019c4000,27017216
300174,0x0004e7d0,3299,0x019c6000,27025408
300175,0x0004e7e0,3300,0x019c8000,27033600
300176,0x0004e7f0,3301,0x019ca000,27041792
300177,0x0004e800,3302,0x019cc000,27049984
300179,0x0004e810,3303,0x019ce000,27058176
300180,0x0004e820,3304,0x019d0000,27066368
300181,0x0004e830,3305,0x019d2000,27074560
300182,0x0004e840,3306,0x019d4000,27082752
300183,0x0004e850,3307,0x019d6000,27090944
300184,0x0004e860,3308,0x019d8000,27099136
300185,0x0004e870,3309,0x019da000,27107328
300187,0x0004e880,3310,0x019dc000,27115520
300188,0x0004e890,3311,0x019de000,27123712
300189,0x0004e8a0,3312,0x019e0000,27131904
300190,0x0004e8b0,3313,0x019e2000,27140096
300191,0x0004e8c0,3314,0x019e4000,27148288
300192,0x0004e8d0,3315,0x019e6000,27156480
300193,0x0004e8e0,3316,0x019e8000,27164672
300194,0x0004e8f0,3317,0x019ea000,27172864
300195,0x0004e900,3318,0x019ec000,27181056
300196,0x0004e910,3319,0x019ee000,27189248
300197,0x0004e920,3320,0x019f0000,27197440
300198,0x0004e930,3321,0x019f2000,27205632
300199,0x0004e940,3322,0x019f4000,27213824
300200,0x0004e950,3323,0x019f6000,27222016
300201,0x0004e960,3324,0x019f8000,27230208
300203,0x0004e970,3325,0x019fa000,27238400
300204,0x0004e980,3326,0x019fc000,27246592
300205,0x0004e990,3327,0x019fe000,27254784
300206,0x0004e9a0,3328,0x01a00000,27262976
300207,0x0004e9b0,3329,0x01a02000,27271168
300209,0x0004e9c0,3330,0x01a04000,27279360
300210,0x0004e9d0,3331,0x01a06000,27287552
300211,0x0004e9e0,3332,0x01a08000,27295744
300212,0x0004e9f0,3333,0x01a0a000,27303936
300237,0x0004ea00,3357,0x01a3a000,27500544
300245,0x0004ea10,3365,0x01a4a000,27566080
300247,0x0004ea20,3367,0x01a4e000,27582464
300248,0x0004ea30,3368,0x01a50000,27590656
300249,0x0004ea40,3369,0x01a52000,27598848
300250,0x0004ea50,3370,0x01a54000,27607040
300251,0x0004ea60,3371,0x01a56000,27615232
300252,0x0004ea70,3372,0x01a58000,27623424
300253,0x0004ea80,3373,0x01a5a000,27631616
300254,0x0004ea90,3374,0x01a5c000,27639808
300255,0x0004eaa0,3375,0x01a5e000,27648000
300256,0x0004eab0,3376,0x01a60000,27656192
300257,0x0004eac0,3377,0x01a62000,27664384
300258,0x0004ead0,3378,0x01a64000,27672576
300259,0x0004eae0,3379,0x01a66000,27680768
300260,0x0004eaf0,3380,0x01a68000,27688960
300261,0x0004eb00,3381,0x01a6a000,27697152
300263,0x0004eb10,3382,0x01a6c000,27705344
300264,0x0004eb20,3383,0x01a6e000,27713536
300265,0x0004eb30,3384,0x01a70000,27721728
300266,0x0004eb40,3385,0x01a72000,27729920
300267,0x0004eb50,3386,0x01a74000,27738112
300268,0x0004eb60,3387,0x01a76000,27746304
300269,0x0004eb70,3388,0x01a78000,27754496
300270,0x0004eb80,3389,0x01a7a000,27762688
300271,0x0004eb90,3390,0x01a7c000,27770880
300272,0x0004eba0,3391,0x01a7e000,27779072
300274,0x0004ebb0,3392,0x01a80000,27787264
300275,0x0004ebc0,3393,0x01a82000,27795456
300276,0x0004ebd0,3394,0x01a84000,27803648
300277,0x0004ebe0,3395,0x01a86000,27811840
300278,0x0004ebf0,3396,0x01a88000,27820032
300279,0x0004ec00,3397,0x01a8a000,27828224
300281,0x0004ec10,3398,0x01a8c000,27836416
300283,0x0004ec20,3399,0x01a8e000,27844608
300284,0x0004ec30,3400,0x01a90000,27852800
300285,0x0004ec40,3401,0x01a92000,27860992
300286,0x0004ec50,3402,0x01a94000,27869184
300287,0x0004ec60,3403,0x01a96000,27877376
300288,0x0004ec70,3404,0x01a98000,27885568
300289,0x0004ec80,3405,0x01a9a000,27893760
300290,0x0004ec90,3406,0x01a9c000,27901952
300291,0x0004eca0,3407,0x01a9e000,27910144
300292,0x0004ecb0,3408,0x01aa0000,27918336
300293,0x0004ecc0,3409,0x01aa2000,27926528
300294,0x0004ecd0,3410,0x01aa4000,27934720
300295,0x0004ece0,3411,0x01aa6000,27942912
300296,0x0004ecf0,3412,0x01aa8000,27951104
300298,0x0004ed00,3413,0x01aaa000,27959296
300299,0x0004ed10,3414,0x01aac000,27967488
300300,0x0004ed20,3415,0x01aae000,27975680
300301,0x0004ed30,3416,0x01ab0000,27983872
300302,0x0004ed40,3417,0x01ab2000,27992064
300303,0x0004ed50,3418,0x01ab4000,28000256
300304,0x0004ed60,3419,0x01ab6000,28008448
300305,0x0004ed70,3420,0x01ab8000,28016640
300306,0x0004ed80,3421,0x01aba000,28024832
300307,0x0004ed90,3422,0x01abc000,28033024
300308,0x0004eda0,3423,0x01abe000,28041216
300310,0x0004edb0,3424,0x01ac0000,28049408
300311,0x0004edc0,3425,0x01ac2000,28057600
300313,0x0004edd0,3426,0x01ac4000,28065792
300314,0x0004ede0,3427,0x01ac6000,28073984
300315,0x0004edf0,3428,0x01ac8000,28082176
300316,0x0004ee00,3429,0x01aca000,28090368
300317,0x0004ee10,3430,0x01acc000,28098560
300318,0x0004ee20,3431,0x01ace000,28106752
300319,0x0004ee30,3432,0x01ad0000,28114944
300320,0x0004ee40,3433,0x01ad2000,28123136
300321,0x0004ee50,3434,0x01ad4000,28131328
300322,0x0004ee60,3435,0x01ad6000,28139520
300323,0x0004ee70,3436,0x01ad8000,28147712
300324,0x0004ee80,3437,0x01ada000,28155904
300326,0x0004ee90,3438,0x01adc000,28164096
300327,0x0004eea0,3439,0x01ade000,28172288
300328,0x0004eeb0,3440,0x01ae0000,28180480
300329,0x0004eec0,3441,0x01ae2000,28188672
300331,0x0004eed0,3442,0x01ae4000,28196864
300332,0x0004eee0,3443,0x01ae6000,28205056
300333,0x0004eef0,3444,0x01ae8000,28213248
300334,0x0004ef00,3445,0x01aea000,28221440
300335,0x0004ef10,3446,0x01aec000,28229632
300337,0x0004ef20,3447,0x01aee000,28237824
300338,0x0004ef30,3448,0x01af0000,28246016
300339,0x0004ef40,3449,0x01af2000,28254208
300340,0x0004ef50,3450,0x01af4000,28262400
300341,0x0004ef60,3451,0x01af6000,28270592
300342,0x0004ef70,3452,0x01af8000,28278784
300343,0x0004ef80,3453,0x01afa000,28286976
300345,0x0004ef90,3454,0x01afc000,28295168
300346,0x0004efa0,3455,0x01afe000,28303360
300347,0x0004efb0,3456,0x01b00000,28311552
300348,0x0004efc0,3457,0x01b02000,28319744
300349,0x0004efd0,3458,0x01b04000,28327936
300350,0x0004efe0,3459,0x01b06000,28336128
300351,0x0004eff0,3460,0x01b08000,28344320
300352,0x0004f000,3461,0x01b0a000,28352512
300353,0x0004f010,3462,0x01b0c000,28360704
300354,0x0004f020,3463,0x01b0e000,28368896
300355,0x0004f030,3464,0x01b10000,28377088
300357,0x0004f040,3465,0x01b12000,28385280
300358,0x0004f050,3466,0x01b14000,28393472
300359,0x0004f060,3467,0x01b16000,28401664
300360,0x0004f070,3468,0x01b18000,28409856
300363,0x0004f080,3469,0x01b1a000,28418048
300364,0x0004f090,3470,0x01b1c000,28426240
300365,0x0004f0a0,3471,0x01b1e000,28434432
300366,0x0004f0b0,3472,0x01b20000,28442624
300368,0x0004f0c0,3473,0x01b22000,28450816
300369,0x0004f0d0,3474,0x01b24000,28459008
300370,0x0004f0e0,3475,0x01b26000,28467200
300371,0x0004f0f0,3476,0x01b28000,28475392
300373,0x0004f100,3477,0x01b2a000,28483584
300374,0x0004f110,3478,0x01b2c000,28491776
300375,0x0004f120,3479,0x01b2e000,28499968
300376,0x0004f130,3480,0x01b30000,28508160
300377,0x0004f140,3481,0x01b32000,28516352
300378,0x0004f150,3482,0x01b34000,28524544
300380,0x0004f160,3483,0x01b36000,28532736
300381,0x0004f170,3484,0x01b38000,28540928
300382,0x0004f180,3485,0x01b3a000,28549120
300383,0x0004f190,3486,0x01b3c000,28557312
300384,0x0004f1a0,3487,0x01b3e000,28565504
300385,0x0004f1b0,3488,0x01b40000,28573696
300386,0x0004f1c0,3489,0x01b42000,28581888
300387,0x0004f1d0,3490,0x01b44000,28590080
300388,0x0004f1e0,3491,0x01b46000,28598272
300389,0x0004f1f0,3492,0x01b48000,28606464
300390,0x0004f200,3493,0x01b4a000,28614656
300393,0x0004f210,3494,0x01b4c000,28622848
300394,0x0004f220,3495,0x01b4e000,28631040
300395,0x0004f230,3496,0x01b50000,28639232
300396,0x0004f240,3497,0x01b52000,28647424
300397,0x0004f250,3498,0x01b54000,28655616
300398,0x0004f260,3499,0x01b56000,28663808
300399,0x0004f270,3500,0x01b58000,28672000
300400,0x0004f280,3501,0x01b5a000,28680192
300401,0x0004f290,3502,0x01b5c000,28688384
300402,0x0004f2a0,3503,0x01b5e000,28696576
300403,0x0004f2b0,3504,0x01b60000,28704768
300404,0x0004f2c0,3505,0x01b62000,28712960
300405,0x0004f2d0,3506,0x01b64000,28721152
300406,0x0004f2e0,3507,0x01b66000,28729344
300407,0x0004f2f0,3508,0x01b68000,28737536
300408,0x0004f300,3509,0x01b6a000,28745728
300409,0x0004f310,3510,0x01b6c000,28753920
300410,0x0004f320,3511,0x01b6e000,28762112
300411,0x0004f330,3512,0x01b70000,28770304
300412,0x0004f340,3513,0x01b72000,28778496
300413,0x0004f350,3514,0x01b74000,28786688
300414,0x0004f360,3515,0x01b76000,28794880
300415,0x0004f370,3516,0x01b78000,28803072
300416,0x0004f380,3517,0x01b7a000,28811264
300417,0x0004f390,3518,0x01b7c000,28819456
300418,0x0004f3a0,3519,0x01b7e000,28827648
300420,0x0004f3b0,3521,0x01b82000,28844032
300421,0x0004f3c0,3522,0x01b84000,28852224
300422,0x0004f3d0,3523,0x01b86000,28860416
300423,0x0004f3e0,3524,0x01b88000,28868608
300424,0x0004f3f0,3525,0x01b8a000,28876800
300425,0x0004f400,3526,0x01b8c000,28884992
300426,0x0004f410,3527,0x01b8e000,28893184
300427,0x0004f420,3528,0x01b90000,28901376
300428,0x0004f430,3529,0x01b92000,28909568
300429,0x0004f440,3530,0x01b94000,28917760
300432,0x0004f450,3532,0x01b98000,28934144
300433,0x0004f460,3533,0x01b9a000,28942336
300434,0x0004f470,3534,0x01b9c000,28950528
300435,0x0004f480,3535,0x01b9e000,28958720
300436,0x0004f490,3536,0x01ba0000,28966912
300437,0x0004f4a0,3537,0x01ba2000,28975104
300438,0x0004f4b0,3538,0x01ba4000,28983296
300439,0x0004f4c0,3539,0x01ba6000,28991488
300440,0x0004f4d0,3540,0x01ba8000,28999680
300441,0x0004f4e0,3541,0x01baa000,29007872
300442,0x0004f4f0,3542,0x01bac000,29016064
300443,0x0004f500,3543,0x01bae000,29024256
300444,0x0004f510,3544,0x01bb0000,29032448
300445,0x0004f520,3545,0x01bb2000,29040640
300446,0x0004f530,3546,0x01bb4000,29048832
300447,0x0004f540,3547,0x01bb6000,29057024
300448,0x0004f550,3548,0x01bb8000,29065216
300449,0x0004f560,3549,0x01bba000,29073408
300450,0x0004f570,3550,0x01bbc000,29081600
300451,0x0004f580,3551,0x01bbe000,29089792
300452,0x0004f590,3552,0x01bc0000,29097984
300453,0x0004f5a0,3553,0x01bc2000,29106176
300454,0x0004f5b0,3554,0x01bc4000,29114368
300455,0x0004f5c0,3555,0x01bc6000,29122560
300456,0x0004f5d0,3556,0x01bc8000,29130752
300457,0x0004f5e0,3557,0x01bca000,29138944
300458,0x0004f5f0,3558,0x01bcc000,29147136
300459,0x0004f600,3559,0x01bce000,29155328
300461,0x0004f610,3561,0x01bd2000,29171712
300463,0x0004f620,3563,0x01bd6000,29188096
300464,0x0004f630,3564,0x01bd8000,29196288
300465,0x0004f640,3565,0x01bda000,29204480
300466,0x0004f650,3566,0x01bdc000,29212672
300467,0x0004f660,3567,0x01bde000,29220864
300468,0x0004f670,3568,0x01be0000,29229056
300469,0x0004f680,3569,0x01be2000,29237248
300470,0x0004f690,3570,0x01be4000,29245440
300471,0x0004f6a0,3571,0x01be6000,29253632
300473,0x0004f6b0,3573,0x01bea000,29270016
300474,0x0004f6c0,3574,0x01bec000,29278208
300475,0x0004f6d0,3575,0x01bee000,29286400
300476,0x0004f6e0,3576,0x01bf0000,29294592
300478,0x0004f6f0,3578,0x01bf4000,29310976
300479,0x0004f700,3579,0x01bf6000,29319168
300480,0x0004f710,3580,0x01bf8000,29327360
300481,0x0004f720,3581,0x01bfa000,29335552
300482,0x0004f730,3582,0x01bfc000,29343744
300483,0x0004f740,3583,0x01bfe000,29351936
300484,0x0004f750,3584,0x01c00000,29360128
300485,0x0004f760,3585,0x01c02000,29368320
300486,0x0004f770,3586,0x01c04000,29376512
300487,0x0004f780,3587,0x01c06000,29384704
300488,0x0004f790,3588,0x01c08000,29392896
300489,0x0004f7a0,3589,0x01c0a000,29401088
300490,0x0004f7b0,3590,0x01c0c000,29409280
300491,0x0004f7c0,3591,0x01c0e000,29417472
300492,0x0004f7d0,3592,0x01c10000,29425664
300493,0x0004f7e0,3593,0x01c12000,29433856
300494,0x0004f7f0,3594,0x01c14000,29442048
300496,0x0004f800,3595,0x01c16000,29450240
300497,0x0004f810,3596,0x01c18000,29458432
300498,0x0004f820,3597,0x01c1a000,29466624
300499,0x0004f830,3598,0x01c1c000,29474816
300500,0x0004f840,3599,0x01c1e000,29483008
300501,0x0004f850,3600,0x01c20000,29491200
300502,0x0004f860,3601,0x01c22000,29499392
300503,0x0004f870,3602,0x01c24000,29507584
300504,0x0004f880,3603,0x01c26000,29515776
300505,0x0004f890,3604,0x01c28000,29523968
300506,0x0004f8a0,3605,0x01c2a000,29532160
300507,0x0004f8b0,3606,0x01c2c000,29540352
300508,0x0004f8c0,3607,0x01c2e000,29548544
300509,0x0004f8d0,3608,0x01c30000,29556736
300510,0x0004f8e0,3609,0x01c32000,29564928
300511,0x0004f8f0,3610,0x01c34000,29573120
300512,0x0004f900,3611,0x01c36000,29581312
300513,0x0004f910,3612,0x01c38000,29589504
300514,0x0004f920,3613,0x01c3a000,29597696
300515,0x0004f930,3614,0x01c3c000,29605888
300516,0x0004f940,3615,0x01c3e000,29614080
300517,0x0004f950,3616,0x01c40000,29622272
300518,0x0004f960,3617,0x01c42000,29630464
300519,0x0004f970,3618,0x01c44000,29638656
300520,0x0004f980,3619,0x01c46000,29646848
300521,0x0004f990,3620,0x01c48000,29655040
300522,0x0004f9a0,3621,0x01c4a000,29663232
300523,0x0004f9b0,3622,0x01c4c000,29671424
300525,0x0004f9c0,3623,0x01c4e000,29679616
300528,0x0004f9d0,3625,0x01c52000,29696000
300529,0x0004f9e0,3626,0x01c54000,29704192
300530,0x0004f9f0,3627,0x01c56000,29712384
300531,0x0004fa00,3628,0x01c58000,29720576
300532,0x0004fa10,3629,0x01c5a000,29728768
300533,0x0004fa20,3630,0x01c5c000,29736960
300534,0x0004fa30,3631,0x01c5e000,29745152
300535,0x0004fa40,3632,0x01c60000,29753344
300536,0x0004fa50,3633,0x01c62000,29761536
300537,0x0004fa60,3634,0x01c64000,29769728
300538,0x0004fa70,3635,0x01c66000,29777920
300539,0x0004fa80,3636,0x01c68000,29786112
300573,0x0004fa90,3669,0x01caa000,30056448
300575,0x0004faa0,3670,0x01cac000,30064640
300576,0x0004fab0,3671,0x01cae000,30072832
300577,0x0004fac0,3672,0x01cb0000,30081024
300578,0x0004fad0,3673,0x01cb2000,30089216
300579,0x0004fae0,3674,0x01cb4000,30097408
300580,0x0004faf0,3675,0x01cb6000,30105600
300581,0x0004fb00,3676,0x01cb8000,30113792
300582,0x0004fb10,3677,0x01cba000,30121984
300583,0x0004fb20,3678,0x01cbc000,30130176
300584,0x0004fb30,3679,0x01cbe000,30138368
300585,0x0004fb40,3680,0x01cc0000,30146560
300586,0x0004fb50,3681,0x01cc2000,30154752
300587,0x0004fb60,3682,0x01cc4000,30162944
300588,0x0004fb70,3683,0x01cc6000,30171136
300589,0x0004fb80,3684,0x01cc8000,30179328
300590,0x0004fb90,3685,0x01cca000,30187520
300591,0x0004fba0,3686,0x01ccc000,30195712
300592,0x0004fbb0,3687,0x01cce000,30203904
300593,0x0004fbc0,3688,0x01cd0000,30212096
300595,0x0004fbd0,3690,0x01cd4000,30228480
300596,0x0004fbe0,3691,0x01cd6000,30236672
300597,0x0004fbf0,3692,0x01cd8000,30244864
300598,0x0004fc00,3693,0x01cda000,30253056
300599,0x0004fc10,3694,0x01cdc000,30261248
300600,0x0004fc20,3695,0x01cde000,30269440
300601,0x0004fc30,3696,0x01ce0000,30277632
300602,0x0004fc40,3697,0x01ce2000,30285824
300603,0x0004fc50,3698,0x01ce4000,30294016
300604,0x0004fc60,3699,0x01ce6000,30302208
300605,0x0004fc70,3700,0x01ce8000,30310400
300606,0x0004fc80,3701,0x01cea000,30318592
300607,0x0004fc90,3702,0x01cec000,30326784
300608,0x0004fca0,3703,0x01cee000,30334976
300609,0x0004fcb0,3704,0x01cf0000,30343168
300610,0x0004fcc0,3705,0x01cf2000,30351360
300611,0x0004fcd0,3706,0x01cf4000,30359552
300612,0x0004fce0,3707,0x01cf6000,30367744
300613,0x0004fcf0,3708,0x01cf8000,30375936
300614,0x0004fd00,3709,0x01cfa000,30384128
300615,0x0004fd10,3710,0x01cfc000,30392320
300616,0x0004fd20,3711,0x01cfe000,30400512
300617,0x0004fd30,3712,0x01d00000,30408704
300618,0x0004fd40,3713,0x01d02000,30416896
300619,0x0004fd50,3714,0x01d04000,30425088
300620,0x0004fd60,3715,0x01d06000,30433280
300621,0x0004fd70,3716,0x01d08000,30441472
300622,0x0004fd80,3717,0x01d0a000,30449664
300623,0x0004fd90,3718,0x01d0c000,30457856
300624,0x0004fda0,3719,0x01d0e000,30466048
300625,0x0004fdb0,3720,0x01d10000,30474240
300626,0x0004fdc0,3721,0x01d12000,30482432
300627,0x0004fdd0,3722,0x01d14000,30490624
300628,0x0004fde0,3723,0x01d16000,30498816
300629,0x0004fdf0,3724,0x01d18000,30507008
300631,0x0004fe00,3725,0x01d1a000,30515200
300632,0x0004fe10,3726,0x01d1c000,30523392
300633,0x0004fe20,3727,0x01d1e000,30531584
300634,0x0004fe30,3728,0x01d20000,30539776
300635,0x0004fe40,3729,0x01d22000,30547968
300636,0x0004fe50,3730,0x01d24000,30556160
300637,0x0004fe60,3731,0x01d26000,30564352
300638,0x0004fe70,3732,0x01d28000,30572544
300639,0x0004fe80,3733,0x01d2a000,30580736
300640,0x0004fe90,3734,0x01d2c000,30588928
300641,0x0004fea0,3735,0x01d2e000,30597120
300642,0x0004feb0,3736,0x01d30000,30605312
300643,0x0004fec0,3737,0x01d32000,30613504
300644,0x0004fed0,3738,0x01d34000,30621696
300645,0x0004fee0,3739,0x01d36000,30629888
300647,0x0004fef0,3740,0x01d38000,30638080
300648,0x0004ff00,3741,0x01d3a000,30646272
300649,0x0004ff10,3742,0x01d3c000,30654464
300650,0x0004ff20,3743,0x01d3e000,30662656
300651,0x0004ff30,3744,0x01d40000,30670848
300652,0x0004ff40,3745,0x01d42000,30679040
300653,0x0004ff50,3746,0x01d44000,30687232
300654,0x0004ff60,3747,0x01d46000,30695424
300655,0x0004ff70,3748,0x01d48000,30703616
300656,0x0004ff80,3749,0x01d4a000,30711808
300657,0x0004ff90,3750,0x01d4c000,30720000
300658,0x0004ffa0,3751,0x01d4e000,30728192
300659,0x0004ffb0,3752,0x01d50000,30736384
300660,0x0004ffc0,3753,0x01d52000,30744576
300661,0x0004ffd0,3754,0x01d54000,30752768
300662,0x0004ffe0,3755,0x01d56000,30760960
300663,0x0004fff0,3756,0x01d58000,30769152
300664,0x00050000,3757,0x01d5a000,30777344
300665,0x00050010,3758,0x01d5c000,30785536
300666,0x00050020,3759,0x01d5e000,30793728
300667,0x00050030,3760,0x01d60000,30801920
300668,0x00050040,3761,0x01d62000,30810112
300669,0x00050050,3762,0x01d64000,30818304
300670,0x00050060,3763,0x01d66000,30826496
300671,0x00050070,3764,0x01d68000,30834688
300672,0x00050080,3765,0x01d6a000,30842880
300673,0x00050090,3766,0x01d6c000,30851072
300674,0x000500a0,3767,0x01d6e000,30859264
300675,0x000500b0,3768,0x01d70000,30867456
300676,0x000500c0,3769,0x01d72000,30875648
300677,0x000500d0,3770,0x01d74000,30883840
300678,0x000500e0,3771,0x01d76000,30892032
300679,0x000500f0,3772,0x01d78000,30900224
300680,0x00050100,3773,0x01d7a000,30908416
300681,0x00050110,3774,0x01d7c000,30916608
300682,0x00050120,3775,0x01d7e000,30924800
300683,0x00050130,3776,0x01d80000,30932992
300684,0x00050140,3777,0x01d82000,30941184
300685,0x00050150,3778,0x01d84000,30949376
300686,0x00050160,3779,0x01d86000,30957568
300687,0x00050170,3780,0x01d88000,30965760
300688,0x00050180,3781,0x01d8a000,30973952
300689,0x00050190,3782,0x01d8c000,30982144
300690,0x000501a0,3783,0x01d8e000,30990336
300691,0x000501b0,3784,0x01d90000,30998528
300692,0x000501c0,3785,0x01d92000,31006720
300693,0x000501d0,3786,0x01d94000,31014912
300694,0x000501e0,3787,0x01d96000,31023104
300695,0x000501f0,3788,0x01d98000,31031296
300696,0x00050200,3789,0x01d9a000,31039488
300697,0x00050210,3790,0x01d9c000,31047680
300698,0x00050220,3791,0x01d9e000,31055872
300699,0x00050230,3792,0x01da0000,31064064
300700,0x00050240,3793,0x01da2000,31072256
300701,0x00050250,3794,0x01da4000,31080448
300702,0x00050260,3795,0x01da6000,31088640
300703,0x00050270,3796,0x01da8000,31096832
300705,0x00050280,3797,0x01daa000,31105024
300706,0x00050290,3798,0x01dac000,31113216
300707,0x000502a0,3799,0x01dae000,31121408
300708,0x000502b0,3800,0x01db0000,31129600
300709,0x000502c0,3801,0x01db2000,31137792
300710,0x000502d0,3802,0x01db4000,31145984
300711,0x000502e0,3803,0x01db6000,31154176
300712,0x000502f0,3804,0x01db8000,31162368
300713,0x00050300,3805,0x01dba000,31170560
300715,0x00050310,3806,0x01dbc000,31178752
300717,0x00050320,3808,0x01dc0000,31195136
300718,0x00050330,3809,0x01dc2000,31203328
300719,0x00050340,3810,0x01dc4000,31211520
300720,0x00050350,3811,0x01dc6000,31219712
300721,0x00050360,3812,0x01dc8000,31227904
300722,0x00050370,3813,0x01dca000,31236096
300723,0x00050380,3814,0x01dcc000,31244288
300724,0x00050390,3815,0x01dce000,31252480
300725,0x000503a0,3816,0x01dd0000,31260672
300726,0x000503b0,3817,0x01dd2000,31268864
300727,0x000503c0,3818,0x01dd4000,31277056
300729,0x000503d0,3819,0x01dd6000,31285248
300730,0x000503e0,3820,0x01dd8000,31293440
300731,0x000503f0,3821,0x01dda000,31301632
300732,0x00050400,3822,0x01ddc000,31309824
300733,0x00050410,3823,0x01dde000,31318016
300735,0x00050420,3824,0x01de0000,31326208
300736,0x00050430,3825,0x01de2000,31334400
300737,0x00050440,3826,0x01de4000,31342592
300738,0x00050450,3827,0x01de6000,31350784
300739,0x00050460,3828,0x01de8000,31358976
300740,0x00050470,3829,0x01dea000,31367168
300741,0x00050480,3830,0x01dec000,31375360
300743,0x00050490,3831,0x01dee000,31383552
300745,0x000504a0,3832,0x01df0000,31391744
300746,0x000504b0,3833,0x01df2000,31399936
300747,0x000504c0,3834,0x01df4000,31408128
300748,0x000504d0,3835,0x01df6000,31416320
300749,0x000504e0,3836,0x01df8000,31424512
300750,0x000504f0,3837,0x01dfa000,31432704
300751,0x00050500,3838,0x01dfc000,31440896
300752,0x00050510,3839,0x01dfe000,31449088
300753,0x00050520,3840,0x01e00000,31457280
300755,0x00050530,3841,0x01e02000,31465472
300756,0x00050540,3842,0x01e04000,31473664
300757,0x00050550,3843,0x01e06000,31481856
300758,0x00050560,3844,0x01e08000,31490048
300759,0x00050570,3845,0x01e0a000,31498240
300760,0x00050580,3846,0x01e0c000,31506432
300761,0x00050590,3847,0x01e0e000,31514624
300762,0x000505a0,3848,0x01e10000,31522816
300763,0x000505b0,3849,0x01e12000,31531008
300765,0x000505c0,3850,0x01e14000,31539200
300766,0x000505d0,3851,0x01e16000,31547392
300767,0x000505e0,3852,0x01e18000,31555584
300768,0x000505f0,3853,0x01e1a000,31563776
300769,0x00050600,3854,0x01e1c000,31571968
300770,0x00050610,3855,0x01e1e000,31580160
300771,0x00050620,3856,0x01e20000,31588352
300772,0x00050630,3857,0x01e22000,31596544
300773,0x00050640,3858,0x01e24000,31604736
300774,0x00050650,3859,0x01e26000,31612928
300775,0x00050660,3860,0x01e28000,31621120
300776,0x00050670,3861,0x01e2a000,31629312
300777,0x00050680,3862,0x01e2c000,31637504
300778,0x00050690,3863,0x01e2e000,31645696
300779,0x000506a0,3864,0x01e30000,31653888
300780,0x000506b0,3865,0x01e32000,31662080
300781,0x000506c0,3866,0x01e34000,31670272
300782,0x000506d0,3867,0x01e36000,31678464
300783,0x000506e0,3868,0x01e38000,31686656
300784,0x000506f0,3869,0x01e3a000,31694848
300785,0x00050700,3870,0x01e3c000,31703040
300804,0x00050710,3887,0x01e5e000,31842304
300814,0x00050720,3897,0x01e72000,31924224
300821,0x00050730,3904,0x01e80000,31981568
300822,0x00050740,3905,0x01e82000,31989760
300823,0x00050750,3906,0x01e84000,31997952
300824,0x00050760,3907,0x01e86000,32006144
300825,0x00050770,3908,0x01e88000,32014336
300826,0x00050780,3909,0x01e8a000,32022528
300827,0x00050790,3910,0x01e8c000,32030720
300828,0x000507a0,3911,0x01e8e000,32038912
300829,0x000507b0,3912,0x01e90000,32047104
300830,0x000507c0,3913,0x01e92000,32055296
300832,0x000507d0,3915,0x01e96000,32071680
300833,0x000507e0,3916,0x01e98000,32079872
300834,0x000507f0,3917,0x01e9a000,32088064
300835,0x00050800,3918,0x01e9c000,32096256
300836,0x00050810,3919,0x01e9e000,32104448
300837,0x00050820,3920,0x01ea0000,32112640
300838,0x00050830,3921,0x01ea2000,32120832
300839,0x00050840,3922,0x01ea4000,32129024
300840,0x00050850,3923,0x01ea6000,32137216
300841,0x00050860,3924,0x01ea8000,32145408
300842,0x00050870,3925,0x01eaa000,32153600
300843,0x00050880,3926,0x01eac000,32161792
300844,0x00050890,3927,0x01eae000,32169984
300845,0x000508a0,3928,0x01eb0000,32178176
300846,0x000508b0,3929,0x01eb2000,32186368
300847,0x000508c0,3930,0x01eb4000,32194560
300848,0x000508d0,3931,0x01eb6000,32202752
300849,0x000508e0,3932,0x01eb8000,32210944
300850,0x000508f0,3933,0x01eba000,32219136
300854,0x00050900,3937,0x01ec2000,32251904
300860,0x00050910,3943,0x01ece000,32301056
300861,0x00050920,3944,0x01ed0000,32309248
300862,0x00050930,3945,0x01ed2000,32317440
300863,0x00050940,3946,0x01ed4000,32325632
300864,0x00050950,3947,0x01ed6000,32333824
300865,0x00050960,3948,0x01ed8000,32342016
300866,0x00050970,3949,0x01eda000,32350208
300867,0x00050980,3950,0x01edc000,32358400
300868,0x00050990,3951,0x01ede000,32366592
300869,0x000509a0,3952,0x01ee0000,32374784
300870,0x000509b0,3953,0x01ee2000,32382976
300871,0x000509c0,3954,0x01ee4000,32391168
300872,0x000509d0,3955,0x01ee6000,32399360
300873,0x000509e0,3956,0x01ee8000,32407552
300875,0x000509f0,3957,0x01eea000,32415744
300876,0x00050a00,3958,0x01eec000,32423936
300877,0x00050a10,3959,0x01eee000,32432128
300878,0x00050a20,3960,0x01ef0000,32440320
300879,0x00050a30,3961,0x01ef2000,32448512
300880,0x00050a40,3962,0x01ef4000,32456704
300881,0x00050a50,3963,0x01ef6000,32464896
300882,0x00050a60,3964,0x01ef8000,32473088
300883,0x00050a70,3965,0x01efa000,32481280
300884,0x00050a80,3966,0x01efc000,32489472
300885,0x00050a90,3967,0x01efe000,32497664
300886,0x00050aa0,3968,0x01f00000,32505856
300887,0x00050ab0,3969,0x01f02000,32514048
300888,0x00050ac0,3970,0x01f04000,32522240
300889,0x00050ad0,3971,0x01f06000,32530432
300890,0x00050ae0,3972,0x01f08000,32538624
300891,0x00050af0,3973,0x01f0a000,32546816
300892,0x00050b00,3974,0x01f0c000,32555008
300893,0x00050b10,3975,0x01f0e000,32563200
300894,0x00050b20,3976,0x01f10000,32571392
300895,0x00050b30,3977,0x01f12000,32579584
300896,0x00050b40,3978,0x01f14000,32587776
300897,0x00050b50,3979,0x01f16000,32595968
300898,0x00050b60,3980,0x01f18000,32604160
300899,0x00050b70,3981,0x01f1a000,32612352
300900,0x00050b80,3982,0x01f1c000,32620544
300901,0x00050b90,3983,0x01f1e000,32628736
300902,0x00050ba0,3984,0x01f20000,32636928
300903,0x00050bb0,3985,0x01f22000,32645120
300904,0x00050bc0,3986,0x01f24000,32653312
300905,0x00050bd0,3987,0x01f26000,32661504
300906,0x00050be0,3988,0x01f28000,32669696
300907,0x00050bf0,3989,0x01f2a000,32677888
300908,0x00050c00,3990,0x01f2c000,32686080
300909,0x00050c10,3991,0x01f2e000,32694272
300910,0x00050c20,3992,0x01f30000,32702464
300911,0x00050c30,3993,0x01f32000,32710656
300912,0x00050c40,3994,0x01f34000,32718848
300913,0x00050c50,3995,0x01f36000,32727040
300915,0x00050c60,3996,0x01f38000,32735232
300916,0x00050c70,3997,0x01f3a000,32743424
300917,0x00050c80,3998,0x01f3c000,32751616
300918,0x00050c90,3999,0x01f3e000,32759808
300919,0x00050ca0,4000,0x01f40000,32768000
300920,0x00050cb0,4001,0x01f42000,32776192
300921,0x00050cc0,4002,0x01f44000,32784384
300922,0x00050cd0,4003,0x01f46000,32792576
300923,0x00050ce0,4004,0x01f48000,32800768
300925,0x00050cf0,4005,0x01f4a000,32808960
300926,0x00050d00,4006,0x01f4c000,32817152
300927,0x00050d10,4007,0x01f4e000,32825344
300928,0x00050d20,4008,0x01f50000,32833536
300929,0x00050d30,4009,0x01f52000,32841728
300930,0x00050d40,4010,0x01f54000,32849920
300931,0x00050d50,4011,0x01f56000,32858112
300932,0x00050d60,4012,0x01f58000,32866304
300933,0x00050d70,4013,0x01f5a000,32874496
300935,0x00050d80,4014,0x01f5c000,32882688
300936,0x00050d90,4015,0x01f5e000,32890880
300937,0x00050da0,4016,0x01f60000,32899072
300938,0x00050db0,4017,0x01f62000,32907264
300939,0x00050dc0,4018,0x01f64000,32915456
300940,0x00050dd0,4019,0x01f66000,32923648
300941,0x00050de0,4020,0x01f68000,32931840
300942,0x00050df0,4021,0x01f6a000,32940032
300943,0x00050e00,4022,0x01f6c000,32948224
300945,0x00050e10,4023,0x01f6e000,32956416
300946,0x00050e20,4024,0x01f70000,32964608
300947,0x00050e30,4025,0x01f72000,32972800
300948,0x00050e40,4026,0x01f74000,32980992
300949,0x00050e50,4027,0x01f76000,32989184
300950,0x00050e60,4028,0x01f78000,32997376
300951,0x00050e70,4029,0x01f7a000,33005568
300952,0x00050e80,4030,0x01f7c000,33013760
300953,0x00050e90,4031,0x01f7e000,33021952
300955,0x00050ea0,4032,0x01f80000,33030144
300956,0x00050eb0,4033,0x01f82000,33038336
300957,0x00050ec0,4034,0x01f84000,33046528
300958,0x00050ed0,4035,0x01f86000,33054720
300959,0x00050ee0,4036,0x01f88000,33062912
300960,0x00050ef0,4037,0x01f8a000,33071104
300961,0x00050f00,4038,0x01f8c000,33079296
300962,0x00050f10,4039,0x01f8e000,33087488
300963,0x00050f20,4040,0x01f90000,33095680
300964,0x00050f30,4041,0x01f92000,33103872
300965,0x00050f40,4042,0x01f94000,33112064
300966,0x00050f50,4043,0x01f96000,33120256
300967,0x00050f60,4044,0x01f98000,33128448
300968,0x00050f70,4045,0x01f9a000,33136640
300969,0x00050f80,4046,0x01f9c000,33144832
300970,0x00050f90,4047,0x01f9e000,33153024
300971,0x00050fa0,4048,0x01fa0000,33161216
300972,0x00050fb0,4049,0x01fa2000,33169408
300973,0x00050fc0,4050,0x01fa4000,33177600
300975,0x00050fd0,4051,0x01fa6000,33185792
300976,0x00050fe0,4052,0x01fa8000,33193984
300977,0x00050ff0,4053,0x01faa000,33202176
300978,0x00051000,4054,0x01fac000,33210368
300979,0x00051010,4055,0x01fae000,33218560
300980,0x00051020,4056,0x01fb0000,33226752
300981,0x00051030,4057,0x01fb2000,33234944
300982,0x00051040,4058,0x01fb4000,33243136
300983,0x00051050,4059,0x01fb6000,33251328
300984,0x00051060,4060,0x01fb8000,33259520
300985,0x00051070,4061,0x01fba000,33267712
300986,0x00051080,4062,0x01fbc000,33275904
300987,0x00051090,4063,0x01fbe000,33284096
300988,0x000510a0,4064,0x01fc0000,33292288
300989,0x000510b0,4065,0x01fc2000,33300480
300990,0x000510c0,4066,0x01fc4000,33308672
300991,0x000510d0,4067,0x01fc6000,33316864
300992,0x000510e0,4068,0x01fc8000,33325056
300993,0x000510f0,4069,0x01fca000,33333248
300994,0x00051100,4070,0x01fcc000,33341440
300995,0x00051110,4071,0x01fce000,33349632
300996,0x00051120,4072,0x01fd0000,33357824
300997,0x00051130,4073,0x01fd2000,33366016
301031,0x00051140,4106,0x02014000,33636352
301032,0x00051150,4107,0x02016000,33644544
301033,0x00051160,4108,0x02018000,33652736
301035,0x00051170,4109,0x0201a000,33660928
301036,0x00051180,4110,0x0201c000,33669120
301037,0x00051190,4111,0x0201e000,33677312
301038,0x000511a0,4112,0x02020000,33685504
301039,0x000511b0,4113,0x02022000,33693696
301040,0x000511c0,4114,0x02024000,33701888
301041,0x000511d0,4115,0x02026000,33710080
301042,0x000511e0,4116,0x02028000,33718272
301043,0x000511f0,4117,0x0202a000,33726464
301045,0x00051200,4118,0x0202c000,33734656
301046,0x00051210,4119,0x0202e000,33742848
301047,0x00051220,4120,0x02030000,33751040
301048,0x00051230,4121,0x02032000,33759232
301049,0x00051240,4122,0x02034000,33767424
301050,0x00051250,4123,0x02036000,33775616
301051,0x00051260,4124,0x02038000,33783808
301052,0x00051270,4125,0x0203a000,33792000
301053,0x00051280,4126,0x0203c000,33800192
301055,0x00051290,4127,0x0203e000,33808384
301056,0x000512a0,4128,0x02040000,33816576
301057,0x000512b0,4129,0x02042000,33824768
301058,0x000512c0,4130,0x02044000,33832960
301059,0x000512d0,4131,0x02046000,33841152
301060,0x000512e0,4132,0x02048000,33849344
301061,0x000512f0,4133,0x0204a000,33857536
301062,0x00051300,4134,0x0204c000,33865728
301063,0x00051310,4135,0x0204e000,33873920
301065,0x00051320,4136,0x02050000,33882112
301066,0x00051330,4137,0x02052000,33890304
301067,0x00051340,4138,0x02054000,33898496
301127,0x00051350,4192,0x020c0000,34340864
301128,0x00051360,4193,0x020c2000,34349056
301129,0x00051370,4194,0x020c4000,34357248
301130,0x00051380,4195,0x020c6000,34365440
301131,0x00051390,4196,0x020c8000,34373632
301132,0x000513a0,4197,0x020ca000,34381824
301133,0x000513b0,4198,0x020cc000,34390016
301135,0x000513c0,4199,0x020ce000,34398208
301136,0x000513d0,4200,0x020d0000,34406400
301137,0x000513e0,4201,0x020d2000,34414592
301138,0x000513f0,4202,0x020d4000,34422784
301141,0x00051400,4204,0x020d8000,34439168
301148,0x00051410,4205,0x020da000,34447360
301149,0x00051420,4206,0x020dc000,34455552
301150,0x00051430,4207,0x020de000,34463744
301151,0x00051440,4208,0x020e0000,34471936
301152,0x00051450,4209,0x020e2000,34480128
301153,0x00051460,4210,0x020e4000,34488320
301155,0x00051470,4211,0x020e6000,34496512
301156,0x00051480,4212,0x020e8000,34504704
301157,0x00051490,4213,0x020ea000,34512896
301158,0x000514a0,4214,0x020ec000,34521088
301159,0x000514b0,4215,0x020ee000,34529280
301160,0x000514c0,4216,0x020f0000,34537472
301161,0x000514d0,4217,0x020f2000,34545664
301162,0x000514e0,4218,0x020f4000,34553856
301163,0x000514f0,4219,0x020f6000,34562048
301165,0x00051500,4220,0x020f8000,34570240
301166,0x00051510,4221,0x020fa000,34578432
301167,0x00051520,4222,0x020fc000,34586624
301168,0x00051530,4223,0x020fe000,34594816
301169,0x00051540,4224,0x02100000,34603008
301170,0x00051550,4225,0x02102000,34611200
301171,0x00051560,4226,0x02104000,34619392
301172,0x00051570,4227,0x02106000,34627584
301173,0x00051580,4228,0x02108000,34635776
301175,0x00051590,4229,0x0210a000,34643968
301176,0x000515a0,4230,0x0210c000,34652160
301177,0x000515b0,4231,0x0210e000,34660352
301178,0x000515c0,4232,0x02110000,34668544
301213,0x000515d0,4264,0x02150000,34930688
301215,0x000515e0,4265,0x02152000,34938880
301216,0x000515f0,4266,0x02154000,34947072
301217,0x00051600,4267,0x02156000,34955264
301218,0x00051610,4268,0x02158000,34963456
301219,0x00051620,4269,0x0215a000,34971648
301220,0x00051630,4270,0x0215c000,34979840
301221,0x00051640,4271,0x0215e000,34988032
301222,0x00051650,4272,0x02160000,34996224
301223,0x00051660,4273,0x02162000,35004416
301225,0x00051670,4274,0x02164000,35012608
301226,0x00051680,4275,0x02166000,35020800
301227,0x00051690,4276,0x02168000,35028992
301228,0x000516a0,4277,0x0216a000,35037184
301229,0x000516b0,4278,0x0216c000,35045376
301230,0x000516c0,4279,0x0216e000,35053568
301231,0x000516d0,4280,0x02170000,35061760
301232,0x000516e0,4281,0x02172000,35069952
301233,0x000516f0,4282,0x02174000,35078144
301234,0x00051700,4283,0x02176000,35086336
301235,0x00051710,4284,0x02178000,35094528
301236,0x00051720,4285,0x0217a000,35102720
301237,0x00051730,4286,0x0217c000,35110912
301238,0x00051740,4287,0x0217e000,35119104
301239,0x00051750,4288,0x02180000,35127296
301246,0x00051760,4289,0x02182000,35135488
301248,0x00051770,4290,0x02184000,35143680
301251,0x00051780,4291,0x02186000,35151872
301252,0x00051790,4292,0x02188000,35160064
301255,0x000517a0,4293,0x0218a000,35168256
301256,0x000517b0,4294,0x0218c000,35176448
301257,0x000517c0,4295,0x0218e000,35184640
301258,0x000517d0,4296,0x02190000,35192832
301259,0x000517e0,4297,0x02192000,35201024
301260,0x000517f0,4298,0x02194000,35209216
301261,0x00051800,4299,0x02196000,35217408
301262,0x00051810,4300,0x02198000,35225600
301263,0x00051820,4301,0x0219a000,35233792
301265,0x00051830,4302,0x0219c000,35241984
301266,0x00051840,4303,0x0219e000,35250176
301267,0x00051850,4304,0x021a0000,35258368
301268,0x00051860,4305,0x021a2000,35266560
301269,0x00051870,4306,0x021a4000,35274752
301270,0x00051880,4307,0x021a6000,35282944
301272,0x00051890,4308,0x021a8000,35291136
301273,0x000518a0,4309,0x021aa000,35299328
301275,0x000518b0,4310,0x021ac000,35307520
301276,0x000518c0,4311,0x021ae000,35315712
301277,0x000518d0,4312,0x021b0000,35323904
301278,0x000518e0,4313,0x021b2000,35332096
301279,0x000518f0,4314,0x021b4000,35340288
301280,0x00051900,4315,0x021b6000,35348480
301281,0x00051910,4316,0x021b8000,35356672
301282,0x00051920,4317,0x021ba000,35364864
301283,0x00051930,4318,0x021bc000,35373056
301285,0x00051940,4319,0x021be000,35381248
301286,0x00051950,4320,0x021c0000,35389440
301287,0x00051960,4321,0x021c2000,35397632
301288,0x00051970,4322,0x021c4000,35405824
301289,0x00051980,4323,0x021c6000,35414016
301290,0x00051990,4324,0x021c8000,35422208
301291,0x000519a0,4325,0x021ca000,35430400
301292,0x000519b0,4326,0x021cc000,35438592
301293,0x000519c0,4327,0x021ce000,35446784
301295,0x000519d0,4328,0x021d0000,35454976
301296,0x000519e0,4329,0x021d2000,35463168
301297,0x000519f0,4330,0x021d4000,35471360
301298,0x00051a00,4331,0x021d6000,35479552
301299,0x00051a10,4332,0x021d8000,35487744
301300,0x00051a20,4333,0x021da000,35495936
301301,0x00051a30,4334,0x021dc000,35504128
301302,0x00051a40,4335,0x021de000,35512320
301303,0x00051a50,4336,0x021e0000,35520512
301305,0x00051a60,4337,0x021e2000,35528704
301306,0x00051a70,4338,0x021e4000,35536896
301307,0x00051a80,4339,0x021e6000,35545088
301308,0x00051a90,4340,0x021e8000,35553280
301309,0x00051aa0,4341,0x021ea000,35561472
301310,0x00051ab0,4342,0x021ec000,35569664
301311,0x00051ac0,4343,0x021ee000,35577856
301312,0x00051ad0,4344,0x021f0000,35586048
301313,0x00051ae0,4345,0x021f2000,35594240
301314,0x00051af0,4346,0x021f4000,35602432
301315,0x00051b00,4347,0x021f6000,35610624
301316,0x00051b10,4348,0x021f8000,35618816
301317,0x00051b20,4349,0x021fa000,35627008
301318,0x00051b30,4350,0x021fc000,35635200
301319,0x00051b40,4351,0x021fe000,35643392
301320,0x00051b50,4352,0x02200000,35651584
301321,0x00051b60,4353,0x02202000,35659776
301322,0x00051b70,4354,0x02204000,35667968
301323,0x00051b80,4355,0x02206000,35676160
301325,0x00051b90,4356,0x02208000,35684352
301326,0x00051ba0,4357,0x0220a000,35692544
301327,0x00051bb0,4358,0x0220c000,35700736
301328,0x00051bc0,4359,0x0220e000,35708928
301329,0x00051bd0,4360,0x02210000,35717120
301330,0x00051be0,4361,0x02212000,35725312
301331,0x00051bf0,4362,0x02214000,35733504
301332,0x00051c00,4363,0x02216000,35741696
301333,0x00051c10,4364,0x02218000,35749888
301335,0x00051c20,4365,0x0221a000,35758080
301336,0x00051c30,4366,0x0221c000,35766272
301337,0x00051c40,4367,0x0221e000,35774464
301338,0x00051c50,4368,0x02220000,35782656
301339,0x00051c60,4369,0x02222000,35790848
301345,0x00051c70,4370,0x02224000,35799040
301348,0x00051c80,4371,0x02226000,35807232
301349,0x00051c90,4372,0x02228000,35815424
301353,0x00051ca0,4373,0x0222a000,35823616
301355,0x00051cb0,4374,0x0222c000,35831808
301356,0x00051cc0,4375,0x0222e000,35840000
301357,0x00051cd0,4376,0x02230000,35848192
301358,0x00051ce0,4377,0x02232000,35856384
301359,0x00051cf0,4378,0x02234000,35864576
301360,0x00051d00,4379,0x02236000,35872768
301361,0x00051d10,4380,0x02238000,35880960
301362,0x00051d20,4381,0x0223a000,35889152
301363,0x00051d30,4382,0x0223c000,35897344
301365,0x00051d40,4383,0x0223e000,35905536
301366,0x00051d50,4384,0x02240000,35913728
301367,0x00051d60,4385,0x02242000,35921920
301368,0x00051d70,4386,0x02244000,35930112
301369,0x00051d80,4387,0x02246000,35938304
301370,0x00051d90,4388,0x02248000,35946496
301371,0x00051da0,4389,0x0224a000,35954688
301372,0x00051db0,4390,0x0224c000,35962880
301373,0x00051dc0,4391,0x0224e000,35971072
301376,0x00051dd0,4392,0x02250000,35979264
301377,0x00051de0,4393,0x02252000,35987456
301378,0x00051df0,4394,0x02254000,35995648
301379,0x00051e00,4395,0x02256000,36003840
301380,0x00051e10,4396,0x02258000,36012032
301381,0x00051e20,4397,0x0225a000,36020224
301382,0x00051e30,4398,0x0225c000,36028416
301383,0x00051e40,4399,0x0225e000,36036608
301386,0x00051e50,4400,0x02260000,36044800
301387,0x00051e60,4401,0x02262000,36052992
301388,0x00051e70,4402,0x02264000,36061184
301389,0x00051e80,4403,0x02266000,36069376
301390,0x00051e90,4404,0x02268000,36077568
301391,0x00051ea0,4405,0x0226a000,36085760
301392,0x00051eb0,4406,0x0226c000,36093952
301393,0x00051ec0,4407,0x0226e000,36102144
301395,0x00051ed0,4408,0x02270000,36110336
301396,0x00051ee0,4409,0x02272000,36118528
301397,0x00051ef0,4410,0x02274000,36126720
301398,0x00051f00,4411,0x02276000,36134912
301399,0x00051f10,4412,0x02278000,36143104
301408,0x00051f20,4413,0x0227a000,36151296
301413,0x00051f30,4414,0x0227c000,36159488
301418,0x00051f40,4415,0x0227e000,36167680
301419,0x00051f50,4416,0x02280000,36175872
301421,0x00051f60,4417,0x02282000,36184064
301428,0x00051f70,4418,0x02284000,36192256
301429,0x00051f80,4419,0x02286000,36200448
301439,0x00051f90,4420,0x02288000,36208640
301446,0x00051fa0,4421,0x0228a000,36216832
301448,0x00051fb0,4422,0x0228c000,36225024
301449,0x00051fc0,4423,0x0228e000,36233216
301456,0x00051fd0,4424,0x02290000,36241408
301458,0x00051fe0,4425,0x02292000,36249600
301459,0x00051ff0,4426,0x02294000,36257792
301468,0x00052000,4427,0x02296000,36265984
301469,0x00052010,4428,0x02298000,36274176
301479,0x00052020,4429,0x0229a000,36282368
301486,0x00052030,4430,0x0229c000,36290560
301487,0x00052040,4431,0x0229e000,36298752
301488,0x00052050,4432,0x022a0000,36306944
301489,0x00052060,4433,0x022a2000,36315136
301491,0x00052070,4434,0x022a4000,36323328
301498,0x00052080,4435,0x022a6000,36331520
301499,0x00052090,4436,0x022a8000,36339712
301500,0x000520a0,4437,0x022aa000,36347904
301501,0x000520b0,4438,0x022ac000,36356096
301502,0x000520c0,4439,0x022ae000,36364288
301503,0x000520d0,4440,0x022b0000,36372480
301505,0x000520e0,4441,0x022b2000,36380672
301507,0x000520f0,4442,0x022b4000,36388864
301508,0x00052100,4443,0x022b6000,36397056
301509,0x00052110,4444,0x022b8000,36405248
301510,0x00052120,4445,0x022ba000,36413440
301511,0x00052130,4446,0x022bc000,36421632
301512,0x00052140,4447,0x022be000,36429824
301513,0x00052150,4448,0x022c0000,36438016
301515,0x00052160,4449,0x022c2000,36446208
301516,0x00052170,4450,0x022c4000,36454400
301517,0x00052180,4451,0x022c6000,36462592
301518,0x00052190,4452,0x022c8000,36470784
301519,0x000521a0,4453,0x022ca000,36478976
301520,0x000521b0,4454,0x022cc000,36487168
301522,0x000521c0,4455,0x022ce000,36495360
301525,0x000521d0,4456,0x022d0000,36503552
301526,0x000521e0,4457,0x022d2000,36511744
301528,0x000521f0,4458,0x022d4000,36519936
301529,0x00052200,4459,0x022d6000,36528128
301531,0x00052210,4460,0x022d8000,36536320
301533,0x00052220,4461,0x022da000,36544512
301535,0x00052230,4462,0x022dc000,36552704
301536,0x00052240,4463,0x022de000,36560896
301538,0x00052250,4464,0x022e0000,36569088
301539,0x00052260,4465,0x022e2000,36577280
301548,0x00052270,4466,0x022e4000,36585472
301550,0x00052280,4467,0x022e6000,36593664
301551,0x00052290,4468,0x022e8000,36601856
301552,0x000522a0,4469,0x022ea000,36610048
301555,0x000522b0,4470,0x022ec000,36618240
301556,0x000522c0,4471,0x022ee000,36626432
301557,0x000522d0,4472,0x022f0000,36634624
301558,0x000522e0,4473,0x022f2000,36642816
301559,0x000522f0,4474,0x022f4000,36651008
301560,0x00052300,4475,0x022f6000,36659200
301563,0x00052310,4476,0x022f8000,36667392
301565,0x00052320,4477,0x022fa000,36675584
301566,0x00052330,4478,0x022fc000,36683776
301567,0x00052340,4479,0x022fe000,36691968
301568,0x00052350,4480,0x02300000,36700160
301571,0x00052360,4481,0x02302000,36708352
301575,0x00052370,4482,0x02304000,36716544
301577,0x00052380,4483,0x02306000,36724736
301578,0x00052390,4484,0x02308000,36732928
301580,0x000523a0,4485,0x0230a000,36741120
301581,0x000523b0,4486,0x0230c000,36749312
301583,0x000523c0,4487,0x0230e000,36757504
301584,0x000523d0,4488,0x02310000,36765696
301585,0x000523e0,4489,0x02312000,36773888
301586,0x000523f0,4490,0x02314000,36782080
301587,0x00052400,4491,0x02316000,36790272
301588,0x00052410,4492,0x02318000,36798464
301589,0x00052420,4493,0x0231a000,36806656
301590,0x00052430,4494,0x0231c000,36814848
301591,0x00052440,4495,0x0231e000,36823040
301592,0x00052450,4496,0x02320000,36831232
301595,0x00052460,4497,0x02322000,36839424
301596,0x00052470,4498,0x02324000,36847616
301598,0x00052480,4499,0x02326000,36855808
301599,0x00052490,4500,0x02328000,36864000
301600,0x000524a0,4501,0x0232a000,36872192
301601,0x000524b0,4502,0x0232c000,36880384
301602,0x000524c0,4503,0x0232e000,36888576
301603,0x000524d0,4504,0x02330000,36896768
301606,0x000524e0,4505,0x02332000,36904960
301607,0x000524f0,4506,0x02334000,36913152
301608,0x00052500,4507,0x02336000,36921344
301609,0x00052510,4508,0x02338000,36929536
301611,0x00052520,4509,0x0233a000,36937728
301613,0x00052530,4510,0x0233c000,36945920
301616,0x00052540,4511,0x0233e000,36954112
301617,0x00052550,4512,0x02340000,36962304
301618,0x00052560,4513,0x02342000,36970496
301622,0x00052570,4514,0x02344000,36978688
301626,0x00052580,4515,0x02346000,36986880
301628,0x00052590,4516,0x02348000,36995072
301629,0x000525a0,4517,0x0234a000,37003264
301630,0x000525b0,4518,0x0234c000,37011456
301631,0x000525c0,4519,0x0234e000,37019648
301632,0x000525d0,4520,0x02350000,37027840
301633,0x000525e0,4521,0x02352000,37036032
301636,0x000525f0,4522,0x02354000,37044224
301638,0x00052600,4523,0x02356000,37052416
301655,0x00052610,4524,0x02358000,37060608
301656,0x00052620,4525,0x0235a000,37068800
301658,0x00052630,4526,0x0235c000,37076992
301662,0x00052640,4527,0x0235e000,37085184
301665,0x00052650,4528,0x02360000,37093376
301666,0x00052660,4529,0x02362000,37101568
301667,0x00052670,4530,0x02364000,37109760
301668,0x00052680,4531,0x02366000,37117952
301669,0x00052690,4532,0x02368000,37126144
301677,0x000526a0,4533,0x0236a000,37134336
301678,0x000526b0,4534,0x0236c000,37142528
301680,0x000526c0,4535,0x0236e000,37150720
301682,0x000526d0,4536,0x02370000,37158912
301683,0x000526e0,4537,0x02372000,37167104
301687,0x000526f0,4538,0x02374000,37175296
301696,0x00052700,4539,0x02376000,37183488
301707,0x00052710,4540,0x02378000,37191680
301717,0x00052720,4541,0x0237a000,37199872
180101,0x00052730,4543,0x0237e000,37216256
180102,0x00052740,4544,0x02380000,37224448
180103,0x00052750,4545,0x02382000,37232640
180105,0x00052760,4546,0x02384000,37240832
180106,0x00052770,4547,0x02386000,37249024
180201,0x00052780,4548,0x02388000,37257216
180202,0x00052790,4549,0x0238a000,37265408
180203,0x000527a0,4550,0x0238c000,37273600
180301,0x000527b0,4551,0x0238e000,37281792
180302,0x000527c0,4552,0x02390000,37289984
180303,0x000527d0,4553,0x02392000,37298176
180305,0x000527e0,4554,0x02394000,37306368
180306,0x000527f0,4555,0x02396000,37314560
180401,0x00052800,4556,0x02398000,37322752
180402,0x00052810,4557,0x0239a000,37330944
180501,0x00052820,4558,0x0239c000,37339136
180502,0x00052830,4559,0x0239e000,37347328
180503,0x00052840,4560,0x023a0000,37355520
180601,0x00052850,4561,0x023a2000,37363712
180602,0x00052860,4562,0x023a4000,37371904
180603,0x00052870,4563,0x023a6000,37380096
180605,0x00052880,4564,0x023a8000,37388288
180606,0x00052890,4565,0x023aa000,37396480
180607,0x000528a0,4566,0x023ac000,37404672
180701,0x000528b0,4567,0x023ae000,37412864
180801,0x000528c0,4568,0x023b0000,37421056
180901,0x000528d0,4569,0x023b2000,37429248
158000,0x000528e0,1026,0x00804000,8404992
161219,0x000528f0,2988,0x01758000,24477696
161233,0x00052900,2996,0x01768000,24543232
161706,0x00052910,3002,0x01774000,24592384
161837,0x00052920,3022,0x0179c000,24756224
165311,0x00052930,3083,0x01816000,25255936
165512,0x00052940,3090,0x01824000,25313280
165517,0x00052950,3093,0x0182a000,25337856
169105,0x00052960,3129,0x01872000,25632768
399617,0x000a4440,233,0x001d2000,1908736
399618,0x000a4450,234,0x001d4000,1916928
399619,0x000a4460,235,0x001d6000,1925120
399620,0x000a4470,236,0x001d8000,1933312
399621,0x000a4480,237,0x001da000,1941504
399622,0x000a4490,238,0x001dc000,1949696
399632,0x000a4530,248,0x001f0000,2031616
399633,0x000a4540,249,0x001f2000,2039808
399634,0x000a4550,250,0x001f4000,2048000
399635,0x000a4560,251,0x001f6000,2056192
399636,0x000a4570,252,0x001f8000,2064384
399637,0x000a4580,253,0x001fa000,2072576
399638,0x000a4590,254,0x001fc000,2080768
399639,0x000a45a0,255,0x001fe000,2088960
399640,0x000a45b0,256,0x00200000,2097152
399641,0x000a45c0,257,0x00202000,2105344
399642,0x000a45d0,258,0x00204000,2113536
399643,0x000a45e0,259,0x00206000,2121728
399644,0x000a45f0,260,0x00208000,2129920
399645,0x000a4600,261,0x0020a000,2138112
399646,0x000a4610,262,0x0020c000,2146304
399647,0x000a4620,263,0x0020e000,2154496
399648,0x000a4630,264,0x00210000,2162688
399649,0x000a4640,265,0x00212000,2170880
399650,0x000a4650,266,0x00214000,2179072
399651,0x000a4660,267,0x00216000,2187264
399652,0x000a4670,268,0x00218000,2195456
399653,0x000a4680,269,0x0021a000,2203648
399654,0x000a4690,270,0x0021c000,2211840
399655,0x000a46a0,117,0x000ea000,958464
399660,0x000a46f0,276,0x00228000,2260992
399661,0x000a4700,277,0x0022a000,2269184
399662,0x000a4710,278,0x0022c000,2277376
399663,0x000a4720,279,0x0022e000,2285568
399664,0x000a4730,280,0x00230000,2293760
399665,0x000a4740,281,0x00232000,2301952
399666,0x000a4750,282,0x00234000,2310144
399667,0x000a4760,283,0x00236000,2318336
399668,0x000a4770,284,0x00238000,2326528
399669,0x000a4780,285,0x0023a000,2334720
399670,0x000a4790,286,0x0023c000,2342912
399671,0x000a47a0,287,0x0023e000,2351104
399672,0x000a47b0,288,0x00240000,2359296
399673,0x000a47c0,289,0x00242000,2367488
399674,0x000a47d0,290,0x00244000,2375680
399675,0x000a47e0,291,0x00246000,2383872
399676,0x000a47f0,292,0x00248000,2392064
399677,0x000a4800,293,0x0024a000,2400256
399678,0x000a4810,294,0x0024c000,2408448
399679,0x000a4820,295,0x0024e000,2416640
399680,0x000a4830,296,0x00250000,2424832
399681,0x000a4840,297,0x00252000,2433024
399682,0x000a4850,298,0x00254000,2441216
399683,0x000a4860,299,0x00256000,2449408
399684,0x000a4870,300,0x00258000,2457600
399685,0x000a4880,301,0x0025a000,2465792
399686,0x000a4890,302,0x0025c000,2473984
399687,0x000a48a0,303,0x0025e000,2482176
399688,0x000a48b0,304,0x00260000,2490368
399689,0x000a48c0,305,0x00262000,2498560
399692,0x000a48d0,306,0x00264000,2506752
399693,0x000a48e0,307,0x00266000,2514944
399694,0x000a48f0,308,0x00268000,2523136
399695,0x000a4900,309,0x0026a000,2531328
399696,0x000a4910,310,0x0026c000,2539520
399697,0x000a4920,311,0x0026e000,2547712
399698,0x000a4930,312,0x00270000,2555904
399699,0x000a4940,313,0x00272000,2564096
399701,0x000a4950,314,0x00274000,2572288
399702,0x000a4960,315,0x00276000,2580480
399703,0x000a4970,316,0x00278000,2588672
399704,0x000a4980,317,0x0027a000,2596864
399705,0x000a4990,318,0x0027c000,2605056
399706,0x000a49a0,319,0x0027e000,2613248
399707,0x000a49b0,320,0x00280000,2621440
399750,0x000a49c0,321,0x00282000,2629632
399802,0x000a49d0,322,0x00284000,2637824
399803,0x000a49e0,323,0x00286000,2646016
399804,0x000a49f0,324,0x00288000,2654208
399805,0x000a4a00,325,0x0028a000,2662400
399806,0x000a4a10,326,0x0028c000,2670592
399807,0x000a4a20,327,0x0028e000,2678784
399808,0x000a4a30,328,0x00290000,2686976
399809,0x000a4a40,329,0x00292000,2695168
399810,0x000a4a50,330,0x00294000,2703360
399811,0x000a4a60,331,0x00296000,2711552
399812,0x000a4a70,332,0x00298000,2719744
399813,0x000a4a80,333,0x0029a000,2727936
399814,0x000a4a90,334,0x0029c000,2736128
399850,0x000a4aa0,335,0x0029e000,2744320
399852,0x000a4ab0,336,0x002a0000,2752512
399901,0x000a4ac0,337,0x002a2000,2760704
399903,0x000a4ad0,338,0x002a4000,2768896
399905,0x000a4ae0,339,0x002a6000,2777088
399913,0x000a4af0,340,0x002a8000,2785280
399914,0x000a4b00,341,0x002aa000,2793472
399928,0x000a4b10,342,0x002ac000,2801664
399932,0x000a4b20,343,0x002ae000,2809856
399933,0x000a4b30,344,0x002b0000,2818048
399934,0x000a4b40,345,0x002b2000,2826240
399935,0x000a4b50,346,0x002b4000,2834432
399959,0x000a4b60,347,0x002b6000,2842624
399965,0x000a4b70,348,0x002b8000,2850816
399966,0x000a4b80,349,0x002ba000,2859008
399967,0x000a4b90,350,0x002bc000,2867200
399970,0x000a4ba0,351,0x002be000,2875392
399971,0x000a4bb0,352,0x002c0000,2883584
399972,0x000a4bc0,353,0x002c2000,2891776
399973,0x000a4bd0,354,0x002c4000,2899968
399974,0x000a4be0,355,0x002c6000,2908160
399975,0x000a4bf0,356,0x002c8000,2916352
399976,0x000a4c00,357,0x002ca000,2924544
399982,0x000a4c10,358,0x002cc000,2932736
399983,0x000a4c20,359,0x002ce000,2940928
399986,0x000a4c30,360,0x002d0000,2949120
399987,0x000a4c40,361,0x002d2000,2957312
399989,0x000a4c50,362,0x002d4000,2965504
399990,0x000a4c60,363,0x002d6000,2973696
399991,0x000a4c70,364,0x002d8000,2981888
399992,0x000a4c80,365,0x002da000,2990080
399993,0x000a4c90,366,0x002dc000,2998272
399994,0x000a4ca0,367,0x002de000,3006464
399995,0x000a4cb0,368,0x002e0000,3014656
399996,0x000a4cc0,369,0x002e2000,3022848
399997,0x000a4cd0,370,0x002e4000,3031040
399998,0x000a4ce0,371,0x002e6000,3039232
970070,0x000a4cf0,372,0x002e8000,3047424
980001,0x000a4d00,373,0x002ea000,3055616
980015,0x000a4d10,374,0x002ec000,3063808
980016,0x000a4d20,375,0x002ee000,3072000
980017,0x000a4d30,376,0x002f0000,3080192
980018,0x000a4d40,377,0x002f2000,3088384
980022,0x000a4d50,378,0x002f4000,3096576
980023,0x000a4d60,379,0x002f6000,3104768
980027,0x000a4d70,380,0x002f8000,3112960
980028,0x000a4d80,381,0x002fa000,3121152
980030,0x000a4d90,382,0x002fc000,3129344
980032,0x000a4da0,383,0x002fe000,3137536
980035,0x000a4db0,384,0x00300000,3145728
980068,0x000a4dc0,385,0x00302000,3153920
980076,0x000a4dd0,386,0x00304000,3162112
980092,0x000a4de0,387,0x00306000,3170304
988006,0x000a4df0,388,0x00308000,3178496
988007,0x000a4e00,389,0x0030a000,3186688
988106,0x000a4e10,390,0x0030c000,3194880
988107,0x000a4e20,391,0x0030e000,3203072
988201,0x000a4e30,392,0x00310000,3211264
000001,0x000a4e40,393,0x00312000,3219456
000002,0x000a4e50,394,0x00314000,3227648
000006,0x000a4e60,395,0x00316000,3235840
000007,0x000a4e70,396,0x00318000,3244032
000008,0x000a4e80,397,0x0031a000,3252224
000009,0x000a4e90,398,0x0031c000,3260416
000010,0x000a4ea0,399,0x0031e000,3268608
000011,0x000a4eb0,400,0x00320000,3276800
000012,0x000a4ec0,401,0x00322000,3284992
000014,0x000a4ed0,402,0x00324000,3293184
000017,0x000a4ee0,403,0x00326000,3301376
000019,0x000a4ef0,404,0x00328000,3309568
000020,0x000a4f00,405,0x0032a000,3317760
000021,0x000a4f10,406,0x0032c000,3325952
000025,0x000a4f20,407,0x0032e000,3334144
000026,0x000a4f30,408,0x00330000,3342336
000027,0x000a4f40,409,0x00332000,3350528
000028,0x000a4f50,410,0x00334000,3358720
000029,0x000a4f60,411,0x00336000,3366912
000030,0x000a4f70,412,0x00338000,3375104
000031,0x000a4f80,413,0x0033a000,3383296
000032,0x000a4f90,414,0x0033c000,3391488
000034,0x000a4fa0,415,0x0033e000,3399680
000035,0x000a4fb0,416,0x00340000,3407872
000036,0x000a4fc0,417,0x00342000,3416064
000037,0x000a4fd0,418,0x00344000,3424256
000039,0x000a4fe0,419,0x00346000,3432448
000042,0x000a4ff0,421,0x0034a000,3448832
300790,0x001a4480,130,0x00104000,1064960
399366,0x001a4490,748,0x005d8000,6127616
159039,0x001a4530,2395,0x012b6000,19619840
300792,0x001a4580,132,0x00108000,1081344
399368,0x001a4590,750,0x005dc000,6144000
300793,0x001a4600,133,0x0010a000,1089536
399369,0x001a4610,751,0x005de000,6152192
300797,0x001a4800,136,0x00110000,1114112
300798,0x001a4880,137,0x00112000,1122304
165309,0x001a4890,3303,0x019ce000,27058176
159310,0x001a4b00,2626,0x01484000,21512192
159311,0x001a4b80,2627,0x01486000,21520384
399640,0x001a4c00,859,0x006b6000,7036928
159312,0x001a4c10,2628,0x01488000,21528576
399641,0x001a4c80,860,0x006b8000,7045120
399642,0x001a4d00,861,0x006ba000,7053312
399643,0x001a4d80,862,0x006bc000,7061504
159315,0x001a4d90,2629,0x0148a000,21536768
399644,0x001a4e00,863,0x006be000,7069696
159316,0x001a4e10,2630,0x0148c000,21544960
399645,0x001a4e80,864,0x006c0000,7077888
399646,0x001a4f00,865,0x006c2000,7086080
003030,0x001a4f10,2185,0x01112000,17899520
159318,0x001a4f20,2631,0x0148e000,21553152
399647,0x001a4f80,866,0x006c4000,7094272
003031,0x001a4f90,2186,0x01114000,17907712
159270,0x001a4fa0,2592,0x01440000,21233664
000552,0x001a6440,522,0x00414000,4276224
000553,0x001a6450,523,0x00416000,4284416
000554,0x001a6460,524,0x00418000,4292608
000555,0x001a6470,525,0x0041a000,4300800
000557,0x001a6480,526,0x0041c000,4308992
000558,0x001a6490,527,0x0041e000,4317184
000570,0x001a6530,537,0x00432000,4399104
000571,0x001a6540,538,0x00434000,4407296
000572,0x001a6550,539,0x00436000,4415488
000573,0x001a6560,540,0x00438000,4423680
000576,0x001a6570,541,0x0043a000,4431872
000581,0x001a6580,542,0x0043c000,4440064
000582,0x001a6590,543,0x0043e000,4448256
000586,0x001a65a0,544,0x00440000,4456448
000589,0x001a65b0,545,0x00442000,4464640
000590,0x001a65c0,546,0x00444000,4472832
000591,0x001a65d0,547,0x00446000,4481024
000592,0x001a65e0,548,0x00448000,4489216
000593,0x001a65f0,549,0x0044a000,4497408
000595,0x001a6600,550,0x0044c000,4505600
000596,0x001a6610,551,0x0044e000,4513792
000597,0x001a6620,552,0x00450000,4521984
000598,0x001a6630,553,0x00452000,4530176
000599,0x001a6640,554,0x00454000,4538368
000600,0x001a6650,555,0x00456000,4546560
000601,0x001a6660,556,0x00458000,4554752
000603,0x001a6670,557,0x0045a000,4562944
000605,0x001a6680,558,0x0045c000,4571136
000607,0x001a6690,559,0x0045e000,4579328
000608,0x001a66a0,117,0x000ea000,958464
000633,0x001a67a0,576,0x00480000,4718592
000635,0x001a67b0,577,0x00482000,4726784
000636,0x001a67c0,578,0x00484000,4734976
000637,0x001a67d0,579,0x00486000,4743168
000639,0x001a67e0,580,0x00488000,4751360
000650,0x001a67f0,581,0x0048a000,4759552
000651,0x001a6800,582,0x0048c000,4767744
000652,0x001a6810,583,0x0048e000,4775936
000655,0x001a6820,584,0x00490000,4784128
000656,0x001a6830,585,0x00492000,4792320
000657,0x001a6840,586,0x00494000,4800512
000659,0x001a6850,587,0x00496000,4808704
000661,0x001a6860,588,0x00498000,4816896
000663,0x001a6870,589,0x0049a000,4825088
000665,0x001a6880,590,0x0049c000,4833280
000668,0x001a6890,591,0x0049e000,4841472
000669,0x001a68a0,592,0x004a0000,4849664
000670,0x001a68b0,593,0x004a2000,4857856
000672,0x001a68c0,600,0x004b0000,4915200
000676,0x001a68d0,601,0x004b2000,4923392
000677,0x001a68e0,602,0x004b4000,4931584
000678,0x001a68f0,603,0x004b6000,4939776
000679,0x001a6900,604,0x004b8000,4947968
000680,0x001a6910,605,0x004ba000,4956160
000681,0x001a6920,606,0x004bc000,4964352
000682,0x001a6930,607,0x004be000,4972544
000683,0x001a6940,608,0x004c0000,4980736
000685,0x001a6950,609,0x004c2000,4988928
000686,0x001a6960,610,0x004c4000,4997120
000688,0x001a6970,611,0x004c6000,5005312
000690,0x001a6980,612,0x004c8000,5013504
000691,0x001a6990,613,0x004ca000,5021696
000692,0x001a69a0,614,0x004cc000,5029888
000695,0x001a69b0,615,0x004ce000,5038080
000697,0x001a69c0,616,0x004d0000,5046272
000698,0x001a69d0,617,0x004d2000,5054464
000700,0x001a69e0,618,0x004d4000,5062656
000701,0x001a69f0,619,0x004d6000,5070848
000702,0x001a6a00,620,0x004d8000,5079040
000703,0x001a6a10,621,0x004da000,5087232
000705,0x001a6a20,622,0x004dc000,5095424
000707,0x001a6a30,623,0x004de000,5103616
000708,0x001a6a40,624,0x004e0000,5111808
000709,0x001a6a50,625,0x004e2000,5120000
000710,0x001a6a60,626,0x004e4000,5128192
000711,0x001a6a70,627,0x004e6000,5136384
000712,0x001a6a80,628,0x004e8000,5144576
000713,0x001a6a90,629,0x004ea000,5152768
000715,0x001a6aa0,630,0x004ec000,5160960
000716,0x001a6ab0,631,0x004ee000,5169152
000717,0x001a6ac0,632,0x004f0000,5177344
000718,0x001a6ad0,633,0x004f2000,5185536
000719,0x001a6ae0,634,0x004f4000,5193728
000720,0x001a6af0,635,0x004f6000,5201920
000721,0x001a6b00,636,0x004f8000,5210112
000722,0x001a6b10,637,0x004fa000,5218304
000723,0x001a6b20,638,0x004fc000,5226496
000725,0x001a6b30,639,0x004fe000,5234688
000726,0x001a6b40,640,0x00500000,5242880
000727,0x001a6b50,641,0x00502000,5251072
000728,0x001a6b60,642,0x00504000,5259264
000729,0x001a6b70,643,0x00506000,5267456
000731,0x001a6b80,644,0x00508000,5275648
000733,0x001a6b90,645,0x0050a000,5283840
000735,0x001a6ba0,646,0x0050c000,5292032
000736,0x001a6bb0,647,0x0050e000,5300224
000737,0x001a6bc0,648,0x00510000,5308416
000738,0x001a6bd0,649,0x00512000,5316608
000739,0x001a6be0,650,0x00514000,5324800
000750,0x001a6bf0,651,0x00516000,5332992
000751,0x001a6c00,652,0x00518000,5341184
000752,0x001a6c10,653,0x0051a000,5349376
000753,0x001a6c20,654,0x0051c000,5357568
000755,0x001a6c30,655,0x0051e000,5365760
000756,0x001a6c40,656,0x00520000,5373952
000757,0x001a6c50,657,0x00522000,5382144
000758,0x001a6c60,658,0x00524000,5390336
000759,0x001a6c70,659,0x00526000,5398528
000761,0x001a6c80,660,0x00528000,5406720
000762,0x001a6c90,661,0x0052a000,5414912
000766,0x001a6ca0,662,0x0052c000,5423104
000767,0x001a6cb0,663,0x0052e000,5431296
000768,0x001a6cc0,664,0x00530000,5439488
000776,0x001a6cd0,665,0x00532000,5447680
000777,0x001a6ce0,666,0x00534000,5455872
000778,0x001a6cf0,667,0x00536000,5464064
000779,0x001a6d00,668,0x00538000,5472256
000782,0x001a6d10,669,0x0053a000,5480448
000783,0x001a6d20,670,0x0053c000,5488640
000785,0x001a6d30,671,0x0053e000,5496832
000786,0x001a6d40,672,0x00540000,5505024
000788,0x001a6d50,673,0x00542000,5513216
000789,0x001a6d60,674,0x00544000,5521408
000790,0x001a6d70,675,0x00546000,5529600
000791,0x001a6d80,676,0x00548000,5537792
000792,0x001a6d90,677,0x0054a000,5545984
000793,0x001a6da0,678,0x0054c000,5554176
000795,0x001a6db0,679,0x0054e000,5562368
000796,0x001a6dc0,680,0x00550000,5570560
000797,0x001a6dd0,681,0x00552000,5578752
000798,0x001a6de0,682,0x00554000,5586944
000799,0x001a6df0,683,0x00556000,5595136
000800,0x001a6e00,684,0x00558000,5603328
000801,0x001a6e10,685,0x0055a000,5611520
000802,0x001a6e20,686,0x0055c000,5619712
000803,0x001a6e30,687,0x0055e000,5627904
000807,0x001a6e40,688,0x00560000,5636096
000809,0x001a6e50,689,0x00562000,5644288
000810,0x001a6e60,690,0x00564000,5652480
000811,0x001a6e70,691,0x00566000,5660672
000812,0x001a6e80,692,0x00568000,5668864
000813,0x001a6e90,693,0x0056a000,5677056
000815,0x001a6ea0,694,0x0056c000,5685248
000816,0x001a6eb0,695,0x0056e000,5693440
000818,0x001a6ec0,696,0x00570000,5701632
000819,0x001a6ed0,697,0x00572000,5709824
000820,0x001a6ee0,698,0x00574000,5718016
000821,0x001a6ef0,699,0x00576000,5726208
000822,0x001a6f00,700,0x00578000,5734400
000823,0x001a6f10,701,0x0057a000,5742592
000825,0x001a6f20,702,0x0057c000,5750784
000826,0x001a6f30,703,0x0057e000,5758976
000828,0x001a6f40,704,0x00580000,5767168
000829,0x001a6f50,705,0x00582000,5775360
000830,0x001a6f60,706,0x00584000,5783552
000831,0x001a6f70,707,0x00586000,5791744
000833,0x001a6f80,708,0x00588000,5799936
000837,0x001a6f90,709,0x0058a000,5808128
000838,0x001a6fa0,710,0x0058c000,5816320
000839,0x001a6fb0,711,0x0058e000,5824512
000848,0x001a6fc0,712,0x00590000,5832704
000850,0x001a6fd0,713,0x00592000,5840896
000852,0x001a6fe0,714,0x00594000,5849088
000856,0x001a6ff0,715,0x00596000,5857280
002180,0x00252480,198,0x0018c000,1622016
002229,0x00252490,1633,0x00cc2000,13377536
002182,0x00252580,200,0x00190000,1638400
000600,0x00252590,1125,0x008ca000,9216000
002183,0x00252600,201,0x00192000,1646592
000601,0x00252610,1126,0x008cc000,9224192
002184,0x00252680,202,0x00194000,1654784
002187,0x00252800,205,0x0019a000,1679360
000605,0x00252810,1128,0x008d0000,9240576
002188,0x00252880,206,0x0019c000,1687552
002189,0x00252900,207,0x0019e000,1695744
000607,0x00252910,1129,0x008d2000,9248768
000608,0x00252980,1130,0x008d4000,9256960
000560,0x00252a00,1099,0x00896000,9003008
000609,0x00252a10,1131,0x008d6000,9265152
159550,0x00252a20,2738,0x01564000,22429696
399928,0x00252a80,945,0x00762000,7741440
000561,0x00252a90,1100,0x00898000,9011200
001373,0x00252aa0,1407,0x00afe000,11526144
002500,0x00252ab0,1884,0x00eb8000,15433728
159551,0x00252ac0,2739,0x01566000,22437888
002501,0x00252b00,1885,0x00eba000,15441920
159552,0x00252b10,2740,0x01568000,22446080
000563,0x00252b80,1101,0x0089a000,9019392
159553,0x00252b90,2741,0x0156a000,22454272
001376,0x00252c00,429,0x0035a000,3514368
000564,0x00252c10,1102,0x0089c000,9027584
000565,0x00252c80,1103,0x0089e000,9035776
159555,0x00252c90,2742,0x0156c000,22462464
000566,0x00252d00,1104,0x008a0000,9043968
001378,0x00252d10,1408,0x00b00000,11534336
159556,0x00252d20,2743,0x0156e000,22470656
300040,0x00252d80,567,0x0046e000,4644864
000567,0x00252d90,1105,0x008a2000,9052160
001379,0x00252da0,1409,0x00b02000,11542528
002506,0x00252db0,1886,0x00ebc000,15450112
159557,0x00252dc0,2744,0x01570000,22478848
300041,0x00252e00,568,0x00470000,4653056
000568,0x00252e10,1106,0x008a4000,9060352
002507,0x00252e20,1887,0x00ebe000,15458304
159558,0x00252e30,2745,0x01572000,22487040
300042,0x00252e80,569,0x00472000,4661248
002508,0x00252e90,1888,0x00ec0000,15466496
159559,0x00252ea0,2746,0x01574000,22495232
002460,0x00252f00,1848,0x00e70000,15138816
300043,0x00252f10,3364,0x01a48000,27557888
300044,0x00252f80,383,0x002fe000,3137536
002461,0x00252f90,1849,0x00e72000,15147008
159830,0x00253480,2954,0x01714000,24199168
159834,0x00253680,2956,0x01718000,24215552
159837,0x00253800,2959,0x0171e000,24240128
300320,0x00253810,3556,0x01bc8000,29130752
301132,0x00253820,4154,0x02074000,34029568
000848,0x00253880,1276,0x009f8000,10452992
159838,0x00253890,2960,0x01720000,24248320
300321,0x002538a0,3557,0x01bca000,29138944
301133,0x002538b0,4155,0x02076000,34037760
159790,0x00253900,2925,0x016da000,23961600
159839,0x00253910,2961,0x01722000,24256512
300322,0x00253920,3558,0x01bcc000,29147136
159791,0x00253980,2926,0x016dc000,23969792
300323,0x00253990,3559,0x01bce000,29155328
301135,0x002539a0,4156,0x02078000,34045952
002741,0x00253a00,1994,0x00f94000,16334848
159792,0x00253a10,2927,0x016de000,23977984
300324,0x00253a20,3560,0x01bd0000,29163520
301136,0x00253a30,4157,0x0207a000,34054144
002742,0x00253a80,1995,0x00f96000,16343040
159793,0x00253a90,2928,0x016e0000,23986176
301137,0x00253aa0,4158,0x0207c000,34062336
002743,0x00253b00,1996,0x00f98000,16351232
161232,0x00253b10,3209,0x01912000,26288128
300326,0x00253b20,3561,0x01bd2000,29171712
301138,0x00253b30,4159,0x0207e000,34070528
301090,0x00253b80,22,0x0002c000,180224
301139,0x00253b90,352,0x002c0000,2883584
159795,0x00253ba0,2929,0x016e2000,23994368
160421,0x00253bb0,3108,0x01848000,25460736
300327,0x00253bc0,3562,0x01bd4000,29179904
301091,0x00253c00,23,0x0002e000,188416
002745,0x00253c10,1997,0x00f9a000,16359424
159796,0x00253c20,2930,0x016e4000,24002560
300328,0x00253c30,3563,0x01bd6000,29188096
301092,0x00253c80,24,0x00030000,196608
002746,0x00253c90,1998,0x00f9c000,16367616
159797,0x00253ca0,2931,0x016e6000,24010752
300329,0x00253cb0,3564,0x01bd8000,29196288
301093,0x00253d00,25,0x00032000,204800
002747,0x00253d10,1999,0x00f9e000,16375808
159798,0x00253d20,2932,0x016e8000,24018944
300281,0x00253d30,3521,0x01b82000,28844032
002748,0x00253d80,2000,0x00fa0000,16384000
301095,0x00253e00,26,0x00034000,212992
002749,0x00253e10,2001,0x00fa2000,16392192
123220,0x00253e20,2259,0x011a6000,18505728
300283,0x00253e30,3522,0x01b84000,28852224
301096,0x00253e80,27,0x00036000,221184
300284,0x00253e90,3523,0x01b86000,28860416
301097,0x00253f00,28,0x00038000,229376
980092,0x00253f10,990,0x007bc000,8110080
123222,0x00253f20,2260,0x011a8000,18513920
300285,0x00253f30,3524,0x01b88000,28868608
301098,0x00253f80,29,0x0003a000,237568
123223,0x00253f90,2261,0x011aa000,18522112
300286,0x00253fa0,3525,0x01b8a000,28876800
300604,0x00254480,3782,0x01d8c000,30982144
001896,0x00254580,432,0x00360000,3538944
300606,0x00254590,3784,0x01d90000,30998528
301418,0x002545a0,4340,0x021e8000,35553280
123187,0x00254600,2244,0x01188000,18382848
300607,0x00254610,3785,0x01d92000,31006720
301370,0x00254620,4313,0x021b2000,35332096
301419,0x00254630,4341,0x021ea000,35561472
300608,0x00254680,3786,0x01d94000,31014912
301371,0x00254690,4314,0x021b4000,35340288
300609,0x00254720,3787,0x01d96000,31023104
301372,0x00254730,4315,0x021b6000,35348480
300561,0x00254780,527,0x0041e000,4317184
301373,0x00254790,4316,0x021b8000,35356672
300562,0x00254800,528,0x00420000,4325376
002980,0x00254880,335,0x0029e000,2744320
300563,0x00254890,529,0x00422000,4333568
160706,0x002548a0,3142,0x0188c000,25739264
002981,0x00254900,336,0x002a0000,2752512
300564,0x00254910,530,0x00424000,4341760
301376,0x00254920,4317,0x021ba000,35364864
002982,0x00254980,337,0x002a2000,2760704
300565,0x00254990,531,0x00426000,4349952
301377,0x002549a0,4318,0x021bc000,35373056
002983,0x00254a00,338,0x002a4000,2768896
300566,0x00254a10,532,0x00428000,4358144
301378,0x00254a20,4319,0x021be000,35381248
002984,0x00254a80,339,0x002a6000,2777088
300567,0x00254a90,533,0x0042a000,4366336
301379,0x00254aa0,4320,0x021c0000,35389440
300568,0x00254b00,534,0x0042c000,4374528
200512,0x00254b10,1443,0x00b46000,11821056
002985,0x00254b20,2143,0x010be000,17555456
300569,0x00254b80,535,0x0042e000,4382720
002986,0x00254b90,2144,0x010c0000,17563648
002987,0x00254c00,2145,0x010c2000,17571840
002988,0x00254c80,2146,0x010c4000,17580032
002989,0x00254d00,2147,0x010c6000,17588224
163412,0x00254e00,3277,0x0199a000,26845184
399410,0x00254e80,791,0x0062e000,6479872
399411,0x00254f00,792,0x00630000,6488064
399412,0x00254f80,793,0x00632000,6496256
163415,0x00254f90,3278,0x0199c000,26853376
000055,0x00255480,446,0x0037c000,3653632
399373,0x00255490,755,0x005e6000,6184960
300847,0x00255530,3980,0x01f18000,32604160
399375,0x00255580,757,0x005ea000,6201344
300848,0x00255590,3981,0x01f1a000,32612352
000058,0x00255600,447,0x0037e000,3661824
399376,0x00255610,758,0x005ec000,6209536
159048,0x00255620,2402,0x012c4000,19677184
300849,0x00255630,3982,0x01f1c000,32620544
000059,0x00255680,448,0x00380000,3670016
399377,0x00255690,759,0x005ee000,6217728
159049,0x002556a0,117,0x000ea000,958464
164508,0x00255a80,3291,0x019b6000,26959872
164509,0x00255b00,3292,0x019b8000,26968064
159320,0x00255c80,2632,0x01490000,21561344
159321,0x00255d00,2633,0x01492000,21569536
399650,0x00255d80,869,0x006ca000,7118848
159322,0x00255d90,2634,0x01494000,21577728
000333,0x00255e00,473,0x003b2000,3874816
399651,0x00255e10,870,0x006cc000,7127040
159323,0x00255e20,2635,0x01496000,21585920
399652,0x00255e80,871,0x006ce000,7135232
399653,0x00255f00,872,0x006d0000,7143424
159325,0x00255f10,2636,0x01498000,21594112
399654,0x00255f80,873,0x006d2000,7151616
159326,0x00255f90,2637,0x0149a000,21602304
002236,0x00256480,1639,0x00cce000,13426688
159287,0x00256490,2606,0x0145c000,21348352
002238,0x00256580,1641,0x00cd2000,13443072
159289,0x00256590,2608,0x01460000,21364736
002190,0x00256600,208,0x001a0000,1703936
002239,0x00256610,1642,0x00cd4000,13451264
002191,0x00256680,209,0x001a2000,1712128
970070,0x00256690,975,0x0079e000,7987200
002193,0x00256780,1606,0x00c8c000,13156352
159601,0x00256790,2780,0x015b8000,22773760
002194,0x00256800,211,0x001a6000,1728512
000612,0x00256810,1133,0x008da000,9281536
159602,0x00256820,2781,0x015ba000,22781952
002195,0x00256880,212,0x001a8000,1736704
159603,0x00256890,2782,0x015bc000,22790144
002196,0x00256900,213,0x001aa000,1744896
399932,0x00256910,946,0x00764000,7749632
200992,0x00256920,1458,0x00b64000,11943936
002197,0x00256980,214,0x001ac000,1753088
399933,0x00256990,947,0x00766000,7757824
000615,0x002569a0,1134,0x008dc000,9289728
159605,0x002569b0,2783,0x015be000,22798336
399934,0x00256a00,948,0x00768000,7766016
002198,0x00256a10,1607,0x00c8e000,13164544
159606,0x00256a20,2784,0x015c0000,22806528
002199,0x00256a80,215,0x001ae000,1761280
399935,0x00256a90,949,0x0076a000,7774208
000617,0x00256aa0,1135,0x008de000,9297920
001380,0x00256ab0,1410,0x00b04000,11550720
159607,0x00256ac0,2785,0x015c2000,22814720
159608,0x00256b00,2786,0x015c4000,22822912
000570,0x00256b80,1107,0x008a6000,9068544
000619,0x00256b90,1136,0x008e0000,9306112
001382,0x00256ba0,1411,0x00b06000,11558912
159560,0x00256bb0,2747,0x01576000,22503424
159609,0x00256bc0,2787,0x015c6000,22831104
002510,0x00256c00,384,0x00300000,3145728
000571,0x00256c10,1108,0x008a8000,9076736
159561,0x00256c20,2748,0x01578000,22511616
002511,0x00256c80,385,0x00302000,3153920
000572,0x00256c90,1109,0x008aa000,9084928
159562,0x00256ca0,2749,0x0157a000,22519808
000573,0x00256d00,1110,0x008ac000,9093120
002512,0x00256d10,1889,0x00ec2000,15474688
159563,0x00256d20,2750,0x0157c000,22528000
002513,0x00256d80,386,0x00304000,3162112
001386,0x00256d90,1412,0x00b08000,11567104
001387,0x00256e00,1413,0x00b0a000,11575296
002514,0x00256e10,1890,0x00ec4000,15482880
159565,0x00256e20,2751,0x0157e000,22536192
002515,0x00256e80,387,0x00306000,3170304
000576,0x00256e90,1111,0x008ae000,9101312
001388,0x00256ea0,1414,0x00b0c000,11583488
159566,0x00256eb0,2752,0x01580000,22544384
002516,0x00256f00,388,0x00308000,3178496
001389,0x00256f10,1415,0x00b0e000,11591680
159567,0x00256f20,2753,0x01582000,22552576
161005,0x00256f30,3162,0x018b4000,25903104
300050,0x00256f40,3370,0x01a54000,27607040
002517,0x00256f80,389,0x0030a000,3186688
159568,0x00256f90,2754,0x01584000,22560768
300051,0x00256fa0,3371,0x01a56000,27615232
002478,0x00257480,1863,0x00e8e000,15261696
000850,0x00257600,1277,0x009fa000,10461184
159840,0x00257610,2962,0x01724000,24264704
159841,0x00257680,2963,0x01726000,24272896
159845,0x00257880,2966,0x0172c000,24297472
000856,0x00257900,1279,0x009fe000,10477568
301141,0x00257910,4160,0x02080000,34078720
159847,0x00257980,2967,0x0172e000,24305664
000858,0x00257a00,1280,0x00a00000,10485760
159848,0x00257a10,2968,0x01730000,24313856
300331,0x00257a20,3565,0x01bda000,29204480
000859,0x00257a80,1281,0x00a02000,10493952
159849,0x00257a90,2969,0x01732000,24322048
300332,0x00257aa0,3566,0x01bdc000,29212672
300333,0x00257b00,3567,0x01bde000,29220864
300334,0x00257b80,3568,0x01be0000,29229056
002752,0x00257c00,2002,0x00fa4000,16400384
300335,0x00257c10,3569,0x01be2000,29237248
002753,0x00257c80,2003,0x00fa6000,16408576
301148,0x00257c90,4161,0x02082000,34086912
300337,0x00257d00,3570,0x01be4000,29245440
301149,0x00257d10,4162,0x02084000,34095104
002755,0x00257d80,2004,0x00fa8000,16416768
300338,0x00257d90,3571,0x01be6000,29253632
002756,0x00257e00,2005,0x00faa000,16424960
300290,0x00257e10,3529,0x01b92000,28909568
300339,0x00257e20,3572,0x01be8000,29261824
002757,0x00257e80,2006,0x00fac000,16433152
300291,0x00257e90,3530,0x01b94000,28917760
002758,0x00257f00,2007,0x00fae000,16441344
300292,0x00257f10,3531,0x01b96000,28925952
002759,0x00257f80,371,0x002e6000,3039232
300293,0x00257f90,3532,0x01b98000,28934144
001205,0x002cc440,816,0x00660000,6684672
001206,0x002cc450,817,0x00662000,6692864
001207,0x002cc460,818,0x00664000,6701056
001208,0x002cc470,819,0x00666000,6709248
001209,0x002cc480,820,0x00668000,6717440
001210,0x002cc490,821,0x0066a000,6725632
001223,0x002cc530,833,0x00682000,6823936
001225,0x002cc540,834,0x00684000,6832128
001226,0x002cc550,835,0x00686000,6840320
001227,0x002cc560,836,0x00688000,6848512
001228,0x002cc570,837,0x0068a000,6856704
001229,0x002cc580,838,0x0068c000,6864896
001230,0x002cc590,839,0x0068e000,6873088
001231,0x002cc5a0,840,0x00690000,6881280
001234,0x002cc5b0,843,0x00696000,6905856
001236,0x002cc5c0,844,0x00698000,6914048
001238,0x002cc5d0,846,0x0069c000,6930432
001255,0x002cc5e0,849,0x006a2000,6955008
001256,0x002cc5f0,850,0x006a4000,6963200
001258,0x002cc600,852,0x006a8000,6979584
001259,0x002cc610,853,0x006aa000,6987776
001260,0x002cc620,854,0x006ac000,6995968
001266,0x002cc630,855,0x006ae000,7004160
001267,0x002cc640,856,0x006b0000,7012352
001268,0x002cc650,857,0x006b2000,7020544
001269,0x002cc660,858,0x006b4000,7028736
001270,0x002cc670,859,0x006b6000,7036928
001278,0x002cc680,861,0x006ba000,7053312
001283,0x002cc690,865,0x006c2000,7086080
001288,0x002cc6a0,117,0x000ea000,958464
001360,0x002cc7b0,905,0x00712000,7413760
001365,0x002cc7c0,906,0x00714000,7421952
001367,0x002cc7d0,908,0x00718000,7438336
001369,0x002cc7e0,910,0x0071c000,7454720
001373,0x002cc7f0,911,0x0071e000,7462912
001378,0x002cc800,913,0x00722000,7479296
001379,0x002cc810,914,0x00724000,7487488
001380,0x002cc820,915,0x00726000,7495680
001382,0x002cc830,916,0x00728000,7503872
001386,0x002cc840,917,0x0072a000,7512064
001387,0x002cc850,918,0x0072c000,7520256
001388,0x002cc860,919,0x0072e000,7528448
001389,0x002cc870,920,0x00730000,7536640
001390,0x002cc880,921,0x00732000,7544832
001391,0x002cc890,922,0x00734000,7553024
001393,0x002cc8a0,923,0x00736000,7561216
001395,0x002cc8b0,924,0x00738000,7569408
001396,0x002cc8c0,925,0x0073a000,7577600
001399,0x002cc8d0,926,0x0073c000,7585792
001400,0x002cc8e0,927,0x0073e000,7593984
201872,0x002cc8f0,934,0x0074c000,7651328
200011,0x002cc900,935,0x0074e000,7659520
200012,0x002cc910,936,0x00750000,7667712
200017,0x002cc920,937,0x00752000,7675904
200019,0x002cc930,938,0x00754000,7684096
200020,0x002cc940,939,0x00756000,7692288
200025,0x002cc950,940,0x00758000,7700480
200026,0x002cc960,941,0x0075a000,7708672
200028,0x002cc970,942,0x0075c000,7716864
200029,0x002cc980,943,0x0075e000,7725056
200030,0x002cc990,944,0x00760000,7733248
200037,0x002cc9a0,945,0x00762000,7741440
200045,0x002cc9b0,946,0x00764000,7749632
200055,0x002cc9c0,947,0x00766000,7757824
200056,0x002cc9d0,948,0x00768000,7766016
200058,0x002cc9e0,949,0x0076a000,7774208
200429,0x002cc9f0,950,0x0076c000,7782400
200468,0x002cca00,951,0x0076e000,7790592
200488,0x002cca10,952,0x00770000,7798784
200505,0x002cca20,953,0x00772000,7806976
200512,0x002cca30,954,0x00774000,7815168
200521,0x002cca40,955,0x00776000,7823360
200530,0x002cca50,956,0x00778000,7831552
200539,0x002cca60,957,0x0077a000,7839744
200541,0x002cca70,958,0x0077c000,7847936
200550,0x002cca80,959,0x0077e000,7856128
200553,0x002cca90,960,0x00780000,7864320
200570,0x002ccaa0,961,0x00782000,7872512
200581,0x002ccab0,962,0x00784000,7880704
200596,0x002ccac0,963,0x00786000,7888896
200625,0x002ccad0,964,0x00788000,7897088
200725,0x002ccae0,965,0x0078a000,7905280
200726,0x002ccaf0,966,0x0078c000,7913472
200761,0x002ccb00,967,0x0078e000,7921664
200869,0x002ccb10,968,0x00790000,7929856
200992,0x002ccb20,969,0x00792000,7938048
002012,0x002ccb30,980,0x007a8000,8028160
002014,0x002ccb40,981,0x007aa000,8036352
002015,0x002ccb50,982,0x007ac000,8044544
002016,0x002ccb60,983,0x007ae000,8052736
002017,0x002ccb70,984,0x007b0000,8060928
002019,0x002ccb80,985,0x007b2000,8069120
002020,0x002ccb90,986,0x007b4000,8077312
002021,0x002ccba0,987,0x007b6000,8085504
002022,0x002ccbb0,988,0x007b8000,8093696
002023,0x002ccbc0,989,0x007ba000,8101888
002024,0x002ccbd0,990,0x007bc000,8110080
002025,0x002ccbe0,991,0x007be000,8118272
002026,0x002ccbf0,992,0x007c0000,8126464
002027,0x002ccc00,993,0x007c2000,8134656
002028,0x002ccc10,994,0x007c4000,8142848
002029,0x002ccc20,995,0x007c6000,8151040
002030,0x002ccc30,996,0x007c8000,8159232
002031,0x002ccc40,997,0x007ca000,8167424
002032,0x002ccc50,998,0x007cc000,8175616
002033,0x002ccc60,999,0x007ce000,8183808
002034,0x002ccc70,1000,0x007d0000,8192000
002035,0x002ccc80,1001,0x007d2000,8200192
002036,0x002ccc90,1002,0x007d4000,8208384
002037,0x002ccca0,1003,0x007d6000,8216576
002038,0x002cccb0,1004,0x007d8000,8224768
002039,0x002cccc0,1005,0x007da000,8232960
002040,0x002cccd0,1006,0x007dc000,8241152
002041,0x002ccce0,1007,0x007de000,8249344
002042,0x002cccf0,1008,0x007e0000,8257536
002043,0x002ccd00,1009,0x007e2000,8265728
002044,0x002ccd10,1010,0x007e4000,8273920
002045,0x002ccd20,1011,0x007e6000,8282112
002046,0x002ccd30,1012,0x007e8000,8290304
002047,0x002ccd40,1013,0x007ea000,8298496
002048,0x002ccd50,1014,0x007ec000,8306688
002049,0x002ccd60,1015,0x007ee000,8314880
002050,0x002ccd70,1016,0x007f0000,8323072
002051,0x002ccd80,1017,0x007f2000,8331264
002052,0x002ccd90,1018,0x007f4000,8339456
002053,0x002ccda0,1019,0x007f6000,8347648
002054,0x002ccdb0,1020,0x007f8000,8355840
002055,0x002ccdc0,1021,0x007fa000,8364032
002056,0x002ccdd0,1022,0x007fc000,8372224
002057,0x002ccde0,1023,0x007fe000,8380416
002058,0x002ccdf0,1024,0x00800000,8388608
002059,0x002cce00,1025,0x00802000,8396800
002060,0x002cce10,1026,0x00804000,8404992
002061,0x002cce20,1027,0x00806000,8413184
002062,0x002cce30,1028,0x00808000,8421376
002063,0x002cce40,1029,0x0080a000,8429568
002064,0x002cce50,1030,0x0080c000,8437760
002065,0x002cce60,1031,0x0080e000,8445952
002066,0x002cce70,1032,0x00810000,8454144
002067,0x002cce80,1033,0x00812000,8462336
002068,0x002cce90,1034,0x00814000,8470528
002069,0x002ccea0,1035,0x00816000,8478720
002072,0x002cceb0,1036,0x00818000,8486912
002073,0x002ccec0,1037,0x0081a000,8495104
002074,0x002cced0,1038,0x0081c000,8503296
002075,0x002ccee0,1039,0x0081e000,8511488
002076,0x002ccef0,1040,0x00820000,8519680
002077,0x002ccf00,1041,0x00822000,8527872
002078,0x002ccf10,1042,0x00824000,8536064
002079,0x002ccf20,1043,0x00826000,8544256
002080,0x002ccf30,1044,0x00828000,8552448
002081,0x002ccf40,1045,0x0082a000,8560640
002082,0x002ccf50,1046,0x0082c000,8568832
002083,0x002ccf60,1047,0x0082e000,8577024
002084,0x002ccf70,1048,0x00830000,8585216
002085,0x002ccf80,1049,0x00832000,8593408
002086,0x002ccf90,1050,0x00834000,8601600
002088,0x002ccfa0,1051,0x00836000,8609792
002090,0x002ccfb0,1052,0x00838000,8617984
002091,0x002ccfc0,1053,0x0083a000,8626176
002092,0x002ccfd0,1054,0x0083c000,8634368
002093,0x002ccfe0,1055,0x0083e000,8642560
002094,0x002ccff0,1056,0x00840000,8650752
002168,0x00421440,1126,0x008cc000,9224192
002175,0x00421450,1133,0x008da000,9281536
002193,0x00421460,1151,0x008fe000,9428992
002198,0x00421470,1156,0x00908000,9469952
002203,0x00421480,1161,0x00912000,9510912
002204,0x00421490,1162,0x00914000,9519104
002214,0x00421530,1172,0x00928000,9601024
002215,0x00421540,1173,0x0092a000,9609216
002216,0x00421550,1174,0x0092c000,9617408
002217,0x00421560,1175,0x0092e000,9625600
002218,0x00421570,1176,0x00930000,9633792
002219,0x00421580,1177,0x00932000,9641984
002221,0x00421590,1178,0x00934000,9650176
002222,0x004215a0,1179,0x00936000,9658368
002223,0x004215b0,1180,0x00938000,9666560
002224,0x004215c0,1181,0x0093a000,9674752
002225,0x004215d0,1182,0x0093c000,9682944
002226,0x004215e0,1183,0x0093e000,9691136
002227,0x004215f0,1184,0x00940000,9699328
002228,0x00421600,1185,0x00942000,9707520
002229,0x00421610,1186,0x00944000,9715712
002230,0x00421620,1187,0x00946000,9723904
002232,0x00421630,1188,0x00948000,9732096
002233,0x00421640,1189,0x0094a000,9740288
002234,0x00421650,1190,0x0094c000,9748480
002235,0x00421660,1191,0x0094e000,9756672
002236,0x00421670,1192,0x00950000,9764864
002237,0x00421680,1193,0x00952000,9773056
002238,0x00421690,1194,0x00954000,9781248
002239,0x004216a0,117,0x000ea000,958464
002250,0x00421750,1206,0x0096c000,9879552
002251,0x00421760,1207,0x0096e000,9887744
002252,0x00421770,1208,0x00970000,9895936
002253,0x00421780,1209,0x00972000,9904128
002254,0x00421790,1210,0x00974000,9912320
002255,0x004217a0,1211,0x00976000,9920512
002256,0x004217b0,1212,0x00978000,9928704
002258,0x004217c0,1213,0x0097a000,9936896
002259,0x004217d0,1214,0x0097c000,9945088
002261,0x004217e0,1215,0x0097e000,9953280
002262,0x004217f0,1216,0x00980000,9961472
002263,0x00421800,1217,0x00982000,9969664
002264,0x00421810,1218,0x00984000,9977856
002265,0x00421820,1219,0x00986000,9986048
002266,0x00421830,1220,0x00988000,9994240
002267,0x00421840,1221,0x0098a000,10002432
002268,0x00421850,1222,0x0098c000,10010624
002269,0x00421860,1223,0x0098e000,10018816
002270,0x00421870,1224,0x00990000,10027008
002271,0x00421880,1225,0x00992000,10035200
002272,0x00421890,1226,0x00994000,10043392
002273,0x004218a0,1227,0x00996000,10051584
002274,0x004218b0,1228,0x00998000,10059776
002275,0x004218c0,1229,0x0099a000,10067968
002276,0x004218d0,1230,0x0099c000,10076160
002277,0x004218e0,1231,0x0099e000,10084352
002278,0x004218f0,1232,0x009a0000,10092544
002279,0x00421900,1233,0x009a2000,10100736
002281,0x00421910,1234,0x009a4000,10108928
002282,0x00421920,1235,0x009a6000,10117120
002283,0x00421930,1236,0x009a8000,10125312
002284,0x00421940,1237,0x009aa000,10133504
002285,0x00421950,1238,0x009ac000,10141696
002286,0x00421960,1239,0x009ae000,10149888
002287,0x00421970,1240,0x009b0000,10158080
002289,0x00421980,1241,0x009b2000,10166272
002290,0x00421990,1242,0x009b4000,10174464
002291,0x004219a0,1243,0x009b6000,10182656
002292,0x004219b0,1244,0x009b8000,10190848
002293,0x004219c0,1245,0x009ba000,10199040
002294,0x004219d0,1246,0x009bc000,10207232
002295,0x004219e0,1247,0x009be000,10215424
002296,0x004219f0,1248,0x009c0000,10223616
002297,0x00421a00,1249,0x009c2000,10231808
002298,0x00421a10,1250,0x009c4000,10240000
002299,0x00421a20,1251,0x009c6000,10248192
002300,0x00421a30,1252,0x009c8000,10256384
002301,0x00421a40,1253,0x009ca000,10264576
002302,0x00421a50,1254,0x009cc000,10272768
002303,0x00421a60,1255,0x009ce000,10280960
002304,0x00421a70,1256,0x009d0000,10289152
002305,0x00421a80,1257,0x009d2000,10297344
002306,0x00421a90,1258,0x009d4000,10305536
002307,0x00421aa0,1259,0x009d6000,10313728
002309,0x00421ab0,1260,0x009d8000,10321920
002310,0x00421ac0,1261,0x009da000,10330112
002311,0x00421ad0,1262,0x009dc000,10338304
002312,0x00421ae0,1263,0x009de000,10346496
002313,0x00421af0,1264,0x009e0000,10354688
002314,0x00421b00,1265,0x009e2000,10362880
002315,0x00421b10,1266,0x009e4000,10371072
002316,0x00421b20,1267,0x009e6000,10379264
002317,0x00421b30,1268,0x009e8000,10387456
002318,0x00421b40,1269,0x009ea000,10395648
002319,0x00421b50,1270,0x009ec000,10403840
002320,0x00421b60,1271,0x009ee000,10412032
002321,0x00421b70,1272,0x009f0000,10420224
002322,0x00421b80,1273,0x009f2000,10428416
002323,0x00421b90,1274,0x009f4000,10436608
002324,0x00421ba0,1275,0x009f6000,10444800
002326,0x00421bb0,1276,0x009f8000,10452992
002327,0x00421bc0,1277,0x009fa000,10461184
002328,0x00421bd0,1278,0x009fc000,10469376
002329,0x00421be0,1279,0x009fe000,10477568
002330,0x00421bf0,1280,0x00a00000,10485760
002331,0x00421c00,1281,0x00a02000,10493952
002332,0x00421c10,1282,0x00a04000,10502144
002333,0x00421c20,1283,0x00a06000,10510336
002334,0x00421c30,1284,0x00a08000,10518528
002335,0x00421c40,1285,0x00a0a000,10526720
002337,0x00421c50,1286,0x00a0c000,10534912
002338,0x00421c60,1287,0x00a0e000,10543104
002339,0x00421c70,1288,0x00a10000,10551296
002340,0x00421c80,1289,0x00a12000,10559488
002342,0x00421c90,1290,0x00a14000,10567680
002343,0x00421ca0,1291,0x00a16000,10575872
002344,0x00421cb0,1292,0x00a18000,10584064
002345,0x00421cc0,1293,0x00a1a000,10592256
002346,0x00421cd0,1294,0x00a1c000,10600448
002347,0x00421ce0,1295,0x00a1e000,10608640
002348,0x00421cf0,1296,0x00a20000,10616832
002349,0x00421d00,1297,0x00a22000,10625024
002350,0x00421d10,1298,0x00a24000,10633216
002351,0x00421d20,1299,0x00a26000,10641408
002352,0x00421d30,1300,0x00a28000,10649600
002353,0x00421d40,1301,0x00a2a000,10657792
002354,0x00421d50,1302,0x00a2c000,10665984
002355,0x00421d60,1303,0x00a2e000,10674176
002356,0x00421d70,1304,0x00a30000,10682368
002357,0x00421d80,1305,0x00a32000,10690560
002358,0x00421d90,1306,0x00a34000,10698752
002360,0x00421da0,1307,0x00a36000,10706944
002361,0x00421db0,1308,0x00a38000,10715136
002362,0x00421dc0,1309,0x00a3a000,10723328
002363,0x00421dd0,1310,0x00a3c000,10731520
002364,0x00421de0,1311,0x00a3e000,10739712
002365,0x00421df0,1312,0x00a40000,10747904
002366,0x00421e00,1313,0x00a42000,10756096
002367,0x00421e10,1314,0x00a44000,10764288
002368,0x00421e20,1315,0x00a46000,10772480
002369,0x00421e30,1316,0x00a48000,10780672
002370,0x00421e40,1317,0x00a4a000,10788864
002371,0x00421e50,1318,0x00a4c000,10797056
002372,0x00421e60,1319,0x00a4e000,10805248
002373,0x00421e70,1320,0x00a50000,10813440
002374,0x00421e80,1321,0x00a52000,10821632
002375,0x00421e90,1322,0x00a54000,10829824
002376,0x00421ea0,1323,0x00a56000,10838016
002377,0x00421eb0,1324,0x00a58000,10846208
002378,0x00421ec0,1325,0x00a5a000,10854400
002379,0x00421ed0,1326,0x00a5c000,10862592
002380,0x00421ee0,1327,0x00a5e000,10870784
002381,0x00421ef0,1328,0x00a60000,10878976
002382,0x00421f00,1329,0x00a62000,10887168
002383,0x00421f10,1330,0x00a64000,10895360
002384,0x00421f20,1331,0x00a66000,10903552
002385,0x00421f30,1332,0x00a68000,10911744
002386,0x00421f40,1333,0x00a6a000,10919936
002387,0x00421f50,1334,0x00a6c000,10928128
002388,0x00421f60,1335,0x00a6e000,10936320
002389,0x00421f70,1336,0x00a70000,10944512
002390,0x00421f80,1337,0x00a72000,10952704
002391,0x00421f90,1338,0x00a74000,10960896
002392,0x00421fa0,1339,0x00a76000,10969088
002393,0x00421fb0,1340,0x00a78000,10977280
002394,0x00421fc0,1341,0x00a7a000,10985472
002395,0x00421fd0,1342,0x00a7c000,10993664
002396,0x00421fe0,1343,0x00a7e000,11001856
002397,0x00421ff0,1344,0x00a80000,11010048
002474,0x00541440,1421,0x00b1a000,11640832
002475,0x00541450,1422,0x00b1c000,11649024
002476,0x00541460,1423,0x00b1e000,11657216
002478,0x00541470,1424,0x00b20000,11665408
002479,0x00541480,1425,0x00b22000,11673600
002480,0x00541490,1426,0x00b24000,11681792
002490,0x00541530,1436,0x00b38000,11763712
002491,0x00541540,1437,0x00b3a000,11771904
002492,0x00541550,1438,0x00b3c000,11780096
002493,0x00541560,1439,0x00b3e000,11788288
002494,0x00541570,1440,0x00b40000,11796480
002495,0x00541580,1441,0x00b42000,11804672
002496,0x00541590,1442,0x00b44000,11812864
002497,0x005415a0,1443,0x00b46000,11821056
002498,0x005415b0,1444,0x00b48000,11829248
002500,0x005415c0,1449,0x00b52000,11870208
002501,0x005415d0,1450,0x00b54000,11878400
002506,0x005415e0,1451,0x00b56000,11886592
002507,0x005415f0,1452,0x00b58000,11894784
002508,0x00541600,1453,0x00b5a000,11902976
002512,0x00541610,1456,0x00b60000,11927552
002514,0x00541620,1458,0x00b64000,11943936
002528,0x00541630,1471,0x00b7e000,12050432
002538,0x00541640,1481,0x00b92000,12132352
002542,0x00541650,1485,0x00b9a000,12165120
002548,0x00541660,1491,0x00ba6000,12214272
002549,0x00541670,1492,0x00ba8000,12222464
002550,0x00541680,1493,0x00baa000,12230656
002551,0x00541690,1494,0x00bac000,12238848
002552,0x005416a0,117,0x000ea000,958464
002567,0x00541790,1515,0x00bd6000,12410880
002568,0x005417a0,1516,0x00bd8000,12419072
002570,0x005417b0,1518,0x00bdc000,12435456
002571,0x005417c0,1519,0x00bde000,12443648
002572,0x005417d0,1520,0x00be0000,12451840
002573,0x005417e0,1521,0x00be2000,12460032
002574,0x005417f0,1522,0x00be4000,12468224
002575,0x00541800,1523,0x00be6000,12476416
002576,0x00541810,1524,0x00be8000,12484608
002577,0x00541820,1525,0x00bea000,12492800
002578,0x00541830,1526,0x00bec000,12500992
002579,0x00541840,1527,0x00bee000,12509184
002580,0x00541850,1528,0x00bf0000,12517376
002582,0x00541860,1530,0x00bf4000,12533760
002583,0x00541870,1531,0x00bf6000,12541952
002584,0x00541880,1532,0x00bf8000,12550144
002585,0x00541890,1533,0x00bfa000,12558336
002587,0x005418a0,1535,0x00bfe000,12574720
002588,0x005418b0,1536,0x00c00000,12582912
002589,0x005418c0,1537,0x00c02000,12591104
002590,0x005418d0,1538,0x00c04000,12599296
002591,0x005418e0,1539,0x00c06000,12607488
002593,0x005418f0,1541,0x00c0a000,12623872
002594,0x00541900,1542,0x00c0c000,12632064
002595,0x00541910,1543,0x00c0e000,12640256
002596,0x00541920,1544,0x00c10000,12648448
002597,0x00541930,1545,0x00c12000,12656640
002599,0x00541940,1547,0x00c16000,12673024
002600,0x00541950,1548,0x00c18000,12681216
002601,0x00541960,1549,0x00c1a000,12689408
002602,0x00541970,1550,0x00c1c000,12697600
002603,0x00541980,1551,0x00c1e000,12705792
002605,0x00541990,1552,0x00c20000,12713984
002606,0x005419a0,1553,0x00c22000,12722176
002607,0x005419b0,1554,0x00c24000,12730368
002608,0x005419c0,1555,0x00c26000,12738560
002609,0x005419d0,1556,0x00c28000,12746752
002611,0x005419e0,1557,0x00c2a000,12754944
002612,0x005419f0,1558,0x00c2c000,12763136
002613,0x00541a00,1559,0x00c2e000,12771328
002614,0x00541a10,1560,0x00c30000,12779520
002615,0x00541a20,1561,0x00c32000,12787712
002654,0x00541a30,1597,0x00c7a000,13082624
002655,0x00541a40,1598,0x00c7c000,13090816
002656,0x00541a50,1599,0x00c7e000,13099008
002657,0x00541a60,1600,0x00c80000,13107200
002658,0x00541a70,1601,0x00c82000,13115392
002659,0x00541a80,1602,0x00c84000,13123584
002660,0x00541a90,1603,0x00c86000,13131776
002661,0x00541aa0,1604,0x00c88000,13139968
002662,0x00541ab0,1605,0x00c8a000,13148160
002663,0x00541ac0,1606,0x00c8c000,13156352
002664,0x00541ad0,1607,0x00c8e000,13164544
002666,0x00541ae0,1608,0x00c90000,13172736
002668,0x00541af0,1610,0x00c94000,13189120
002669,0x00541b00,1611,0x00c96000,13197312
002670,0x00541b10,1612,0x00c98000,13205504
002671,0x00541b20,1613,0x00c9a000,13213696
002672,0x00541b30,1614,0x00c9c000,13221888
002673,0x00541b40,1615,0x00c9e000,13230080
002674,0x00541b50,1616,0x00ca0000,13238272
002715,0x00541b60,1651,0x00ce6000,13524992
002716,0x00541b70,1652,0x00ce8000,13533184
002718,0x00541b80,1654,0x00cec000,13549568
002721,0x00541b90,1656,0x00cf0000,13565952
002722,0x00541ba0,1657,0x00cf2000,13574144
002723,0x00541bb0,1658,0x00cf4000,13582336
002724,0x00541bc0,1659,0x00cf6000,13590528
002725,0x00541bd0,1660,0x00cf8000,13598720
002727,0x00541be0,1662,0x00cfc000,13615104
002728,0x00541bf0,1663,0x00cfe000,13623296
002729,0x00541c00,1664,0x00d00000,13631488
002730,0x00541c10,1665,0x00d02000,13639680
002732,0x00541c20,1667,0x00d06000,13656064
002733,0x00541c30,1668,0x00d08000,13664256
002734,0x00541c40,1669,0x00d0a000,13672448
002735,0x00541c50,1670,0x00d0c000,13680640
002736,0x00541c60,1671,0x00d0e000,13688832
002737,0x00541c70,1672,0x00d10000,13697024
002738,0x00541c80,1673,0x00d12000,13705216
002739,0x00541c90,1674,0x00d14000,13713408
002741,0x00541ca0,1675,0x00d16000,13721600
002742,0x00541cb0,1676,0x00d18000,13729792
002743,0x00541cc0,1677,0x00d1a000,13737984
002745,0x00541cd0,1678,0x00d1c000,13746176
002746,0x00541ce0,1679,0x00d1e000,13754368
002747,0x00541cf0,1680,0x00d20000,13762560
002748,0x00541d00,1681,0x00d22000,13770752
002749,0x00541d10,1682,0x00d24000,13778944
002752,0x00541d20,1683,0x00d26000,13787136
002753,0x00541d30,1684,0x00d28000,13795328
002755,0x00541d40,1685,0x00d2a000,13803520
002756,0x00541d50,1686,0x00d2c000,13811712
002757,0x00541d60,1687,0x00d2e000,13819904
002758,0x00541d70,1688,0x00d30000,13828096
002760,0x00541d80,1690,0x00d34000,13844480
002761,0x00541d90,1691,0x00d36000,13852672
002762,0x00541da0,1692,0x00d38000,13860864
002763,0x00541db0,1693,0x00d3a000,13869056
002765,0x00541dc0,1694,0x00d3c000,13877248
002766,0x00541dd0,1695,0x00d3e000,13885440
002767,0x00541de0,1696,0x00d40000,13893632
002768,0x00541df0,1697,0x00d42000,13901824
002769,0x00541e00,1698,0x00d44000,13910016
002771,0x00541e10,1699,0x00d46000,13918208
002772,0x00541e20,1700,0x00d48000,13926400
002773,0x00541e30,1701,0x00d4a000,13934592
002774,0x00541e40,1702,0x00d4c000,13942784
002775,0x00541e50,1703,0x00d4e000,13950976
002777,0x00541e60,1704,0x00d50000,13959168
002778,0x00541e70,1705,0x00d52000,13967360
002779,0x00541e80,1706,0x00d54000,13975552
002780,0x00541e90,1707,0x00d56000,13983744
002782,0x00541ea0,1708,0x00d58000,13991936
002783,0x00541eb0,1709,0x00d5a000,14000128
002785,0x00541ec0,1710,0x00d5c000,14008320
002786,0x00541ed0,1711,0x00d5e000,14016512
002787,0x00541ee0,1712,0x00d60000,14024704
002788,0x00541ef0,1713,0x00d62000,14032896
002790,0x00541f00,1715,0x00d66000,14049280
002791,0x00541f10,1716,0x00d68000,14057472
002792,0x00541f20,1717,0x00d6a000,14065664
002793,0x00541f30,1718,0x00d6c000,14073856
002795,0x00541f40,1719,0x00d6e000,14082048
002796,0x00541f50,1720,0x00d70000,14090240
002797,0x00541f60,1721,0x00d72000,14098432
002798,0x00541f70,1722,0x00d74000,14106624
002799,0x00541f80,1723,0x00d76000,14114816
002800,0x00541f90,1724,0x00d78000,14123008
002801,0x00541fa0,1725,0x00d7a000,14131200
002802,0x00541fb0,1726,0x00d7c000,14139392
002803,0x00541fc0,1727,0x00d7e000,14147584
002805,0x00541fd0,1728,0x00d80000,14155776
002806,0x00541fe0,1729,0x00d82000,14163968
002807,0x00541ff0,1730,0x00d84000,14172160
300611,0x0056b480,3789,0x01d9a000,31039488
123193,0x0056b580,2247,0x0118e000,18407424
300613,0x0056b590,3791,0x01d9e000,31055872
123194,0x0056b600,2248,0x01190000,18415616
300614,0x0056b610,3792,0x01da0000,31064064
123195,0x0056b680,2249,0x01192000,18423808
300615,0x0056b690,3793,0x01da2000,31072256
158005,0x0056b800,2360,0x01270000,19333120
300618,0x0056b810,3796,0x01da8000,31096832
301381,0x0056b820,4322,0x021c4000,35405824
300570,0x0056b880,536,0x00430000,4390912
123199,0x0056b890,2251,0x01196000,18440192
158006,0x0056b8a0,2361,0x01272000,19341312
300619,0x0056b8b0,3797,0x01daa000,31105024
301382,0x0056b8c0,4323,0x021c6000,35414016
300571,0x0056b900,537,0x00432000,4399104
301383,0x0056b910,4324,0x021c8000,35422208
300572,0x0056b980,538,0x00434000,4407296
002990,0x0056ba00,2148,0x010c8000,17596416
158009,0x0056ba10,2362,0x01274000,19349504
160716,0x0056ba20,3143,0x0188e000,25747456
300573,0x0056ba30,3753,0x01d52000,30744576
002991,0x0056ba80,2149,0x010ca000,17604608
160717,0x0056ba90,3144,0x01890000,25755648
301386,0x0056baa0,4325,0x021ca000,35430400
002992,0x0056bb00,2150,0x010cc000,17612800
300575,0x0056bb10,3754,0x01d54000,30752768
301387,0x0056bb20,4326,0x021cc000,35438592
002993,0x0056bb80,2151,0x010ce000,17620992
160719,0x0056bb90,3145,0x01892000,25763840
300576,0x0056bba0,3755,0x01d56000,30760960
301388,0x0056bbb0,4327,0x021ce000,35446784
200521,0x0056bc00,1444,0x00b48000,11829248
300577,0x0056bc10,3756,0x01d58000,30769152
301389,0x0056bc20,4328,0x021d0000,35454976
002995,0x0056bc80,2152,0x010d0000,17629184
300578,0x0056bc90,3757,0x01d5a000,30777344
002996,0x0056bd00,2153,0x010d2000,17637376
300579,0x0056bd10,3758,0x01d5c000,30785536
002997,0x0056bd80,2154,0x010d4000,17645568
002998,0x0056be00,2155,0x010d6000,17653760
002999,0x0056be80,2156,0x010d8000,17661952
000100,0x0056bf00,463,0x0039e000,3792896
127037,0x0056c440,2305,0x01202000,18882560
159051,0x0056c450,2405,0x012ca000,19701760
000062,0x0056c480,451,0x00386000,3694592
300853,0x0056c490,501,0x003ea000,4104192
300854,0x0056c530,3984,0x01f20000,32636928
301666,0x0056c540,4454,0x022cc000,36487168
300855,0x0056c580,502,0x003ec000,4112384
399382,0x0056c590,764,0x005f8000,6258688
301667,0x0056c5a0,4455,0x022ce000,36495360
000065,0x0056c600,453,0x0038a000,3710976
300856,0x0056c610,503,0x003ee000,4120576
399383,0x0056c620,765,0x005fa000,6266880
159055,0x0056c630,2408,0x012d0000,19726336
301668,0x0056c640,4456,0x022d0000,36503552
000066,0x0056c680,454,0x0038c000,3719168
300857,0x0056c690,504,0x003f0000,4128768
399384,0x0056c6a0,117,0x000ea000,958464
159057,0x0056c720,2410,0x012d4000,19742720
000068,0x0056c780,455,0x0038e000,3727360
300859,0x0056c790,506,0x003f4000,4145152
399386,0x0056c7a0,768,0x00600000,6291456
159058,0x0056c7b0,2411,0x012d6000,19750912
002001,0x0056c800,436,0x00368000,3571712
000069,0x0056c810,456,0x00390000,3735552
399387,0x0056c820,769,0x00602000,6299648
159059,0x0056c830,2412,0x012d8000,19759104
399388,0x0056c880,770,0x00604000,6307840
002003,0x0056c900,437,0x0036a000,3579904
399389,0x0056c910,771,0x00606000,6316032
002004,0x0056c980,438,0x0036c000,3588096
002005,0x0056ca00,439,0x0036e000,3596288
002006,0x0056ca80,440,0x00370000,3604480
002007,0x0056cb00,441,0x00372000,3612672
399701,0x0056cb10,917,0x0072a000,7512064
200761,0x0056cb20,1456,0x00b60000,11927552
002008,0x0056cb80,442,0x00374000,3620864
399702,0x0056cb90,918,0x0072c000,7520256
002009,0x0056cc00,443,0x00376000,3629056
399703,0x0056cc10,919,0x0072e000,7528448
399704,0x0056cc80,920,0x00730000,7536640
399705,0x0056cd00,921,0x00732000,7544832
399706,0x0056cd80,922,0x00734000,7553024
399707,0x0056ce00,923,0x00736000,7561216
159330,0x0056ce10,2641,0x014a2000,21635072
159331,0x0056ce80,2642,0x014a4000,21643264
399660,0x0056cf00,879,0x006de000,7200768
159332,0x0056cf10,2643,0x014a6000,21651456
399661,0x0056cf80,880,0x006e0000,7208960
159333,0x0056cf90,2644,0x014a8000,21659648
002243,0x0056d480,1646,0x00cdc000,13484032
002245,0x0056d580,1648,0x00ce0000,13500416
159296,0x0056d590,2614,0x0146c000,21413888
002246,0x0056d600,1649,0x00ce2000,13508608
159297,0x0056d610,2615,0x0146e000,21422080
002247,0x0056d680,1650,0x00ce4000,13516800
159298,0x0056d690,2616,0x01470000,21430272
002249,0x0056d780,1652,0x00ce8000,13533184
000620,0x0056d880,1137,0x008e2000,9314304
159610,0x0056d890,2788,0x015c8000,22839296
159611,0x0056d900,2789,0x015ca000,22847488
159612,0x0056d980,2790,0x015cc000,22855680
167506,0x0056d990,3335,0x01a0e000,27320320
000623,0x0056da00,1138,0x008e4000,9322496
159613,0x0056da10,2791,0x015ce000,22863872
167508,0x0056da80,3336,0x01a10000,27328512
000625,0x0056db00,1139,0x008e6000,9330688
159615,0x0056db10,2792,0x015d0000,22872064
000626,0x0056db80,1140,0x008e8000,9338880
159616,0x0056db90,2793,0x015d2000,22880256
001390,0x0056dc00,1416,0x00b10000,11599872
159617,0x0056dc10,2794,0x015d4000,22888448
300100,0x0056dc20,3416,0x01ab0000,27983872
300101,0x0056dc80,64,0x00080000,524288
000628,0x0056dc90,1141,0x008ea000,9347072
001391,0x0056dca0,1417,0x00b12000,11608064
159618,0x0056dcb0,2795,0x015d6000,22896640
300102,0x0056dd00,65,0x00082000,532480
000629,0x0056dd10,1142,0x008ec000,9355264
159570,0x0056dd20,2756,0x01588000,22577152
159619,0x0056dd30,2796,0x015d8000,22904832
300103,0x0056dd80,66,0x00084000,540672
002520,0x0056dd90,392,0x00310000,3211264
000581,0x0056dda0,1112,0x008b0000,9109504
001393,0x0056ddb0,1418,0x00b14000,11616256
159571,0x0056ddc0,2757,0x0158a000,22585344
002521,0x0056de00,393,0x00312000,3219456
000582,0x0056de10,1113,0x008b2000,9117696
159572,0x0056de20,2758,0x0158c000,22593536
161010,0x0056de30,3163,0x018b6000,25911296
300105,0x0056de80,67,0x00086000,548864
002522,0x0056de90,394,0x00314000,3227648
001395,0x0056dea0,1419,0x00b16000,11624448
159573,0x0056deb0,2759,0x0158e000,22601728
300106,0x0056df00,68,0x00088000,557056
002523,0x0056df10,395,0x00316000,3235840
001396,0x0056df20,1420,0x00b18000,11632640
300107,0x0056df80,69,0x0008a000,565248
002524,0x0056df90,396,0x00318000,3244032
159575,0x0056dfa0,2760,0x01590000,22609920
000903,0x00575480,1285,0x00a0a000,10526720
200012,0x00575490,1425,0x00b22000,11673600
000905,0x00575580,182,0x0016c000,1490944
002487,0x00575590,1872,0x00ea0000,15335424
000906,0x00575600,183,0x0016e000,1499136
002488,0x00575610,1873,0x00ea2000,15343616
002489,0x00575680,1874,0x00ea4000,15351808
000860,0x00575780,1282,0x00a04000,10502144
000909,0x00575790,1286,0x00a0c000,10534912
159850,0x005757a0,2970,0x01734000,24330240
200019,0x00575800,1427,0x00b26000,11689984
002800,0x00575810,2041,0x00ff2000,16719872
159851,0x00575820,2971,0x01736000,24338432
000862,0x00575880,1283,0x00a06000,10510336
002801,0x00575890,2042,0x00ff4000,16728064
159852,0x005758a0,2972,0x01738000,24346624
000863,0x00575900,1284,0x00a08000,10518528
002802,0x00575910,2043,0x00ff6000,16736256
002803,0x00575980,2044,0x00ff8000,16744448
159855,0x00575a00,2973,0x0173a000,24354816
162105,0x00575a10,3240,0x01950000,26542080
301150,0x00575a20,4163,0x02086000,34103296
002805,0x00575a80,2045,0x00ffa000,16752640
159856,0x00575a90,2974,0x0173c000,24363008
301151,0x00575aa0,4164,0x02088000,34111488
002806,0x00575b00,2046,0x00ffc000,16760832
159857,0x00575b10,2975,0x0173e000,24371200
300340,0x00575b20,3573,0x01bea000,29270016
301152,0x00575b30,4165,0x0208a000,34119680
000868,0x00575b80,157,0x0013a000,1286144
002807,0x00575b90,2047,0x00ffe000,16769024
159858,0x00575ba0,2976,0x01740000,24379392
162108,0x00575bb0,3241,0x01952000,26550272
300341,0x00575bc0,3574,0x01bec000,29278208
301153,0x00575bd0,4166,0x0208c000,34127872
000869,0x00575c00,158,0x0013c000,1294336
159859,0x00575c10,2977,0x01742000,24387584
300342,0x00575c20,3575,0x01bee000,29286400
002760,0x00575c80,2008,0x00fb0000,16449536
002809,0x00575c90,2048,0x01000000,16777216
300343,0x00575ca0,3576,0x01bf0000,29294592
301155,0x00575cb0,4167,0x0208e000,34136064
002761,0x00575d00,2009,0x00fb2000,16457728
301156,0x00575d10,4168,0x02090000,34144256
002762,0x00575d80,2010,0x00fb4000,16465920
300345,0x00575d90,3577,0x01bf2000,29302784
301157,0x00575da0,4169,0x02092000,34152448
002763,0x00575e00,2011,0x00fb6000,16474112
300346,0x00575e10,3578,0x01bf4000,29310976
301158,0x00575e20,4170,0x02094000,34160640
300347,0x00575e80,3579,0x01bf6000,29319168
301159,0x00575e90,4171,0x02096000,34168832
002765,0x00575f00,2012,0x00fb8000,16482304
300348,0x00575f10,3580,0x01bf8000,29327360
002766,0x00575f80,2013,0x00fba000,16490496
300349,0x00575f90,3581,0x01bfa000,29335552
123247,0x00576480,2270,0x011bc000,18595840
300620,0x00576580,3798,0x01dac000,31113216
300621,0x00576600,3799,0x01dae000,31121408
300622,0x00576680,3800,0x01db0000,31129600
300626,0x00576880,3804,0x01db8000,31162368
300627,0x00576900,3805,0x01dba000,31170560
301390,0x00576910,4329,0x021d2000,35463168
301439,0x00576920,4345,0x021f2000,35594240
160722,0x00576980,3146,0x01894000,25772032
300628,0x00576990,3806,0x01dbc000,31178752
301391,0x005769a0,4330,0x021d4000,35471360
160723,0x00576a00,3147,0x01896000,25780224
300580,0x00576a10,3759,0x01d5e000,30793728
300629,0x00576a20,3807,0x01dbe000,31186944
301392,0x00576a30,4331,0x021d6000,35479552
300581,0x00576a80,3760,0x01d60000,30801920
301393,0x00576a90,4332,0x021d8000,35487744
300582,0x00576b00,3761,0x01d62000,30810112
160726,0x00576b80,3148,0x01898000,25788416
300583,0x00576b90,3762,0x01d64000,30818304
301395,0x00576ba0,4333,0x021da000,35495936
300584,0x00576c00,3763,0x01d66000,30826496
301396,0x00576c10,4334,0x021dc000,35504128
300585,0x00576c80,3764,0x01d68000,30834688
301397,0x00576c90,4335,0x021de000,35512320
200530,0x00576d00,1445,0x00b4a000,11837440
300586,0x00576d10,3765,0x01d6a000,30842880
301398,0x00576d20,4336,0x021e0000,35520512
300587,0x00576d80,3766,0x01d6c000,30851072
301399,0x00576d90,4337,0x021e2000,35528704
300588,0x00576e00,3767,0x01d6e000,30859264
300589,0x00576e80,3768,0x01d70000,30867456
399436,0x00577480,810,0x00654000,6635520
127045,0x00577490,2309,0x0120a000,18915328
159060,0x00577530,2413,0x012da000,19767296
159109,0x00577540,2449,0x01322000,20062208
161816,0x00577550,3231,0x0193e000,26468352
300861,0x00577560,3986,0x01f24000,32653312
399438,0x00577580,812,0x00658000,6651904
127047,0x00577590,2311,0x0120e000,18931712
159061,0x005775a0,2414,0x012dc000,19775488
300862,0x005775b0,3987,0x01f26000,32661504
399390,0x00577600,772,0x00608000,6324224
399439,0x00577610,813,0x0065a000,6660096
159062,0x00577620,2415,0x012de000,19783680
300863,0x00577630,3988,0x01f28000,32669696
399391,0x00577680,773,0x0060a000,6332416
127049,0x00577690,2312,0x01210000,18939904
159063,0x005776a0,117,0x000ea000,958464
301677,0x00577720,4458,0x022d4000,36519936
399393,0x00577780,775,0x0060e000,6348800
159065,0x00577790,2417,0x012e2000,19800064
300866,0x005777a0,3991,0x01f2e000,32694272
301678,0x005777b0,4459,0x022d6000,36528128
399394,0x00577800,776,0x00610000,6356992
159066,0x00577810,2418,0x012e4000,19808256
300867,0x00577820,3992,0x01f30000,32702464
399395,0x00577880,777,0x00612000,6365184
159067,0x00577890,2419,0x012e6000,19816448
300868,0x005778a0,3993,0x01f32000,32710656
002010,0x00577900,444,0x00378000,3637248
399396,0x00577910,778,0x00614000,6373376
000078,0x00577920,1029,0x0080a000,8429568
159068,0x00577930,2420,0x012e8000,19824640
300869,0x00577940,3994,0x01f34000,32718848
002011,0x00577980,445,0x0037a000,3645440
399397,0x00577990,779,0x00616000,6381568
159069,0x005779a0,2421,0x012ea000,19832832
180301,0x005779b0,4475,0x022f6000,36659200
399398,0x00577a00,780,0x00618000,6389760
002012,0x00577a10,1459,0x00b66000,11952128
180302,0x00577a20,4476,0x022f8000,36667392
399399,0x00577a80,781,0x0061a000,6397952
001201,0x00577a90,1345,0x00a82000,11018240
180303,0x00577aa0,4477,0x022fa000,36675584
001202,0x00577b00,1346,0x00a84000,11026432
002014,0x00577b10,1460,0x00b68000,11960320
001203,0x00577b80,1347,0x00a86000,11034624
002015,0x00577b90,1461,0x00b6a000,11968512
180305,0x00577ba0,4478,0x022fc000,36683776
002016,0x00577c00,1462,0x00b6c000,11976704
180306,0x00577c10,4479,0x022fe000,36691968
001205,0x00577c80,1348,0x00a88000,11042816
002017,0x00577c90,1463,0x00b6e000,11984896
001206,0x00577d00,1349,0x00a8a000,11051008
001207,0x00577d80,1350,0x00a8c000,11059200
002019,0x00577d90,1464,0x00b70000,11993088
128134,0x00577da0,2354,0x01264000,19283968
001208,0x00577e00,1351,0x00a8e000,11067392
128135,0x00577e10,2355,0x01266000,19292160
001209,0x00577e80,1352,0x00a90000,11075584
128136,0x00577e90,2356,0x01268000,19300352
128138,0x00577f80,2357,0x0126a000,19308544
399678,0x00578480,897,0x00702000,7348224
002250,0x00578490,1653,0x00cea000,13541376
002252,0x00578580,1655,0x00cee000,13557760
002253,0x00578600,1656,0x00cf0000,13565952
002254,0x00578680,1657,0x00cf2000,13574144
002256,0x00578780,1659,0x00cf6000,13590528
164808,0x00578800,3297,0x019c2000,27009024
002258,0x00578880,1660,0x00cf8000,13598720
002259,0x00578900,1661,0x00cfa000,13606912
000630,0x00578a00,1143,0x008ee000,9363456
159620,0x00578a10,2797,0x015da000,22913024
000631,0x00578a80,1144,0x008f0000,9371648
159621,0x00578a90,2798,0x015dc000,22921216
000632,0x00578b00,1145,0x008f2000,9379840
159622,0x00578b10,2799,0x015de000,22929408
000633,0x00578b80,1146,0x008f4000,9388032
159623,0x00578b90,2800,0x015e0000,22937600
000635,0x00578c80,1147,0x008f6000,9396224
159625,0x00578c90,2801,0x015e2000,22945792
000636,0x00578d00,1148,0x008f8000,9404416
300110,0x00578d80,71,0x0008e000,581632
000637,0x00578d90,1149,0x008fa000,9412608
159627,0x00578da0,2802,0x015e4000,22953984
300111,0x00578e00,72,0x00090000,589824
159628,0x00578e10,2803,0x015e6000,22962176
300112,0x00578e80,73,0x00092000,598016
000590,0x00578e90,1116,0x008b8000,9142272
000639,0x00578ea0,1150,0x008fc000,9420800
159629,0x00578eb0,2804,0x015e8000,22970368
300113,0x00578f00,74,0x00094000,606208
002530,0x00578f10,400,0x00320000,3276800
000591,0x00578f20,1117,0x008ba000,9150464
159581,0x00578f30,2764,0x01598000,22642688
002531,0x00578f80,401,0x00322000,3284992
399959,0x00578f90,950,0x0076c000,7782400
000592,0x00578fa0,1118,0x008bc000,9158656
159582,0x00578fb0,2765,0x0159a000,22650880
000910,0x005a5480,185,0x00172000,1515520
002492,0x005a5490,1877,0x00eaa000,15376384
159901,0x005a5530,3008,0x01780000,24641536
160219,0x005a5540,3094,0x0182c000,25346048
300076,0x005a5550,3394,0x01a84000,27803648
000912,0x005a5580,186,0x00174000,1523712
002494,0x005a5590,1879,0x00eae000,15392768
159902,0x005a55a0,3009,0x01782000,24649728
300077,0x005a55b0,3395,0x01a86000,27811840
000913,0x005a5600,187,0x00176000,1531904
002495,0x005a5610,1880,0x00eb0000,15400960
159903,0x005a5620,3010,0x01784000,24657920
300078,0x005a5630,3396,0x01a88000,27820032
002496,0x005a5680,1881,0x00eb2000,15409152
300079,0x005a5690,3397,0x01a8a000,27828224
301201,0x005a5780,53,0x0006a000,434176
200025,0x005a5790,1429,0x00b2a000,11706368
002498,0x005a57a0,1883,0x00eb6000,15425536
159906,0x005a57b0,3012,0x01788000,24674304
301202,0x005a5800,54,0x0006c000,442368
000917,0x005a5810,1289,0x00a12000,10559488
200026,0x005a5820,1430,0x00b2c000,11714560
159907,0x005a5830,3013,0x0178a000,24682496
301203,0x005a5880,55,0x0006e000,450560
159908,0x005a5890,3014,0x0178c000,24690688
000919,0x005a5900,1290,0x00a14000,10567680
200028,0x005a5910,1431,0x00b2e000,11722752
159909,0x005a5920,3015,0x0178e000,24698880
301205,0x005a5980,56,0x00070000,458752
200029,0x005a5990,1432,0x00b30000,11730944
002810,0x005a59a0,2049,0x01002000,16785408
159861,0x005a59b0,2978,0x01744000,24395776
301206,0x005a5a00,57,0x00072000,466944
002811,0x005a5a10,2050,0x01004000,16793600
159862,0x005a5a20,2979,0x01746000,24403968
301207,0x005a5a80,58,0x00074000,475136
002812,0x005a5a90,2051,0x01006000,16801792
159863,0x005a5aa0,2980,0x01748000,24412160
301208,0x005a5b00,59,0x00076000,483328
002813,0x005a5b10,2052,0x01008000,16809984
159864,0x005a5b20,2981,0x0174a000,24420352
301209,0x005a5b80,60,0x00078000,491520
000875,0x005a5b90,159,0x0013e000,1302528
159865,0x005a5ba0,2982,0x0174c000,24428544
301160,0x005a5bb0,4172,0x02098000,34177024
000876,0x005a5c00,160,0x00140000,1310720
002815,0x005a5c10,2053,0x0100a000,16818176
159866,0x005a5c20,2983,0x0174e000,24436736
301161,0x005a5c30,4173,0x0209a000,34185216
000877,0x005a5c80,161,0x00142000,1318912
002816,0x005a5c90,373,0x002ea000,3055616
159867,0x005a5ca0,2984,0x01750000,24444928
300350,0x005a5cb0,3582,0x01bfc000,29343744
301162,0x005a5cc0,4174,0x0209c000,34193408
000878,0x005a5d00,162,0x00144000,1327104
002817,0x005a5d10,2054,0x0100c000,16826368
300351,0x005a5d20,3583,0x01bfe000,29351936
301163,0x005a5d30,4175,0x0209e000,34201600
002818,0x005a5d80,2055,0x0100e000,16834560
159869,0x005a5d90,2985,0x01752000,24453120
300352,0x005a5da0,3584,0x01c00000,29360128
002819,0x005a5e00,2056,0x01010000,16842752
300353,0x005a5e10,3585,0x01c02000,29368320
301165,0x005a5e20,4176,0x020a0000,34209792
002771,0x005a5e80,2017,0x00fc2000,16523264
300354,0x005a5e90,3586,0x01c04000,29376512
301166,0x005a5ea0,4177,0x020a2000,34217984
002772,0x005a5f00,2018,0x00fc4000,16531456
300355,0x005a5f10,3587,0x01c06000,29384704
301167,0x005a5f20,4178,0x020a4000,34226176
002773,0x005a5f80,2019,0x00fc6000,16539648
301168,0x005a5f90,4179,0x020a6000,34234368
123257,0x005a6600,2275,0x011c6000,18636800
123258,0x005a6680,2276,0x011c8000,18644992
163208,0x005a6690,3271,0x0198e000,26796032
300631,0x005a6780,3808,0x01dc0000,31195136
300632,0x005a6800,3809,0x01dc2000,31203328
300633,0x005a6880,3810,0x01dc4000,31211520
300634,0x005a6900,3811,0x01dc6000,31219712
301446,0x005a6910,4346,0x021f4000,35602432
300635,0x005a6980,3812,0x01dc8000,31227904
300636,0x005a6a00,3813,0x01dca000,31236096
301448,0x005a6a10,4347,0x021f6000,35610624
300637,0x005a6a80,3814,0x01dcc000,31244288
301449,0x005a6a90,4348,0x021f8000,35618816
300638,0x005a6b00,3815,0x01dce000,31252480
300590,0x005a6b80,3769,0x01d72000,30875648
300639,0x005a6b90,3816,0x01dd0000,31260672
300591,0x005a6c00,3770,0x01d74000,30883840
300592,0x005a6c80,3771,0x01d76000,30892032
300593,0x005a6d00,3772,0x01d78000,30900224
300594,0x005a6d80,348,0x002b8000,2850816
300595,0x005a6e00,3773,0x01d7a000,30908416
300596,0x005a6e80,3774,0x01d7c000,30916608
200541,0x005a6f00,1447,0x00b4e000,11853824
300597,0x005a6f10,3775,0x01d7e000,30924800
300598,0x005a6f80,3776,0x01d80000,30932992
159115,0x005a7480,2454,0x0132c000,20103168
300916,0x005a7490,4039,0x01f8e000,33087488
301680,0x005a7530,4460,0x022d8000,36536320
127054,0x005a7580,2315,0x01216000,18964480
159117,0x005a7590,2456,0x01330000,20119552
300918,0x005a75a0,4041,0x01f92000,33103872
127055,0x005a7600,2316,0x01218000,18972672
159118,0x005a7610,2457,0x01332000,20127744
300870,0x005a7620,3995,0x01f36000,32727040
300919,0x005a7630,4042,0x01f94000,33112064
301682,0x005a7640,4461,0x022da000,36544512
127056,0x005a7680,2317,0x0121a000,18980864
159070,0x005a7690,2422,0x012ec000,19841024
159119,0x005a76a0,117,0x000ea000,958464
127059,0x005a7800,2318,0x0121c000,18989056
159073,0x005a7810,2425,0x012f2000,19865600
300875,0x005a7880,3999,0x01f3e000,32759808
301687,0x005a7890,4463,0x022de000,36560896
159075,0x005a7900,2426,0x012f4000,19873792
300876,0x005a7910,4000,0x01f40000,32768000
159076,0x005a7980,2427,0x012f6000,19881984
300877,0x005a7990,4001,0x01f42000,32776192
159077,0x005a7a00,2428,0x012f8000,19890176
300878,0x005a7a10,4002,0x01f44000,32784384
000088,0x005a7a80,458,0x00394000,3751936
002020,0x005a7a90,1465,0x00b72000,12001280
159078,0x005a7aa0,2429,0x012fa000,19898368
300879,0x005a7ab0,4003,0x01f46000,32792576
000089,0x005a7b00,459,0x00396000,3760128
002021,0x005a7b10,1466,0x00b74000,12009472
159079,0x005a7b20,2430,0x012fc000,19906560
001210,0x005a7b80,1353,0x00a92000,11083776
002022,0x005a7b90,1467,0x00b76000,12017664
001211,0x005a7c00,1354,0x00a94000,11091968
002023,0x005a7c10,1468,0x00b78000,12025856
000400,0x005a7c80,475,0x003b6000,3891200
001212,0x005a7c90,1355,0x00a96000,11100160
002024,0x005a7ca0,1469,0x00b7a000,12034048
000401,0x005a7d00,476,0x003b8000,3899392
001213,0x005a7d10,1356,0x00a98000,11108352
002025,0x005a7d20,1470,0x00b7c000,12042240
000402,0x005a7d80,1030,0x0080c000,8437760
002026,0x005a7d90,1471,0x00b7e000,12050432
000403,0x005a7e00,1031,0x0080e000,8445952
001215,0x005a7e10,1357,0x00a9a000,11116544
002027,0x005a7e20,1472,0x00b80000,12058624
128142,0x005a7e30,2358,0x0126c000,19316736
000404,0x005a7e80,1032,0x00810000,8454144
001216,0x005a7e90,1358,0x00a9c000,11124736
002028,0x005a7ea0,1473,0x00b82000,12066816
001217,0x005a7f00,1359,0x00a9e000,11132928
002029,0x005a7f10,1474,0x00b84000,12075008
001218,0x005a7f80,1360,0x00aa0000,11141120
399685,0x005a8480,904,0x00710000,7405568
002306,0x005a8490,1705,0x00d52000,13967360
399687,0x005a8580,906,0x00714000,7421952
159359,0x005a8590,2658,0x014c4000,21774336
164810,0x005a85a0,3298,0x019c4000,27017216
399688,0x005a8600,907,0x00716000,7430144
002309,0x005a8610,1707,0x00d56000,13983744
399689,0x005a8680,908,0x00718000,7438336
002261,0x005a8690,1662,0x00cfc000,13615104
002263,0x005a8780,1664,0x00d00000,13631488
164814,0x005a8790,3299,0x019c6000,27025408
201872,0x005a8800,1423,0x00b1e000,11657216
002264,0x005a8810,1665,0x00d02000,13639680
002265,0x005a8880,1666,0x00d04000,13647872
002266,0x005a8900,1667,0x00d06000,13656064
002267,0x005a8980,1668,0x00d08000,13664256
002268,0x005a8a00,1669,0x00d0a000,13672448
002269,0x005a8a80,1670,0x00d0c000,13680640
159630,0x005a8b80,2805,0x015ea000,22978560
159631,0x005a8c00,2806,0x015ec000,22986752
159632,0x005a8c80,2807,0x015ee000,22994944
159633,0x005a8d00,2808,0x015f0000,23003136
159635,0x005a8e00,2809,0x015f2000,23011328
159636,0x005a8e80,2810,0x015f4000,23019520
300120,0x005a8f00,78,0x0009c000,638976
399965,0x005a8f10,951,0x0076e000,7790592
159637,0x005a8f20,2811,0x015f6000,23027712
300121,0x005a8f80,79,0x0009e000,647168
399966,0x005a8f90,952,0x00770000,7798784
159638,0x005a8fa0,2812,0x015f8000,23035904
002548,0x005d7480,1894,0x00ecc000,15515648
159599,0x005d7490,2778,0x015b4000,22757376
161039,0x005d7580,3181,0x018da000,26058752
300084,0x005d7590,3402,0x01a94000,27869184
000920,0x005d7600,1291,0x00a16000,10575872
159910,0x005d7610,3016,0x01790000,24707072
300085,0x005d7620,3403,0x01a96000,27877376
000921,0x005d7680,1292,0x00a18000,10584064
200030,0x005d7690,1433,0x00b32000,11739136
395099,0x005d76a0,117,0x000ea000,958464
000768,0x005d7720,1228,0x00998000,10059776
000922,0x005d7730,1293,0x00a1a000,10592256
159758,0x005d7740,2904,0x016b0000,23789568
159912,0x005d7750,3017,0x01792000,24715264
300087,0x005d7760,3405,0x01a9a000,27893760
301053,0x005d7770,4136,0x02050000,33882112
300242,0x005d7780,122,0x000f4000,999424
002708,0x005d7790,276,0x00228000,2260992
000923,0x005d77a0,1294,0x00a1c000,10600448
159913,0x005d77b0,3018,0x01794000,24723456
300088,0x005d77c0,3406,0x01a9c000,27901952
300243,0x005d7800,123,0x000f6000,1007616
002709,0x005d7810,277,0x0022a000,2269184
002660,0x005d7820,1961,0x00f52000,16064512
301055,0x005d7830,4137,0x02052000,33890304
301210,0x005d7880,61,0x0007a000,499712
300244,0x005d7890,124,0x000f8000,1015808
000925,0x005d78a0,1295,0x00a1e000,10608640
002661,0x005d78b0,1962,0x00f54000,16072704
159915,0x005d78c0,3019,0x01796000,24731648
301056,0x005d78d0,4138,0x02054000,33898496
301211,0x005d7900,62,0x0007c000,507904
000926,0x005d7910,1296,0x00a20000,10616832
002662,0x005d7920,1963,0x00f56000,16080896
159916,0x005d7930,3020,0x01798000,24739840
300245,0x005d7940,3489,0x01b42000,28581888
301057,0x005d7950,4139,0x02056000,33906688
301212,0x005d7980,63,0x0007e000,516096
300246,0x005d7990,125,0x000fa000,1024000
000927,0x005d79a0,1297,0x00a22000,10625024
002663,0x005d79b0,1964,0x00f58000,16089088
300400,0x005d79c0,3624,0x01c50000,29687808
301058,0x005d79d0,4140,0x02058000,33914880
000928,0x005d7a00,1298,0x00a24000,10633216
200037,0x005d7a10,1434,0x00b34000,11747328
002664,0x005d7a20,1965,0x00f5a000,16097280
159918,0x005d7a30,3021,0x0179a000,24748032
300247,0x005d7a40,3490,0x01b44000,28590080
300401,0x005d7a50,3625,0x01c52000,29696000
301059,0x005d7a60,4141,0x0205a000,33923072
301213,0x005d7a70,4189,0x020ba000,34316288
000880,0x005d7a80,163,0x00146000,1335296
000929,0x005d7a90,1299,0x00a26000,10641408
159870,0x005d7aa0,2986,0x01754000,24461312
159919,0x005d7ab0,3022,0x0179c000,24756224
300248,0x005d7ac0,3491,0x01b46000,28598272
300402,0x005d7ad0,3626,0x01c54000,29704192
000881,0x005d7b00,164,0x00148000,1343488
002666,0x005d7b10,1966,0x00f5c000,16105472
002820,0x005d7b20,2057,0x01012000,16850944
159871,0x005d7b30,2987,0x01756000,24469504
300249,0x005d7b40,3492,0x01b48000,28606464
300403,0x005d7b50,3627,0x01c56000,29712384
301215,0x005d7b60,4190,0x020bc000,34324480
000882,0x005d7b80,165,0x0014a000,1351680
002667,0x005d7b90,363,0x002d6000,2973696
002821,0x005d7ba0,2058,0x01014000,16859136
159872,0x005d7bb0,2988,0x01758000,24477696
300404,0x005d7bc0,3628,0x01c58000,29720576
301216,0x005d7bd0,4191,0x020be000,34332672
000883,0x005d7c00,166,0x0014c000,1359872
002822,0x005d7c10,374,0x002ec000,3063808
002668,0x005d7c20,1967,0x00f5e000,16113664
159873,0x005d7c30,2989,0x0175a000,24485888
300405,0x005d7c40,3629,0x01c5a000,29728768
301217,0x005d7c50,4192,0x020c0000,34340864
001696,0x005d7c80,430,0x0035c000,3522560
002669,0x005d7c90,1968,0x00f60000,16121856
002823,0x005d7ca0,2059,0x01016000,16867328
300406,0x005d7cb0,3630,0x01c5c000,29736960
301218,0x005d7cc0,4193,0x020c2000,34349056
000885,0x005d7d00,167,0x0014e000,1368064
002824,0x005d7d10,2060,0x01018000,16875520
159875,0x005d7d20,2990,0x0175c000,24494080
300407,0x005d7d30,3631,0x01c5e000,29745152
301170,0x005d7d40,4181,0x020aa000,34250752
301219,0x005d7d50,4194,0x020c4000,34357248
000886,0x005d7d80,168,0x00150000,1376256
002825,0x005d7d90,2061,0x0101a000,16883712
123142,0x005d7da0,2223,0x0115e000,18210816
159876,0x005d7db0,2991,0x0175e000,24502272
300408,0x005d7dc0,3632,0x01c60000,29753344
301171,0x005d7dd0,4182,0x020ac000,34258944
000887,0x005d7e00,169,0x00152000,1384448
002826,0x005d7e10,2062,0x0101c000,16891904
159877,0x005d7e20,2992,0x01760000,24510464
300360,0x005d7e30,3591,0x01c0e000,29417472
300409,0x005d7e40,3633,0x01c62000,29761536
301172,0x005d7e50,4183,0x020ae000,34267136
000888,0x005d7e80,170,0x00154000,1392640
002827,0x005d7e90,2063,0x0101e000,16900096
123144,0x005d7ea0,2224,0x01160000,18219008
301173,0x005d7eb0,4184,0x020b0000,34275328
000889,0x005d7f00,171,0x00156000,1400832
002828,0x005d7f10,2064,0x01020000,16908288
160505,0x005d7f20,3109,0x0184a000,25468928
002780,0x005d7f80,2025,0x00fd2000,16588800
002829,0x005d7f90,2065,0x01022000,16916480
300363,0x005d7fa0,3592,0x01c10000,29425664
301175,0x005d7fb0,4185,0x020b2000,34283520
160620,0x005d8440,3124,0x01868000,25591808
301338,0x005d8450,4293,0x0218a000,35168256
300527,0x005d8480,346,0x002b4000,2834432
123261,0x005d8490,2279,0x011ce000,18669568
159996,0x005d8530,3075,0x01806000,25190400
160622,0x005d8540,3125,0x0186a000,25600000
300528,0x005d8550,3741,0x01d3a000,30646272
301291,0x005d8560,4250,0x02134000,34816000
002946,0x005d8580,305,0x00262000,2498560
123263,0x005d8590,2281,0x011d2000,18685952
159997,0x005d85a0,3076,0x01808000,25198592
300480,0x005d85b0,3697,0x01ce2000,30285824
300529,0x005d85c0,3742,0x01d3c000,30654464
301292,0x005d85d0,4251,0x02136000,34824192
002947,0x005d8600,306,0x00264000,2506752
123264,0x005d8610,2282,0x011d4000,18694144
159998,0x005d8620,3077,0x0180a000,25206784
300481,0x005d8630,3698,0x01ce4000,30294016
301293,0x005d8640,4252,0x02138000,34832384
002948,0x005d8680,307,0x00266000,2514944
123265,0x005d8690,2283,0x011d6000,18702336
160625,0x005d86a0,117,0x000ea000,958464
301295,0x005d8740,4253,0x0213a000,34840576
123267,0x005d8780,2285,0x011da000,18718720
300484,0x005d8790,3701,0x01cea000,30318592
301296,0x005d87a0,4254,0x0213c000,34848768
123268,0x005d8800,2286,0x011dc000,18726912
160628,0x005d8810,3128,0x01870000,25624576
300485,0x005d8820,3702,0x01cec000,30326784
301297,0x005d8830,4255,0x0213e000,34856960
123269,0x005d8880,2287,0x011de000,18735104
160629,0x005d8890,3129,0x01872000,25632768
300486,0x005d88a0,3703,0x01cee000,30334976
300640,0x005d88b0,3817,0x01dd2000,31268864
301298,0x005d88c0,4256,0x02140000,34865152
300487,0x005d8900,3704,0x01cf0000,30343168
300641,0x005d8910,3818,0x01dd4000,31277056
301299,0x005d8920,4257,0x02142000,34873344
300488,0x005d8980,3705,0x01cf2000,30351360
300642,0x005d8990,3819,0x01dd6000,31285248
300489,0x005d8a00,3706,0x01cf4000,30359552
300643,0x005d8a10,3820,0x01dd8000,31293440
300644,0x005d8a80,3821,0x01dda000,31301632
301456,0x005d8a90,4349,0x021fa000,35627008
300645,0x005d8b00,3822,0x01ddc000,31309824
301611,0x005d8b10,4434,0x022a4000,36323328
300800,0x005d8b80,138,0x00114000,1130496
301458,0x005d8b90,4350,0x021fc000,35635200
300801,0x005d8c00,139,0x00116000,1138688
000010,0x005d8c10,1002,0x007d4000,8208384
300647,0x005d8c20,3823,0x01dde000,31318016
301459,0x005d8c30,4351,0x021fe000,35643392
301613,0x005d8c40,4435,0x022a6000,36331520
300802,0x005d8c80,140,0x00118000,1146880
000011,0x005d8c90,1003,0x007d6000,8216576
159001,0x005d8ca0,2364,0x01278000,19365888
300648,0x005d8cb0,3824,0x01de0000,31326208
300803,0x005d8d00,141,0x0011a000,1155072
399330,0x005d8d10,723,0x005a6000,5922816
000012,0x005d8d20,1004,0x007d8000,8224768
300649,0x005d8d30,3825,0x01de2000,31334400
159003,0x005d8d80,2365,0x0127a000,19374080
300804,0x005d8d90,3953,0x01ee2000,32382976
301616,0x005d8da0,4436,0x022a8000,36339712
300805,0x005d8e00,142,0x0011c000,1163264
000014,0x005d8e10,1005,0x007da000,8232960
301617,0x005d8e20,4437,0x022aa000,36347904
300806,0x005d8e80,143,0x0011e000,1171456
399333,0x005d8e90,724,0x005a8000,5931008
159005,0x005d8ea0,2366,0x0127c000,19382272
301618,0x005d8eb0,4438,0x022ac000,36356096
300807,0x005d8f00,144,0x00120000,1179648
161713,0x005d8f10,3216,0x01920000,26345472
300808,0x005d8f80,145,0x00122000,1187840
399335,0x005d8f90,725,0x005aa000,5939200
000017,0x005d8fa0,1006,0x007dc000,8241152
159007,0x005d8fb0,2367,0x0127e000,19390464
301571,0x005d8fc0,4406,0x0226c000,36093952
399296,0x005d9480,697,0x00572000,5709824
127108,0x005d9490,2346,0x01254000,19218432
159123,0x005d9530,2462,0x0133c000,20168704
180201,0x005d9540,4472,0x022f0000,36634624
399298,0x005d9580,699,0x00576000,5726208
127061,0x005d9590,2320,0x01220000,19005440
161831,0x005d95a0,3233,0x01942000,26484736
300925,0x005d95b0,4047,0x01f9e000,33153024
180202,0x005d95c0,4473,0x022f2000,36642816
399299,0x005d9600,700,0x00578000,5734400
127062,0x005d9610,2321,0x01222000,19013632
159125,0x005d9620,2463,0x0133e000,20176896
300926,0x005d9630,4048,0x01fa0000,33161216
180203,0x005d9640,4474,0x022f4000,36651008
159126,0x005d9680,2464,0x01340000,20185088
300927,0x005d9690,4049,0x01fa2000,33169408
399610,0x005d9780,829,0x0067a000,6791168
159128,0x005d9790,2466,0x01344000,20201472
300880,0x005d97a0,4004,0x01f48000,32800768
300929,0x005d97b0,4051,0x01fa6000,33185792
000090,0x005d9800,460,0x00398000,3768320
399611,0x005d9810,830,0x0067c000,6799360
159129,0x005d9820,2467,0x01346000,20209664
300881,0x005d9830,4005,0x01f4a000,32808960
399612,0x005d9880,831,0x0067e000,6807552
127067,0x005d9890,2323,0x01226000,19030016
300882,0x005d98a0,4006,0x01f4c000,32817152
399613,0x005d9900,832,0x00680000,6815744
127068,0x005d9910,2324,0x01228000,19038208
159082,0x005d9920,2431,0x012fe000,19914752
300883,0x005d9930,4007,0x01f4e000,32825344
399614,0x005d9980,833,0x00682000,6823936
127069,0x005d9990,2325,0x0122a000,19046400
159083,0x005d99a0,2432,0x01300000,19922944
300884,0x005d99b0,4008,0x01f50000,32833536
301696,0x005d99c0,4464,0x022e0000,36569088
399615,0x005d9a00,834,0x00684000,6832128
300885,0x005d9a10,4009,0x01f52000,32841728
399616,0x005d9a80,835,0x00686000,6840320
003000,0x005d9a90,2157,0x010da000,17670144
159085,0x005d9aa0,2433,0x01302000,19931136
300886,0x005d9ab0,4010,0x01f54000,32849920
000096,0x005d9b00,461,0x0039a000,3776512
399617,0x005d9b10,836,0x00688000,6848512
003001,0x005d9b20,2158,0x010dc000,17678336
159086,0x005d9b30,2434,0x01304000,19939328
159240,0x005d9b40,2567,0x0140e000,21028864
300887,0x005d9b50,4011,0x01f56000,32858112
399618,0x005d9b80,837,0x0068a000,6856704
003002,0x005d9b90,2159,0x010de000,17686528
159087,0x005d9ba0,2435,0x01306000,19947520
159241,0x005d9bb0,2568,0x01410000,21037056
168101,0x005d9bc0,3337,0x01a12000,27336704
300888,0x005d9bd0,4012,0x01f58000,32866304
399619,0x005d9c00,838,0x0068c000,6864896
002030,0x005d9c10,1475,0x00b86000,12083200
003003,0x005d9c20,2160,0x010e0000,17694720
159242,0x005d9c30,2569,0x01412000,21045248
168102,0x005d9c40,3338,0x01a14000,27344896
300889,0x005d9c50,4013,0x01f5a000,32874496
000099,0x005d9c80,462,0x0039c000,3784704
002031,0x005d9c90,1476,0x00b88000,12091392
003004,0x005d9ca0,2161,0x010e2000,17702912
159243,0x005d9cb0,2570,0x01414000,21053440
001220,0x005d9d00,477,0x003ba000,3907584
002032,0x005d9d10,1477,0x00b8a000,12099584
003005,0x005d9d20,2162,0x010e4000,17711104
168104,0x005d9d30,3339,0x01a16000,27353088
001221,0x005d9d80,478,0x003bc000,3915776
002033,0x005d9d90,1478,0x00b8c000,12107776
003006,0x005d9da0,2163,0x010e6000,17719296
159245,0x005d9db0,2571,0x01416000,21061632
168105,0x005d9dc0,3340,0x01a18000,27361280
000410,0x005d9e00,1036,0x00818000,8486912
001222,0x005d9e10,1362,0x00aa4000,11157504
002034,0x005d9e20,1479,0x00b8e000,12115968
003007,0x005d9e30,2164,0x010e8000,17727488
159246,0x005d9e40,2572,0x01418000,21069824
159400,0x005d9e50,2695,0x0150e000,22077440
000411,0x005d9e80,1037,0x0081a000,8495104
001223,0x005d9e90,1363,0x00aa6000,11165696
002035,0x005d9ea0,1480,0x00b90000,12124160
003008,0x005d9eb0,2165,0x010ea000,17735680
159247,0x005d9ec0,2573,0x0141a000,21078016
002036,0x005d9f00,1481,0x00b92000,12132352
003009,0x005d9f10,2166,0x010ec000,17743872
159248,0x005d9f20,2574,0x0141c000,21086208
165511,0x005d9f30,3307,0x019d6000,27090944
001225,0x005d9f80,1364,0x00aa8000,11173888
002037,0x005d9f90,1482,0x00b94000,12140544
159249,0x005d9fa0,2575,0x0141e000,21094400
399692,0x005da480,909,0x0071a000,7446528
002159,0x005da490,1595,0x00c76000,13066240
399694,0x005da580,911,0x0071e000,7462912
000530,0x005da590,1074,0x00864000,8798208
002315,0x005da5a0,1713,0x00d62000,14032896
159366,0x005da5b0,2664,0x014d0000,21823488
159520,0x005da5c0,2713,0x01532000,22224896
399695,0x005da600,912,0x00720000,7471104
000531,0x005da610,1075,0x00866000,8806400
002316,0x005da620,1714,0x00d64000,14041088
159367,0x005da630,2665,0x014d2000,21831680
159521,0x005da640,2714,0x01534000,22233088
399696,0x005da680,913,0x00722000,7479296
399850,0x005da690,938,0x00754000,7684096
000532,0x005da6a0,117,0x000ea000,958464
002318,0x005da720,1716,0x00d68000,14057472
159369,0x005da730,2667,0x014d6000,21848064
159523,0x005da740,2715,0x01536000,22241280
180601,0x005da750,4485,0x0230a000,36741120
399698,0x005da780,915,0x00726000,7495680
399852,0x005da790,939,0x00756000,7692288
000534,0x005da7a0,1078,0x0086c000,8830976
002270,0x005da7b0,1671,0x00d0e000,13688832
002319,0x005da7c0,1717,0x00d6a000,14065664
180602,0x005da7d0,4486,0x0230c000,36749312
399699,0x005da800,916,0x00728000,7503872
002271,0x005da810,1672,0x00d10000,13697024
159525,0x005da820,2716,0x01538000,22249472
180603,0x005da830,4487,0x0230e000,36757504
000536,0x005da880,1079,0x0086e000,8839168
002272,0x005da890,1673,0x00d12000,13705216
159526,0x005da8a0,2717,0x0153a000,22257664
300010,0x005da900,380,0x002f8000,3112960
000537,0x005da910,1080,0x00870000,8847360
002273,0x005da920,1674,0x00d14000,13713408
159527,0x005da930,2718,0x0153c000,22265856
164824,0x005da940,3300,0x019c8000,27033600
180605,0x005da950,4488,0x02310000,36765696
300011,0x005da980,544,0x00440000,4456448
000538,0x005da990,1081,0x00872000,8855552
002274,0x005da9a0,1675,0x00d16000,13721600
159528,0x005da9b0,2719,0x0153e000,22274048
180606,0x005da9c0,4489,0x02312000,36773888
300012,0x005daa00,545,0x00442000,4464640
000539,0x005daa10,1082,0x00874000,8863744
002275,0x005daa20,1676,0x00d18000,13729792
159529,0x005daa30,2720,0x01540000,22282240
180607,0x005daa40,4490,0x02314000,36782080
300013,0x005daa80,546,0x00444000,4472832
002276,0x005daa90,1677,0x00d1a000,13737984
002430,0x005daaa0,1822,0x00e3c000,14925824
300014,0x005dab00,547,0x00446000,4481024
002277,0x005dab10,1678,0x00d1c000,13746176
002431,0x005dab20,1823,0x00e3e000,14934016
300015,0x005dab80,548,0x00448000,4489216
002278,0x005dab90,1679,0x00d1e000,13754368
002432,0x005daba0,1824,0x00e40000,14942208
300016,0x005dac00,549,0x0044a000,4497408
002279,0x005dac10,1680,0x00d20000,13762560
300017,0x005dac80,550,0x0044c000,4505600
002434,0x005dac90,1825,0x00e42000,14950400
300018,0x005dad00,551,0x0044e000,4513792
000650,0x005dad10,1151,0x008fe000,9428992
159640,0x005dad20,2814,0x015fc000,23052288
300019,0x005dad80,552,0x00450000,4521984
000651,0x005dad90,1152,0x00900000,9437184
002436,0x005dada0,1826,0x00e44000,14958592
159641,0x005dadb0,2815,0x015fe000,23060480
399970,0x005dae00,954,0x00774000,7815168
000498,0x005dae10,1051,0x00836000,8609792
000652,0x005dae20,1153,0x00902000,9445376
002437,0x005dae30,1827,0x00e46000,14966784
159642,0x005dae40,2816,0x01600000,23068672
399971,0x005dae80,955,0x00776000,7823360
002438,0x005dae90,1828,0x00e48000,14974976
159643,0x005daea0,2817,0x01602000,23076864
399972,0x005daf00,956,0x00778000,7831552
002390,0x005daf10,1784,0x00df0000,14614528
002439,0x005daf20,1829,0x00e4a000,14983168
399973,0x005daf80,957,0x0077a000,7839744
000655,0x005daf90,1154,0x00904000,9453568
002391,0x005dafa0,1785,0x00df2000,14622720
159645,0x005dafb0,2818,0x01604000,23085056
159808,0x005db440,2939,0x016f6000,24076288
000819,0x005db480,1261,0x009da000,10330112
002555,0x005db490,1901,0x00eda000,15572992
300139,0x005db530,3419,0x01ab6000,28008448
301106,0x005db580,573,0x0047a000,4694016
002557,0x005db590,1903,0x00ede000,15589376
300091,0x005db5a0,3407,0x01a9e000,27910144
002712,0x005db600,278,0x0022c000,2277376
301107,0x005db610,574,0x0047c000,4702208
002558,0x005db620,1904,0x00ee0000,15597568
159763,0x005db630,2907,0x016b6000,23814144
300092,0x005db640,3408,0x01aa0000,27918336
002713,0x005db680,279,0x0022e000,2285568
301108,0x005db690,575,0x0047e000,4710400
002559,0x005db6a0,117,0x000ea000,958464
300094,0x005db720,3410,0x01aa4000,27934720
301060,0x005db730,4142,0x0205c000,33931264
000776,0x005db780,1229,0x0099a000,10067968
000930,0x005db790,1300,0x00a28000,10649600
002715,0x005db7a0,1974,0x00f6c000,16171008
159766,0x005db7b0,2908,0x016b8000,23822336
159920,0x005db7c0,3023,0x0179e000,24764416
300095,0x005db7d0,3411,0x01aa6000,27942912
301061,0x005db7e0,4143,0x0205e000,33939456
000777,0x005db800,1230,0x0099c000,10076160
000931,0x005db810,1301,0x00a2a000,10657792
002716,0x005db820,1975,0x00f6e000,16179200
159767,0x005db830,2909,0x016ba000,23830528
300096,0x005db840,3412,0x01aa8000,27951104
300250,0x005db850,3493,0x01b4a000,28614656
301062,0x005db860,4144,0x02060000,33947648
002717,0x005db880,367,0x002de000,3006464
000778,0x005db890,1231,0x0099e000,10084352
000932,0x005db8a0,1302,0x00a2c000,10665984
159768,0x005db8b0,2910,0x016bc000,23838720
159922,0x005db8c0,3024,0x017a0000,24772608
300097,0x005db8d0,3413,0x01aaa000,27959296
300251,0x005db8e0,3494,0x01b4c000,28622848
301063,0x005db8f0,4145,0x02062000,33955840
000779,0x005db900,1232,0x009a0000,10092544
000933,0x005db910,1303,0x00a2e000,10674176
002718,0x005db920,1976,0x00f70000,16187392
159923,0x005db930,3025,0x017a2000,24780800
300098,0x005db940,3414,0x01aac000,27967488
300252,0x005db950,3495,0x01b4e000,28631040
002719,0x005db980,368,0x002e0000,3014656
002670,0x005db990,1969,0x00f62000,16130048
300099,0x005db9a0,3415,0x01aae000,27975680
300253,0x005db9b0,3496,0x01b50000,28639232
301065,0x005db9c0,4146,0x02064000,33964032
000935,0x005dba00,1304,0x00a30000,10682368
002671,0x005dba10,1970,0x00f64000,16138240
159925,0x005dba20,3026,0x017a4000,24788992
300254,0x005dba30,3497,0x01b52000,28647424
301066,0x005dba40,4147,0x02066000,33972224
301220,0x005dba50,4195,0x020c6000,34365440
000936,0x005dba80,1305,0x00a32000,10690560
200045,0x005dba90,1435,0x00b36000,11755520
002672,0x005dbaa0,1971,0x00f66000,16146432
300255,0x005dbab0,3498,0x01b54000,28655616
301067,0x005dbac0,4148,0x02068000,33980416
301221,0x005dbad0,4196,0x020c8000,34373632
301068,0x005dbb00,2,0x00004000,16384
000937,0x005dbb10,1306,0x00a34000,10698752
002673,0x005dbb20,1972,0x00f68000,16154624
300256,0x005dbb30,3499,0x01b56000,28663808
300410,0x005dbb40,3634,0x01c64000,29769728
301222,0x005dbb50,4197,0x020ca000,34381824
301069,0x005dbb80,3,0x00006000,24576
000938,0x005dbb90,1307,0x00a36000,10706944
002674,0x005dbba0,1973,0x00f6a000,16162816
159928,0x005dbbb0,3027,0x017a6000,24797184
300257,0x005dbbc0,3500,0x01b58000,28672000
300411,0x005dbbd0,3635,0x01c66000,29777920
301223,0x005dbbe0,4198,0x020cc000,34390016
000890,0x005dbc00,172,0x00158000,1409024
002675,0x005dbc10,250,0x001f4000,2048000
159880,0x005dbc20,2993,0x01762000,24518656
159929,0x005dbc30,3028,0x017a8000,24805376
300258,0x005dbc40,3501,0x01b5a000,28680192
300412,0x005dbc50,3636,0x01c68000,29786112
002676,0x005dbc80,251,0x001f6000,2056192
002830,0x005dbc90,2066,0x01024000,16924672
159881,0x005dbca0,2994,0x01764000,24526848
300259,0x005dbcb0,3502,0x01b5c000,28688384
300413,0x005dbcc0,3637,0x01c6a000,29794304
301225,0x005dbcd0,4199,0x020ce000,34398208
000892,0x005dbd00,173,0x0015a000,1417216
002677,0x005dbd10,252,0x001f8000,2064384
002831,0x005dbd20,2067,0x01026000,16932864
300414,0x005dbd30,3638,0x01c6c000,29802496
301226,0x005dbd40,4200,0x020d0000,34406400
000893,0x005dbd80,174,0x0015c000,1425408
002678,0x005dbd90,253,0x001fa000,2072576
980068,0x005dbda0,988,0x007b8000,8093696
002832,0x005dbdb0,2068,0x01028000,16941056
159883,0x005dbdc0,2995,0x01766000,24535040
300415,0x005dbdd0,3639,0x01c6e000,29810688
301227,0x005dbde0,4201,0x020d2000,34414592
002679,0x005dbe00,254,0x001fc000,2080768
002833,0x005dbe10,2069,0x0102a000,16949248
123150,0x005dbe20,2226,0x01164000,18235392
300416,0x005dbe30,3640,0x01c70000,29818880
301228,0x005dbe40,4202,0x020d4000,34422784
301180,0x005dbe80,34,0x00044000,278528
000895,0x005dbe90,175,0x0015e000,1433600
123151,0x005dbea0,2227,0x01166000,18243584
159885,0x005dbeb0,2996,0x01768000,24543232
300417,0x005dbec0,3641,0x01c72000,29827072
301229,0x005dbed0,4203,0x020d6000,34430976
301181,0x005dbf00,35,0x00046000,286720
002835,0x005dbf10,2070,0x0102c000,16957440
159886,0x005dbf20,2997,0x0176a000,24551424
160512,0x005dbf30,3110,0x0184c000,25477120
300418,0x005dbf40,3642,0x01c74000,29835264
301182,0x005dbf80,36,0x00048000,294912
000897,0x005dbf90,176,0x00160000,1441792
300419,0x005dbfa0,340,0x002a8000,2785280
399100,0x005dbfb0,644,0x00508000,5275648
002836,0x005dbfc0,2071,0x0102e000,16965632
159887,0x005dbfd0,2998,0x0176c000,24559616
160513,0x005dbfe0,3111,0x0184e000,25485312
300370,0x005dbff0,3598,0x01c1c000,29474816
002887,0x006c3440,1805,0x00e1a000,14786560
002888,0x006c3450,1806,0x00e1c000,14794752
002889,0x006c3460,1807,0x00e1e000,14802944
002890,0x006c3470,1808,0x00e20000,14811136
002891,0x006c3480,1809,0x00e22000,14819328
002892,0x006c3490,1810,0x00e24000,14827520
002905,0x006c3530,1820,0x00e38000,14909440
002906,0x006c3540,1821,0x00e3a000,14917632
002907,0x006c3550,1822,0x00e3c000,14925824
002908,0x006c3560,1823,0x00e3e000,14934016
002909,0x006c3570,1824,0x00e40000,14942208
002910,0x006c3580,1825,0x00e42000,14950400
002911,0x006c3590,1826,0x00e44000,14958592
002912,0x006c35a0,1827,0x00e46000,14966784
002913,0x006c35b0,1828,0x00e48000,14974976
002915,0x006c35c0,1829,0x00e4a000,14983168
002916,0x006c35d0,1830,0x00e4c000,14991360
002917,0x006c35e0,1831,0x00e4e000,14999552
002985,0x006c35f0,1893,0x00eca000,15507456
002986,0x006c3600,1894,0x00ecc000,15515648
002987,0x006c3610,1895,0x00ece000,15523840
002988,0x006c3620,1896,0x00ed0000,15532032
002989,0x006c3630,1897,0x00ed2000,15540224
002990,0x006c3640,1898,0x00ed4000,15548416
002991,0x006c3650,1899,0x00ed6000,15556608
002992,0x006c3660,1900,0x00ed8000,15564800
002993,0x006c3670,1901,0x00eda000,15572992
002995,0x006c3680,1902,0x00edc000,15581184
002996,0x006c3690,1903,0x00ede000,15589376
002997,0x006c36a0,117,0x000ea000,958464
003004,0x006c3710,1911,0x00eee000,15654912
003005,0x006c3720,1912,0x00ef0000,15663104
003006,0x006c3730,1913,0x00ef2000,15671296
003007,0x006c3740,1914,0x00ef4000,15679488
003008,0x006c3750,1915,0x00ef6000,15687680
003009,0x006c3760,1916,0x00ef8000,15695872
003010,0x006c3770,1917,0x00efa000,15704064
003011,0x006c3780,1918,0x00efc000,15712256
003012,0x006c3790,1919,0x00efe000,15720448
003013,0x006c37a0,1920,0x00f00000,15728640
003015,0x006c37b0,1921,0x00f02000,15736832
003016,0x006c37c0,1922,0x00f04000,15745024
003017,0x006c37d0,1923,0x00f06000,15753216
003018,0x006c37e0,1924,0x00f08000,15761408
003019,0x006c37f0,1925,0x00f0a000,15769600
003020,0x006c3800,1926,0x00f0c000,15777792
003021,0x006c3810,1927,0x00f0e000,15785984
003022,0x006c3820,1928,0x00f10000,15794176
003023,0x006c3830,1929,0x00f12000,15802368
003025,0x006c3840,1930,0x00f14000,15810560
003026,0x006c3850,1931,0x00f16000,15818752
003027,0x006c3860,1932,0x00f18000,15826944
003028,0x006c3870,1933,0x00f1a000,15835136
003029,0x006c3880,1934,0x00f1c000,15843328
003030,0x006c3890,1935,0x00f1e000,15851520
003031,0x006c38a0,1936,0x00f20000,15859712
003032,0x006c38b0,1937,0x00f22000,15867904
003033,0x006c38c0,1938,0x00f24000,15876096
003035,0x006c38d0,1939,0x00f26000,15884288
003036,0x006c38e0,1940,0x00f28000,15892480
003037,0x006c38f0,1941,0x00f2a000,15900672
003038,0x006c3900,1942,0x00f2c000,15908864
003039,0x006c3910,1943,0x00f2e000,15917056
003040,0x006c3920,1944,0x00f30000,15925248
003041,0x006c3930,1945,0x00f32000,15933440
003042,0x006c3940,1946,0x00f34000,15941632
003043,0x006c3950,1947,0x00f36000,15949824
003816,0x006c3960,1948,0x00f38000,15958016
123064,0x006c3970,1949,0x00f3a000,15966208
123065,0x006c3980,1950,0x00f3c000,15974400
123071,0x006c3990,1951,0x00f3e000,15982592
123072,0x006c39a0,1952,0x00f40000,15990784
123076,0x006c39b0,1953,0x00f42000,15998976
123080,0x006c39c0,1954,0x00f44000,16007168
123088,0x006c39d0,1955,0x00f46000,16015360
123090,0x006c39e0,1956,0x00f48000,16023552
123091,0x006c39f0,1957,0x00f4a000,16031744
123092,0x006c3a00,1958,0x00f4c000,16039936
123104,0x006c3a10,1959,0x00f4e000,16048128
123107,0x006c3a20,1960,0x00f50000,16056320
123109,0x006c3a30,1961,0x00f52000,16064512
123112,0x006c3a40,1962,0x00f54000,16072704
123113,0x006c3a50,1963,0x00f56000,16080896
123114,0x006c3a60,1964,0x00f58000,16089088
123117,0x006c3a70,1965,0x00f5a000,16097280
123118,0x006c3a80,1966,0x00f5c000,16105472
123119,0x006c3a90,1967,0x00f5e000,16113664
123122,0x006c3aa0,1968,0x00f60000,16121856
123124,0x006c3ab0,1969,0x00f62000,16130048
123131,0x006c3ac0,1970,0x00f64000,16138240
123133,0x006c3ad0,1971,0x00f66000,16146432
123138,0x006c3ae0,1972,0x00f68000,16154624
123142,0x006c3af0,1973,0x00f6a000,16162816
123144,0x006c3b00,1974,0x00f6c000,16171008
123149,0x006c3b10,1975,0x00f6e000,16179200
123150,0x006c3b20,1976,0x00f70000,16187392
123151,0x006c3b30,1977,0x00f72000,16195584
123154,0x006c3b40,1978,0x00f74000,16203776
123155,0x006c3b50,1979,0x00f76000,16211968
123157,0x006c3b60,1980,0x00f78000,16220160
123158,0x006c3b70,1981,0x00f7a000,16228352
123160,0x006c3b80,1982,0x00f7c000,16236544
123165,0x006c3b90,1983,0x00f7e000,16244736
123168,0x006c3ba0,1984,0x00f80000,16252928
123171,0x006c3bb0,1985,0x00f82000,16261120
123172,0x006c3bc0,1986,0x00f84000,16269312
123173,0x006c3bd0,1987,0x00f86000,16277504
123175,0x006c3be0,1988,0x00f88000,16285696
123176,0x006c3bf0,1989,0x00f8a000,16293888
123178,0x006c3c00,1990,0x00f8c000,16302080
123179,0x006c3c10,1991,0x00f8e000,16310272
123180,0x006c3c20,1992,0x00f90000,16318464
123183,0x006c3c30,1993,0x00f92000,16326656
123187,0x006c3c40,1994,0x00f94000,16334848
123189,0x006c3c50,1995,0x00f96000,16343040
123192,0x006c3c60,1996,0x00f98000,16351232
123193,0x006c3c70,1997,0x00f9a000,16359424
123194,0x006c3c80,1998,0x00f9c000,16367616
123195,0x006c3c90,1999,0x00f9e000,16375808
123196,0x006c3ca0,2000,0x00fa0000,16384000
123199,0x006c3cb0,2001,0x00fa2000,16392192
123207,0x006c3cc0,2002,0x00fa4000,16400384
123209,0x006c3cd0,2003,0x00fa6000,16408576
123211,0x006c3ce0,2004,0x00fa8000,16416768
123213,0x006c3cf0,2005,0x00faa000,16424960
123214,0x006c3d00,2006,0x00fac000,16433152
123215,0x006c3d10,2007,0x00fae000,16441344
123216,0x006c3d20,2008,0x00fb0000,16449536
123220,0x006c3d30,2009,0x00fb2000,16457728
123222,0x006c3d40,2010,0x00fb4000,16465920
123223,0x006c3d50,2011,0x00fb6000,16474112
123224,0x006c3d60,2012,0x00fb8000,16482304
123225,0x006c3d70,2013,0x00fba000,16490496
123229,0x006c3d80,2014,0x00fbc000,16498688
123235,0x006c3d90,2015,0x00fbe000,16506880
123237,0x006c3da0,2016,0x00fc0000,16515072
123241,0x006c3db0,2017,0x00fc2000,16523264
123243,0x006c3dc0,2018,0x00fc4000,16531456
123245,0x006c3dd0,2019,0x00fc6000,16539648
123247,0x006c3de0,2020,0x00fc8000,16547840
123250,0x006c3df0,2021,0x00fca000,16556032
123252,0x006c3e00,2022,0x00fcc000,16564224
123253,0x006c3e10,2023,0x00fce000,16572416
123255,0x006c3e20,2024,0x00fd0000,16580608
123257,0x006c3e30,2025,0x00fd2000,16588800
123258,0x006c3e40,2026,0x00fd4000,16596992
123259,0x006c3e50,2027,0x00fd6000,16605184
123260,0x006c3e60,2028,0x00fd8000,16613376
123261,0x006c3e70,2029,0x00fda000,16621568
123262,0x006c3e80,2030,0x00fdc000,16629760
123263,0x006c3e90,2031,0x00fde000,16637952
123264,0x006c3ea0,2032,0x00fe0000,16646144
123265,0x006c3eb0,2033,0x00fe2000,16654336
123266,0x006c3ec0,2034,0x00fe4000,16662528
123267,0x006c3ed0,2035,0x00fe6000,16670720
123268,0x006c3ee0,2036,0x00fe8000,16678912
123269,0x006c3ef0,2037,0x00fea000,16687104
123270,0x006c3f00,2038,0x00fec000,16695296
123271,0x006c3f10,2039,0x00fee000,16703488
123272,0x006c3f20,2040,0x00ff0000,16711680
123273,0x006c3f30,2041,0x00ff2000,16719872
123274,0x006c3f40,2042,0x00ff4000,16728064
123275,0x006c3f50,2043,0x00ff6000,16736256
123276,0x006c3f60,2044,0x00ff8000,16744448
123277,0x006c3f70,2045,0x00ffa000,16752640
123278,0x006c3f80,2046,0x00ffc000,16760832
123279,0x006c3f90,2047,0x00ffe000,16769024
123280,0x006c3fa0,2048,0x01000000,16777216
123281,0x006c3fb0,2049,0x01002000,16785408
127025,0x006c3fc0,2050,0x01004000,16793600
127027,0x006c3fd0,2051,0x01006000,16801792
127030,0x006c3fe0,2052,0x01008000,16809984
127031,0x006c3ff0,2053,0x0100a000,16818176
159012,0x00806440,2123,0x01096000,17391616
159013,0x00806450,2124,0x01098000,17399808
159015,0x00806460,2125,0x0109a000,17408000
159016,0x00806470,2126,0x0109c000,17416192
159017,0x00806480,2127,0x0109e000,17424384
159018,0x00806490,2128,0x010a0000,17432576
159030,0x00806530,2138,0x010b4000,17514496
159031,0x00806540,2139,0x010b6000,17522688
159032,0x00806550,2140,0x010b8000,17530880
159033,0x00806560,2141,0x010ba000,17539072
159035,0x00806570,2142,0x010bc000,17547264
159036,0x00806580,2143,0x010be000,17555456
159037,0x00806590,2144,0x010c0000,17563648
159038,0x008065a0,2145,0x010c2000,17571840
159039,0x008065b0,2146,0x010c4000,17580032
159040,0x008065c0,2147,0x010c6000,17588224
159041,0x008065d0,2148,0x010c8000,17596416
159042,0x008065e0,2149,0x010ca000,17604608
159043,0x008065f0,2150,0x010cc000,17612800
159045,0x00806600,2151,0x010ce000,17620992
159046,0x00806610,2152,0x010d0000,17629184
159048,0x00806620,2153,0x010d2000,17637376
159049,0x00806630,2154,0x010d4000,17645568
159050,0x00806640,2155,0x010d6000,17653760
159051,0x00806650,2156,0x010d8000,17661952
159052,0x00806660,2157,0x010da000,17670144
159053,0x00806670,2158,0x010dc000,17678336
159055,0x00806680,2159,0x010de000,17686528
159056,0x00806690,2160,0x010e0000,17694720
159057,0x008066a0,117,0x000ea000,958464
159112,0x00806940,2203,0x01136000,18046976
159113,0x00806950,2204,0x01138000,18055168
159115,0x00806960,2205,0x0113a000,18063360
159116,0x00806970,2206,0x0113c000,18071552
159117,0x00806980,2207,0x0113e000,18079744
159118,0x00806990,2208,0x01140000,18087936
159119,0x008069a0,2209,0x01142000,18096128
159120,0x008069b0,2210,0x01144000,18104320
159121,0x008069c0,2211,0x01146000,18112512
159122,0x008069d0,2212,0x01148000,18120704
159123,0x008069e0,2213,0x0114a000,18128896
159125,0x008069f0,2214,0x0114c000,18137088
159126,0x00806a00,2215,0x0114e000,18145280
159127,0x00806a10,2216,0x01150000,18153472
159128,0x00806a20,2217,0x01152000,18161664
159129,0x00806a30,2218,0x01154000,18169856
159130,0x00806a40,2219,0x01156000,18178048
159131,0x00806a50,2220,0x01158000,18186240
159132,0x00806a60,2221,0x0115a000,18194432
159133,0x00806a70,2222,0x0115c000,18202624
159135,0x00806a80,2223,0x0115e000,18210816
159136,0x00806a90,2224,0x01160000,18219008
159137,0x00806aa0,2225,0x01162000,18227200
159138,0x00806ab0,2226,0x01164000,18235392
159139,0x00806ac0,2227,0x01166000,18243584
159140,0x00806ad0,2228,0x01168000,18251776
159141,0x00806ae0,2229,0x0116a000,18259968
159142,0x00806af0,2230,0x0116c000,18268160
159143,0x00806b00,2231,0x0116e000,18276352
159145,0x00806b10,2232,0x01170000,18284544
159146,0x00806b20,2233,0x01172000,18292736
159147,0x00806b30,2234,0x01174000,18300928
159148,0x00806b40,2235,0x01176000,18309120
159149,0x00806b50,2236,0x01178000,18317312
159150,0x00806b60,2237,0x0117a000,18325504
159151,0x00806b70,2238,0x0117c000,18333696
159152,0x00806b80,2239,0x0117e000,18341888
159153,0x00806b90,2240,0x01180000,18350080
159155,0x00806ba0,2241,0x01182000,18358272
159156,0x00806bb0,2242,0x01184000,18366464
159157,0x00806bc0,2243,0x01186000,18374656
159158,0x00806bd0,2244,0x01188000,18382848
159159,0x00806be0,2245,0x0118a000,18391040
159160,0x00806bf0,2246,0x0118c000,18399232
159161,0x00806c00,2247,0x0118e000,18407424
159162,0x00806c10,2248,0x01190000,18415616
159163,0x00806c20,2249,0x01192000,18423808
159165,0x00806c30,2250,0x01194000,18432000
159166,0x00806c40,2251,0x01196000,18440192
159167,0x00806c50,2252,0x01198000,18448384
159168,0x00806c60,2253,0x0119a000,18456576
159169,0x00806c70,2254,0x0119c000,18464768
159170,0x00806c80,2255,0x0119e000,18472960
159171,0x00806c90,2256,0x011a0000,18481152
159172,0x00806ca0,2257,0x011a2000,18489344
159173,0x00806cb0,2258,0x011a4000,18497536
159175,0x00806cc0,2259,0x011a6000,18505728
159176,0x00806cd0,2260,0x011a8000,18513920
159177,0x00806ce0,2261,0x011aa000,18522112
159178,0x00806cf0,2262,0x011ac000,18530304
159179,0x00806d00,2263,0x011ae000,18538496
159180,0x00806d10,2264,0x011b0000,18546688
159181,0x00806d20,2265,0x011b2000,18554880
159182,0x00806d30,2266,0x011b4000,18563072
159183,0x00806d40,2267,0x011b6000,18571264
159185,0x00806d50,2268,0x011b8000,18579456
159186,0x00806d60,2269,0x011ba000,18587648
159187,0x00806d70,2270,0x011bc000,18595840
159188,0x00806d80,2271,0x011be000,18604032
159189,0x00806d90,2272,0x011c0000,18612224
159190,0x00806da0,2273,0x011c2000,18620416
159191,0x00806db0,2274,0x011c4000,18628608
159192,0x00806dc0,2275,0x011c6000,18636800
159193,0x00806dd0,2276,0x011c8000,18644992
159195,0x00806de0,2277,0x011ca000,18653184
159196,0x00806df0,2278,0x011cc000,18661376
159197,0x00806e00,2279,0x011ce000,18669568
159198,0x00806e10,2280,0x011d0000,18677760
159199,0x00806e20,2281,0x011d2000,18685952
159200,0x00806e30,2282,0x011d4000,18694144
159201,0x00806e40,2283,0x011d6000,18702336
159202,0x00806e50,2284,0x011d8000,18710528
159203,0x00806e60,2285,0x011da000,18718720
159205,0x00806e70,2286,0x011dc000,18726912
159206,0x00806e80,2287,0x011de000,18735104
159207,0x00806e90,2288,0x011e0000,18743296
159208,0x00806ea0,2289,0x011e2000,18751488
159209,0x00806eb0,2290,0x011e4000,18759680
159210,0x00806ec0,2291,0x011e6000,18767872
159211,0x00806ed0,2292,0x011e8000,18776064
159212,0x00806ee0,2293,0x011ea000,18784256
159213,0x00806ef0,2294,0x011ec000,18792448
159215,0x00806f00,2295,0x011ee000,18800640
159216,0x00806f10,2296,0x011f0000,18808832
159217,0x00806f20,2297,0x011f2000,18817024
159218,0x00806f30,2298,0x011f4000,18825216
159219,0x00806f40,2299,0x011f6000,18833408
159220,0x00806f50,2300,0x011f8000,18841600
159221,0x00806f60,2301,0x011fa000,18849792
159222,0x00806f70,2302,0x011fc000,18857984
159223,0x00806f80,2303,0x011fe000,18866176
159225,0x00806f90,2304,0x01200000,18874368
159226,0x00806fa0,2305,0x01202000,18882560
159227,0x00806fb0,2306,0x01204000,18890752
159228,0x00806fc0,2307,0x01206000,18898944
159229,0x00806fd0,2308,0x01208000,18907136
159230,0x00806fe0,2309,0x0120a000,18915328
159231,0x00806ff0,2310,0x0120c000,18923520
159292,0x00907330,2363,0x01276000,19357696
159293,0x00907340,2364,0x01278000,19365888
159295,0x00907350,2365,0x0127a000,19374080
159296,0x00907360,2366,0x0127c000,19382272
159297,0x00907370,2367,0x0127e000,19390464
159298,0x00907380,2368,0x01280000,19398656
159299,0x00907390,2369,0x01282000,19406848
159300,0x009073a0,2370,0x01284000,19415040
159301,0x009073b0,2371,0x01286000,19423232
159302,0x009073c0,2372,0x01288000,19431424
159303,0x009073d0,2373,0x0128a000,19439616
159305,0x009073e0,2374,0x0128c000,19447808
159306,0x009073f0,2375,0x0128e000,19456000
159307,0x00907400,2376,0x01290000,19464192
159312,0x00907440,2380,0x01298000,19496960
159315,0x00907450,2381,0x0129a000,19505152
159316,0x00907460,2382,0x0129c000,19513344
159318,0x00907470,2383,0x0129e000,19521536
159320,0x00907480,2384,0x012a0000,19529728
159321,0x00907490,2385,0x012a2000,19537920
159332,0x00907530,2395,0x012b6000,19619840
159333,0x00907540,2396,0x012b8000,19628032
159335,0x00907550,2397,0x012ba000,19636224
159336,0x00907560,2398,0x012bc000,19644416
159337,0x00907570,2399,0x012be000,19652608
159338,0x00907580,2400,0x012c0000,19660800
159339,0x00907590,2401,0x012c2000,19668992
159350,0x009075a0,2402,0x012c4000,19677184
159351,0x009075b0,2403,0x012c6000,19685376
159352,0x009075c0,2404,0x012c8000,19693568
159353,0x009075d0,2405,0x012ca000,19701760
159355,0x009075e0,2406,0x012cc000,19709952
159356,0x009075f0,2407,0x012ce000,19718144
159357,0x00907600,2408,0x012d0000,19726336
159358,0x00907610,2409,0x012d2000,19734528
159359,0x00907620,2410,0x012d4000,19742720
159360,0x00907630,2411,0x012d6000,19750912
159361,0x00907640,2412,0x012d8000,19759104
159362,0x00907650,2413,0x012da000,19767296
159363,0x00907660,2414,0x012dc000,19775488
159365,0x00907670,2415,0x012de000,19783680
159366,0x00907680,2416,0x012e0000,19791872
159367,0x00907690,2417,0x012e2000,19800064
159368,0x009076a0,117,0x000ea000,958464
159370,0x009076c0,0,0x00000000,0
159371,0x009076d0,2421,0x012ea000,19832832
159372,0x009076e0,2422,0x012ec000,19841024
159373,0x009076f0,2423,0x012ee000,19849216
159375,0x00907700,2424,0x012f0000,19857408
159376,0x00907710,2425,0x012f2000,19865600
159377,0x00907720,2426,0x012f4000,19873792
159378,0x00907730,2427,0x012f6000,19881984
159379,0x00907740,2428,0x012f8000,19890176
159380,0x00907750,2429,0x012fa000,19898368
159381,0x00907760,2430,0x012fc000,19906560
159382,0x00907770,2431,0x012fe000,19914752
159383,0x00907780,2432,0x01300000,19922944
159385,0x00907790,2433,0x01302000,19931136
159386,0x009077a0,2434,0x01304000,19939328
159387,0x009077b0,2435,0x01306000,19947520
159388,0x009077c0,2436,0x01308000,19955712
159389,0x009077d0,2437,0x0130a000,19963904
159390,0x009077e0,2438,0x0130c000,19972096
159391,0x009077f0,2439,0x0130e000,19980288
159392,0x00907800,2440,0x01310000,19988480
159393,0x00907810,2441,0x01312000,19996672
159395,0x00907820,2442,0x01314000,20004864
159396,0x00907830,2443,0x01316000,20013056
159397,0x00907840,2444,0x01318000,20021248
159398,0x00907850,2445,0x0131a000,20029440
159399,0x00907860,2446,0x0131c000,20037632
159400,0x00907870,2447,0x0131e000,20045824
159500,0x00907880,2448,0x01320000,20054016
159501,0x00907890,2449,0x01322000,20062208
159502,0x009078a0,2450,0x01324000,20070400
159505,0x009078b0,2451,0x01326000,20078592
159506,0x009078c0,2452,0x01328000,20086784
159507,0x009078d0,2453,0x0132a000,20094976
159508,0x009078e0,2454,0x0132c000,20103168
159509,0x009078f0,2455,0x0132e000,20111360
159510,0x00907900,2456,0x01330000,20119552
159511,0x00907910,2457,0x01332000,20127744
159512,0x00907920,2458,0x01334000,20135936
159513,0x00907930,2459,0x01336000,20144128
159515,0x00907940,2460,0x01338000,20152320
159516,0x00907950,2461,0x0133a000,20160512
159517,0x00907960,2462,0x0133c000,20168704
159518,0x00907970,2463,0x0133e000,20176896
159519,0x00907980,2464,0x01340000,20185088
159520,0x00907990,2465,0x01342000,20193280
159521,0x009079a0,2466,0x01344000,20201472
159523,0x009079b0,2467,0x01346000,20209664
159525,0x009079c0,2468,0x01348000,20217856
159526,0x009079d0,2469,0x0134a000,20226048
159527,0x009079e0,2470,0x0134c000,20234240
159528,0x009079f0,2471,0x0134e000,20242432
159529,0x00907a00,2472,0x01350000,20250624
159530,0x00907a10,2473,0x01352000,20258816
159531,0x00907a20,2474,0x01354000,20267008
159532,0x00907a30,2475,0x01356000,20275200
159533,0x00907a40,2476,0x01358000,20283392
159535,0x00907a50,2477,0x0135a000,20291584
159536,0x00907a60,2478,0x0135c000,20299776
159537,0x00907a70,2479,0x0135e000,20307968
159538,0x00907a80,2480,0x01360000,20316160
159539,0x00907a90,2481,0x01362000,20324352
159540,0x00907aa0,2482,0x01364000,20332544
159541,0x00907ab0,2483,0x01366000,20340736
159542,0x00907ac0,2484,0x01368000,20348928
159543,0x00907ad0,2485,0x0136a000,20357120
159545,0x00907ae0,2486,0x0136c000,20365312
159546,0x00907af0,2487,0x0136e000,20373504
159547,0x00907b00,2488,0x01370000,20381696
159549,0x00907b10,2489,0x01372000,20389888
159550,0x00907b20,2490,0x01374000,20398080
159551,0x00907b30,2491,0x01376000,20406272
159552,0x00907b40,2492,0x01378000,20414464
159553,0x00907b50,2493,0x0137a000,20422656
159555,0x00907b60,2494,0x0137c000,20430848
159556,0x00907b70,2495,0x0137e000,20439040
159557,0x00907b80,2496,0x01380000,20447232
159558,0x00907b90,2497,0x01382000,20455424
159559,0x00907ba0,2498,0x01384000,20463616
159560,0x00907bb0,2499,0x01386000,20471808
159561,0x00907bc0,2500,0x01388000,20480000
159562,0x00907bd0,2501,0x0138a000,20488192
159563,0x00907be0,2502,0x0138c000,20496384
159565,0x00907bf0,2503,0x0138e000,20504576
159566,0x00907c00,2504,0x01390000,20512768
159567,0x00907c10,2505,0x01392000,20520960
159568,0x00907c20,2506,0x01394000,20529152
159569,0x00907c30,2507,0x01396000,20537344
159570,0x00907c40,2508,0x01398000,20545536
159571,0x00907c50,2509,0x0139a000,20553728
159572,0x00907c60,2510,0x0139c000,20561920
159573,0x00907c70,2511,0x0139e000,20570112
159575,0x00907c80,2512,0x013a0000,20578304
159576,0x00907c90,2513,0x013a2000,20586496
159577,0x00907ca0,2514,0x013a4000,20594688
159578,0x00907cb0,2515,0x013a6000,20602880
159581,0x00907cc0,2516,0x013a8000,20611072
159582,0x00907cd0,2517,0x013aa000,20619264
159583,0x00907ce0,2518,0x013ac000,20627456
159586,0x00907cf0,2519,0x013ae000,20635648
159587,0x00907d00,2520,0x013b0000,20643840
159588,0x00907d10,2521,0x013b2000,20652032
159589,0x00907d20,2522,0x013b4000,20660224
159590,0x00907d30,2523,0x013b6000,20668416
159591,0x00907d40,2524,0x013b8000,20676608
159592,0x00907d50,2525,0x013ba000,20684800
159593,0x00907d60,2526,0x013bc000,20692992
159595,0x00907d70,2527,0x013be000,20701184
159596,0x00907d80,2528,0x013c0000,20709376
159597,0x00907d90,2529,0x013c2000,20717568
159599,0x00907da0,2530,0x013c4000,20725760
159600,0x00907db0,2531,0x013c6000,20733952
159601,0x00907dc0,2532,0x013c8000,20742144
159602,0x00907dd0,2533,0x013ca000,20750336
159603,0x00907de0,2534,0x013cc000,20758528
159605,0x00907df0,2535,0x013ce000,20766720
159606,0x00907e00,2536,0x013d0000,20774912
159607,0x00907e10,2537,0x013d2000,20783104
159608,0x00907e20,2538,0x013d4000,20791296
159609,0x00907e30,2539,0x013d6000,20799488
159610,0x00907e40,2540,0x013d8000,20807680
159611,0x00907e50,2541,0x013da000,20815872
159612,0x00907e60,2542,0x013dc000,20824064
159613,0x00907e70,2543,0x013de000,20832256
159615,0x00907e80,2544,0x013e0000,20840448
159616,0x00907e90,2545,0x013e2000,20848640
159617,0x00907ea0,2546,0x013e4000,20856832
159618,0x00907eb0,2547,0x013e6000,20865024
159619,0x00907ec0,2548,0x013e8000,20873216
159620,0x00907ed0,2549,0x013ea000,20881408
159621,0x00907ee0,2550,0x013ec000,20889600
159622,0x00907ef0,2551,0x013ee000,20897792
159623,0x00907f00,2552,0x013f0000,20905984
159625,0x00907f10,2553,0x013f2000,20914176
159627,0x00907f20,2554,0x013f4000,20922368
159628,0x00907f30,2555,0x013f6000,20930560
159629,0x00907f40,2556,0x013f8000,20938752
159630,0x00907f50,2557,0x013fa000,20946944
159631,0x00907f60,2558,0x013fc000,20955136
159632,0x00907f70,2559,0x013fe000,20963328
159633,0x00907f80,2560,0x01400000,20971520
159635,0x00907f90,2561,0x01402000,20979712
159636,0x00907fa0,2562,0x01404000,20987904
159637,0x00907fb0,2563,0x01406000,20996096
159638,0x00907fc0,2564,0x01408000,21004288
159639,0x00907fd0,2565,0x0140a000,21012480
159640,0x00907fe0,2566,0x0140c000,21020672
159641,0x00907ff0,2567,0x0140e000,21028864
159729,0x00a08440,2637,0x0149a000,21602304
159730,0x00a08450,2638,0x0149c000,21610496
159731,0x00a08460,2639,0x0149e000,21618688
159732,0x00a08470,2640,0x014a0000,21626880
159735,0x00a08480,2641,0x014a2000,21635072
159736,0x00a08490,2642,0x014a4000,21643264
159750,0x00a08530,2652,0x014b8000,21725184
159751,0x00a08540,2653,0x014ba000,21733376
159752,0x00a08550,2654,0x014bc000,21741568
159755,0x00a08560,2655,0x014be000,21749760
159757,0x00a08570,2656,0x014c0000,21757952
159758,0x00a08580,2657,0x014c2000,21766144
159760,0x00a08590,2658,0x014c4000,21774336
159761,0x00a085a0,2659,0x014c6000,21782528
159763,0x00a085b0,2660,0x014c8000,21790720
159766,0x00a085c0,2661,0x014ca000,21798912
159767,0x00a085d0,2662,0x014cc000,21807104
159768,0x00a085e0,2663,0x014ce000,21815296
159770,0x00a085f0,2664,0x014d0000,21823488
159773,0x00a08600,2665,0x014d2000,21831680
159775,0x00a08610,2666,0x014d4000,21839872
159776,0x00a08620,2667,0x014d6000,21848064
159777,0x00a08630,2668,0x014d8000,21856256
159778,0x00a08640,2669,0x014da000,21864448
159779,0x00a08650,2670,0x014dc000,21872640
159780,0x00a08660,2671,0x014de000,21880832
159781,0x00a08670,2672,0x014e0000,21889024
159782,0x00a08680,2673,0x014e2000,21897216
159783,0x00a08690,2674,0x014e4000,21905408
159786,0x00a086a0,117,0x000ea000,958464
159792,0x00a086f0,2680,0x014f0000,21954560
159793,0x00a08700,2681,0x014f2000,21962752
159795,0x00a08710,2682,0x014f4000,21970944
159796,0x00a08720,2683,0x014f6000,21979136
159797,0x00a08730,2684,0x014f8000,21987328
159798,0x00a08740,2685,0x014fa000,21995520
159800,0x00a08750,2686,0x014fc000,22003712
159801,0x00a08760,2687,0x014fe000,22011904
159804,0x00a08770,2688,0x01500000,22020096
159805,0x00a08780,2689,0x01502000,22028288
159806,0x00a08790,2690,0x01504000,22036480
159807,0x00a087a0,2691,0x01506000,22044672
159808,0x00a087b0,2692,0x01508000,22052864
159810,0x00a087c0,2693,0x0150a000,22061056
159811,0x00a087d0,2694,0x0150c000,22069248
159812,0x00a087e0,2695,0x0150e000,22077440
159813,0x00a087f0,2696,0x01510000,22085632
159814,0x00a08800,2697,0x01512000,22093824
159816,0x00a08810,2698,0x01514000,22102016
159819,0x00a08820,2699,0x01516000,22110208
159820,0x00a08830,2700,0x01518000,22118400
159821,0x00a08840,2701,0x0151a000,22126592
159822,0x00a08850,2702,0x0151c000,22134784
159824,0x00a08860,2703,0x0151e000,22142976
159825,0x00a08870,2704,0x01520000,22151168
159827,0x00a08880,2705,0x01522000,22159360
159828,0x00a08890,2706,0x01524000,22167552
159830,0x00a088a0,2707,0x01526000,22175744
159831,0x00a088b0,2708,0x01528000,22183936
159834,0x00a088c0,2709,0x0152a000,22192128
159835,0x00a088d0,2710,0x0152c000,22200320
159836,0x00a088e0,2711,0x0152e000,22208512
159837,0x00a088f0,2712,0x01530000,22216704
159838,0x00a08900,2713,0x01532000,22224896
159839,0x00a08910,2714,0x01534000,22233088
159840,0x00a08920,2715,0x01536000,22241280
159841,0x00a08930,2716,0x01538000,22249472
159842,0x00a08940,2717,0x0153a000,22257664
159843,0x00a08950,2718,0x0153c000,22265856
159845,0x00a08960,2719,0x0153e000,22274048
159847,0x00a08970,2720,0x01540000,22282240
159848,0x00a08980,2721,0x01542000,22290432
159849,0x00a08990,2722,0x01544000,22298624
159850,0x00a089a0,2723,0x01546000,22306816
159851,0x00a089b0,2724,0x01548000,22315008
159852,0x00a089c0,2725,0x0154a000,22323200
159855,0x00a089d0,2726,0x0154c000,22331392
159856,0x00a089e0,2727,0x0154e000,22339584
159857,0x00a089f0,2728,0x01550000,22347776
159858,0x00a08a00,2729,0x01552000,22355968
159859,0x00a08a10,2730,0x01554000,22364160
159861,0x00a08a20,2731,0x01556000,22372352
159862,0x00a08a30,2732,0x01558000,22380544
159863,0x00a08a40,2733,0x0155a000,22388736
159864,0x00a08a50,2734,0x0155c000,22396928
159865,0x00a08a60,2735,0x0155e000,22405120
159866,0x00a08a70,2736,0x01560000,22413312
159867,0x00a08a80,2737,0x01562000,22421504
159869,0x00a08a90,2738,0x01564000,22429696
159870,0x00a08aa0,2739,0x01566000,22437888
159871,0x00a08ab0,2740,0x01568000,22446080
159872,0x00a08ac0,2741,0x0156a000,22454272
159873,0x00a08ad0,2742,0x0156c000,22462464
159875,0x00a08ae0,2743,0x0156e000,22470656
159876,0x00a08af0,2744,0x01570000,22478848
159877,0x00a08b00,2745,0x01572000,22487040
159880,0x00a08b10,2746,0x01574000,22495232
159881,0x00a08b20,2747,0x01576000,22503424
159883,0x00a08b30,2748,0x01578000,22511616
159885,0x00a08b40,2749,0x0157a000,22519808
159886,0x00a08b50,2750,0x0157c000,22528000
159887,0x00a08b60,2751,0x0157e000,22536192
159888,0x00a08b70,2752,0x01580000,22544384
159889,0x00a08b80,2753,0x01582000,22552576
159890,0x00a08b90,2754,0x01584000,22560768
159891,0x00a08ba0,2755,0x01586000,22568960
159892,0x00a08bb0,2756,0x01588000,22577152
159895,0x00a08bc0,2757,0x0158a000,22585344
159896,0x00a08bd0,2758,0x0158c000,22593536
159898,0x00a08be0,2759,0x0158e000,22601728
159899,0x00a08bf0,2760,0x01590000,22609920
159901,0x00a08c00,2761,0x01592000,22618112
159902,0x00a08c10,2762,0x01594000,22626304
159903,0x00a08c20,2763,0x01596000,22634496
159905,0x00a08c30,2764,0x01598000,22642688
159906,0x00a08c40,2765,0x0159a000,22650880
159907,0x00a08c50,2766,0x0159c000,22659072
159908,0x00a08c60,2767,0x0159e000,22667264
159909,0x00a08c70,2768,0x015a0000,22675456
159910,0x00a08c80,2769,0x015a2000,22683648
159912,0x00a08c90,2770,0x015a4000,22691840
159913,0x00a08ca0,2771,0x015a6000,22700032
159915,0x00a08cb0,2772,0x015a8000,22708224
159916,0x00a08cc0,2773,0x015aa000,22716416
159918,0x00a08cd0,2774,0x015ac000,22724608
159919,0x00a08ce0,2775,0x015ae000,22732800
159920,0x00a08cf0,2776,0x015b0000,22740992
159922,0x00a08d00,2777,0x015b2000,22749184
159923,0x00a08d10,2778,0x015b4000,22757376
159925,0x00a08d20,2779,0x015b6000,22765568
159928,0x00a08d30,2780,0x015b8000,22773760
159929,0x00a08d40,2781,0x015ba000,22781952
159930,0x00a08d50,2782,0x015bc000,22790144
159931,0x00a08d60,2783,0x015be000,22798336
159933,0x00a08d70,2784,0x015c0000,22806528
159934,0x00a08d80,2785,0x015c2000,22814720
159935,0x00a08d90,2786,0x015c4000,22822912
159936,0x00a08da0,2787,0x015c6000,22831104
159937,0x00a08db0,2788,0x015c8000,22839296
159938,0x00a08dc0,2789,0x015ca000,22847488
159939,0x00a08dd0,2790,0x015cc000,22855680
159940,0x00a08de0,2791,0x015ce000,22863872
159941,0x00a08df0,2792,0x015d0000,22872064
159943,0x00a08e00,2793,0x015d2000,22880256
159944,0x00a08e10,2794,0x015d4000,22888448
159945,0x00a08e20,2795,0x015d6000,22896640
159948,0x00a08e30,2796,0x015d8000,22904832
159949,0x00a08e40,2797,0x015da000,22913024
159952,0x00a08e50,2798,0x015dc000,22921216
159954,0x00a08e60,2799,0x015de000,22929408
159956,0x00a08e70,2800,0x015e0000,22937600
159957,0x00a08e80,2801,0x015e2000,22945792
159958,0x00a08e90,2802,0x015e4000,22953984
159959,0x00a08ea0,2803,0x015e6000,22962176
159960,0x00a08eb0,2804,0x015e8000,22970368
159961,0x00a08ec0,2805,0x015ea000,22978560
159964,0x00a08ed0,2806,0x015ec000,22986752
159965,0x00a08ee0,2807,0x015ee000,22994944
159966,0x00a08ef0,2808,0x015f0000,23003136
159967,0x00a08f00,2809,0x015f2000,23011328
159968,0x00a08f10,2810,0x015f4000,23019520
159970,0x00a08f20,2811,0x015f6000,23027712
159971,0x00a08f30,2812,0x015f8000,23035904
159972,0x00a08f40,2813,0x015fa000,23044096
159973,0x00a08f50,2814,0x015fc000,23052288
159974,0x00a08f60,2815,0x015fe000,23060480
159975,0x00a08f70,2816,0x01600000,23068672
159976,0x00a08f80,2817,0x01602000,23076864
159977,0x00a08f90,2818,0x01604000,23085056
159980,0x00a08fa0,2819,0x01606000,23093248
159981,0x00a08fb0,2820,0x01608000,23101440
159982,0x00a08fc0,2821,0x0160a000,23109632
159985,0x00a08fd0,2822,0x0160c000,23117824
159991,0x00a08fe0,2823,0x0160e000,23126016
159992,0x00a08ff0,2824,0x01610000,23134208
160643,0x00b09440,2894,0x0169c000,23707648
160644,0x00b09450,2895,0x0169e000,23715840
160706,0x00b09460,2896,0x016a0000,23724032
160716,0x00b09470,2897,0x016a2000,23732224
160717,0x00b09480,2898,0x016a4000,23740416
160719,0x00b09490,2899,0x016a6000,23748608
160916,0x00b09530,2909,0x016ba000,23830528
160918,0x00b09540,2910,0x016bc000,23838720
160919,0x00b09550,2911,0x016be000,23846912
160921,0x00b09560,2912,0x016c0000,23855104
160924,0x00b09570,2913,0x016c2000,23863296
160925,0x00b09580,2914,0x016c4000,23871488
160926,0x00b09590,2915,0x016c6000,23879680
161005,0x00b095a0,2916,0x016c8000,23887872
161010,0x00b095b0,2917,0x016ca000,23896064
161014,0x00b095c0,2918,0x016cc000,23904256
161017,0x00b095d0,2919,0x016ce000,23912448
161019,0x00b095e0,2920,0x016d0000,23920640
161024,0x00b095f0,2921,0x016d2000,23928832
161025,0x00b09600,2922,0x016d4000,23937024
161026,0x00b09610,2923,0x016d6000,23945216
161027,0x00b09620,2924,0x016d8000,23953408
161028,0x00b09630,2925,0x016da000,23961600
161029,0x00b09640,2926,0x016dc000,23969792
161030,0x00b09650,2927,0x016de000,23977984
161031,0x00b09660,2928,0x016e0000,23986176
161032,0x00b09670,2929,0x016e2000,23994368
161033,0x00b09680,2930,0x016e4000,24002560
161035,0x00b09690,2931,0x016e6000,24010752
161036,0x00b096a0,117,0x000ea000,958464
161115,0x00b096f0,2937,0x016f2000,24059904
161116,0x00b09700,2938,0x016f4000,24068096
161117,0x00b09710,2939,0x016f6000,24076288
161118,0x00b09720,2940,0x016f8000,24084480
161119,0x00b09730,2941,0x016fa000,24092672
161121,0x00b09740,2942,0x016fc000,24100864
161122,0x00b09750,2943,0x016fe000,24109056
161123,0x00b09760,2944,0x01700000,24117248
161124,0x00b09770,2945,0x01702000,24125440
161125,0x00b09780,2946,0x01704000,24133632
161126,0x00b09790,2947,0x01706000,24141824
161127,0x00b097a0,2948,0x01708000,24150016
161128,0x00b097b0,2949,0x0170a000,24158208
161129,0x00b097c0,2950,0x0170c000,24166400
161130,0x00b097d0,2951,0x0170e000,24174592
161131,0x00b097e0,2952,0x01710000,24182784
161132,0x00b097f0,2953,0x01712000,24190976
161133,0x00b09800,2954,0x01714000,24199168
161216,0x00b09810,2955,0x01716000,24207360
161217,0x00b09820,2956,0x01718000,24215552
161222,0x00b09830,2957,0x0171a000,24223744
161224,0x00b09840,2958,0x0171c000,24231936
161225,0x00b09850,2959,0x0171e000,24240128
161226,0x00b09860,2960,0x01720000,24248320
161227,0x00b09870,2961,0x01722000,24256512
161229,0x00b09880,2962,0x01724000,24264704
161232,0x00b09890,2963,0x01726000,24272896
161505,0x00b098a0,2964,0x01728000,24281088
161607,0x00b098b0,2965,0x0172a000,24289280
161610,0x00b098c0,2966,0x0172c000,24297472
161614,0x00b098d0,2967,0x0172e000,24305664
161626,0x00b098e0,2968,0x01730000,24313856
161631,0x00b098f0,2969,0x01732000,24322048
161713,0x00b09900,2970,0x01734000,24330240
161715,0x00b09910,2971,0x01736000,24338432
161716,0x00b09920,2972,0x01738000,24346624
161720,0x00b09930,2973,0x0173a000,24354816
161722,0x00b09940,2974,0x0173c000,24363008
161724,0x00b09950,2975,0x0173e000,24371200
161725,0x00b09960,2976,0x01740000,24379392
161726,0x00b09970,2977,0x01742000,24387584
161727,0x00b09980,2978,0x01744000,24395776
161728,0x00b09990,2979,0x01746000,24403968
161729,0x00b099a0,2980,0x01748000,24412160
161810,0x00b099b0,2981,0x0174a000,24420352
161811,0x00b099c0,2982,0x0174c000,24428544
161812,0x00b099d0,2983,0x0174e000,24436736
161815,0x00b099e0,2984,0x01750000,24444928
161816,0x00b099f0,2985,0x01752000,24453120
161820,0x00b09a00,2986,0x01754000,24461312
161831,0x00b09a10,2987,0x01756000,24469504
161834,0x00b09a20,2988,0x01758000,24477696
161903,0x00b09a30,2989,0x0175a000,24485888
161908,0x00b09a40,2990,0x0175c000,24494080
161912,0x00b09a50,2991,0x0175e000,24502272
161914,0x00b09a60,2992,0x01760000,24510464
162006,0x00b09a70,2993,0x01762000,24518656
162105,0x00b09a80,2994,0x01764000,24526848
162108,0x00b09a90,2995,0x01766000,24535040
162207,0x00b09aa0,2996,0x01768000,24543232
162215,0x00b09ab0,2998,0x0176c000,24559616
162216,0x00b09ac0,2999,0x0176e000,24567808
162307,0x00b09ad0,3000,0x01770000,24576000
162411,0x00b09ae0,3001,0x01772000,24584192
162412,0x00b09af0,3002,0x01774000,24592384
162414,0x00b09b00,3003,0x01776000,24600576
162415,0x00b09b10,3004,0x01778000,24608768
162509,0x00b09b20,3005,0x0177a000,24616960
162605,0x00b09b30,3006,0x0177c000,24625152
162607,0x00b09b40,3007,0x0177e000,24633344
162703,0x00b09b50,3008,0x01780000,24641536
162711,0x00b09b60,3009,0x01782000,24649728
162712,0x00b09b70,3010,0x01784000,24657920
162715,0x00b09b80,3011,0x01786000,24666112
162719,0x00b09b90,3012,0x01788000,24674304
162720,0x00b09ba0,3013,0x0178a000,24682496
162721,0x00b09bb0,3014,0x0178c000,24690688
163001,0x00b09bc0,3015,0x0178e000,24698880
163003,0x00b09bd0,3016,0x01790000,24707072
163005,0x00b09be0,3017,0x01792000,24715264
163109,0x00b09bf0,3018,0x01794000,24723456
163110,0x00b09c00,3019,0x01796000,24731648
163111,0x00b09c10,3020,0x01798000,24739840
163113,0x00b09c20,3021,0x0179a000,24748032
163114,0x00b09c30,3022,0x0179c000,24756224
163115,0x00b09c40,3023,0x0179e000,24764416
163116,0x00b09c50,3024,0x017a0000,24772608
163118,0x00b09c60,3025,0x017a2000,24780800
163208,0x00b09c70,3026,0x017a4000,24788992
163302,0x00b09c80,3027,0x017a6000,24797184
163402,0x00b09c90,3028,0x017a8000,24805376
163406,0x00b09ca0,3029,0x017aa000,24813568
163407,0x00b09cb0,3030,0x017ac000,24821760
163409,0x00b09cc0,3031,0x017ae000,24829952
163412,0x00b09cd0,3032,0x017b0000,24838144
163415,0x00b09ce0,3033,0x017b2000,24846336
163417,0x00b09cf0,3034,0x017b4000,24854528
163418,0x00b09d00,3035,0x017b6000,24862720
163503,0x00b09d10,3036,0x017b8000,24870912
163801,0x00b09d20,3037,0x017ba000,24879104
163819,0x00b09d30,3038,0x017bc000,24887296
163821,0x00b09d40,3039,0x017be000,24895488
163907,0x00b09d50,3040,0x017c0000,24903680
164105,0x00b09d60,3041,0x017c2000,24911872
164206,0x00b09d70,3042,0x017c4000,24920064
164208,0x00b09d80,3043,0x017c6000,24928256
164210,0x00b09d90,3044,0x017c8000,24936448
164403,0x00b09da0,3045,0x017ca000,24944640
164508,0x00b09db0,3046,0x017cc000,24952832
164509,0x00b09dc0,3047,0x017ce000,24961024
164606,0x00b09dd0,3048,0x017d0000,24969216
164701,0x00b09de0,3049,0x017d2000,24977408
164703,0x00b09df0,3050,0x017d4000,24985600
164705,0x00b09e00,3051,0x017d6000,24993792
164808,0x00b09e10,3052,0x017d8000,25001984
164810,0x00b09e20,3053,0x017da000,25010176
164814,0x00b09e30,3054,0x017dc000,25018368
164824,0x00b09e40,3055,0x017de000,25026560
164902,0x00b09e50,3056,0x017e0000,25034752
164906,0x00b09e60,3057,0x017e2000,25042944
165309,0x00b09e70,3058,0x017e4000,25051136
165313,0x00b09e80,3059,0x017e6000,25059328
165508,0x00b09e90,3060,0x017e8000,25067520
165509,0x00b09ea0,3061,0x017ea000,25075712
165511,0x00b09eb0,3062,0x017ec000,25083904
165513,0x00b09ec0,3063,0x017ee000,25092096
165515,0x00b09ed0,3064,0x017f0000,25100288
165516,0x00b09ee0,3065,0x017f2000,25108480
165519,0x00b09ef0,3066,0x017f4000,25116672
165520,0x00b09f00,3067,0x017f6000,25124864
165521,0x00b09f10,3068,0x017f8000,25133056
165522,0x00b09f20,3069,0x017fa000,25141248
165525,0x00b09f30,3070,0x017fc000,25149440
165528,0x00b09f40,3071,0x017fe000,25157632
166001,0x00b09f50,3072,0x01800000,25165824
166006,0x00b09f60,3073,0x01802000,25174016
166008,0x00b09f70,3074,0x01804000,25182208
166009,0x00b09f80,3075,0x01806000,25190400
166011,0x00b09f90,3076,0x01808000,25198592
166016,0x00b09fa0,3077,0x0180a000,25206784
166023,0x00b09fb0,3078,0x0180c000,25214976
166024,0x00b09fc0,3079,0x0180e000,25223168
166025,0x00b09fd0,3080,0x01810000,25231360
166027,0x00b09fe0,3081,0x01812000,25239552
166105,0x00b09ff0,3082,0x01814000,25247744
002839,0x00bb5130,2074,0x01034000,16990208
300373,0x00bb5140,3600,0x01c20000,29491200
301186,0x00bb5180,39,0x0004e000,319488
002791,0x00bb5190,2033,0x00fe2000,16654336
123157,0x00bb51a0,2230,0x0116c000,18268160
300374,0x00bb51b0,3601,0x01c22000,29499392
301187,0x00bb5200,40,0x00050000,327680
002792,0x00bb5210,2034,0x00fe4000,16662528
123158,0x00bb5220,2231,0x0116e000,18276352
160518,0x00bb5230,3113,0x01852000,25501696
300375,0x00bb5240,3602,0x01c24000,29507584
301188,0x00bb5280,41,0x00052000,335872
399106,0x00bb5290,648,0x00510000,5308416
002793,0x00bb52a0,2035,0x00fe6000,16670720
163109,0x00bb52b0,3263,0x0197e000,26730496
300376,0x00bb52c0,3603,0x01c26000,29515776
300530,0x00bb52d0,3743,0x01d3e000,30662656
301189,0x00bb5300,42,0x00054000,344064
399107,0x00bb5310,649,0x00512000,5316608
300377,0x00bb5320,3604,0x01c28000,29523968
300531,0x00bb5330,3744,0x01d40000,30670848
399108,0x00bb5380,650,0x00514000,5324800
002795,0x00bb5390,2036,0x00fe8000,16678912
300378,0x00bb53a0,3605,0x01c2a000,29532160
300532,0x00bb53b0,3745,0x01d42000,30679040
002950,0x00bb5400,309,0x0026a000,2531328
301345,0x00bb5440,4295,0x0218e000,35184640
002951,0x00bb5480,310,0x0026c000,2539520
002797,0x00bb5490,2038,0x00fec000,16695296
301501,0x00bb5530,4363,0x02216000,35741696
002953,0x00bb5580,312,0x00270000,2555904
002799,0x00bb5590,2040,0x00ff0000,16711680
123270,0x00bb55a0,2288,0x011e0000,18743296
160630,0x00bb55b0,3130,0x01874000,25640960
300536,0x00bb55c0,3749,0x01d4a000,30711808
301348,0x00bb55d0,4296,0x02190000,35192832
301502,0x00bb55e0,4364,0x02218000,35749888
123271,0x00bb5600,2289,0x011e2000,18751488
160631,0x00bb5610,3131,0x01876000,25649152
300537,0x00bb5620,3750,0x01d4c000,30720000
301349,0x00bb5630,4297,0x02192000,35201024
301503,0x00bb5640,4365,0x0221a000,35758080
002955,0x00bb5680,313,0x00272000,2564096
123272,0x00bb5690,2290,0x011e4000,18759680
160632,0x00bb56a0,117,0x000ea000,958464
002956,0x00bb5700,314,0x00274000,2572288
123273,0x00bb5710,2291,0x011e6000,18767872
160633,0x00bb5720,3133,0x0187a000,25665536
162411,0x00bb5730,3246,0x0195c000,26591232
300490,0x00bb5740,3707,0x01cf6000,30367744
300539,0x00bb5750,3752,0x01d50000,30736384
301505,0x00bb5760,4366,0x0221c000,35766272
002957,0x00bb5780,315,0x00276000,2580480
123274,0x00bb5790,2292,0x011e8000,18776064
162412,0x00bb57a0,3247,0x0195e000,26599424
300491,0x00bb57b0,3708,0x01cf8000,30375936
002958,0x00bb5800,316,0x00278000,2588672
123275,0x00bb5810,2293,0x011ea000,18784256
160635,0x00bb5820,3134,0x0187c000,25673728
300492,0x00bb5830,3709,0x01cfa000,30384128
301507,0x00bb5840,4367,0x0221e000,35774464
002959,0x00bb5880,317,0x0027a000,2596864
123276,0x00bb5890,2294,0x011ec000,18792448
162414,0x00bb58a0,3248,0x01960000,26607616
300493,0x00bb58b0,3710,0x01cfc000,30392320
301508,0x00bb58c0,4368,0x02220000,35782656
123277,0x00bb5900,2295,0x011ee000,18800640
160637,0x00bb5910,3135,0x0187e000,25681920
162415,0x00bb5920,3249,0x01962000,26615808
300494,0x00bb5930,3711,0x01cfe000,30400512
301509,0x00bb5940,4369,0x02222000,35790848
123278,0x00bb5980,2296,0x011f0000,18808832
160638,0x00bb5990,3136,0x01880000,25690112
123279,0x00bb5a00,2297,0x011f2000,18817024
160639,0x00bb5a10,3137,0x01882000,25698304
300496,0x00bb5a20,3712,0x01d00000,30408704
300650,0x00bb5a30,3826,0x01de4000,31342592
300497,0x00bb5a80,3713,0x01d02000,30416896
300651,0x00bb5a90,3827,0x01de6000,31350784
161607,0x00bb5b00,3211,0x01916000,26304512
300498,0x00bb5b10,3714,0x01d04000,30425088
300652,0x00bb5b20,3828,0x01de8000,31358976
300499,0x00bb5b80,3715,0x01d06000,30433280
300653,0x00bb5b90,3829,0x01dea000,31367168
300654,0x00bb5c00,3830,0x01dec000,31375360
300655,0x00bb5c80,3831,0x01dee000,31383552
300810,0x00bb5d00,147,0x00126000,1204224
300656,0x00bb5d10,3832,0x01df0000,31391744
301468,0x00bb5d20,4352,0x02200000,35651584
301622,0x00bb5d30,4439,0x022ae000,36364288
300811,0x00bb5d80,148,0x00128000,1212416
000020,0x00bb5d90,1008,0x007e0000,8257536
159010,0x00bb5da0,2370,0x01284000,19415040
300657,0x00bb5db0,3833,0x01df2000,31399936
301469,0x00bb5dc0,4353,0x02202000,35659776
300812,0x00bb5e00,149,0x0012a000,1220608
000021,0x00bb5e10,1009,0x007e2000,8265728
159011,0x00bb5e20,2371,0x01286000,19423232
300658,0x00bb5e30,3834,0x01df4000,31408128
300813,0x00bb5e80,150,0x0012c000,1228800
159012,0x00bb5e90,2372,0x01288000,19431424
300659,0x00bb5ea0,3835,0x01df6000,31416320
399341,0x00bb5f00,728,0x005b0000,5963776
159013,0x00bb5f10,2373,0x0128a000,19439616
161720,0x00bb5f20,3219,0x01926000,26370048
300814,0x00bb5f30,3954,0x01ee4000,32391168
301626,0x00bb5f40,4440,0x022b0000,36372480
300815,0x00bb5f80,151,0x0012e000,1236992
167501,0x00c0b060,3090,0x01824000,25313280
167506,0x00c0b070,3091,0x01826000,25321472
167508,0x00c0b080,3092,0x01828000,25329664
168101,0x00c0b090,3093,0x0182a000,25337856
168102,0x00c0b0a0,3094,0x0182c000,25346048
168104,0x00c0b0b0,3095,0x0182e000,25354240
168105,0x00c0b0c0,3096,0x01830000,25362432
168203,0x00c0b0d0,3097,0x01832000,25370624
168204,0x00c0b0e0,3098,0x01834000,25378816
168301,0x00c0b0f0,3099,0x01836000,25387008
168401,0x00c0b100,3100,0x01838000,25395200
168701,0x00c0b110,3101,0x0183a000,25403392
169101,0x00c0b120,3102,0x0183c000,25411584
169104,0x00c0b130,3103,0x0183e000,25419776
169106,0x00c0b140,3104,0x01840000,25427968
169201,0x00c0b150,3105,0x01842000,25436160
395001,0x00c0b160,3106,0x01844000,25444352
395002,0x00c0b170,3107,0x01846000,25452544
395004,0x00c0b180,3108,0x01848000,25460736
395012,0x00c0b190,3109,0x0184a000,25468928
395013,0x00c0b1a0,3110,0x0184c000,25477120
395015,0x00c0b1b0,3111,0x0184e000,25485312
395032,0x00c0b1c0,3112,0x01850000,25493504
395033,0x00c0b1d0,3113,0x01852000,25501696
395034,0x00c0b1e0,3114,0x01854000,25509888
395099,0x00c0b1f0,3115,0x01856000,25518080
300001,0x00c0b200,3116,0x01858000,25526272
300002,0x00c0b210,3117,0x0185a000,25534464
300003,0x00c0b220,3118,0x0185c000,25542656
300004,0x00c0b230,3119,0x0185e000,25550848
300043,0x00c0b240,3154,0x018a4000,25837568
300045,0x00c0b250,3156,0x018a8000,25853952
300046,0x00c0b260,3157,0x018aa000,25862144
300047,0x00c0b270,3158,0x018ac000,25870336
300048,0x00c0b280,3159,0x018ae000,25878528
300049,0x00c0b290,3160,0x018b0000,25886720
300050,0x00c0b2a0,3161,0x018b2000,25894912
300051,0x00c0b2b0,3162,0x018b4000,25903104
300052,0x00c0b2c0,3163,0x018b6000,25911296
300053,0x00c0b2d0,3164,0x018b8000,25919488
300054,0x00c0b2e0,3165,0x018ba000,25927680
300055,0x00c0b2f0,3166,0x018bc000,25935872
300056,0x00c0b300,3167,0x018be000,25944064
300057,0x00c0b310,3168,0x018c0000,25952256
300058,0x00c0b320,3169,0x018c2000,25960448
300059,0x00c0b330,3170,0x018c4000,25968640
300061,0x00c0b340,3171,0x018c6000,25976832
300062,0x00c0b350,3172,0x018c8000,25985024
300063,0x00c0b360,3173,0x018ca000,25993216
300065,0x00c0b370,3174,0x018cc000,26001408
300066,0x00c0b380,3175,0x018ce000,26009600
300067,0x00c0b390,3176,0x018d0000,26017792
300068,0x00c0b3a0,3177,0x018d2000,26025984
300069,0x00c0b3b0,3178,0x018d4000,26034176
300070,0x00c0b3c0,3179,0x018d6000,26042368
300071,0x00c0b3d0,3180,0x018d8000,26050560
300072,0x00c0b3e0,3181,0x018da000,26058752
300073,0x00c0b3f0,3182,0x018dc000,26066944
300074,0x00c0b400,3183,0x018de000,26075136
300078,0x00c0b440,3210,0x01914000,26296320
300079,0x00c0b450,3211,0x01916000,26304512
300080,0x00c0b460,3216,0x01920000,26345472
300081,0x00c0b470,3217,0x01922000,26353664
300082,0x00c0b480,3218,0x01924000,26361856
300083,0x00c0b490,3219,0x01926000,26370048
300095,0x00c0b530,3229,0x0193a000,26451968
300096,0x00c0b540,3230,0x0193c000,26460160
300097,0x00c0b550,3231,0x0193e000,26468352
300098,0x00c0b560,3232,0x01940000,26476544
300099,0x00c0b570,3233,0x01942000,26484736
300100,0x00c0b580,3234,0x01944000,26492928
300123,0x00c0b590,3252,0x01968000,26640384
300138,0x00c0b5a0,3267,0x01986000,26763264
300139,0x00c0b5b0,3268,0x01988000,26771456
300140,0x00c0b5c0,3269,0x0198a000,26779648
300141,0x00c0b5d0,3270,0x0198c000,26787840
300142,0x00c0b5e0,3271,0x0198e000,26796032
300143,0x00c0b5f0,3272,0x01990000,26804224
300144,0x00c0b600,3273,0x01992000,26812416
300145,0x00c0b610,3274,0x01994000,26820608
300146,0x00c0b620,3275,0x01996000,26828800
300147,0x00c0b630,3276,0x01998000,26836992
300148,0x00c0b640,3277,0x0199a000,26845184
300149,0x00c0b650,3278,0x0199c000,26853376
300150,0x00c0b660,3279,0x0199e000,26861568
300151,0x00c0b670,3280,0x019a0000,26869760
300152,0x00c0b680,3281,0x019a2000,26877952
300153,0x00c0b690,3282,0x019a4000,26886144
300154,0x00c0b6a0,117,0x000ea000,958464
300157,0x00c0b6c0,0,0x00000000,0
300158,0x00c0b6d0,3286,0x019ac000,26918912
300159,0x00c0b6e0,3287,0x019ae000,26927104
300160,0x00c0b6f0,3288,0x019b0000,26935296
300161,0x00c0b700,3289,0x019b2000,26943488
300162,0x00c0b710,3290,0x019b4000,26951680
300163,0x00c0b720,3291,0x019b6000,26959872
300164,0x00c0b730,3292,0x019b8000,26968064
300165,0x00c0b740,3293,0x019ba000,26976256
300166,0x00c0b750,3294,0x019bc000,26984448
300167,0x00c0b760,3295,0x019be000,26992640
300168,0x00c0b770,3296,0x019c0000,27000832
300169,0x00c0b780,3297,0x019c2000,27009024
300170,0x00c0b790,3298,0x019c4000,27017216
300171,0x00c0b7a0,3299,0x019c6000,27025408
300172,0x00c0b7b0,3300,0x019c8000,27033600
300173,0x00c0b7c0,3301,0x019ca000,27041792
300174,0x00c0b7d0,3302,0x019cc000,27049984
300175,0x00c0b7e0,3303,0x019ce000,27058176
300176,0x00c0b7f0,3304,0x019d0000,27066368
300177,0x00c0b800,3305,0x019d2000,27074560
300179,0x00c0b810,3306,0x019d4000,27082752
300180,0x00c0b820,3307,0x019d6000,27090944
300181,0x00c0b830,3308,0x019d8000,27099136
300182,0x00c0b840,3309,0x019da000,27107328
300183,0x00c0b850,3310,0x019dc000,27115520
300184,0x00c0b860,3311,0x019de000,27123712
300185,0x00c0b870,3312,0x019e0000,27131904
300187,0x00c0b880,3313,0x019e2000,27140096
300188,0x00c0b890,3314,0x019e4000,27148288
300189,0x00c0b8a0,3315,0x019e6000,27156480
300190,0x00c0b8b0,3316,0x019e8000,27164672
300191,0x00c0b8c0,3317,0x019ea000,27172864
300192,0x00c0b8d0,3318,0x019ec000,27181056
300193,0x00c0b8e0,3319,0x019ee000,27189248
300194,0x00c0b8f0,3320,0x019f0000,27197440
300195,0x00c0b900,3321,0x019f2000,27205632
300196,0x00c0b910,3322,0x019f4000,27213824
300197,0x00c0b920,3323,0x019f6000,27222016
300198,0x00c0b930,3324,0x019f8000,27230208
300199,0x00c0b940,3325,0x019fa000,27238400
300200,0x00c0b950,3326,0x019fc000,27246592
300201,0x00c0b960,3327,0x019fe000,27254784
300203,0x00c0b970,3328,0x01a00000,27262976
300204,0x00c0b980,3329,0x01a02000,27271168
300205,0x00c0b990,3330,0x01a04000,27279360
300206,0x00c0b9a0,3331,0x01a06000,27287552
300207,0x00c0b9b0,3332,0x01a08000,27295744
300209,0x00c0b9c0,3333,0x01a0a000,27303936
300210,0x00c0b9d0,3334,0x01a0c000,27312128
300211,0x00c0b9e0,3335,0x01a0e000,27320320
300212,0x00c0b9f0,3336,0x01a10000,27328512
300237,0x00c0ba00,3360,0x01a40000,27525120
300245,0x00c0ba10,3368,0x01a50000,27590656
300247,0x00c0ba20,3370,0x01a54000,27607040
300248,0x00c0ba30,3371,0x01a56000,27615232
300249,0x00c0ba40,3372,0x01a58000,27623424
300250,0x00c0ba50,3373,0x01a5a000,27631616
300251,0x00c0ba60,3374,0x01a5c000,27639808
300252,0x00c0ba70,3375,0x01a5e000,27648000
300253,0x00c0ba80,3376,0x01a60000,27656192
300254,0x00c0ba90,3377,0x01a62000,27664384
300255,0x00c0baa0,3378,0x01a64000,27672576
300256,0x00c0bab0,3379,0x01a66000,27680768
300257,0x00c0bac0,3380,0x01a68000,27688960
300258,0x00c0bad0,3381,0x01a6a000,27697152
300259,0x00c0bae0,3382,0x01a6c000,27705344
300260,0x00c0baf0,3383,0x01a6e000,27713536
300261,0x00c0bb00,3384,0x01a70000,27721728
300263,0x00c0bb10,3385,0x01a72000,27729920
300264,0x00c0bb20,3386,0x01a74000,27738112
300265,0x00c0bb30,3387,0x01a76000,27746304
300266,0x00c0bb40,3388,0x01a78000,27754496
300267,0x00c0bb50,3389,0x01a7a000,27762688
300268,0x00c0bb60,3390,0x01a7c000,27770880
300269,0x00c0bb70,3391,0x01a7e000,27779072
300270,0x00c0bb80,3392,0x01a80000,27787264
300271,0x00c0bb90,3393,0x01a82000,27795456
300272,0x00c0bba0,3394,0x01a84000,27803648
300274,0x00c0bbb0,3395,0x01a86000,27811840
300275,0x00c0bbc0,3396,0x01a88000,27820032
300276,0x00c0bbd0,3397,0x01a8a000,27828224
300277,0x00c0bbe0,3398,0x01a8c000,27836416
300278,0x00c0bbf0,3399,0x01a8e000,27844608
300279,0x00c0bc00,3400,0x01a90000,27852800
300281,0x00c0bc10,3401,0x01a92000,27860992
300283,0x00c0bc20,3402,0x01a94000,27869184
300284,0x00c0bc30,3403,0x01a96000,27877376
300285,0x00c0bc40,3404,0x01a98000,27885568
300286,0x00c0bc50,3405,0x01a9a000,27893760
300287,0x00c0bc60,3406,0x01a9c000,27901952
300288,0x00c0bc70,3407,0x01a9e000,27910144
300289,0x00c0bc80,3408,0x01aa0000,27918336
300290,0x00c0bc90,3409,0x01aa2000,27926528
300291,0x00c0bca0,3410,0x01aa4000,27934720
300292,0x00c0bcb0,3411,0x01aa6000,27942912
300293,0x00c0bcc0,3412,0x01aa8000,27951104
300294,0x00c0bcd0,3413,0x01aaa000,27959296
300295,0x00c0bce0,3414,0x01aac000,27967488
300296,0x00c0bcf0,3415,0x01aae000,27975680
300298,0x00c0bd00,3416,0x01ab0000,27983872
300299,0x00c0bd10,3417,0x01ab2000,27992064
300300,0x00c0bd20,3418,0x01ab4000,28000256
300301,0x00c0bd30,3419,0x01ab6000,28008448
300302,0x00c0bd40,3420,0x01ab8000,28016640
300303,0x00c0bd50,3421,0x01aba000,28024832
300304,0x00c0bd60,3422,0x01abc000,28033024
300305,0x00c0bd70,3423,0x01abe000,28041216
300306,0x00c0bd80,3424,0x01ac0000,28049408
300307,0x00c0bd90,3425,0x01ac2000,28057600
300308,0x00c0bda0,3426,0x01ac4000,28065792
300310,0x00c0bdb0,3427,0x01ac6000,28073984
300311,0x00c0bdc0,3428,0x01ac8000,28082176
300313,0x00c0bdd0,3429,0x01aca000,28090368
300314,0x00c0bde0,3430,0x01acc000,28098560
300315,0x00c0bdf0,3431,0x01ace000,28106752
300316,0x00c0be00,3432,0x01ad0000,28114944
300317,0x00c0be10,3433,0x01ad2000,28123136
300318,0x00c0be20,3434,0x01ad4000,28131328
300319,0x00c0be30,3435,0x01ad6000,28139520
300320,0x00c0be40,3436,0x01ad8000,28147712
300321,0x00c0be50,3437,0x01ada000,28155904
300322,0x00c0be60,3438,0x01adc000,28164096
300323,0x00c0be70,3439,0x01ade000,28172288
300324,0x00c0be80,3440,0x01ae0000,28180480
300326,0x00c0be90,3441,0x01ae2000,28188672
300327,0x00c0bea0,3442,0x01ae4000,28196864
300328,0x00c0beb0,3443,0x01ae6000,28205056
300329,0x00c0bec0,3444,0x01ae8000,28213248
300331,0x00c0bed0,3445,0x01aea000,28221440
300332,0x00c0bee0,3446,0x01aec000,28229632
300333,0x00c0bef0,3447,0x01aee000,28237824
300334,0x00c0bf00,3448,0x01af0000,28246016
300335,0x00c0bf10,3449,0x01af2000,28254208
300337,0x00c0bf20,3450,0x01af4000,28262400
300338,0x00c0bf30,3451,0x01af6000,28270592
300339,0x00c0bf40,3452,0x01af8000,28278784
300340,0x00c0bf50,3453,0x01afa000,28286976
300341,0x00c0bf60,3454,0x01afc000,28295168
300342,0x00c0bf70,3455,0x01afe000,28303360
300343,0x00c0bf80,3456,0x01b00000,28311552
300345,0x00c0bf90,3457,0x01b02000,28319744
300346,0x00c0bfa0,3458,0x01b04000,28327936
300347,0x00c0bfb0,3459,0x01b06000,28336128
300348,0x00c0bfc0,3460,0x01b08000,28344320
300349,0x00c0bfd0,3461,0x01b0a000,28352512
300350,0x00c0bfe0,3462,0x01b0c000,28360704
300351,0x00c0bff0,3463,0x01b0e000,28368896
127115,0x00c71480,2353,0x01262000,19275776
300930,0x00c71490,4052,0x01fa8000,33193984
159131,0x00c71580,2469,0x0134a000,20226048
300932,0x00c71590,4054,0x01fac000,33210368
159132,0x00c71600,2470,0x0134c000,20234240
300933,0x00c71610,4055,0x01fae000,33218560
127070,0x00c71680,2326,0x0122c000,19054592
159133,0x00c71690,2471,0x0134e000,20242432
127072,0x00c71780,2327,0x0122e000,19062784
159135,0x00c71790,2472,0x01350000,20250624
300936,0x00c717a0,4057,0x01fb2000,33234944
159136,0x00c71800,2473,0x01352000,20258816
300937,0x00c71810,4058,0x01fb4000,33243136
159137,0x00c71880,2474,0x01354000,20267008
300938,0x00c71890,4059,0x01fb6000,33251328
159138,0x00c71900,2475,0x01356000,20275200
300890,0x00c71910,4014,0x01f5c000,32882688
300939,0x00c71920,4060,0x01fb8000,33259520
159139,0x00c71980,2476,0x01358000,20283392
300891,0x00c71990,4015,0x01f5e000,32890880
159091,0x00c71a00,2436,0x01308000,19955712
300892,0x00c71a10,4016,0x01f60000,32899072
127078,0x00c71a80,2328,0x01230000,19070976
300893,0x00c71a90,4017,0x01f62000,32907264
159093,0x00c71b00,2437,0x0130a000,19963904
300894,0x00c71b10,4018,0x01f64000,32915456
300895,0x00c71b80,4019,0x01f66000,32923648
159095,0x00c71c00,2438,0x0130c000,19972096
300896,0x00c71c10,4020,0x01f68000,32931840
300897,0x00c71c80,4021,0x01f6a000,32940032
300898,0x00c71d00,4022,0x01f6c000,32948224
002040,0x00c71d80,1485,0x00b9a000,12165120
159098,0x00c71d90,2439,0x0130e000,19980288
300899,0x00c71da0,4023,0x01f6e000,32956416
002041,0x00c71e00,1486,0x00b9c000,12173312
159099,0x00c71e10,2440,0x01310000,19988480
167301,0x00c71e20,3332,0x01a08000,27295744
001230,0x00c71e80,1369,0x00ab2000,11214848
002042,0x00c71e90,1487,0x00b9e000,12181504
167302,0x00c71ea0,3333,0x01a0a000,27303936
001231,0x00c71f00,1370,0x00ab4000,11223040
002043,0x00c71f10,1488,0x00ba0000,12189696
001232,0x00c71f80,479,0x003be000,3923968
000420,0x00c71f90,1041,0x00822000,8527872
002044,0x00c71fa0,1489,0x00ba2000,12197888
002320,0x00c72480,1718,0x00d6c000,14073856
159371,0x00c72490,2669,0x014da000,21864448
988107,0x00c72580,994,0x007c4000,8142848
002322,0x00c72590,1720,0x00d70000,14090240
159373,0x00c725a0,2671,0x014de000,21880832
002323,0x00c72600,1721,0x00d72000,14098432
002324,0x00c72680,1722,0x00d74000,14106624
159375,0x00c72690,2672,0x014e0000,21889024
169201,0x00c726a0,117,0x000ea000,958464
002326,0x00c72780,1723,0x00d76000,14114816
159377,0x00c72790,2674,0x014e4000,21905408
002327,0x00c72800,1724,0x00d78000,14123008
159378,0x00c72810,2675,0x014e6000,21913600
002328,0x00c72880,1725,0x00d7a000,14131200
159379,0x00c72890,2676,0x014e8000,21921792
002329,0x00c72900,1726,0x00d7c000,14139392
002281,0x00c72980,1681,0x00d22000,13770752
000700,0x00c72a00,1182,0x0093c000,9682944
002282,0x00c72a10,1682,0x00d24000,13778944
000701,0x00c72a80,1183,0x0093e000,9691136
002283,0x00c72a90,1683,0x00d26000,13787136
000702,0x00c72b00,1184,0x00940000,9699328
002284,0x00c72b10,1684,0x00d28000,13795328
000703,0x00c72b80,1185,0x00942000,9707520
002285,0x00c72b90,1685,0x00d2a000,13803520
002286,0x00c72c00,1686,0x00d2c000,13811712
000705,0x00c72c80,1186,0x00944000,9715712
002287,0x00c72c90,1687,0x00d2e000,13819904
000707,0x00c72d80,1187,0x00946000,9723904
002289,0x00c72d90,1688,0x00d30000,13828096
000708,0x00c72e00,1188,0x00948000,9732096
000709,0x00c72e80,1189,0x0094a000,9740288
159650,0x00c72e90,2821,0x0160a000,23109632
000661,0x00c72f00,1158,0x0090c000,9486336
002600,0x00c72f10,1941,0x00f2a000,15900672
159651,0x00c72f20,2822,0x0160c000,23117824
002601,0x00c72f80,1942,0x00f2c000,15908864
159652,0x00c72f90,2823,0x0160e000,23126016
002562,0x00c73480,1908,0x00ee8000,15630336
300145,0x00c73490,3425,0x01ac2000,28057600
002564,0x00c73580,1910,0x00eec000,15646720
300147,0x00c73590,3427,0x01ac6000,28073984
002565,0x00c73600,1911,0x00eee000,15654912
300148,0x00c73610,3428,0x01ac8000,28082176
002566,0x00c73680,1912,0x00ef0000,15663104
300149,0x00c73690,3429,0x01aca000,28090368
002568,0x00c73780,1914,0x00ef4000,15679488
002569,0x00c73800,354,0x002c4000,2899968
159930,0x00c73900,3029,0x017aa000,24813568
159931,0x00c73980,3030,0x017ac000,24821760
159933,0x00c73a80,3031,0x017ae000,24829952
159934,0x00c73b00,3032,0x017b0000,24838144
159935,0x00c73b80,3033,0x017b2000,24846336
301230,0x00c73b90,4204,0x020d8000,34439168
200055,0x00c73c00,1436,0x00b38000,11763712
159936,0x00c73c10,3034,0x017b4000,24854528
301231,0x00c73c20,4205,0x020da000,34447360
200056,0x00c73c80,1437,0x00b3a000,11771904
159937,0x00c73c90,3035,0x017b6000,24862720
300420,0x00c73ca0,3643,0x01c76000,29843456
301232,0x00c73cb0,4206,0x020dc000,34455552
000948,0x00c73d00,1308,0x00a38000,10715136
159938,0x00c73d10,3036,0x017b8000,24870912
300421,0x00c73d20,3644,0x01c78000,29851648
301233,0x00c73d30,4207,0x020de000,34463744
000949,0x00c73d80,1309,0x00a3a000,10723328
200058,0x00c73d90,1438,0x00b3c000,11780096
159890,0x00c73da0,3001,0x01772000,24584192
159939,0x00c73db0,3037,0x017ba000,24879104
300422,0x00c73dc0,3645,0x01c7a000,29859840
301234,0x00c73dd0,4208,0x020e0000,34471936
002840,0x00c73e00,2075,0x01036000,16998400
159891,0x00c73e10,3002,0x01774000,24592384
300423,0x00c73e20,3646,0x01c7c000,29868032
301235,0x00c73e30,4209,0x020e2000,34480128
002841,0x00c73e80,2076,0x01038000,17006592
159892,0x00c73e90,3003,0x01776000,24600576
300424,0x00c73ea0,3647,0x01c7e000,29876224
301236,0x00c73eb0,4210,0x020e4000,34488320
002842,0x00c73f00,2077,0x0103a000,17014784
300425,0x00c73f10,3648,0x01c80000,29884416
301237,0x00c73f20,4211,0x020e6000,34496512
002843,0x00c73f80,2078,0x0103c000,17022976
300426,0x00c73f90,3649,0x01c82000,29892608
301238,0x00c73fa0,4212,0x020e8000,34504704
301199,0x00c74480,51,0x00066000,417792
300387,0x00c74490,3613,0x01c3a000,29597696
300389,0x00c74580,3615,0x01c3e000,29614080
301510,0x00c74600,4370,0x02224000,35799040
301511,0x00c74680,4371,0x02226000,35807232
123281,0x00c74780,2299,0x011f6000,18833408
300701,0x00c74790,3877,0x01e4a000,31760384
301513,0x00c747a0,4373,0x0222a000,35823616
300702,0x00c74800,3878,0x01e4c000,31768576
300703,0x00c74880,3879,0x01e4e000,31776768
301515,0x00c74890,4374,0x0222c000,35831808
399231,0x00c74900,651,0x00516000,5332992
161610,0x00c74910,3212,0x01918000,26312704
301516,0x00c74920,4375,0x0222e000,35840000
399232,0x00c74980,652,0x00518000,5341184
300705,0x00c74990,3880,0x01e50000,31784960
301517,0x00c749a0,4376,0x02230000,35848192
399233,0x00c74a00,653,0x0051a000,5349376
300706,0x00c74a10,3881,0x01e52000,31793152
301518,0x00c74a20,4377,0x02232000,35856384
399234,0x00c74a80,654,0x0051c000,5357568
300707,0x00c74a90,3882,0x01e54000,31801344
301519,0x00c74aa0,4378,0x02234000,35864576
399235,0x00c74b00,655,0x0051e000,5365760
161614,0x00c74b10,3213,0x0191a000,26320896
300708,0x00c74b20,3883,0x01e56000,31809536
399236,0x00c74b80,656,0x00520000,5373952
300660,0x00c74b90,3836,0x01df8000,31424512
300709,0x00c74ba0,3884,0x01e58000,31817728
399237,0x00c74c00,657,0x00522000,5382144
300661,0x00c74c10,3837,0x01dfa000,31432704
160805,0x00c74c80,3149,0x0189a000,25796608
300662,0x00c74c90,3838,0x01dfc000,31440896
399239,0x00c74d00,658,0x00524000,5390336
160806,0x00c74d10,3150,0x0189c000,25804800
300663,0x00c74d20,3839,0x01dfe000,31449088
160807,0x00c74d80,3151,0x0189e000,25812992
300664,0x00c74d90,3840,0x01e00000,31457280
300665,0x00c74e00,3841,0x01e02000,31465472
300666,0x00c74e80,3842,0x01e04000,31473664
300667,0x00c74f00,3843,0x01e06000,31481856
301479,0x00c74f10,4354,0x02204000,35667968
300668,0x00c74f80,3844,0x01e08000,31490048
300940,0x00c75600,4061,0x01fba000,33267712
159140,0x00c75680,2477,0x0135a000,20291584
300941,0x00c75690,4062,0x01fbc000,33275904
000153,0x00c75800,465,0x003a2000,3809280
127080,0x00c75810,2329,0x01232000,19079168
159143,0x00c75820,2480,0x01360000,20316160
300945,0x00c75880,4065,0x01fc2000,33300480
000155,0x00c75900,466,0x003a4000,3817472
127082,0x00c75910,2330,0x01234000,19087360
159145,0x00c75920,2481,0x01362000,20324352
300946,0x00c75930,4066,0x01fc4000,33308672
000156,0x00c75980,467,0x003a6000,3825664
127083,0x00c75990,2331,0x01236000,19095552
159146,0x00c759a0,2482,0x01364000,20332544
300947,0x00c759b0,4067,0x01fc6000,33316864
000157,0x00c75a00,468,0x003a8000,3833856
127084,0x00c75a10,2332,0x01238000,19103744
159147,0x00c75a20,2483,0x01366000,20340736
300948,0x00c75a30,4068,0x01fc8000,33325056
000158,0x00c75a80,469,0x003aa000,3842048
127085,0x00c75a90,2333,0x0123a000,19111936
159148,0x00c75aa0,2484,0x01368000,20348928
300949,0x00c75ab0,4069,0x01fca000,33333248
000159,0x00c75b00,470,0x003ac000,3850240
159149,0x00c75b10,2485,0x0136a000,20357120
127088,0x00c75c00,2334,0x0123c000,19120128
127089,0x00c75c80,2335,0x0123e000,19128320
164606,0x00c75e00,3293,0x019ba000,26976256
002050,0x00c75f00,1495,0x00bae000,12247040
002051,0x00c75f80,1496,0x00bb0000,12255232
159380,0x00c76580,2677,0x014ea000,21929984
002330,0x00c76600,1727,0x00d7e000,14147584
159381,0x00c76610,2678,0x014ec000,21938176
002331,0x00c76680,1728,0x00d80000,14155776
159382,0x00c76690,2679,0x014ee000,21946368
002333,0x00c76780,1730,0x00d84000,14172160
002334,0x00c76800,1731,0x00d86000,14180352
159385,0x00c76810,2681,0x014f2000,21962752
002335,0x00c76880,1732,0x00d88000,14188544
159386,0x00c76890,2682,0x014f4000,21970944
159387,0x00c76900,2683,0x014f6000,21979136
168401,0x00c76910,3344,0x01a20000,27394048
002337,0x00c76980,1733,0x00d8a000,14196736
159388,0x00c76990,2684,0x014f8000,21987328
002338,0x00c76a00,1734,0x00d8c000,14204928
159389,0x00c76a10,2685,0x014fa000,21995520
002290,0x00c76a80,1689,0x00d32000,13836288
002339,0x00c76a90,1735,0x00d8e000,14213120
002291,0x00c76b00,1690,0x00d34000,13844480
000710,0x00c76b80,1190,0x0094c000,9748480
002292,0x00c76b90,1691,0x00d36000,13852672
159700,0x00c76ba0,2863,0x0165e000,23453696
000711,0x00c76c00,1191,0x0094e000,9756672
002293,0x00c76c10,1692,0x00d38000,13860864
159701,0x00c76c20,2864,0x01660000,23461888
000712,0x00c76c80,1192,0x00950000,9764864
002294,0x00c76c90,1693,0x00d3a000,13869056
000713,0x00c76d00,1193,0x00952000,9773056
002295,0x00c76d10,1694,0x00d3c000,13877248
159703,0x00c76d20,2865,0x01662000,23470080
002296,0x00c76d80,1695,0x00d3e000,13885440
301000,0x00c76e00,594,0x004a4000,4866048
000715,0x00c76e10,1194,0x00954000,9781248
002297,0x00c76e20,1696,0x00d40000,13893632
301001,0x00c76e80,595,0x004a6000,4874240
000716,0x00c76e90,1195,0x00956000,9789440
002298,0x00c76ea0,1697,0x00d42000,13901824
159706,0x00c76eb0,2866,0x01664000,23478272
301002,0x00c76f00,596,0x004a8000,4882432
000717,0x00c76f10,1196,0x00958000,9797632
002299,0x00c76f20,1698,0x00d44000,13910016
159707,0x00c76f30,2867,0x01666000,23486464
301003,0x00c76f80,597,0x004aa000,4890624
000718,0x00c76f90,1197,0x0095a000,9805824
159708,0x00c76fa0,2868,0x01668000,23494656
399997,0x00c77480,973,0x0079a000,7970816
000679,0x00c77490,1168,0x00920000,9568256
002571,0x00c77580,1916,0x00ef8000,15695872
300154,0x00c77590,3434,0x01ad4000,28131328
002572,0x00c77600,1917,0x00efa000,15704064
300155,0x00c77610,3435,0x01ad6000,28139520
002573,0x00c77680,1918,0x00efc000,15712256
300157,0x00c77710,3436,0x01ad8000,28147712
002575,0x00c77780,1920,0x00f00000,15728640
300158,0x00c77790,3437,0x01ada000,28155904
002576,0x00c77800,1921,0x00f02000,15736832
300159,0x00c77810,3438,0x01adc000,28164096
002577,0x00c77880,1922,0x00f04000,15745024
002578,0x00c77900,1923,0x00f06000,15753216
002579,0x00c77980,1924,0x00f08000,15761408
163001,0x00c77a00,3260,0x01978000,26705920
000950,0x00c77a80,1310,0x00a3c000,10731520
159940,0x00c77a90,3038,0x017bc000,24887296
000951,0x00c77b00,1311,0x00a3e000,10739712
159941,0x00c77b10,3039,0x017be000,24895488
163003,0x00c77b20,3261,0x0197a000,26714112
399001,0x00c77b80,0,0x00000000,0
000952,0x00c77b90,1312,0x00a40000,10747904
399002,0x00c77c00,623,0x004de000,5103616
000953,0x00c77c10,1313,0x00a42000,10756096
159943,0x00c77c20,3040,0x017c0000,24903680
163005,0x00c77c30,3262,0x0197c000,26722304
399003,0x00c77c80,624,0x004e0000,5111808
159944,0x00c77c90,3041,0x017c2000,24911872
399004,0x00c77d00,625,0x004e2000,5120000
000955,0x00c77d10,1314,0x00a44000,10764288
159945,0x00c77d20,3042,0x017c4000,24920064
399005,0x00c77d80,626,0x004e4000,5128192
399006,0x00c77e00,1,0x00002000,8192
300430,0x00c77e10,341,0x002aa000,2793472
000957,0x00c77e20,1315,0x00a46000,10772480
399007,0x00c77e80,627,0x004e6000,5136384
000958,0x00c77e90,1316,0x00a48000,10780672
159948,0x00c77ea0,3043,0x017c6000,24928256
399008,0x00c77f00,628,0x004e8000,5144576
000959,0x00c77f10,1317,0x00a4a000,10788864
159949,0x00c77f20,3044,0x017c8000,24936448
300432,0x00c77f30,3653,0x01c8a000,29925376
399009,0x00c77f80,629,0x004ea000,5152768
002850,0x00c77f90,2084,0x01048000,17072128
300433,0x00c77fa0,3654,0x01c8c000,29933568
300394,0x00c78480,3618,0x01c44000,29638656
300396,0x00c78580,3620,0x01c48000,29655040
300397,0x00c78600,3621,0x01c4a000,29663232
300398,0x00c78680,3622,0x01c4c000,29671424
301520,0x00c78780,4379,0x02236000,35872768
300710,0x00c78880,3885,0x01e5a000,31825920
301522,0x00c78890,4380,0x02238000,35880960
300711,0x00c78900,3886,0x01e5c000,31834112
300712,0x00c78980,3887,0x01e5e000,31842304
399240,0x00c78a00,659,0x00526000,5398528
300713,0x00c78a10,3888,0x01e60000,31850496
301525,0x00c78a20,4381,0x0223a000,35889152
399241,0x00c78a80,660,0x00528000,5406720
301526,0x00c78a90,4382,0x0223c000,35897344
399242,0x00c78b00,661,0x0052a000,5414912
300715,0x00c78b10,3889,0x01e62000,31858688
300716,0x00c78b80,349,0x002ba000,2859008
399243,0x00c78b90,662,0x0052c000,5423104
301528,0x00c78ba0,4383,0x0223e000,35905536
399244,0x00c78c00,663,0x0052e000,5431296
300717,0x00c78c10,3890,0x01e64000,31866880
301529,0x00c78c20,4384,0x02240000,35913728
160812,0x00c78c80,3152,0x018a0000,25821184
300718,0x00c78c90,3891,0x01e66000,31875072
160813,0x00c78d00,3153,0x018a2000,25829376
300670,0x00c78d10,3846,0x01e0c000,31506432
300719,0x00c78d20,3892,0x01e68000,31883264
161626,0x00c78d80,3214,0x0191c000,26329088
300671,0x00c78d90,3847,0x01e0e000,31514624
399248,0x00c78e00,664,0x00530000,5439488
300672,0x00c78e10,3848,0x01e10000,31522816
300673,0x00c78e80,3849,0x01e12000,31531008
300674,0x00c78f00,3850,0x01e14000,31539200
301486,0x00c78f10,4355,0x02206000,35676160
300675,0x00c78f80,3851,0x01e16000,31547392
301487,0x00c78f90,4356,0x02208000,35684352
162711,0x00c79480,3254,0x0196c000,26656768
161903,0x00c79680,3235,0x01946000,26501120
162715,0x00c79690,3256,0x01970000,26673152
002100,0x00c79880,1541,0x00c0a000,12623872
159151,0x00c79890,2487,0x0136e000,20373504
162719,0x00c798a0,3257,0x01972000,26681344
300952,0x00c798b0,4072,0x01fd0000,33357824
002101,0x00c79900,1542,0x00c0c000,12632064
159152,0x00c79910,2488,0x01370000,20381696
161908,0x00c79920,3236,0x01948000,26509312
300953,0x00c79930,4073,0x01fd2000,33366016
399481,0x00c79980,816,0x00660000,6684672
002102,0x00c79990,1543,0x00c0e000,12640256
159153,0x00c799a0,2489,0x01372000,20389888
002103,0x00c79a00,1544,0x00c10000,12648448
300955,0x00c79a10,4074,0x01fd4000,33374208
002104,0x00c79a80,1545,0x00c12000,12656640
127092,0x00c79a90,2336,0x01240000,19136512
159155,0x00c79aa0,2490,0x01374000,20398080
300956,0x00c79ab0,4075,0x01fd6000,33382400
000166,0x00c79b00,471,0x003ae000,3858432
002105,0x00c79b10,1546,0x00c14000,12664832
127093,0x00c79b20,2337,0x01242000,19144704
159156,0x00c79b30,2491,0x01376000,20406272
300957,0x00c79b40,4076,0x01fd8000,33390592
002106,0x00c79b80,1547,0x00c16000,12673024
159157,0x00c79b90,2492,0x01378000,20414464
300958,0x00c79ba0,4077,0x01fda000,33398784
002107,0x00c79c00,1548,0x00c18000,12681216
127095,0x00c79c10,2338,0x01244000,19152896
159158,0x00c79c20,2493,0x0137a000,20422656
300959,0x00c79c30,4078,0x01fdc000,33406976
002108,0x00c79c80,1549,0x00c1a000,12689408
127096,0x00c79c90,2339,0x01246000,19161088
159159,0x00c79ca0,2494,0x0137c000,20430848
002109,0x00c79d00,1550,0x00c1c000,12697600
127098,0x00c79d80,2340,0x01248000,19169280
127099,0x00c79e00,2341,0x0124a000,19177472
163801,0x00c79e10,3282,0x019a4000,26886144
001256,0x00c7a480,1375,0x00abe000,11264000
002068,0x00c7a490,1513,0x00bd2000,12394496
001258,0x00c7a580,1376,0x00ac0000,11272192
001259,0x00c7a600,1377,0x00ac2000,11280384
002342,0x00c7a880,1737,0x00d92000,14229504
159393,0x00c7a890,2689,0x01502000,22028288
002343,0x00c7a900,1738,0x00d94000,14237696
002344,0x00c7a980,1739,0x00d96000,14245888
159395,0x00c7a990,2690,0x01504000,22036480
002345,0x00c7aa00,1740,0x00d98000,14254080
159396,0x00c7aa10,2691,0x01506000,22044672
002346,0x00c7aa80,1741,0x00d9a000,14262272
159397,0x00c7aa90,2692,0x01508000,22052864
002347,0x00c7ab00,1742,0x00d9c000,14270464
159398,0x00c7ab10,2693,0x0150a000,22061056
002348,0x00c7ab80,1743,0x00d9e000,14278656
159399,0x00c7ab90,2694,0x0150c000,22069248
002349,0x00c7ac00,1744,0x00da0000,14286848
000720,0x00c7ad00,1199,0x0095e000,9822208
000721,0x00c7ad80,1200,0x00960000,9830400
159711,0x00c7ad90,2870,0x0166c000,23511040
000722,0x00c7ae00,1201,0x00962000,9838592
159712,0x00c7ae10,2871,0x0166e000,23519232
000723,0x00c7ae80,1202,0x00964000,9846784
159713,0x00c7ae90,2872,0x01670000,23527424
301010,0x00c7af80,604,0x004b8000,4947968
000725,0x00c7af90,1203,0x00966000,9854976
159715,0x00c7afa0,2873,0x01672000,23535616
300207,0x00c7b440,3483,0x01b36000,28532736
002625,0x00c7b480,224,0x001c0000,1835008
980015,0x00c7b490,977,0x007a2000,8003584
161115,0x00c7b530,3183,0x018de000,26075136
300160,0x00c7b540,3439,0x01ade000,28172288
300209,0x00c7b550,3484,0x01b38000,28540928
002627,0x00c7b580,226,0x001c4000,1851392
980017,0x00c7b590,979,0x007a6000,8019968
000688,0x00c7b5a0,1175,0x0092e000,9625600
159678,0x00c7b5b0,2845,0x0163a000,23306240
161116,0x00c7b5c0,3184,0x018e0000,26083328
300161,0x00c7b5d0,3440,0x01ae0000,28180480
002628,0x00c7b600,227,0x001c6000,1859584
980018,0x00c7b610,980,0x007a8000,8028160
159679,0x00c7b620,2846,0x0163c000,23314432
161117,0x00c7b630,3185,0x018e2000,26091520
300162,0x00c7b640,3441,0x01ae2000,28188672
002629,0x00c7b680,228,0x001c8000,1867776
002580,0x00c7b690,1925,0x00f0a000,15769600
161118,0x00c7b6a0,117,0x000ea000,958464
300165,0x00c7b790,3444,0x01ae8000,28213248
002583,0x00c7b800,1927,0x00f0e000,15785984
300166,0x00c7b810,3445,0x01aea000,28221440
002584,0x00c7b880,1928,0x00f10000,15794176
123104,0x00c7b890,2209,0x01142000,18096128
300167,0x00c7b8a0,3446,0x01aec000,28229632
002585,0x00c7b900,1929,0x00f12000,15802368
300168,0x00c7b910,3447,0x01aee000,28237824
002586,0x00c7b980,356,0x002c8000,2916352
300169,0x00c7b990,3448,0x01af0000,28246016
002587,0x00c7ba00,1930,0x00f14000,15810560
123107,0x00c7ba10,2210,0x01144000,18104320
002588,0x00c7ba80,1931,0x00f16000,15818752
002589,0x00c7bb00,1932,0x00f18000,15826944
123109,0x00c7bb10,2211,0x01146000,18112512
000960,0x00c7bc00,1318,0x00a4c000,10797056
399010,0x00c7bc80,630,0x004ec000,5160960
002900,0x00c7bc90,2127,0x0109e000,17424384
399011,0x00c7bd00,631,0x004ee000,5169152
000962,0x00c7bd10,1319,0x00a4e000,10805248
002901,0x00c7bd20,2128,0x010a0000,17432576
123064,0x00c7bd30,2199,0x0112e000,18014208
159952,0x00c7bd40,3045,0x017ca000,24944640
399012,0x00c7bd80,632,0x004f0000,5177344
000963,0x00c7bd90,1320,0x00a50000,10813440
002902,0x00c7bda0,2129,0x010a2000,17440768
123065,0x00c7bdb0,2200,0x01130000,18022400
399013,0x00c7be00,633,0x004f2000,5185536
002903,0x00c7be10,2130,0x010a4000,17448960
159954,0x00c7be20,3046,0x017cc000,24952832
000965,0x00c7be80,1321,0x00a52000,10821632
399015,0x00c7bf00,634,0x004f4000,5193728
000966,0x00c7bf10,1322,0x00a54000,10829824
002905,0x00c7bf20,2131,0x010a6000,17457152
159956,0x00c7bf30,3047,0x017ce000,24961024
301251,0x00c7bf40,4216,0x020f0000,34537472
399016,0x00c7bf80,635,0x004f6000,5201920
000967,0x00c7bf90,1323,0x00a56000,10838016
002906,0x00c7bfa0,2132,0x010a8000,17465344
159957,0x00c7bfb0,3048,0x017d0000,24969216
162207,0x00c7bfc0,3242,0x01954000,26558464
300440,0x00c7bfd0,3661,0x01c9a000,29990912
301252,0x00c7bfe0,4217,0x020f2000,34545664
002867,0x00c7c480,2099,0x01066000,17195008
002869,0x00c7c580,2101,0x0106a000,17211392
301531,0x00c7c980,4385,0x02242000,35921920
300720,0x00c7ca00,3893,0x01e6a000,31891456
300721,0x00c7ca80,3894,0x01e6c000,31899648
301533,0x00c7ca90,4386,0x02244000,35930112
300722,0x00c7cb00,3895,0x01e6e000,31907840
300723,0x00c7cb80,3896,0x01e70000,31916032
301535,0x00c7cb90,4387,0x02246000,35938304
300724,0x00c7cc00,3897,0x01e72000,31924224
301536,0x00c7cc10,4388,0x02248000,35946496
161631,0x00c7cc80,3215,0x0191e000,26337280
300725,0x00c7cc90,3898,0x01e74000,31932416
300726,0x00c7cd00,3899,0x01e76000,31940608
301538,0x00c7cd10,4389,0x0224a000,35954688
166001,0x00c7cd80,3317,0x019ea000,27172864
300727,0x00c7cd90,3900,0x01e78000,31948800
301539,0x00c7cda0,4390,0x0224c000,35962880
301491,0x00c7ce00,4359,0x0220e000,35708928
300680,0x00c7ce80,3856,0x01e20000,31588352
300729,0x00c7ce90,3901,0x01e7a000,31956992
300681,0x00c7cf00,3857,0x01e22000,31596544
399258,0x00c7cf80,665,0x00532000,5447680
300682,0x00c7cf90,3858,0x01e24000,31604736
159201,0x00c7d580,2532,0x013c8000,20742144
162720,0x00c7d590,3258,0x01974000,26689536
159202,0x00c7d600,2533,0x013ca000,20750336
162721,0x00c7d610,3259,0x01976000,26697728
159203,0x00c7d680,2534,0x013cc000,20758528
159205,0x00c7d780,2535,0x013ce000,20766720
161912,0x00c7d790,3237,0x0194a000,26517504
159206,0x00c7d800,2536,0x013d0000,20774912
159207,0x00c7d880,2537,0x013d2000,20783104
161914,0x00c7d890,3238,0x0194c000,26525696
200596,0x00c7d900,1452,0x00b58000,11894784
159208,0x00c7d910,2538,0x013d4000,20791296
300960,0x00c7d920,4079,0x01fde000,33415168
159160,0x00c7d980,2495,0x0137e000,20439040
159209,0x00c7d990,2539,0x013d6000,20799488
300961,0x00c7d9a0,4080,0x01fe0000,33423360
002110,0x00c7da00,1551,0x00c1e000,12705792
159161,0x00c7da10,2496,0x01380000,20447232
300962,0x00c7da20,4081,0x01fe2000,33431552
002111,0x00c7da80,1552,0x00c20000,12713984
159162,0x00c7da90,2497,0x01382000,20455424
300963,0x00c7daa0,4082,0x01fe4000,33439744
002112,0x00c7db00,1553,0x00c22000,12722176
159163,0x00c7db10,2498,0x01384000,20463616
300964,0x00c7db20,4083,0x01fe6000,33447936
300965,0x00c7db80,4084,0x01fe8000,33456128
002114,0x00c7dc00,1554,0x00c24000,12730368
159165,0x00c7dc10,2499,0x01386000,20471808
300966,0x00c7dc20,4085,0x01fea000,33464320
002115,0x00c7dc80,1555,0x00c26000,12738560
159166,0x00c7dc90,2500,0x01388000,20480000
300967,0x00c7dca0,4086,0x01fec000,33472512
002116,0x00c7dd00,1556,0x00c28000,12746752
159167,0x00c7dd10,2501,0x0138a000,20488192
300968,0x00c7dd20,4087,0x01fee000,33480704
002117,0x00c7dd80,1557,0x00c2a000,12754944
159168,0x00c7dd90,2502,0x0138c000,20496384
300969,0x00c7dda0,4088,0x01ff0000,33488896
159169,0x00c7de00,2503,0x0138e000,20504576
180401,0x00c7de10,4480,0x02300000,36700160
001300,0x00c7de80,1391,0x00ade000,11395072
002119,0x00c7de90,1558,0x00c2c000,12763136
180402,0x00c7dea0,4481,0x02302000,36708352
001301,0x00c7df00,1392,0x00ae0000,11403264
002075,0x00c7e480,1518,0x00bdc000,12435456
002077,0x00c7e580,1520,0x00be0000,12451840
001266,0x00c7e600,1379,0x00ac6000,11296768
002078,0x00c7e610,1521,0x00be2000,12460032
001267,0x00c7e680,1380,0x00ac8000,11304960
002079,0x00c7e690,1522,0x00be4000,12468224
002350,0x00c7e900,1745,0x00da2000,14295040
002351,0x00c7e980,1746,0x00da4000,14303232
164902,0x00c7e990,3301,0x019ca000,27041792
002352,0x00c7ea00,1747,0x00da6000,14311424
002353,0x00c7ea80,1748,0x00da8000,14319616
002354,0x00c7eb00,1749,0x00daa000,14327808
002355,0x00c7eb80,1750,0x00dac000,14336000
164906,0x00c7eb90,3302,0x019cc000,27049984
002356,0x00c7ec00,1751,0x00dae000,14344192
002357,0x00c7ec80,1752,0x00db0000,14352384
002358,0x00c7ed00,1753,0x00db2000,14360576
159720,0x00c7ee80,2878,0x0167c000,23576576
000731,0x00c7ef00,1208,0x00970000,9895936
159721,0x00c7ef10,2879,0x0167e000,23584768
159682,0x00c7f440,2849,0x01642000,23339008
300215,0x00c7f480,97,0x000c2000,794624
002632,0x00c7f490,230,0x001cc000,1884160
161122,0x00c7f530,3189,0x018ea000,26124288
300217,0x00c7f580,98,0x000c4000,802816
002634,0x00c7f590,361,0x002d2000,2957312
301029,0x00c7f5a0,622,0x004dc000,5095424
000695,0x00c7f5b0,1179,0x00936000,9658368
159685,0x00c7f5c0,2850,0x01644000,23347200
160311,0x00c7f5d0,3100,0x01838000,25395200
161123,0x00c7f5e0,3190,0x018ec000,26132480
300218,0x00c7f600,99,0x000c6000,811008
002635,0x00c7f610,232,0x001d0000,1900544
159686,0x00c7f620,2851,0x01646000,23355392
161124,0x00c7f630,3191,0x018ee000,26140672
300219,0x00c7f680,100,0x000c8000,819200
002636,0x00c7f690,233,0x001d2000,1908736
000697,0x00c7f6a0,117,0x000ea000,958464
980027,0x00c7f710,983,0x007ae000,8052736
000698,0x00c7f720,1181,0x0093a000,9674752
159688,0x00c7f730,2853,0x0164a000,23371776
160314,0x00c7f740,3101,0x0183a000,25403392
161126,0x00c7f750,3193,0x018f2000,26157056
300171,0x00c7f760,3450,0x01af4000,28262400
002638,0x00c7f780,235,0x001d6000,1925120
980028,0x00c7f790,984,0x007b0000,8060928
159689,0x00c7f7a0,2854,0x0164c000,23379968
161127,0x00c7f7b0,3194,0x018f4000,26165248
300172,0x00c7f7c0,3451,0x01af6000,28270592
002639,0x00c7f800,236,0x001d8000,1933312
002590,0x00c7f810,1933,0x00f1a000,15835136
161128,0x00c7f820,3195,0x018f6000,26173440
300173,0x00c7f830,3452,0x01af8000,28278784
002591,0x00c7f880,1934,0x00f1c000,15843328
161129,0x00c7f890,3196,0x018f8000,26181632
300174,0x00c7f8a0,3453,0x01afa000,28286976
002592,0x00c7f900,357,0x002ca000,2924544
123112,0x00c7f910,2212,0x01148000,18120704
300175,0x00c7f920,3454,0x01afc000,28295168
002593,0x00c7f980,1935,0x00f1e000,15851520
123113,0x00c7f990,2213,0x0114a000,18128896
300176,0x00c7f9a0,3455,0x01afe000,28303360
002594,0x00c7fa00,1936,0x00f20000,15859712
123114,0x00c7fa10,2214,0x0114c000,18137088
300177,0x00c7fa20,3456,0x01b00000,28311552
002595,0x00c7fa80,1937,0x00f22000,15867904
002596,0x00c7fb00,1938,0x00f24000,15876096
300179,0x00c7fb10,3457,0x01b02000,28319744
002597,0x00c7fb80,1939,0x00f26000,15884288
123117,0x00c7fb90,2215,0x0114e000,18145280
301300,0x00c7fba0,4258,0x02144000,34881536
002598,0x00c7fc00,358,0x002cc000,2932736
123118,0x00c7fc10,2216,0x01150000,18153472
301301,0x00c7fc20,4259,0x02146000,34889728
002599,0x00c7fc80,1940,0x00f28000,15892480
123119,0x00c7fc90,2217,0x01152000,18161664
301302,0x00c7fca0,4260,0x02148000,34897920
123071,0x00c7fd00,2201,0x01132000,18030592
301303,0x00c7fd10,4261,0x0214a000,34906112
000970,0x00c7fd80,1326,0x00a5c000,10862592
123072,0x00c7fd90,2202,0x01134000,18038784
159960,0x00c7fda0,3051,0x017d6000,24993792
399020,0x00c7fe00,639,0x004fe000,5234688
002910,0x00c7fe10,2136,0x010b0000,17498112
159961,0x00c7fe20,3052,0x017d8000,25001984
301305,0x00c7fe30,4262,0x0214c000,34914304
000972,0x00c7fe80,1327,0x00a5e000,10870784
002911,0x00c7fe90,2137,0x010b2000,17506304
301306,0x00c7fea0,4263,0x0214e000,34922496
000973,0x00c7ff00,1328,0x00a60000,10878976
002912,0x00c7ff10,2138,0x010b4000,17514496
301307,0x00c7ff20,4264,0x02150000,34930688
002913,0x00c7ff80,2139,0x010b6000,17522688
123076,0x00c7ff90,2203,0x01136000,18046976
159964,0x00c7ffa0,3053,0x017da000,25010176
301308,0x00c7ffb0,4265,0x02152000,34938880
300457,0x00c80480,3678,0x01cbc000,30130176
301269,0x00c80490,4231,0x0210e000,34660352
002876,0x00c80580,2106,0x01074000,17252352
300459,0x00c80590,3680,0x01cc0000,30146560
002877,0x00c80600,2107,0x01076000,17260544
002878,0x00c80680,2108,0x01078000,17268736
163302,0x00c80800,3272,0x01990000,26804224
399300,0x00c80880,701,0x0057a000,5742592
399301,0x00c80900,702,0x0057c000,5750784
399302,0x00c80980,703,0x0057e000,5758976
399303,0x00c80a00,704,0x00580000,5767168
399306,0x00c80b80,705,0x00582000,5775360
300730,0x00c80b90,3902,0x01e7c000,31965184
399307,0x00c80c00,706,0x00584000,5783552
300731,0x00c80c10,3903,0x01e7e000,31973376
300732,0x00c80c80,3904,0x01e80000,31981568
399260,0x00c80d00,667,0x00536000,5464064
300733,0x00c80d10,3905,0x01e82000,31989760
399261,0x00c80d80,668,0x00538000,5472256
399262,0x00c80e00,669,0x0053a000,5480448
300735,0x00c80e10,3906,0x01e84000,31997952
399263,0x00c80e80,670,0x0053c000,5488640
300736,0x00c80e90,3907,0x01e86000,32006144
301548,0x00c80ea0,4391,0x0224e000,35971072
399264,0x00c80f00,671,0x0053e000,5496832
166011,0x00c80f10,3321,0x019f2000,27205632
300737,0x00c80f20,3908,0x01e88000,32014336
399265,0x00c80f80,672,0x00540000,5505024
300738,0x00c80f90,3909,0x01e8a000,32022528
300699,0x00c81480,3875,0x01e46000,31744000
159210,0x00c81680,2540,0x013d8000,20807680
159212,0x00c81780,2542,0x013dc000,20824064
159213,0x00c81800,2543,0x013de000,20832256
159215,0x00c81900,2544,0x013e0000,20840448
159216,0x00c81980,2545,0x013e2000,20848640
159217,0x00c81a00,2546,0x013e4000,20856832
159218,0x00c81a80,2547,0x013e6000,20865024
300970,0x00c81a90,4089,0x01ff2000,33497088
159170,0x00c81b00,2504,0x01390000,20512768
159219,0x00c81b10,2548,0x013e8000,20873216
300971,0x00c81b20,4090,0x01ff4000,33505280
002120,0x00c81b80,1559,0x00c2e000,12771328
159171,0x00c81b90,2505,0x01392000,20520960
300972,0x00c81ba0,4091,0x01ff6000,33513472
002121,0x00c81c00,1560,0x00c30000,12779520
159172,0x00c81c10,2506,0x01394000,20529152
300973,0x00c81c20,4092,0x01ff8000,33521664
002122,0x00c81c80,1561,0x00c32000,12787712
159173,0x00c81c90,2507,0x01396000,20537344
002123,0x00c81d00,1562,0x00c34000,12795904
300975,0x00c81d10,4093,0x01ffa000,33529856
002124,0x00c81d80,1563,0x00c36000,12804096
159175,0x00c81d90,2508,0x01398000,20545536
300976,0x00c81da0,4094,0x01ffc000,33538048
002125,0x00c81e00,1564,0x00c38000,12812288
159176,0x00c81e10,2509,0x0139a000,20553728
300977,0x00c81e20,4095,0x01ffe000,33546240
002126,0x00c81e80,1565,0x00c3a000,12820480
159177,0x00c81e90,2510,0x0139c000,20561920
300978,0x00c81ea0,4096,0x02000000,33554432
002127,0x00c81f00,1566,0x00c3c000,12828672
159178,0x00c81f10,2511,0x0139e000,20570112
300979,0x00c81f20,4097,0x02002000,33562624
002128,0x00c81f80,1567,0x00c3e000,12836864
159179,0x00c81f90,2512,0x013a0000,20578304
001319,0x00c82480,416,0x00340000,3407872
000507,0x00c82490,1057,0x00842000,8658944
000509,0x00c82580,1058,0x00844000,8667136
002084,0x00c82590,1527,0x00bee000,12509184
002085,0x00c82600,1528,0x00bf0000,12517376
002400,0x00c82610,1794,0x00e04000,14696448
002086,0x00c82680,1529,0x00bf2000,12525568
002401,0x00c82690,1795,0x00e06000,14704640
002403,0x00c82790,1797,0x00e0a000,14721024
001277,0x00c82800,485,0x003ca000,3973120
002404,0x00c82810,1798,0x00e0c000,14729216
001278,0x00c82880,1384,0x00ad0000,11337728
002405,0x00c82890,1799,0x00e0e000,14737408
001279,0x00c82900,486,0x003cc000,3981312
002406,0x00c82910,1800,0x00e10000,14745600
002407,0x00c82980,1801,0x00e12000,14753792
002408,0x00c82a00,1802,0x00e14000,14761984
002360,0x00c82a80,1754,0x00db4000,14368768
002409,0x00c82a90,1803,0x00e16000,14770176
002361,0x00c82b00,1755,0x00db6000,14376960
002362,0x00c82b80,1756,0x00db8000,14385152
002363,0x00c82c00,1757,0x00dba000,14393344
002364,0x00c82c80,1758,0x00dbc000,14401536
002365,0x00c82d00,1759,0x00dbe000,14409728
002366,0x00c82d80,1760,0x00dc0000,14417920
002367,0x00c82e00,1761,0x00dc2000,14426112
002368,0x00c82e80,1762,0x00dc4000,14434304
002369,0x00c82f00,1763,0x00dc6000,14442496
300222,0x00c83480,103,0x000ce000,843776
159690,0x00c83490,2855,0x0164e000,23388160
159691,0x00c83530,2856,0x01650000,23396352
301035,0x00c83540,4119,0x0202e000,33742848
300224,0x00c83580,105,0x000d2000,860160
002641,0x00c83590,238,0x001dc000,1949696
159692,0x00c835a0,2857,0x01652000,23404544
161130,0x00c835b0,3197,0x018fa000,26189824
301036,0x00c835c0,4120,0x02030000,33751040
300225,0x00c83600,106,0x000d4000,868352
002642,0x00c83610,239,0x001de000,1957888
980032,0x00c83620,986,0x007b4000,8077312
161131,0x00c83630,3198,0x018fc000,26198016
301037,0x00c83640,4121,0x02032000,33759232
300226,0x00c83680,107,0x000d6000,876544
002643,0x00c83690,240,0x001e0000,1966080
161132,0x00c836a0,117,0x000ea000,958464
301039,0x00c83740,4123,0x02036000,33775616
300228,0x00c83780,109,0x000da000,892928
002645,0x00c83790,242,0x001e4000,1982464
980035,0x00c837a0,987,0x007b6000,8085504
159696,0x00c837b0,2859,0x01656000,23420928
160322,0x00c837c0,3102,0x0183c000,25411584
300229,0x00c83800,110,0x000dc000,901120
002646,0x00c83810,243,0x001e6000,1990656
159697,0x00c83820,2860,0x01658000,23429120
160323,0x00c83830,3103,0x0183e000,25419776
300180,0x00c83840,3458,0x01b04000,28327936
002647,0x00c83880,244,0x001e8000,1998848
159698,0x00c83890,2861,0x0165a000,23437312
160324,0x00c838a0,3104,0x01840000,25427968
300181,0x00c838b0,3459,0x01b06000,28336128
002648,0x00c83900,245,0x001ea000,2007040
159699,0x00c83910,2862,0x0165c000,23445504
160325,0x00c83920,3105,0x01842000,25436160
300182,0x00c83930,3460,0x01b08000,28344320
002649,0x00c83980,246,0x001ec000,2015232
160326,0x00c83990,3106,0x01844000,25444352
300183,0x00c839a0,3461,0x01b0a000,28352512
300184,0x00c83a00,3462,0x01b0c000,28360704
123122,0x00c83a80,2218,0x01154000,18169856
300185,0x00c83a90,3463,0x01b0e000,28368896
123124,0x00c83b80,2219,0x01156000,18178048
300187,0x00c83b90,3464,0x01b10000,28377088
300188,0x00c83c00,3465,0x01b12000,28385280
300189,0x00c83c80,3466,0x01b14000,28393472
301310,0x00c83d00,4267,0x02156000,34955264
301311,0x00c83d80,4268,0x02158000,34963456
123080,0x00c83e00,2204,0x01138000,18055168
300500,0x00c83e10,3716,0x01d08000,30441472
301312,0x00c83e20,4269,0x0215a000,34971648
300501,0x00c83e80,3717,0x01d0a000,30449664
301313,0x00c83e90,4270,0x0215c000,34979840
000980,0x00c83f00,1332,0x00a68000,10911744
159970,0x00c83f10,3058,0x017e4000,25051136
300502,0x00c83f20,3718,0x01d0c000,30457856
301314,0x00c83f30,4271,0x0215e000,34988032
002920,0x00c83f80,283,0x00236000,2318336
399030,0x00c83f90,640,0x00500000,5242880
000981,0x00c83fa0,1333,0x00a6a000,10919936
159971,0x00c83fb0,3059,0x017e6000,25059328
300503,0x00c83fc0,3719,0x01d0e000,30466048
301315,0x00c83fd0,4272,0x02160000,34996224
002881,0x00c84480,2111,0x0107e000,17293312
160607,0x00c84490,3117,0x0185a000,25534464
002883,0x00c84580,377,0x002f2000,3088384
300466,0x00c84590,3685,0x01cca000,30187520
301278,0x00c845a0,4238,0x0211c000,34717696
002884,0x00c84600,2113,0x01082000,17309696
300467,0x00c84610,3686,0x01ccc000,30195712
301279,0x00c84620,4239,0x0211e000,34725888
002885,0x00c84680,2114,0x01084000,17317888
300468,0x00c84690,3687,0x01cce000,30203904
002887,0x00c84780,2116,0x01088000,17334272
002888,0x00c84800,2117,0x0108a000,17342464
002889,0x00c84880,2118,0x0108c000,17350656
399310,0x00c84a00,707,0x00586000,5791744
399311,0x00c84a80,708,0x00588000,5799936
399312,0x00c84b00,709,0x0058a000,5808128
399313,0x00c84b80,710,0x0058c000,5816320
399314,0x00c84c00,711,0x0058e000,5824512
301550,0x00c84c10,4392,0x02250000,35979264
399315,0x00c84c80,712,0x00590000,5832704
301551,0x00c84c90,4393,0x02252000,35987456
399316,0x00c84d00,713,0x00592000,5840896
300740,0x00c84d10,3911,0x01e8e000,32038912
301552,0x00c84d20,4394,0x02254000,35995648
399317,0x00c84d80,714,0x00594000,5849088
300741,0x00c84d90,3912,0x01e90000,32047104
399318,0x00c84e00,715,0x00596000,5857280
162509,0x00c84e10,3250,0x01964000,26624000
399319,0x00c84e80,716,0x00598000,5865472
300743,0x00c84e90,3913,0x01e92000,32055296
301555,0x00c84ea0,4395,0x02256000,36003840
301556,0x00c84f00,4396,0x02258000,36012032
300745,0x00c84f80,3914,0x01e94000,32063488
301557,0x00c84f90,4397,0x0225a000,36020224
159220,0x00c85800,2549,0x013ea000,20881408
159221,0x00c85880,2550,0x013ec000,20889600
399550,0x00c85900,817,0x00662000,6692864
159222,0x00c85910,2551,0x013ee000,20897792
399551,0x00c85980,818,0x00664000,6701056
159223,0x00c85990,2552,0x013f0000,20905984
399552,0x00c85a00,819,0x00666000,6709248
399553,0x00c85a80,820,0x00668000,6717440
159225,0x00c85a90,2553,0x013f2000,20914176
399554,0x00c85b00,821,0x0066a000,6725632
159226,0x00c85b10,2554,0x013f4000,20922368
399555,0x00c85b80,822,0x0066c000,6733824
159227,0x00c85b90,2555,0x013f6000,20930560
399556,0x00c85c00,823,0x0066e000,6742016
159228,0x00c85c10,2556,0x013f8000,20938752
300980,0x00c85c20,4098,0x02004000,33570816
399557,0x00c85c80,824,0x00670000,6750208
159180,0x00c85c90,2513,0x013a2000,20586496
159229,0x00c85ca0,2557,0x013fa000,20946944
300981,0x00c85cb0,4099,0x02006000,33579008
002130,0x00c85d00,1569,0x00c42000,12853248
159181,0x00c85d10,2514,0x013a4000,20594688
300982,0x00c85d20,4100,0x02008000,33587200
002131,0x00c85d80,1570,0x00c44000,12861440
159182,0x00c85d90,2515,0x013a6000,20602880
300983,0x00c85da0,4101,0x0200a000,33595392
002132,0x00c85e00,1571,0x00c46000,12869632
159183,0x00c85e10,2516,0x013a8000,20611072
300984,0x00c85e20,4102,0x0200c000,33603584
002133,0x00c85e80,1572,0x00c48000,12877824
300985,0x00c85e90,4103,0x0200e000,33611776
002134,0x00c85f00,1573,0x00c4a000,12886016
159185,0x00c85f10,2517,0x013aa000,20619264
300986,0x00c85f20,4104,0x02010000,33619968
002135,0x00c85f80,1574,0x00c4c000,12894208
159186,0x00c85f90,2518,0x013ac000,20627456
300987,0x00c85fa0,4105,0x02012000,33628160
001326,0x00c86480,496,0x003e0000,4063232
000514,0x00c86490,1061,0x0084a000,8691712
001328,0x00c86580,497,0x003e2000,4071424
000516,0x00c86590,1062,0x0084c000,8699904
002091,0x00c865a0,1532,0x00bf8000,12550144
159506,0x00c865b0,2700,0x01518000,22118400
395002,0x00c865c0,3351,0x01a2e000,27451392
001280,0x00c86600,487,0x003ce000,3989504
000517,0x00c86610,1063,0x0084e000,8708096
002092,0x00c86620,1533,0x00bfa000,12558336
159507,0x00c86630,2701,0x0151a000,22126592
000518,0x00c86680,1064,0x00850000,8716288
002093,0x00c86690,1534,0x00bfc000,12566528
159508,0x00c866a0,117,0x000ea000,958464
002096,0x00c86800,1537,0x00c02000,12591104
001285,0x00c86880,489,0x003d2000,4005888
002097,0x00c86890,1538,0x00c04000,12599296
002412,0x00c868a0,1805,0x00e1a000,14786560
001286,0x00c86900,490,0x003d4000,4014080
002098,0x00c86910,1539,0x00c06000,12607488
002413,0x00c86920,1806,0x00e1c000,14794752
001287,0x00c86980,491,0x003d6000,4022272
002099,0x00c86990,1540,0x00c08000,12615680
002414,0x00c869a0,1807,0x00e1e000,14802944
001288,0x00c86a00,1386,0x00ad4000,11354112
002415,0x00c86a10,1808,0x00e20000,14811136
001289,0x00c86a80,1387,0x00ad6000,11362304
002416,0x00c86a90,1809,0x00e22000,14819328
002418,0x00c86b80,1810,0x00e24000,14827520
180701,0x00c86b90,4491,0x02316000,36790272
002370,0x00c86c00,1764,0x00dc8000,14450688
002419,0x00c86c10,1811,0x00e26000,14835712
002371,0x00c86c80,1765,0x00dca000,14458880
002372,0x00c86d00,1766,0x00dcc000,14467072
002373,0x00c86d80,1767,0x00dce000,14475264
002374,0x00c86e00,1768,0x00dd0000,14483456
002375,0x00c86e80,1769,0x00dd2000,14491648
002376,0x00c86f00,1770,0x00dd4000,14499840
002377,0x00c86f80,1771,0x00dd6000,14508032
000756,0x00c87480,1220,0x00988000,9994240
301041,0x00c87490,4125,0x0203a000,33792000
301042,0x00c87530,4126,0x0203c000,33800192
300231,0x00c87580,112,0x000e0000,917504
000758,0x00c87590,1222,0x0098c000,10010624
159748,0x00c875a0,2898,0x016a4000,23740416
301043,0x00c875b0,4127,0x0203e000,33808384
300232,0x00c87600,113,0x000e2000,925696
000759,0x00c87610,1223,0x0098e000,10018816
300233,0x00c87680,114,0x000e4000,933888
002650,0x00c87690,362,0x002d4000,2965504
301045,0x00c876a0,117,0x000ea000,958464
301046,0x00c87720,4129,0x02042000,33824768
300235,0x00c87780,116,0x000e8000,950272
002652,0x00c87790,248,0x001f0000,2031616
301047,0x00c877a0,4130,0x02044000,33832960
300236,0x00c87800,117,0x000ea000,958464
002653,0x00c87810,249,0x001f2000,2039808
301048,0x00c87820,4131,0x02046000,33841152
002654,0x00c87880,1955,0x00f46000,16015360
300237,0x00c87890,3488,0x01b40000,28573696
301049,0x00c878a0,4132,0x02048000,33849344
300238,0x00c87900,118,0x000ec000,966656
002655,0x00c87910,1956,0x00f48000,16023552
300239,0x00c87980,119,0x000ee000,974848
002656,0x00c87990,1957,0x00f4a000,16031744
300190,0x00c879a0,3467,0x01b16000,28401664
002657,0x00c87a00,1958,0x00f4c000,16039936
300191,0x00c87a10,3468,0x01b18000,28409856
002658,0x00c87a80,1959,0x00f4e000,16048128
300192,0x00c87a90,3469,0x01b1a000,28418048
002659,0x00c87b00,1960,0x00f50000,16056320
300193,0x00c87b10,3470,0x01b1c000,28426240
123131,0x00c87b80,2220,0x01158000,18186240
300194,0x00c87b90,3471,0x01b1e000,28434432
300195,0x00c87c00,3472,0x01b20000,28442624
123133,0x00c87c80,2221,0x0115a000,18194432
300196,0x00c87c90,3473,0x01b22000,28450816
300197,0x00c87d00,3474,0x01b24000,28459008
300198,0x00c87d80,3475,0x01b26000,28467200
300199,0x00c87e00,3476,0x01b28000,28475392
302132,0x00c87e80,507,0x003f6000,4153344
301320,0x00c87e90,4277,0x0216a000,35037184
123138,0x00c87f00,2222,0x0115c000,18202624
301321,0x00c87f10,4278,0x0216c000,35045376
123090,0x00c87f80,2206,0x0113c000,18071552
300510,0x00c87f90,3726,0x01d1c000,30523392
301322,0x00c87fa0,4279,0x0216e000,35053568
300519,0x00c8c440,3735,0x01d2e000,30597120
301282,0x00c8c450,4242,0x02124000,34750464
002937,0x00c8c480,297,0x00252000,2433024
000998,0x00c8c490,1343,0x00a7e000,11001856
160615,0x00c8c530,3121,0x01862000,25567232
002939,0x00c8c580,299,0x00256000,2449408
002890,0x00c8c590,2119,0x0108e000,17358848
160616,0x00c8c5a0,3122,0x01864000,25575424
300473,0x00c8c5b0,3691,0x01cd6000,30236672
301285,0x00c8c5c0,4244,0x02128000,34766848
002891,0x00c8c600,2120,0x01090000,17367040
160617,0x00c8c610,3123,0x01866000,25583616
300474,0x00c8c620,3692,0x01cd8000,30244864
301286,0x00c8c630,4245,0x0212a000,34775040
002892,0x00c8c680,2121,0x01092000,17375232
300475,0x00c8c690,3693,0x01cda000,30253056
301287,0x00c8c6a0,117,0x000ea000,958464
301288,0x00c8c720,4247,0x0212e000,34791424
300477,0x00c8c780,345,0x002b2000,2826240
301289,0x00c8c790,4248,0x02130000,34799616
002895,0x00c8c800,2123,0x01096000,17391616
300478,0x00c8c810,3695,0x01cde000,30269440
002896,0x00c8c880,2124,0x01098000,17399808
300479,0x00c8c890,3696,0x01ce0000,30277632
002897,0x00c8c900,2125,0x0109a000,17408000
301600,0x00c8c910,4426,0x02294000,36257792
301601,0x00c8c980,4427,0x02296000,36265984
002899,0x00c8ca00,2126,0x0109c000,17416192
301602,0x00c8ca10,4428,0x02298000,36274176
301603,0x00c8ca80,4429,0x0229a000,36282368
000001,0x00c8cb00,996,0x007c8000,8159232
399320,0x00c8cb80,717,0x0059a000,5873664
000002,0x00c8cb90,997,0x007ca000,8167424
200429,0x00c8cba0,1439,0x00b3e000,11788288
399321,0x00c8cc00,718,0x0059c000,5881856
301606,0x00c8cc10,4430,0x0229c000,36290560
399322,0x00c8cc80,719,0x0059e000,5890048
301607,0x00c8cc90,4431,0x0229e000,36298752
301608,0x00c8cd00,4432,0x022a0000,36306944
399324,0x00c8cd80,720,0x005a0000,5898240
000006,0x00c8cd90,998,0x007cc000,8175616
301560,0x00c8cda0,4400,0x02260000,36044800
301609,0x00c8cdb0,4433,0x022a2000,36315136
000007,0x00c8ce00,999,0x007ce000,8183808
399326,0x00c8ce80,721,0x005a2000,5906432
000008,0x00c8ce90,1000,0x007d0000,8192000
300750,0x00c8cea0,3919,0x01e9e000,32104448
000009,0x00c8cf00,1001,0x007d2000,8200192
300751,0x00c8cf10,3920,0x01ea0000,32112640
301563,0x00c8cf20,4401,0x02262000,36052992
399328,0x00c8cf80,722,0x005a4000,5914624
300752,0x00c8cf90,3921,0x01ea2000,32120832
399289,0x00c8d480,690,0x00564000,5652480
399604,0x00c8d800,826,0x00674000,6766592
399606,0x00c8d900,827,0x00676000,6774784
159230,0x00c8d980,2558,0x013fc000,20955136
399608,0x00c8da00,828,0x00678000,6782976
159231,0x00c8da10,2559,0x013fe000,20963328
159232,0x00c8da80,2560,0x01400000,20971520
159233,0x00c8db00,2561,0x01402000,20979712
159235,0x00c8dc00,2562,0x01404000,20987904
159236,0x00c8dc80,2563,0x01406000,20996096
159237,0x00c8dd00,2564,0x01408000,21004288
159238,0x00c8dd80,2565,0x0140a000,21012480
300990,0x00c8dd90,4108,0x02018000,33652736
159190,0x00c8de00,2522,0x013b4000,20660224
159239,0x00c8de10,2566,0x0140c000,21020672
300991,0x00c8de20,4109,0x0201a000,33660928
002140,0x00c8de80,1579,0x00c56000,12935168
159191,0x00c8de90,2523,0x013b6000,20668416
300992,0x00c8dea0,4110,0x0201c000,33669120
002141,0x00c8df00,1580,0x00c58000,12943360
159192,0x00c8df10,2524,0x013b8000,20676608
300993,0x00c8df20,4111,0x0201e000,33677312
002142,0x00c8df80,1581,0x00c5a000,12951552
159193,0x00c8df90,2525,0x013ba000,20684800
300994,0x00c8dfa0,4112,0x02020000,33685504
001333,0x00c8e480,422,0x0034c000,3457024
000521,0x00c8e490,1067,0x00856000,8740864
001335,0x00c8e580,498,0x003e4000,4079616
000523,0x00c8e590,1068,0x00858000,8749056
159513,0x00c8e5a0,2707,0x01526000,22175744
001336,0x00c8e600,423,0x0034e000,3465216
000524,0x00c8e610,1069,0x0085a000,8757248
001337,0x00c8e680,424,0x00350000,3473408
000525,0x00c8e690,1070,0x0085c000,8765440
159515,0x00c8e6a0,117,0x000ea000,958464
001338,0x00c8e700,425,0x00352000,3481600
988201,0x00c8e710,995,0x007c6000,8151040
000526,0x00c8e720,1071,0x0085e000,8773632
159516,0x00c8e730,2709,0x0152a000,22192128
395012,0x00c8e740,3353,0x01a32000,27467776
001339,0x00c8e780,426,0x00354000,3489792
159517,0x00c8e790,2710,0x0152c000,22200320
395013,0x00c8e7a0,3354,0x01a34000,27475968
000528,0x00c8e800,1072,0x00860000,8781824
159518,0x00c8e810,2711,0x0152e000,22208512
300001,0x00c8e820,3360,0x01a40000,27525120
000529,0x00c8e880,1073,0x00862000,8790016
159519,0x00c8e890,2712,0x01530000,22216704
395015,0x00c8e8a0,3355,0x01a36000,27484160
300002,0x00c8e8b0,3361,0x01a42000,27533312
002420,0x00c8e900,1812,0x00e28000,14843904
300003,0x00c8e910,3362,0x01a44000,27541504
002421,0x00c8e980,1813,0x00e2a000,14852096
300004,0x00c8e990,3363,0x01a46000,27549696
300005,0x00c8ea00,539,0x00436000,4415488
002422,0x00c8ea10,1814,0x00e2c000,14860288
300006,0x00c8ea80,540,0x00438000,4423680
001296,0x00c8ea90,1388,0x00ad8000,11370496
002423,0x00c8eaa0,1815,0x00e2e000,14868480
300007,0x00c8eb00,541,0x0043a000,4431872
002424,0x00c8eb10,1816,0x00e30000,14876672
300008,0x00c8eb80,542,0x0043c000,4440064
001298,0x00c8eb90,1389,0x00ada000,11378688
002425,0x00c8eba0,1817,0x00e32000,14884864
300009,0x00c8ec00,543,0x0043e000,4448256
001299,0x00c8ec10,1390,0x00adc000,11386880
002426,0x00c8ec20,1818,0x00e34000,14893056
000488,0x00c8ec80,1050,0x00834000,8601600
002427,0x00c8ec90,1819,0x00e36000,14901248
002428,0x00c8ed00,1820,0x00e38000,14909440
160105,0x00c8ed10,3078,0x0180c000,25214976
002380,0x00c8ed80,1774,0x00ddc000,14532608
002429,0x00c8ed90,1821,0x00e3a000,14917632
160106,0x00c8eda0,3079,0x0180e000,25223168
002381,0x00c8ee00,1775,0x00dde000,14540800
000800,0x00c8ee80,1248,0x009c0000,10223616
002382,0x00c8ee90,1776,0x00de0000,14548992
000801,0x00c8ef00,1249,0x009c2000,10231808
002383,0x00c8ef10,1777,0x00de2000,14557184
000802,0x00c8ef80,1250,0x009c4000,10240000
002384,0x00c8ef90,1778,0x00de4000,14565376
002702,0x00c8f480,271,0x0021e000,2220032
159755,0x00c8f580,2902,0x016ac000,23773184
301050,0x00c8f590,4133,0x0204a000,33857536
002705,0x00c8f600,273,0x00222000,2236416
000766,0x00c8f610,1226,0x00994000,10043392
162006,0x00c8f620,3239,0x0194e000,26533888
301051,0x00c8f630,4134,0x0204c000,33865728
300240,0x00c8f680,120,0x000f0000,983040
002706,0x00c8f690,274,0x00224000,2244608
000767,0x00c8f6a0,117,0x000ea000,958464
300429,0x00d88440,3534,0x01b9c000,28950528
300432,0x00d88450,3536,0x01ba0000,28966912
300433,0x00d88460,3537,0x01ba2000,28975104
300434,0x00d88470,3538,0x01ba4000,28983296
300435,0x00d88480,3539,0x01ba6000,28991488
300436,0x00d88490,3540,0x01ba8000,28999680
300446,0x00d88530,3550,0x01bbc000,29081600
300447,0x00d88540,3551,0x01bbe000,29089792
300448,0x00d88550,3552,0x01bc0000,29097984
300449,0x00d88560,3553,0x01bc2000,29106176
300450,0x00d88570,3554,0x01bc4000,29114368
300451,0x00d88580,3555,0x01bc6000,29122560
300452,0x00d88590,3556,0x01bc8000,29130752
300453,0x00d885a0,3557,0x01bca000,29138944
300454,0x00d885b0,3558,0x01bcc000,29147136
300455,0x00d885c0,3559,0x01bce000,29155328
300456,0x00d885d0,3560,0x01bd0000,29163520
300457,0x00d885e0,3561,0x01bd2000,29171712
300458,0x00d885f0,3562,0x01bd4000,29179904
300459,0x00d88600,3563,0x01bd6000,29188096
300461,0x00d88610,3565,0x01bda000,29204480
300463,0x00d88620,3567,0x01bde000,29220864
300464,0x00d88630,3568,0x01be0000,29229056
300465,0x00d88640,3569,0x01be2000,29237248
300466,0x00d88650,3570,0x01be4000,29245440
300467,0x00d88660,3571,0x01be6000,29253632
300468,0x00d88670,3572,0x01be8000,29261824
300469,0x00d88680,3573,0x01bea000,29270016
300470,0x00d88690,3574,0x01bec000,29278208
300471,0x00d886a0,117,0x000ea000,958464
300480,0x00d88710,3584,0x01c00000,29360128
300481,0x00d88720,3585,0x01c02000,29368320
300482,0x00d88730,3586,0x01c04000,29376512
300483,0x00d88740,3587,0x01c06000,29384704
300484,0x00d88750,3588,0x01c08000,29392896
300485,0x00d88760,3589,0x01c0a000,29401088
300486,0x00d88770,3590,0x01c0c000,29409280
300487,0x00d88780,3591,0x01c0e000,29417472
300488,0x00d88790,3592,0x01c10000,29425664
300489,0x00d887a0,3593,0x01c12000,29433856
300490,0x00d887b0,3594,0x01c14000,29442048
300491,0x00d887c0,3595,0x01c16000,29450240
300492,0x00d887d0,3596,0x01c18000,29458432
300493,0x00d887e0,3597,0x01c1a000,29466624
300494,0x00d887f0,3598,0x01c1c000,29474816
300496,0x00d88800,3599,0x01c1e000,29483008
300497,0x00d88810,3600,0x01c20000,29491200
300498,0x00d88820,3601,0x01c22000,29499392
300499,0x00d88830,3602,0x01c24000,29507584
300500,0x00d88840,3603,0x01c26000,29515776
300501,0x00d88850,3604,0x01c28000,29523968
300502,0x00d88860,3605,0x01c2a000,29532160
300503,0x00d88870,3606,0x01c2c000,29540352
300504,0x00d88880,3607,0x01c2e000,29548544
300505,0x00d88890,3608,0x01c30000,29556736
300506,0x00d888a0,3609,0x01c32000,29564928
300507,0x00d888b0,3610,0x01c34000,29573120
300508,0x00d888c0,3611,0x01c36000,29581312
300509,0x00d888d0,3612,0x01c38000,29589504
300510,0x00d888e0,3613,0x01c3a000,29597696
300511,0x00d888f0,3614,0x01c3c000,29605888
300512,0x00d88900,3615,0x01c3e000,29614080
300513,0x00d88910,3616,0x01c40000,29622272
300514,0x00d88920,3617,0x01c42000,29630464
300515,0x00d88930,3618,0x01c44000,29638656
300516,0x00d88940,3619,0x01c46000,29646848
300517,0x00d88950,3620,0x01c48000,29655040
300518,0x00d88960,3621,0x01c4a000,29663232
300519,0x00d88970,3622,0x01c4c000,29671424
300520,0x00d88980,3623,0x01c4e000,29679616
300521,0x00d88990,3624,0x01c50000,29687808
300522,0x00d889a0,3625,0x01c52000,29696000
300523,0x00d889b0,3626,0x01c54000,29704192
300525,0x00d889c0,3627,0x01c56000,29712384
300528,0x00d889d0,3629,0x01c5a000,29728768
300529,0x00d889e0,3630,0x01c5c000,29736960
300530,0x00d889f0,3631,0x01c5e000,29745152
300531,0x00d88a00,3632,0x01c60000,29753344
300532,0x00d88a10,3633,0x01c62000,29761536
300533,0x00d88a20,3634,0x01c64000,29769728
300534,0x00d88a30,3635,0x01c66000,29777920
300535,0x00d88a40,3636,0x01c68000,29786112
300536,0x00d88a50,3637,0x01c6a000,29794304
300537,0x00d88a60,3638,0x01c6c000,29802496
300538,0x00d88a70,3639,0x01c6e000,29810688
300539,0x00d88a80,3640,0x01c70000,29818880
300573,0x00d88a90,3673,0x01cb2000,30089216
300575,0x00d88aa0,3674,0x01cb4000,30097408
300576,0x00d88ab0,3675,0x01cb6000,30105600
300577,0x00d88ac0,3676,0x01cb8000,30113792
300578,0x00d88ad0,3677,0x01cba000,30121984
300579,0x00d88ae0,3678,0x01cbc000,30130176
300580,0x00d88af0,3679,0x01cbe000,30138368
300581,0x00d88b00,3680,0x01cc0000,30146560
300582,0x00d88b10,3681,0x01cc2000,30154752
300583,0x00d88b20,3682,0x01cc4000,30162944
300584,0x00d88b30,3683,0x01cc6000,30171136
300585,0x00d88b40,3684,0x01cc8000,30179328
300586,0x00d88b50,3685,0x01cca000,30187520
300587,0x00d88b60,3686,0x01ccc000,30195712
300588,0x00d88b70,3687,0x01cce000,30203904
300589,0x00d88b80,3688,0x01cd0000,30212096
300590,0x00d88b90,3689,0x01cd2000,30220288
300591,0x00d88ba0,3690,0x01cd4000,30228480
300592,0x00d88bb0,3691,0x01cd6000,30236672
300593,0x00d88bc0,3692,0x01cd8000,30244864
300595,0x00d88bd0,3694,0x01cdc000,30261248
300596,0x00d88be0,3695,0x01cde000,30269440
300597,0x00d88bf0,3696,0x01ce0000,30277632
300598,0x00d88c00,3697,0x01ce2000,30285824
300599,0x00d88c10,3698,0x01ce4000,30294016
300600,0x00d88c20,3699,0x01ce6000,30302208
300601,0x00d88c30,3700,0x01ce8000,30310400
300602,0x00d88c40,3701,0x01cea000,30318592
300603,0x00d88c50,3702,0x01cec000,30326784
300604,0x00d88c60,3703,0x01cee000,30334976
300605,0x00d88c70,3704,0x01cf0000,30343168
300606,0x00d88c80,3705,0x01cf2000,30351360
300607,0x00d88c90,3706,0x01cf4000,30359552
300608,0x00d88ca0,3707,0x01cf6000,30367744
300609,0x00d88cb0,3708,0x01cf8000,30375936
300610,0x00d88cc0,3709,0x01cfa000,30384128
300611,0x00d88cd0,3710,0x01cfc000,30392320
300612,0x00d88ce0,3711,0x01cfe000,30400512
300613,0x00d88cf0,3712,0x01d00000,30408704
300614,0x00d88d00,3713,0x01d02000,30416896
300615,0x00d88d10,3714,0x01d04000,30425088
300616,0x00d88d20,3715,0x01d06000,30433280
300617,0x00d88d30,3716,0x01d08000,30441472
300618,0x00d88d40,3717,0x01d0a000,30449664
300619,0x00d88d50,3718,0x01d0c000,30457856
300620,0x00d88d60,3719,0x01d0e000,30466048
300621,0x00d88d70,3720,0x01d10000,30474240
300622,0x00d88d80,3721,0x01d12000,30482432
300623,0x00d88d90,3722,0x01d14000,30490624
300624,0x00d88da0,3723,0x01d16000,30498816
300625,0x00d88db0,3724,0x01d18000,30507008
300626,0x00d88dc0,3725,0x01d1a000,30515200
300627,0x00d88dd0,3726,0x01d1c000,30523392
300628,0x00d88de0,3727,0x01d1e000,30531584
300629,0x00d88df0,3728,0x01d20000,30539776
300631,0x00d88e00,3729,0x01d22000,30547968
300632,0x00d88e10,3730,0x01d24000,30556160
300633,0x00d88e20,3731,0x01d26000,30564352
300634,0x00d88e30,3732,0x01d28000,30572544
300635,0x00d88e40,3733,0x01d2a000,30580736
300636,0x00d88e50,3734,0x01d2c000,30588928
300637,0x00d88e60,3735,0x01d2e000,30597120
300638,0x00d88e70,3736,0x01d30000,30605312
300639,0x00d88e80,3737,0x01d32000,30613504
300640,0x00d88e90,3738,0x01d34000,30621696
300641,0x00d88ea0,3739,0x01d36000,30629888
300642,0x00d88eb0,3740,0x01d38000,30638080
300643,0x00d88ec0,3741,0x01d3a000,30646272
300644,0x00d88ed0,3742,0x01d3c000,30654464
300645,0x00d88ee0,3743,0x01d3e000,30662656
300647,0x00d88ef0,3744,0x01d40000,30670848
300648,0x00d88f00,3745,0x01d42000,30679040
300649,0x00d88f10,3746,0x01d44000,30687232
300650,0x00d88f20,3747,0x01d46000,30695424
300651,0x00d88f30,3748,0x01d48000,30703616
300652,0x00d88f40,3749,0x01d4a000,30711808
300653,0x00d88f50,3750,0x01d4c000,30720000
300654,0x00d88f60,3751,0x01d4e000,30728192
300655,0x00d88f70,3752,0x01d50000,30736384
300656,0x00d88f80,3753,0x01d52000,30744576
300657,0x00d88f90,3754,0x01d54000,30752768
300658,0x00d88fa0,3755,0x01d56000,30760960
300659,0x00d88fb0,3756,0x01d58000,30769152
300660,0x00d88fc0,3757,0x01d5a000,30777344
300661,0x00d88fd0,3758,0x01d5c000,30785536
300662,0x00d88fe0,3759,0x01d5e000,30793728
300663,0x00d88ff0,3760,0x01d60000,30801920
300737,0x00eb1440,3831,0x01dee000,31383552
300738,0x00eb1450,3832,0x01df0000,31391744
300739,0x00eb1460,3833,0x01df2000,31399936
300740,0x00eb1470,3834,0x01df4000,31408128
300741,0x00eb1480,3835,0x01df6000,31416320
300743,0x00eb1490,3836,0x01df8000,31424512
300755,0x00eb1530,3846,0x01e0c000,31506432
300756,0x00eb1540,3847,0x01e0e000,31514624
300757,0x00eb1550,3848,0x01e10000,31522816
300758,0x00eb1560,3849,0x01e12000,31531008
300759,0x00eb1570,3850,0x01e14000,31539200
300760,0x00eb1580,3851,0x01e16000,31547392
300761,0x00eb1590,3852,0x01e18000,31555584
300762,0x00eb15a0,3853,0x01e1a000,31563776
300763,0x00eb15b0,3854,0x01e1c000,31571968
300765,0x00eb15c0,3855,0x01e1e000,31580160
300766,0x00eb15d0,3856,0x01e20000,31588352
300767,0x00eb15e0,3857,0x01e22000,31596544
300768,0x00eb15f0,3858,0x01e24000,31604736
300769,0x00eb1600,3859,0x01e26000,31612928
300770,0x00eb1610,3860,0x01e28000,31621120
300771,0x00eb1620,3861,0x01e2a000,31629312
300772,0x00eb1630,3862,0x01e2c000,31637504
300773,0x00eb1640,3863,0x01e2e000,31645696
300774,0x00eb1650,3864,0x01e30000,31653888
300775,0x00eb1660,3865,0x01e32000,31662080
300776,0x00eb1670,3866,0x01e34000,31670272
300777,0x00eb1680,3867,0x01e36000,31678464
300778,0x00eb1690,3868,0x01e38000,31686656
300779,0x00eb16a0,117,0x000ea000,958464
300824,0x00eb1760,3912,0x01e90000,32047104
300825,0x00eb1770,3913,0x01e92000,32055296
300826,0x00eb1780,3914,0x01e94000,32063488
300827,0x00eb1790,3915,0x01e96000,32071680
300828,0x00eb17a0,3916,0x01e98000,32079872
300829,0x00eb17b0,3917,0x01e9a000,32088064
300830,0x00eb17c0,3918,0x01e9c000,32096256
300832,0x00eb17d0,3920,0x01ea0000,32112640
300833,0x00eb17e0,3921,0x01ea2000,32120832
300834,0x00eb17f0,3922,0x01ea4000,32129024
300835,0x00eb1800,3923,0x01ea6000,32137216
300836,0x00eb1810,3924,0x01ea8000,32145408
300837,0x00eb1820,3925,0x01eaa000,32153600
300838,0x00eb1830,3926,0x01eac000,32161792
300839,0x00eb1840,3927,0x01eae000,32169984
300840,0x00eb1850,3928,0x01eb0000,32178176
300841,0x00eb1860,3929,0x01eb2000,32186368
300842,0x00eb1870,3930,0x01eb4000,32194560
300843,0x00eb1880,3931,0x01eb6000,32202752
300844,0x00eb1890,3932,0x01eb8000,32210944
300845,0x00eb18a0,3933,0x01eba000,32219136
300846,0x00eb18b0,3934,0x01ebc000,32227328
300847,0x00eb18c0,3935,0x01ebe000,32235520
300848,0x00eb18d0,3936,0x01ec0000,32243712
300849,0x00eb18e0,3937,0x01ec2000,32251904
300850,0x00eb18f0,3938,0x01ec4000,32260096
300854,0x00eb1900,3942,0x01ecc000,32292864
300860,0x00eb1910,3948,0x01ed8000,32342016
300861,0x00eb1920,3949,0x01eda000,32350208
300862,0x00eb1930,3950,0x01edc000,32358400
300863,0x00eb1940,3951,0x01ede000,32366592
300864,0x00eb1950,3952,0x01ee0000,32374784
300865,0x00eb1960,3953,0x01ee2000,32382976
300866,0x00eb1970,3954,0x01ee4000,32391168
300867,0x00eb1980,3955,0x01ee6000,32399360
300868,0x00eb1990,3956,0x01ee8000,32407552
300869,0x00eb19a0,3957,0x01eea000,32415744
300870,0x00eb19b0,3958,0x01eec000,32423936
300871,0x00eb19c0,3959,0x01eee000,32432128
300872,0x00eb19d0,3960,0x01ef0000,32440320
300873,0x00eb19e0,3961,0x01ef2000,32448512
300875,0x00eb19f0,3962,0x01ef4000,32456704
300876,0x00eb1a00,3963,0x01ef6000,32464896
300877,0x00eb1a10,3964,0x01ef8000,32473088
300878,0x00eb1a20,3965,0x01efa000,32481280
300879,0x00eb1a30,3966,0x01efc000,32489472
300880,0x00eb1a40,3967,0x01efe000,32497664
300881,0x00eb1a50,3968,0x01f00000,32505856
300882,0x00eb1a60,3969,0x01f02000,32514048
300883,0x00eb1a70,3970,0x01f04000,32522240
300884,0x00eb1a80,3971,0x01f06000,32530432
300885,0x00eb1a90,3972,0x01f08000,32538624
300886,0x00eb1aa0,3973,0x01f0a000,32546816
300887,0x00eb1ab0,3974,0x01f0c000,32555008
300888,0x00eb1ac0,3975,0x01f0e000,32563200
300889,0x00eb1ad0,3976,0x01f10000,32571392
300890,0x00eb1ae0,3977,0x01f12000,32579584
300891,0x00eb1af0,3978,0x01f14000,32587776
300892,0x00eb1b00,3979,0x01f16000,32595968
300893,0x00eb1b10,3980,0x01f18000,32604160
300894,0x00eb1b20,3981,0x01f1a000,32612352
300895,0x00eb1b30,3982,0x01f1c000,32620544
300896,0x00eb1b40,3983,0x01f1e000,32628736
300897,0x00eb1b50,3984,0x01f20000,32636928
300898,0x00eb1b60,3985,0x01f22000,32645120
300899,0x00eb1b70,3986,0x01f24000,32653312
300900,0x00eb1b80,3987,0x01f26000,32661504
300901,0x00eb1b90,3988,0x01f28000,32669696
300902,0x00eb1ba0,3989,0x01f2a000,32677888
300903,0x00eb1bb0,3990,0x01f2c000,32686080
300904,0x00eb1bc0,3991,0x01f2e000,32694272
300905,0x00eb1bd0,3992,0x01f30000,32702464
300906,0x00eb1be0,3993,0x01f32000,32710656
300907,0x00eb1bf0,3994,0x01f34000,32718848
300908,0x00eb1c00,3995,0x01f36000,32727040
300909,0x00eb1c10,3996,0x01f38000,32735232
300910,0x00eb1c20,3997,0x01f3a000,32743424
300911,0x00eb1c30,3998,0x01f3c000,32751616
300912,0x00eb1c40,3999,0x01f3e000,32759808
300913,0x00eb1c50,4000,0x01f40000,32768000
300915,0x00eb1c60,4001,0x01f42000,32776192
300916,0x00eb1c70,4002,0x01f44000,32784384
300917,0x00eb1c80,4003,0x01f46000,32792576
300918,0x00eb1c90,4004,0x01f48000,32800768
300919,0x00eb1ca0,4005,0x01f4a000,32808960
300920,0x00eb1cb0,4006,0x01f4c000,32817152
300921,0x00eb1cc0,4007,0x01f4e000,32825344
300922,0x00eb1cd0,4008,0x01f50000,32833536
300923,0x00eb1ce0,4009,0x01f52000,32841728
300925,0x00eb1cf0,4010,0x01f54000,32849920
300926,0x00eb1d00,4011,0x01f56000,32858112
300927,0x00eb1d10,4012,0x01f58000,32866304
300928,0x00eb1d20,4013,0x01f5a000,32874496
300929,0x00eb1d30,4014,0x01f5c000,32882688
300930,0x00eb1d40,4015,0x01f5e000,32890880
300931,0x00eb1d50,4016,0x01f60000,32899072
300932,0x00eb1d60,4017,0x01f62000,32907264
300933,0x00eb1d70,4018,0x01f64000,32915456
300935,0x00eb1d80,4019,0x01f66000,32923648
300936,0x00eb1d90,4020,0x01f68000,32931840
300937,0x00eb1da0,4021,0x01f6a000,32940032
300938,0x00eb1db0,4022,0x01f6c000,32948224
300939,0x00eb1dc0,4023,0x01f6e000,32956416
300940,0x00eb1dd0,4024,0x01f70000,32964608
300941,0x00eb1de0,4025,0x01f72000,32972800
300942,0x00eb1df0,4026,0x01f74000,32980992
300943,0x00eb1e00,4027,0x01f76000,32989184
300945,0x00eb1e10,4028,0x01f78000,32997376
300946,0x00eb1e20,4029,0x01f7a000,33005568
300947,0x00eb1e30,4030,0x01f7c000,33013760
300948,0x00eb1e40,4031,0x01f7e000,33021952
300949,0x00eb1e50,4032,0x01f80000,33030144
300950,0x00eb1e60,4033,0x01f82000,33038336
300951,0x00eb1e70,4034,0x01f84000,33046528
300952,0x00eb1e80,4035,0x01f86000,33054720
300953,0x00eb1e90,4036,0x01f88000,33062912
300955,0x00eb1ea0,4037,0x01f8a000,33071104
300956,0x00eb1eb0,4038,0x01f8c000,33079296
300957,0x00eb1ec0,4039,0x01f8e000,33087488
300958,0x00eb1ed0,4040,0x01f90000,33095680
300959,0x00eb1ee0,4041,0x01f92000,33103872
300960,0x00eb1ef0,4042,0x01f94000,33112064
300961,0x00eb1f00,4043,0x01f96000,33120256
300962,0x00eb1f10,4044,0x01f98000,33128448
300963,0x00eb1f20,4045,0x01f9a000,33136640
300964,0x00eb1f30,4046,0x01f9c000,33144832
300965,0x00eb1f40,4047,0x01f9e000,33153024
300966,0x00eb1f50,4048,0x01fa0000,33161216
300967,0x00eb1f60,4049,0x01fa2000,33169408
300968,0x00eb1f70,4050,0x01fa4000,33177600
300969,0x00eb1f80,4051,0x01fa6000,33185792
300970,0x00eb1f90,4052,0x01fa8000,33193984
300971,0x00eb1fa0,4053,0x01faa000,33202176
300972,0x00eb1fb0,4054,0x01fac000,33210368
300973,0x00eb1fc0,4055,0x01fae000,33218560
300975,0x00eb1fd0,4056,0x01fb0000,33226752
300976,0x00eb1fe0,4057,0x01fb2000,33234944
300977,0x00eb1ff0,4058,0x01fb4000,33243136
301151,0x00fdb440,4214,0x020ec000,34521088
301152,0x00fdb450,4215,0x020ee000,34529280
301153,0x00fdb460,4216,0x020f0000,34537472
301155,0x00fdb470,4217,0x020f2000,34545664
301156,0x00fdb480,4218,0x020f4000,34553856
301157,0x00fdb490,4219,0x020f6000,34562048
301168,0x00fdb530,4229,0x0210a000,34643968
301169,0x00fdb540,4230,0x0210c000,34652160
301170,0x00fdb550,4231,0x0210e000,34660352
301171,0x00fdb560,4232,0x02110000,34668544
301172,0x00fdb570,4233,0x02112000,34676736
301173,0x00fdb580,4234,0x02114000,34684928
301175,0x00fdb590,4235,0x02116000,34693120
301176,0x00fdb5a0,4236,0x02118000,34701312
301177,0x00fdb5b0,4237,0x0211a000,34709504
301178,0x00fdb5c0,4238,0x0211c000,34717696
301213,0x00fdb5d0,4270,0x0215c000,34979840
301215,0x00fdb5e0,4271,0x0215e000,34988032
301216,0x00fdb5f0,4272,0x02160000,34996224
301217,0x00fdb600,4273,0x02162000,35004416
301218,0x00fdb610,4274,0x02164000,35012608
301219,0x00fdb620,4275,0x02166000,35020800
301220,0x00fdb630,4276,0x02168000,35028992
301221,0x00fdb640,4277,0x0216a000,35037184
301222,0x00fdb650,4278,0x0216c000,35045376
301223,0x00fdb660,4279,0x0216e000,35053568
301225,0x00fdb670,4280,0x02170000,35061760
301226,0x00fdb680,4281,0x02172000,35069952
301227,0x00fdb690,4282,0x02174000,35078144
301228,0x00fdb6a0,117,0x000ea000,958464
301234,0x00fdb700,4289,0x02182000,35135488
301235,0x00fdb710,4290,0x02184000,35143680
301236,0x00fdb720,4291,0x02186000,35151872
301237,0x00fdb730,4292,0x02188000,35160064
301238,0x00fdb740,4293,0x0218a000,35168256
301239,0x00fdb750,4294,0x0218c000,35176448
301246,0x00fdb760,4295,0x0218e000,35184640
301248,0x00fdb770,4296,0x02190000,35192832
301251,0x00fdb780,4297,0x02192000,35201024
301252,0x00fdb790,4298,0x02194000,35209216
301255,0x00fdb7a0,4299,0x02196000,35217408
301256,0x00fdb7b0,4300,0x02198000,35225600
301257,0x00fdb7c0,4301,0x0219a000,35233792
301258,0x00fdb7d0,4302,0x0219c000,35241984
301259,0x00fdb7e0,4303,0x0219e000,35250176
301260,0x00fdb7f0,4304,0x021a0000,35258368
301261,0x00fdb800,4305,0x021a2000,35266560
301262,0x00fdb810,4306,0x021a4000,35274752
301263,0x00fdb820,4307,0x021a6000,35282944
301265,0x00fdb830,4308,0x021a8000,35291136
301266,0x00fdb840,4309,0x021aa000,35299328
301267,0x00fdb850,4310,0x021ac000,35307520
301268,0x00fdb860,4311,0x021ae000,35315712
301269,0x00fdb870,4312,0x021b0000,35323904
301270,0x00fdb880,4313,0x021b2000,35332096
301272,0x00fdb890,4314,0x021b4000,35340288
301273,0x00fdb8a0,4315,0x021b6000,35348480
301275,0x00fdb8b0,4316,0x021b8000,35356672
301276,0x00fdb8c0,4317,0x021ba000,35364864
301277,0x00fdb8d0,4318,0x021bc000,35373056
301278,0x00fdb8e0,4319,0x021be000,35381248
301279,0x00fdb8f0,4320,0x021c0000,35389440
301280,0x00fdb900,4321,0x021c2000,35397632
301281,0x00fdb910,4322,0x021c4000,35405824
301282,0x00fdb920,4323,0x021c6000,35414016
301283,0x00fdb930,4324,0x021c8000,35422208
301285,0x00fdb940,4325,0x021ca000,35430400
301286,0x00fdb950,4326,0x021cc000,35438592
301287,0x00fdb960,4327,0x021ce000,35446784
301288,0x00fdb970,4328,0x021d0000,35454976
301289,0x00fdb980,4329,0x021d2000,35463168
301290,0x00fdb990,4330,0x021d4000,35471360
301291,0x00fdb9a0,4331,0x021d6000,35479552
301292,0x00fdb9b0,4332,0x021d8000,35487744
301293,0x00fdb9c0,4333,0x021da000,35495936
301295,0x00fdb9d0,4334,0x021dc000,35504128
301296,0x00fdb9e0,4335,0x021de000,35512320
301297,0x00fdb9f0,4336,0x021e0000,35520512
301298,0x00fdba00,4337,0x021e2000,35528704
301299,0x00fdba10,4338,0x021e4000,35536896
301300,0x00fdba20,4339,0x021e6000,35545088
301301,0x00fdba30,4340,0x021e8000,35553280
301302,0x00fdba40,4341,0x021ea000,35561472
301303,0x00fdba50,4342,0x021ec000,35569664
301305,0x00fdba60,4343,0x021ee000,35577856
301306,0x00fdba70,4344,0x021f0000,35586048
301307,0x00fdba80,4345,0x021f2000,35594240
301308,0x00fdba90,4346,0x021f4000,35602432
301309,0x00fdbaa0,4347,0x021f6000,35610624
301310,0x00fdbab0,4348,0x021f8000,35618816
301311,0x00fdbac0,4349,0x021fa000,35627008
301312,0x00fdbad0,4350,0x021fc000,35635200
301313,0x00fdbae0,4351,0x021fe000,35643392
301314,0x00fdbaf0,4352,0x02200000,35651584
301315,0x00fdbb00,4353,0x02202000,35659776
301316,0x00fdbb10,4354,0x02204000,35667968
301317,0x00fdbb20,4355,0x02206000,35676160
301318,0x00fdbb30,4356,0x02208000,35684352
301319,0x00fdbb40,4357,0x0220a000,35692544
301320,0x00fdbb50,4358,0x0220c000,35700736
301321,0x00fdbb60,4359,0x0220e000,35708928
301322,0x00fdbb70,4360,0x02210000,35717120
301323,0x00fdbb80,4361,0x02212000,35725312
301325,0x00fdbb90,4362,0x02214000,35733504
301326,0x00fdbba0,4363,0x02216000,35741696
301327,0x00fdbbb0,4364,0x02218000,35749888
301328,0x00fdbbc0,4365,0x0221a000,35758080
301329,0x00fdbbd0,4366,0x0221c000,35766272
301330,0x00fdbbe0,4367,0x0221e000,35774464
301331,0x00fdbbf0,4368,0x02220000,35782656
301332,0x00fdbc00,4369,0x02222000,35790848
301333,0x00fdbc10,4370,0x02224000,35799040
301335,0x00fdbc20,4371,0x02226000,35807232
301336,0x00fdbc30,4372,0x02228000,35815424
301337,0x00fdbc40,4373,0x0222a000,35823616
301338,0x00fdbc50,4374,0x0222c000,35831808
301339,0x00fdbc60,4375,0x0222e000,35840000
301345,0x00fdbc70,4376,0x02230000,35848192
301348,0x00fdbc80,4377,0x02232000,35856384
301349,0x00fdbc90,4378,0x02234000,35864576
301353,0x00fdbca0,4379,0x02236000,35872768
301355,0x00fdbcb0,4380,0x02238000,35880960
301356,0x00fdbcc0,4381,0x0223a000,35889152
301357,0x00fdbcd0,4382,0x0223c000,35897344
301358,0x00fdbce0,4383,0x0223e000,35905536
301359,0x00fdbcf0,4384,0x02240000,35913728
301360,0x00fdbd00,4385,0x02242000,35921920
301361,0x00fdbd10,4386,0x02244000,35930112
301362,0x00fdbd20,4387,0x02246000,35938304
301363,0x00fdbd30,4388,0x02248000,35946496
301365,0x00fdbd40,4389,0x0224a000,35954688
301366,0x00fdbd50,4390,0x0224c000,35962880
301367,0x00fdbd60,4391,0x0224e000,35971072
301368,0x00fdbd70,4392,0x02250000,35979264
301369,0x00fdbd80,4393,0x02252000,35987456
301370,0x00fdbd90,4394,0x02254000,35995648
301371,0x00fdbda0,4395,0x02256000,36003840
301372,0x00fdbdb0,4396,0x02258000,36012032
301373,0x00fdbdc0,4397,0x0225a000,36020224
301376,0x00fdbdd0,4398,0x0225c000,36028416
301377,0x00fdbde0,4399,0x0225e000,36036608
301378,0x00fdbdf0,4400,0x02260000,36044800
301379,0x00fdbe00,4401,0x02262000,36052992
301380,0x00fdbe10,4402,0x02264000,36061184
301381,0x00fdbe20,4403,0x02266000,36069376
301382,0x00fdbe30,4404,0x02268000,36077568
301383,0x00fdbe40,4405,0x0226a000,36085760
301386,0x00fdbe50,4406,0x0226c000,36093952
301387,0x00fdbe60,4407,0x0226e000,36102144
301388,0x00fdbe70,4408,0x02270000,36110336
301389,0x00fdbe80,4409,0x02272000,36118528
301390,0x00fdbe90,4410,0x02274000,36126720
301391,0x00fdbea0,4411,0x02276000,36134912
301392,0x00fdbeb0,4412,0x02278000,36143104
301393,0x00fdbec0,4413,0x0227a000,36151296
301395,0x00fdbed0,4414,0x0227c000,36159488
301396,0x00fdbee0,4415,0x0227e000,36167680
301397,0x00fdbef0,4416,0x02280000,36175872
301398,0x00fdbf00,4417,0x02282000,36184064
301399,0x00fdbf10,4418,0x02284000,36192256
301408,0x00fdbf20,4419,0x02286000,36200448
301413,0x00fdbf30,4420,0x02288000,36208640
301418,0x00fdbf40,4421,0x0228a000,36216832
301419,0x00fdbf50,4422,0x0228c000,36225024
301421,0x00fdbf60,4423,0x0228e000,36233216
301428,0x00fdbf70,4424,0x02290000,36241408
301429,0x00fdbf80,4425,0x02292000,36249600
301439,0x00fdbf90,4426,0x02294000,36257792
301446,0x00fdbfa0,4427,0x02296000,36265984
301448,0x00fdbfb0,4428,0x02298000,36274176
301449,0x00fdbfc0,4429,0x0229a000,36282368
301456,0x00fdbfd0,4430,0x0229c000,36290560
301458,0x00fdbfe0,4431,0x0229e000,36298752
301459,0x00fdbff0,4432,0x022a0000,36306944
301591,0x01151440,4502,0x0232c000,36880384
301592,0x01151450,4503,0x0232e000,36888576
301595,0x01151460,4504,0x02330000,36896768
301596,0x01151470,4505,0x02332000,36904960
301598,0x01151480,4506,0x02334000,36913152
301599,0x01151490,4507,0x02336000,36921344
301613,0x01151530,4517,0x0234a000,37003264
301616,0x01151540,4518,0x0234c000,37011456
301617,0x01151550,4519,0x0234e000,37019648
301618,0x01151560,4520,0x02350000,37027840
301622,0x01151570,4521,0x02352000,37036032
301626,0x01151580,4522,0x02354000,37044224
301628,0x01151590,4523,0x02356000,37052416
301629,0x011515a0,4524,0x02358000,37060608
301630,0x011515b0,4525,0x0235a000,37068800
301631,0x011515c0,4526,0x0235c000,37076992
301632,0x011515d0,4527,0x0235e000,37085184
301633,0x011515e0,4528,0x02360000,37093376
301636,0x011515f0,4529,0x02362000,37101568
301638,0x01151600,4530,0x02364000,37109760
301655,0x01151610,4531,0x02366000,37117952
301656,0x01151620,4532,0x02368000,37126144
301658,0x01151630,4533,0x0236a000,37134336
301662,0x01151640,4534,0x0236c000,37142528
301665,0x01151650,4535,0x0236e000,37150720
301666,0x01151660,4536,0x02370000,37158912
301667,0x01151670,4537,0x02372000,37167104
301668,0x01151680,4538,0x02374000,37175296
301669,0x01151690,4539,0x02376000,37183488
301677,0x011516a0,117,0x000ea000,958464
180306,0x011517f0,4562,0x023a4000,37371904
180401,0x01151800,4563,0x023a6000,37380096
180402,0x01151810,4564,0x023a8000,37388288
180501,0x01151820,4565,0x023aa000,37396480
180502,0x01151830,4566,0x023ac000,37404672
180503,0x01151840,4567,0x023ae000,37412864
180601,0x01151850,4568,0x023b0000,37421056
180602,0x01151860,4569,0x023b2000,37429248
180603,0x01151870,4570,0x023b4000,37437440
180605,0x01151880,4571,0x023b6000,37445632
180606,0x01151890,4572,0x023b8000,37453824
180607,0x011518a0,4573,0x023ba000,37462016
180701,0x011518b0,4574,0x023bc000,37470208
180801,0x011518c0,4575,0x023be000,37478400
180901,0x011518d0,4576,0x023c0000,37486592
